fps,time,date,plyrName,plyrLocation,plyrHealth,plyrInventory,plyrArmor,plyrOffhand,plyrStatus,plyrHunger,plyrSat,plyrView,plyrFacing,plyrSelectedSlot,plyrSelectedItem,plyrRideState,plyrRideVehicle,plyrMomentum
27.0,13:00:56.611921400,2025-11-10,literal{minecrafter256},"(104.79001443429406, 72.0, 153.43938865010162)",20.0,[],"Armor Slot 0: None, Count: 0; Armor Slot 1: None, Count: 0; Armor Slot 2: None, Count: 0; Armor Slot 3: None, Count: 0; ","Offhand: None, Count: 0; ",[],20.0,20.0,"[-0.9534143646953644, -0.20535082234799185, 0.22097983834173227]",south,6,0 minecraft:air,False,Player is not currently riding anything,0.0784000015258789
27.0,13:00:56.629464600,2025-11-10,literal{minecrafter256},"(104.79001443429406, 72.0, 153.43938865010162)",20.0,[],"Armor Slot 0: None, Count: 0; Armor Slot 1: None, Count: 0; Armor Slot 2: None, Count: 0; Armor Slot 3: None, Count: 0; ","Offhand: None, Count: 0; ",[],20.0,20.0,"[-0.9534143646953644, -0.20535082234799185, 0.22097983834173227]",south,6,0 minecraft:air,False,Player is not currently riding anything,0.0784000015258789
27.0,13:00:56.632463900,2025-11-10,literal{minecrafter256},"(104.79001443429406, 72.0, 153.43938865010162)",20.0,[],"Armor Slot 0: None, Count: 0; Armor Slot 1: None, Count: 0; Armor Slot 2: None, Count: 0; Armor Slot 3: None, Count: 0; ","Offhand: None, Count: 0; ",[],20.0,20.0,"[-0.9534143646953644, -0.20535082234799185, 0.22097983834173227]",south,6,0 minecraft:air,False,Player is not currently riding anything,0.0784000015258789
27.0,13:00:56.636552100,2025-11-10,literal{minecrafter256},"(104.79001443429406, 72.0, 153.43938865010162)",20.0,[],"Armor Slot 0: None, Count: 0; Armor Slot 1: None, Count: 0; Armor Slot 2: None, Count: 0; Armor Slot 3: None, Count: 0; ","Offhand: None, Count: 0; ",[],20.0,20.0,"[-0.9534143646953644, -0.20535082234799185, 0.22097983834173227]",south,6,0 minecraft:air,False,Player is not currently riding anything,0.0784000015258789
27.0,13:00:56.639918,2025-11-10,literal{minecrafter256},"(104.79001443429406, 72.0, 153.43938865010162)",20.0,[],"Armor Slot 0: None, Count: 0; Armor Slot 1: None, Count: 0; Armor Slot 2: None, Count: 0; Armor Slot 3: None, Count: 0; ","Offhand: None, Count: 0; ",[],20.0,20.0,"[-0.9534143646953644, -0.20535082234799185, 0.22097983834173227]",south,6,0 minecraft:air,False,Player is not currently riding anything,0.0784000015258789
27.0,13:00:56.669919300,2025-11-10,literal{minecrafter256},"(104.79001443429406, 72.0, 153.43938865010162)",20.0,[],"Armor Slot 0: None, Count: 0; Armor Slot 1: None, Count: 0; Armor Slot 2: None, Count: 0; Armor Slot 3: None, Count: 0; ","Offhand: None, Count: 0; ",[],20.0,20.0,"[-0.9534143646953644, -0.20535082234799185, 0.22097983834173227]",south,6,0 minecraft:air,False,Player is not currently riding anything,0.0784000015258789
40.0,13:00:56.725397800,2025-11-10,literal{minecrafter256},"(104.79001443429406, 72.0, 153.43938865010162)",20.0,[],"Armor Slot 0: None, Count: 0; Armor Slot 1: None, Count: 0; Armor Slot 2: None, Count: 0; Armor Slot 3: None, Count: 0; ","Offhand: None, Count: 0; ",[],20.0,20.0,"[-0.9534143646953644, -0.20535082234799185, 0.22097983834173227]",south,6,0 minecraft:air,False,Player is not currently riding anything,0.0784000015258789
40.0,13:00:56.898996500,2025-11-10,literal{minecrafter256},"(104.79001443429406, 72.0, 153.43938865010162)",20.0,[],"Armor Slot 0: None, Count: 0; Armor Slot 1: None, Count: 0; Armor Slot 2: None, Count: 0; Armor Slot 3: None, Count: 0; ","Offhand: None, Count: 0; ",[],20.0,20.0,"[-0.9534143646953644, -0.20535082234799185, 0.22097983834173227]",south,6,0 minecraft:air,False,Player is not currently riding anything,0.0784000015258789
40.0,13:00:56.916570900,2025-11-10,literal{minecrafter256},"(104.79001443429406, 72.0, 153.43938865010162)",20.0,[],"Armor Slot 0: None, Count: 0; Armor Slot 1: None, Count: 0; Armor Slot 2: None, Count: 0; Armor Slot 3: None, Count: 0; ","Offhand: None, Count: 0; ",[],20.0,20.0,"[-0.9534143646953644, -0.20535082234799185, 0.22097983834173227]",south,6,0 minecraft:air,False,Player is not currently riding anything,0.0784000015258789
40.0,13:00:56.926087600,2025-11-10,literal{minecrafter256},"(104.79001443429406, 72.0, 153.43938865010162)",20.0,[],"Armor Slot 0: None, Count: 0; Armor Slot 1: None, Count: 0; Armor Slot 2: None, Count: 0; Armor Slot 3: None, Count: 0; ","Offhand: None, Count: 0; ",[],20.0,20.0,"[-0.9534143646953644, -0.20535082234799185, 0.22097983834173227]",south,6,0 minecraft:air,False,Player is not currently riding anything,0.0784000015258789
40.0,13:00:56.956391,2025-11-10,literal{minecrafter256},"(104.79001443429406, 72.0, 153.43938865010162)",20.0,[],"Armor Slot 0: None, Count: 0; Armor Slot 1: None, Count: 0; Armor Slot 2: None, Count: 0; Armor Slot 3: None, Count: 0; ","Offhand: None, Count: 0; ",[],20.0,20.0,"[-0.9534143646953644, -0.20535082234799185, 0.22097983834173227]",south,6,0 minecraft:air,False,Player is not currently riding anything,0.0784000015258789
40.0,13:00:56.973964800,2025-11-10,literal{minecrafter256},"(104.79001443429406, 72.0, 153.43938865010162)",20.0,[],"Armor Slot 0: None, Count: 0; Armor Slot 1: None, Count: 0; Armor Slot 2: None, Count: 0; Armor Slot 3: None, Count: 0; ","Offhand: None, Count: 0; ",[],20.0,20.0,"[-0.9534143646953644, -0.20535082234799185, 0.22097983834173227]",south,6,0 minecraft:air,False,Player is not currently riding anything,0.0784000015258789
40.0,13:00:57.027721100,2025-11-10,literal{minecrafter256},"(104.79001443429406, 72.0, 153.43938865010162)",20.0,[],"Armor Slot 0: None, Count: 0; Armor Slot 1: None, Count: 0; Armor Slot 2: None, Count: 0; Armor Slot 3: None, Count: 0; ","Offhand: None, Count: 0; ",[],20.0,20.0,"[-0.9534143646953644, -0.20535082234799185, 0.22097983834173227]",south,6,0 minecraft:air,False,Player is not currently riding anything,0.0784000015258789
40.0,13:00:57.068354500,2025-11-10,literal{minecrafter256},"(104.79001443429406, 72.0, 153.43938865010162)",20.0,[],"Armor Slot 0: None, Count: 0; Armor Slot 1: None, Count: 0; Armor Slot 2: None, Count: 0; Armor Slot 3: None, Count: 0; ","Offhand: None, Count: 0; ",[],20.0,20.0,"[-0.9534143646953644, -0.20535082234799185, 0.22097983834173227]",south,6,0 minecraft:air,False,Player is not currently riding anything,0.0784000015258789
40.0,13:00:57.123450900,2025-11-10,literal{minecrafter256},"(104.79001443429406, 72.0, 153.43938865010162)",20.0,[],"Armor Slot 0: None, Count: 0; Armor Slot 1: None, Count: 0; Armor Slot 2: None, Count: 0; Armor Slot 3: None, Count: 0; ","Offhand: None, Count: 0; ",[],20.0,20.0,"[-0.9534143646953644, -0.20535082234799185, 0.22097983834173227]",south,6,0 minecraft:air,False,Player is not currently riding anything,0.0784000015258789
40.0,13:00:57.191571600,2025-11-10,literal{minecrafter256},"(104.79001443429406, 72.0, 153.43938865010162)",20.0,[],"Armor Slot 0: None, Count: 0; Armor Slot 1: None, Count: 0; Armor Slot 2: None, Count: 0; Armor Slot 3: None, Count: 0; ","Offhand: None, Count: 0; ",[],20.0,20.0,"[-0.9534143646953644, -0.20535082234799185, 0.22097983834173227]",south,6,0 minecraft:air,False,Player is not currently riding anything,0.0784000015258789
40.0,13:00:57.232766500,2025-11-10,literal{minecrafter256},"(104.79001443429406, 72.0, 153.43938865010162)",20.0,[],"Armor Slot 0: None, Count: 0; Armor Slot 1: None, Count: 0; Armor Slot 2: None, Count: 0; Armor Slot 3: None, Count: 0; ","Offhand: None, Count: 0; ",[],20.0,20.0,"[-0.9534143646953644, -0.20535082234799185, 0.22097983834173227]",south,6,0 minecraft:air,False,Player is not currently riding anything,0.0784000015258789
40.0,13:00:57.268450,2025-11-10,literal{minecrafter256},"(104.79001443429406, 72.0, 153.43938865010162)",20.0,[],"Armor Slot 0: None, Count: 0; Armor Slot 1: None, Count: 0; Armor Slot 2: None, Count: 0; Armor Slot 3: None, Count: 0; ","Offhand: None, Count: 0; ",[],20.0,20.0,"[-0.9544487357443923, -0.20022364328288964, 0.22121958210442727]",south,6,0 minecraft:air,False,Player is not currently riding anything,0.0784000015258789
40.0,13:00:57.340975900,2025-11-10,literal{minecrafter256},"(104.79001443429406, 72.0, 153.43938865010162)",20.0,[],"Armor Slot 0: None, Count: 0; Armor Slot 1: None, Count: 0; Armor Slot 2: None, Count: 0; Armor Slot 3: None, Count: 0; ","Offhand: None, Count: 0; ",[],20.0,20.0,"[-0.9563995649961378, -0.17708540869276174, 0.2322512219630202]",south,6,0 minecraft:air,False,Player is not currently riding anything,0.0784000015258789
40.0,13:00:57.381213400,2025-11-10,literal{minecrafter256},"(104.79001443429406, 72.0, 153.43938865010162)",20.0,[],"Armor Slot 0: None, Count: 0; Armor Slot 1: None, Count: 0; Armor Slot 2: None, Count: 0; Armor Slot 3: None, Count: 0; ","Offhand: None, Count: 0; ",[],20.0,20.0,"[-0.9563995649961378, -0.17708540869276174, 0.2322512219630202]",south,6,0 minecraft:air,False,Player is not currently riding anything,0.0784000015258789
40.0,13:00:57.423616200,2025-11-10,literal{minecrafter256},"(104.79001443429406, 72.0, 153.43938865010162)",20.0,[],"Armor Slot 0: None, Count: 0; Armor Slot 1: None, Count: 0; Armor Slot 2: None, Count: 0; Armor Slot 3: None, Count: 0; ","Offhand: None, Count: 0; ",[],20.0,20.0,"[-0.9573381811683209, -0.16418753287780233, 0.23779415662465656]",south,6,0 minecraft:air,False,Player is not currently riding anything,0.0784000015258789
60.0,13:00:57.557494800,2025-11-10,literal{minecrafter256},"(104.79001443429406, 72.0, 153.43938865010162)",20.0,[],"Armor Slot 0: None, Count: 0; Armor Slot 1: None, Count: 0; Armor Slot 2: None, Count: 0; Armor Slot 3: None, Count: 0; ","Offhand: None, Count: 0; ",[],20.0,20.0,"[-0.9496240383986844, -0.14867312849940345, 0.2758812906986875]",south,6,0 minecraft:air,False,Player is not currently riding anything,0.0784000015258789
60.0,13:00:57.601790500,2025-11-10,literal{minecrafter256},"(104.79001443429406, 72.0, 153.43938865010162)",20.0,[],"Armor Slot 0: None, Count: 0; Armor Slot 1: None, Count: 0; Armor Slot 2: None, Count: 0; Armor Slot 3: None, Count: 0; ","Offhand: None, Count: 0; ",[],20.0,20.0,"[-0.9265253715067693, -0.12273616216456218, 0.35564950506271975]",south,6,0 minecraft:air,False,Player is not currently riding anything,0.0784000015258789
60.0,13:00:57.617818800,2025-11-10,literal{minecrafter256},"(104.79001443429406, 72.0, 153.43938865010162)",20.0,[],"Armor Slot 0: None, Count: 0; Armor Slot 1: None, Count: 0; Armor Slot 2: None, Count: 0; Armor Slot 3: None, Count: 0; ","Offhand: None, Count: 0; ",[],20.0,20.0,"[-0.9265253715067693, -0.12273616216456218, 0.35564950506271975]",south,6,0 minecraft:air,False,Player is not currently riding anything,0.0784000015258789
60.0,13:00:57.629347900,2025-11-10,literal{minecrafter256},"(104.79001443429406, 72.0, 153.43938865010162)",20.0,[],"Armor Slot 0: None, Count: 0; Armor Slot 1: None, Count: 0; Armor Slot 2: None, Count: 0; Armor Slot 3: None, Count: 0; ","Offhand: None, Count: 0; ",[],20.0,20.0,"[-0.9265253715067693, -0.12273616216456218, 0.35564950506271975]",south,6,0 minecraft:air,False,Player is not currently riding anything,0.0784000015258789
60.0,13:00:57.677798300,2025-11-10,literal{minecrafter256},"(104.79001443429406, 72.0, 153.43938865010162)",20.0,[],"Armor Slot 0: None, Count: 0; Armor Slot 1: None, Count: 0; Armor Slot 2: None, Count: 0; Armor Slot 3: None, Count: 0; ","Offhand: None, Count: 0; ",[],20.0,20.0,"[-0.892863428301951, -0.10713245929968977, 0.43739859918075547]",south,6,0 minecraft:air,False,Player is not currently riding anything,0.0784000015258789
60.0,13:00:57.725972,2025-11-10,literal{minecrafter256},"(104.79001443429406, 72.0, 153.43938865010162)",20.0,[],"Armor Slot 0: None, Count: 0; Armor Slot 1: None, Count: 0; Armor Slot 2: None, Count: 0; Armor Slot 3: None, Count: 0; ","Offhand: None, Count: 0; ",[],20.0,20.0,"[-0.8870615637592192, -0.10713245929968977, 0.44904834735855437]",south,6,0 minecraft:air,False,Player is not currently riding anything,0.0784000015258789
60.0,13:00:57.789182800,2025-11-10,literal{minecrafter256},"(104.79001443429406, 72.0, 153.43938865010162)",20.0,[],"Armor Slot 0: None, Count: 0; Armor Slot 1: None, Count: 0; Armor Slot 2: None, Count: 0; Armor Slot 3: None, Count: 0; ","Offhand: None, Count: 0; ",[],20.0,20.0,"[-0.8870615637592192, -0.10713245929968977, 0.44904834735855437]",south,6,0 minecraft:air,False,Player is not currently riding anything,0.0784000015258789
60.0,13:00:57.855882900,2025-11-10,literal{minecrafter256},"(104.79001443429406, 72.0, 153.43938865010162)",20.0,[],"Armor Slot 0: None, Count: 0; Armor Slot 1: None, Count: 0; Armor Slot 2: None, Count: 0; Armor Slot 3: None, Count: 0; ","Offhand: None, Count: 0; ",[],20.0,20.0,"[-0.8870615637592192, -0.10713245929968977, 0.44904834735855437]",south,6,0 minecraft:air,False,Player is not currently riding anything,0.0784000015258789
60.0,13:00:57.892394900,2025-11-10,literal{minecrafter256},"(104.79001443429406, 72.0, 153.43938865010162)",20.0,[],"Armor Slot 0: None, Count: 0; Armor Slot 1: None, Count: 0; Armor Slot 2: None, Count: 0; Armor Slot 3: None, Count: 0; ","Offhand: None, Count: 0; ",[],20.0,20.0,"[-0.8870615637592192, -0.10713245929968977, 0.44904834735855437]",south,6,0 minecraft:air,False,Player is not currently riding anything,0.0784000015258789
60.0,13:00:57.933514200,2025-11-10,literal{minecrafter256},"(104.79001443429406, 72.0, 153.43938865010162)",20.0,[],"Armor Slot 0: None, Count: 0; Armor Slot 1: None, Count: 0; Armor Slot 2: None, Count: 0; Armor Slot 3: None, Count: 0; ","Offhand: None, Count: 0; ",[],20.0,20.0,"[-0.8865489336720717, -0.11233682364782388, 0.44878884373124767]",south,6,0 minecraft:air,False,Player is not currently riding anything,0.0784000015258789
60.0,13:00:58.018448,2025-11-10,literal{minecrafter256},"(104.79001443429406, 72.0, 153.43938865010162)",20.0,[],"Armor Slot 0: None, Count: 0; Armor Slot 1: None, Count: 0; Armor Slot 2: None, Count: 0; Armor Slot 3: None, Count: 0; ","Offhand: None, Count: 0; ",[],20.0,20.0,"[-0.8865489336720717, -0.11233682364782388, 0.44878884373124767]",south,6,0 minecraft:air,False,Player is not currently riding anything,0.0784000015258789
60.0,13:00:58.045009700,2025-11-10,literal{minecrafter256},"(104.79001443429406, 72.0, 153.43938865010162)",20.0,[],"Armor Slot 0: None, Count: 0; Armor Slot 1: None, Count: 0; Armor Slot 2: None, Count: 0; Armor Slot 3: None, Count: 0; ","Offhand: None, Count: 0; ",[],20.0,20.0,"[-0.8868082877618643, -0.1097350175299966, 0.4489201339710237]",south,6,0 minecraft:air,False,Player is not currently riding anything,0.0784000015258789
60.0,13:00:58.082256100,2025-11-10,literal{minecrafter256},"(104.79001443429406, 72.0, 153.43938865010162)",20.0,[],"Armor Slot 0: None, Count: 0; Armor Slot 1: None, Count: 0; Armor Slot 2: None, Count: 0; Armor Slot 3: None, Count: 0; ","Offhand: None, Count: 0; ",[],20.0,20.0,"[-0.8868082877618643, -0.1097350175299966, 0.4489201339710237]",south,6,0 minecraft:air,False,Player is not currently riding anything,0.0784000015258789
60.0,13:00:58.135429100,2025-11-10,literal{minecrafter256},"(104.79001443429406, 72.41999998688698, 153.43938865010162)",20.0,[],"Armor Slot 0: None, Count: 0; Armor Slot 1: None, Count: 0; Armor Slot 2: None, Count: 0; Armor Slot 3: None, Count: 0; ","Offhand: None, Count: 0; ",[],20.0,20.0,"[-0.8870615637592192, -0.10713245929968977, 0.44904834735855437]",south,6,0 minecraft:air,False,Player is not currently riding anything,0.33319999363422365
60.0,13:00:58.178935500,2025-11-10,literal{minecrafter256},"(104.79001443429406, 72.7531999805212, 153.43938865010162)",20.0,[],"Armor Slot 0: None, Count: 0; Armor Slot 1: None, Count: 0; Armor Slot 2: None, Count: 0; Armor Slot 3: None, Count: 0; ","Offhand: None, Count: 0; ",[],20.0,20.0,"[-0.8870615637592192, -0.10713245929968977, 0.44904834735855437]",south,6,0 minecraft:air,False,Player is not currently riding anything,0.24813599859094576
60.0,13:00:58.228663800,2025-11-10,literal{minecrafter256},"(104.79001443429406, 73.16610926093821, 153.43938865010162)",20.0,[],"Armor Slot 0: None, Count: 0; Armor Slot 1: None, Count: 0; Armor Slot 2: None, Count: 0; Armor Slot 3: None, Count: 0; ","Offhand: None, Count: 0; ",[],20.0,20.0,"[-0.8870615637592192, -0.10713245929968977, 0.44904834735855437]",south,6,0 minecraft:air,False,Player is not currently riding anything,0.16477328182606651
60.0,13:00:58.274622200,2025-11-10,literal{minecrafter256},"(104.79001443429406, 73.16610926093821, 153.43938865010162)",20.0,[],"Armor Slot 0: None, Count: 0; Armor Slot 1: None, Count: 0; Armor Slot 2: None, Count: 0; Armor Slot 3: None, Count: 0; ","Offhand: None, Count: 0; ",[],20.0,20.0,"[-0.8870615637592192, -0.10713245929968977, 0.44904834735855437]",south,6,0 minecraft:air,False,Player is not currently riding anything,0.08307781780646721
60.0,13:00:58.335781300,2025-11-10,literal{minecrafter256},"(104.79001443429406, 73.24918707874468, 153.43938865010162)",20.0,[],"Armor Slot 0: None, Count: 0; Armor Slot 1: None, Count: 0; Armor Slot 2: None, Count: 0; Armor Slot 3: None, Count: 0; ","Offhand: None, Count: 0; ",[],20.0,20.0,"[-0.8870615637592192, -0.10713245929968977, 0.44904834735855437]",south,6,0 minecraft:air,False,Player is not currently riding anything,0.0030162615090425808
60.0,13:00:58.385065600,2025-11-10,literal{minecrafter256},"(104.79001443429406, 73.25220334025373, 153.43938865010162)",20.0,[],"Armor Slot 0: None, Count: 0; Armor Slot 1: None, Count: 0; Armor Slot 2: None, Count: 0; Armor Slot 3: None, Count: 0; ","Offhand: None, Count: 0; ",[],20.0,20.0,"[-0.8870615637592192, -0.10713245929968977, 0.44904834735855437]",south,6,0 minecraft:air,False,Player is not currently riding anything,0.07544406518948656
60.0,13:00:58.439167400,2025-11-10,literal{minecrafter256},"(104.79001443429406, 73.17675927506424, 153.43938865010162)",20.0,[],"Armor Slot 0: None, Count: 0; Armor Slot 1: None, Count: 0; Armor Slot 2: None, Count: 0; Armor Slot 3: None, Count: 0; ","Offhand: None, Count: 0; ",[],20.0,20.0,"[-0.8882341253560487, -0.10713245929968977, 0.44672449531828384]",south,6,0 minecraft:air,False,Player is not currently riding anything,0.15233518685055708
60.0,13:00:58.499921800,2025-11-10,literal{minecrafter256},"(104.79001443429406, 73.02442408821369, 153.43938865010162)",20.0,[],"Armor Slot 0: None, Count: 0; Armor Slot 1: None, Count: 0; Armor Slot 2: None, Count: 0; Armor Slot 3: None, Count: 0; ","Offhand: None, Count: 0; ",[],20.0,20.0,"[-0.8882341253560487, -0.10713245929968977, 0.44672449531828384]",south,6,0 minecraft:air,False,Player is not currently riding anything,0.22768848754498797
90.0,13:00:58.546005500,2025-11-10,literal{minecrafter256},"(104.79001443429406, 72.49520087700593, 153.43938865010162)",20.0,[],"Armor Slot 0: None, Count: 0; Armor Slot 1: None, Count: 0; Armor Slot 2: None, Count: 0; Armor Slot 3: None, Count: 0; ","Offhand: None, Count: 0; ",[],20.0,20.0,"[-0.8882341253560487, -0.10713245929968977, 0.44672449531828384]",south,6,0 minecraft:air,False,Player is not currently riding anything,0.30153472366278034
90.0,13:00:58.590761100,2025-11-10,literal{minecrafter256},"(104.79001443429406, 72.49520087700593, 153.43938865010162)",20.0,[],"Armor Slot 0: None, Count: 0; Armor Slot 1: None, Count: 0; Armor Slot 2: None, Count: 0; Armor Slot 3: None, Count: 0; ","Offhand: None, Count: 0; ",[],20.0,20.0,"[-0.8882341253560487, -0.10713245929968977, 0.44672449531828384]",south,6,0 minecraft:air,False,Player is not currently riding anything,0.3739040364667221
90.0,13:00:58.635796500,2025-11-10,literal{minecrafter256},"(104.79001443429406, 72.1212968405392, 153.43938865010162)",20.0,[],"Armor Slot 0: None, Count: 0; Armor Slot 1: None, Count: 0; Armor Slot 2: None, Count: 0; Armor Slot 3: None, Count: 0; ","Offhand: None, Count: 0; ",[],20.0,20.0,"[-0.8882341253560487, -0.10713245929968977, 0.44672449531828384]",south,6,0 minecraft:air,False,Player is not currently riding anything,0.0784000015258789
90.0,13:00:58.681071400,2025-11-10,literal{minecrafter256},"(104.79001443429406, 72.0, 153.43938865010162)",20.0,[],"Armor Slot 0: None, Count: 0; Armor Slot 1: None, Count: 0; Armor Slot 2: None, Count: 0; Armor Slot 3: None, Count: 0; ","Offhand: None, Count: 0; ",[],20.0,20.0,"[-0.8882341253560487, -0.10713245929968977, 0.44672449531828384]",south,6,0 minecraft:air,False,Player is not currently riding anything,0.0784000015258789
90.0,13:00:58.741207100,2025-11-10,literal{minecrafter256},"(104.79001443429406, 72.0, 153.43938865010162)",20.0,[],"Armor Slot 0: None, Count: 0; Armor Slot 1: None, Count: 0; Armor Slot 2: None, Count: 0; Armor Slot 3: None, Count: 0; ","Offhand: None, Count: 0; ",[],20.0,20.0,"[-0.8882341253560487, -0.10713245929968977, 0.44672449531828384]",south,6,0 minecraft:air,False,Player is not currently riding anything,0.0784000015258789
90.0,13:00:58.778325500,2025-11-10,literal{minecrafter256},"(104.79001443429406, 72.0, 153.43938865010162)",20.0,[],"Armor Slot 0: None, Count: 0; Armor Slot 1: None, Count: 0; Armor Slot 2: None, Count: 0; Armor Slot 3: None, Count: 0; ","Offhand: None, Count: 0; ",[],20.0,20.0,"[-0.8882341253560487, -0.10713245929968977, 0.44672449531828384]",south,6,0 minecraft:air,False,Player is not currently riding anything,0.0784000015258789
90.0,13:00:58.842472200,2025-11-10,literal{minecrafter256},"(104.79001443429406, 72.0, 153.43938865010162)",20.0,[],"Armor Slot 0: None, Count: 0; Armor Slot 1: None, Count: 0; Armor Slot 2: None, Count: 0; Armor Slot 3: None, Count: 0; ","Offhand: None, Count: 0; ",[],20.0,20.0,"[-0.8882341253560487, -0.10713245929968977, 0.44672449531828384]",south,6,0 minecraft:air,False,Player is not currently riding anything,0.0784000015258789
90.0,13:00:58.880231200,2025-11-10,literal{minecrafter256},"(104.79001443429406, 72.0, 153.43938865010162)",20.0,[],"Armor Slot 0: None, Count: 0; Armor Slot 1: None, Count: 0; Armor Slot 2: None, Count: 0; Armor Slot 3: None, Count: 0; ","Offhand: None, Count: 0; ",[],20.0,20.0,"[-0.8882341253560487, -0.10713245929968977, 0.44672449531828384]",south,6,0 minecraft:air,False,Player is not currently riding anything,0.0784000015258789
90.0,13:00:58.941609300,2025-11-10,literal{minecrafter256},"(104.79001443429406, 72.41999998688698, 153.43938865010162)",20.0,[],"Armor Slot 0: None, Count: 0; Armor Slot 1: None, Count: 0; Armor Slot 2: None, Count: 0; Armor Slot 3: None, Count: 0; ","Offhand: None, Count: 0; ",[],20.0,20.0,"[-0.8882341253560487, -0.10713245929968977, 0.44672449531828384]",south,6,0 minecraft:air,False,Player is not currently riding anything,0.33319999363422365
90.0,13:00:58.980782200,2025-11-10,literal{minecrafter256},"(104.79001443429406, 72.7531999805212, 153.43938865010162)",20.0,[],"Armor Slot 0: None, Count: 0; Armor Slot 1: None, Count: 0; Armor Slot 2: None, Count: 0; Armor Slot 3: None, Count: 0; ","Offhand: None, Count: 0; ",[],20.0,20.0,"[-0.8882341253560487, -0.10713245929968977, 0.44672449531828384]",south,6,0 minecraft:air,False,Player is not currently riding anything,0.24813599859094576
90.0,13:00:59.028713300,2025-11-10,literal{minecrafter256},"(104.79001443429406, 73.00133597911214, 153.43938865010162)",20.0,[],"Armor Slot 0: None, Count: 0; Armor Slot 1: None, Count: 0; Armor Slot 2: None, Count: 0; Armor Slot 3: None, Count: 0; ","Offhand: None, Count: 0; ",[],20.0,20.0,"[-0.8882341253560487, -0.10713245929968977, 0.44672449531828384]",south,6,0 minecraft:air,False,Player is not currently riding anything,0.16477328182606651
90.0,13:00:59.087408500,2025-11-10,literal{minecrafter256},"(104.79001443429406, 73.24918707874468, 153.43938865010162)",20.0,[],"Armor Slot 0: None, Count: 0; Armor Slot 1: None, Count: 0; Armor Slot 2: None, Count: 0; Armor Slot 3: None, Count: 0; ","Offhand: None, Count: 0; ",[],20.0,20.0,"[-0.8882341253560487, -0.10713245929968977, 0.44672449531828384]",south,6,0 minecraft:air,False,Player is not currently riding anything,0.08307781780646721
90.0,13:00:59.123848500,2025-11-10,literal{minecrafter256},"(104.79001443429406, 73.24918707874468, 153.43938865010162)",20.0,[],"Armor Slot 0: None, Count: 0; Armor Slot 1: None, Count: 0; Armor Slot 2: None, Count: 0; Armor Slot 3: None, Count: 0; ","Offhand: None, Count: 0; ",[],20.0,20.0,"[-0.8882341253560487, -0.10713245929968977, 0.44672449531828384]",south,6,0 minecraft:air,False,Player is not currently riding anything,0.0030162615090425808
90.0,13:00:59.177702200,2025-11-10,literal{minecrafter256},"(104.79001443429406, 73.25220334025373, 153.43938865010162)",20.0,[],"Armor Slot 0: None, Count: 0; Armor Slot 1: None, Count: 0; Armor Slot 2: None, Count: 0; Armor Slot 3: None, Count: 0; ","Offhand: None, Count: 0; ",[],20.0,20.0,"[-0.8882341253560487, -0.10713245929968977, 0.44672449531828384]",south,6,0 minecraft:air,False,Player is not currently riding anything,0.07544406518948656
90.0,13:00:59.250810500,2025-11-10,literal{minecrafter256},"(104.79001443429406, 73.17675927506424, 153.43938865010162)",20.0,[],"Armor Slot 0: None, Count: 0; Armor Slot 1: None, Count: 0; Armor Slot 2: None, Count: 0; Armor Slot 3: None, Count: 0; ","Offhand: None, Count: 0; ",[],20.0,20.0,"[-0.8882341253560487, -0.10713245929968977, 0.44672449531828384]",south,6,0 minecraft:air,False,Player is not currently riding anything,0.15233518685055708
90.0,13:00:59.268354,2025-11-10,literal{minecrafter256},"(104.79001443429406, 73.02442408821369, 153.43938865010162)",20.0,[],"Armor Slot 0: None, Count: 0; Armor Slot 1: None, Count: 0; Armor Slot 2: None, Count: 0; Armor Slot 3: None, Count: 0; ","Offhand: None, Count: 0; ",[],20.0,20.0,"[-0.8882341253560487, -0.10713245929968977, 0.44672449531828384]",south,6,0 minecraft:air,False,Player is not currently riding anything,0.22768848754498797
90.0,13:00:59.327778200,2025-11-10,literal{minecrafter256},"(104.79001443429406, 72.79673560066871, 153.43938865010162)",20.0,[],"Armor Slot 0: None, Count: 0; Armor Slot 1: None, Count: 0; Armor Slot 2: None, Count: 0; Armor Slot 3: None, Count: 0; ","Offhand: None, Count: 0; ",[],20.0,20.0,"[-0.8882341253560487, -0.10713245929968977, 0.44672449531828384]",south,6,0 minecraft:air,False,Player is not currently riding anything,0.30153472366278034
90.0,13:00:59.380534100,2025-11-10,literal{minecrafter256},"(104.79001443429406, 72.49520087700593, 153.43938865010162)",20.0,[],"Armor Slot 0: None, Count: 0; Armor Slot 1: None, Count: 0; Armor Slot 2: None, Count: 0; Armor Slot 3: None, Count: 0; ","Offhand: None, Count: 0; ",[],20.0,20.0,"[-0.8882341253560487, -0.10713245929968977, 0.44672449531828384]",south,6,0 minecraft:air,False,Player is not currently riding anything,0.3739040364667221
90.0,13:00:59.435880,2025-11-10,literal{minecrafter256},"(104.79001443429406, 72.1212968405392, 153.43938865010162)",20.0,[],"Armor Slot 0: None, Count: 0; Armor Slot 1: None, Count: 0; Armor Slot 2: None, Count: 0; Armor Slot 3: None, Count: 0; ","Offhand: None, Count: 0; ",[],20.0,20.0,"[-0.8882341253560487, -0.10713245929968977, 0.44672449531828384]",south,6,0 minecraft:air,False,Player is not currently riding anything,0.0784000015258789
90.0,13:00:59.480063300,2025-11-10,literal{minecrafter256},"(104.79001443429406, 72.0, 153.43938865010162)",20.0,[],"Armor Slot 0: None, Count: 0; Armor Slot 1: None, Count: 0; Armor Slot 2: None, Count: 0; Armor Slot 3: None, Count: 0; ","Offhand: None, Count: 0; ",[],20.0,20.0,"[-0.8882341253560487, -0.10713245929968977, 0.44672449531828384]",south,6,0 minecraft:air,False,Player is not currently riding anything,0.0784000015258789
98.0,13:00:59.523335300,2025-11-10,literal{minecrafter256},"(104.79001443429406, 72.0, 153.43938865010162)",20.0,[],"Armor Slot 0: None, Count: 0; Armor Slot 1: None, Count: 0; Armor Slot 2: None, Count: 0; Armor Slot 3: None, Count: 0; ","Offhand: None, Count: 0; ",[],20.0,20.0,"[-0.8882341253560487, -0.10713245929968977, 0.44672449531828384]",south,6,0 minecraft:air,False,Player is not currently riding anything,0.0784000015258789
98.0,13:00:59.575515800,2025-11-10,literal{minecrafter256},"(104.79001443429406, 72.0, 153.43938865010162)",20.0,[],"Armor Slot 0: None, Count: 0; Armor Slot 1: None, Count: 0; Armor Slot 2: None, Count: 0; Armor Slot 3: None, Count: 0; ","Offhand: None, Count: 0; ",[],20.0,20.0,"[-0.8882341253560487, -0.10713245929968977, 0.44672449531828384]",south,6,0 minecraft:air,False,Player is not currently riding anything,0.0784000015258789
98.0,13:00:59.629042900,2025-11-10,literal{minecrafter256},"(104.79001443429406, 72.0, 153.43938865010162)",20.0,[],"Armor Slot 0: None, Count: 0; Armor Slot 1: None, Count: 0; Armor Slot 2: None, Count: 0; Armor Slot 3: None, Count: 0; ","Offhand: None, Count: 0; ",[],20.0,20.0,"[-0.8882341253560487, -0.10713245929968977, 0.44672449531828384]",south,6,0 minecraft:air,False,Player is not currently riding anything,0.0784000015258789
98.0,13:00:59.671827700,2025-11-10,literal{minecrafter256},"(104.79001443429406, 72.0, 153.43938865010162)",20.0,[],"Armor Slot 0: None, Count: 0; Armor Slot 1: None, Count: 0; Armor Slot 2: None, Count: 0; Armor Slot 3: None, Count: 0; ","Offhand: None, Count: 0; ",[],20.0,20.0,"[-0.8882341253560487, -0.10713245929968977, 0.44672449531828384]",south,6,0 minecraft:air,False,Player is not currently riding anything,0.0784000015258789
98.0,13:00:59.733056500,2025-11-10,literal{minecrafter256},"(104.79001443429406, 72.0, 153.43938865010162)",20.0,[],"Armor Slot 0: None, Count: 0; Armor Slot 1: None, Count: 0; Armor Slot 2: None, Count: 0; Armor Slot 3: None, Count: 0; ","Offhand: None, Count: 0; ",[],20.0,20.0,"[-0.8882341253560487, -0.10713245929968977, 0.44672449531828384]",south,6,0 minecraft:air,False,Player is not currently riding anything,0.0784000015258789
98.0,13:00:59.781395200,2025-11-10,literal{minecrafter256},"(104.79001443429406, 72.0, 153.43938865010162)",20.0,[],"Armor Slot 0: None, Count: 0; Armor Slot 1: None, Count: 0; Armor Slot 2: None, Count: 0; Armor Slot 3: None, Count: 0; ","Offhand: None, Count: 0; ",[],20.0,20.0,"[-0.8882341253560487, -0.10713245929968977, 0.44672449531828384]",south,6,0 minecraft:air,False,Player is not currently riding anything,0.0784000015258789
119.0,13:01:10.284336500,2025-11-10,literal{minecrafter256},"(104.79001443429406, 72.0, 153.43938865010162)",20.0,[],"Armor Slot 0: None, Count: 0; Armor Slot 1: None, Count: 0; Armor Slot 2: None, Count: 0; Armor Slot 3: None, Count: 0; ","Offhand: None, Count: 0; ",[],20.0,20.0,"[-0.8882341253560487, -0.10713245929968977, 0.44672449531828384]",south,6,0 minecraft:air,False,Player is not currently riding anything,0.0784000015258789
119.0,13:01:10.313503600,2025-11-10,literal{minecrafter256},"(104.79001443429406, 72.0, 153.43938865010162)",20.0,[],"Armor Slot 0: None, Count: 0; Armor Slot 1: None, Count: 0; Armor Slot 2: None, Count: 0; Armor Slot 3: None, Count: 0; ","Offhand: None, Count: 0; ",[],20.0,20.0,"[-0.8882341253560487, -0.10713245929968977, 0.44672449531828384]",south,6,0 minecraft:air,False,Player is not currently riding anything,0.0784000015258789
119.0,13:01:10.366346800,2025-11-10,literal{minecrafter256},"(104.79001443429406, 72.0, 153.43938865010162)",20.0,[],"Armor Slot 0: None, Count: 0; Armor Slot 1: None, Count: 0; Armor Slot 2: None, Count: 0; Armor Slot 3: None, Count: 0; ","Offhand: None, Count: 0; ",[],20.0,20.0,"[-0.8870615637592192, -0.10713245929968977, 0.44904834735855437]",south,6,0 minecraft:air,False,Player is not currently riding anything,0.0784000015258789
119.0,13:01:10.417387700,2025-11-10,literal{minecrafter256},"(104.79001443429406, 72.0, 153.43938865010162)",20.0,[],"Armor Slot 0: None, Count: 0; Armor Slot 1: None, Count: 0; Armor Slot 2: None, Count: 0; Armor Slot 3: None, Count: 0; ","Offhand: None, Count: 0; ",[],20.0,20.0,"[-0.8749532691347346, -0.1409019306345557, 0.46325308717146796]",south,6,0 minecraft:air,False,Player is not currently riding anything,0.0784000015258789
119.0,13:01:10.462946200,2025-11-10,literal{minecrafter256},"(104.79001443429406, 72.0, 153.43938865010162)",20.0,[],"Armor Slot 0: None, Count: 0; Armor Slot 1: None, Count: 0; Armor Slot 2: None, Count: 0; Armor Slot 3: None, Count: 0; ","Offhand: None, Count: 0; ",[],20.0,20.0,"[-0.8721876192139656, -0.1434933138364241, 0.4676520349299424]",south,6,0 minecraft:air,False,Player is not currently riding anything,0.0784000015258789
118.0,13:01:10.512657700,2025-11-10,literal{minecrafter256},"(104.79001443429406, 72.0, 153.43938865010162)",20.0,[],"Armor Slot 0: None, Count: 0; Armor Slot 1: None, Count: 0; Armor Slot 2: None, Count: 0; Armor Slot 3: None, Count: 0; ","Offhand: None, Count: 0; ",[],20.0,20.0,"[-0.8637230649796377, -0.1512614915393909, 0.48073113920304705]",south,6,0 minecraft:air,False,Player is not currently riding anything,0.0784000015258789
118.0,13:01:10.564144400,2025-11-10,literal{minecrafter256},"(104.79001443429406, 72.0, 153.43938865010162)",20.0,[],"Armor Slot 0: None, Count: 0; Armor Slot 1: None, Count: 0; Armor Slot 2: None, Count: 0; Armor Slot 3: None, Count: 0; ","Offhand: None, Count: 0; ",[],20.0,20.0,"[-0.8402607251407296, -0.19509099133831445, 0.5058669972281341]",south,6,0 minecraft:air,False,Player is not currently riding anything,0.0784000015258789
118.0,13:01:10.613996100,2025-11-10,literal{minecrafter256},"(104.84208650990072, 72.0, 153.52240473524122)",20.0,[],"Armor Slot 0: None, Count: 0; Armor Slot 1: None, Count: 0; Armor Slot 2: None, Count: 0; Armor Slot 3: None, Count: 0; ","Offhand: None, Count: 0; ",[],20.0,20.0,"[-0.8221421932585959, -0.2410757360636694, 0.5157176587487629]",south,6,0 minecraft:air,False,Player is not currently riding anything,0.0784000015258789
118.0,13:01:10.661820200,2025-11-10,literal{minecrafter256},"(104.92258994209098, 72.0, 153.65074760813187)",20.0,[],"Armor Slot 0: None, Count: 0; Armor Slot 1: None, Count: 0; Armor Slot 2: None, Count: 0; Armor Slot 3: None, Count: 0; ","Offhand: None, Count: 0; ",[],20.0,20.0,"[-0.8216047264136622, -0.2436156801179154, 0.5153805137327337]",south,6,0 minecraft:air,False,Player is not currently riding anything,0.0784000015258789
118.0,13:01:10.715583,2025-11-10,literal{minecrafter256},"(105.01991577000973, 72.0, 153.8030098139018)",20.0,[],"Armor Slot 0: None, Count: 0; Armor Slot 1: None, Count: 0; Armor Slot 2: None, Count: 0; Armor Slot 3: None, Count: 0; ","Offhand: None, Count: 0; ",[],20.0,20.0,"[-0.8071878235883121, -0.27144109065834826, 0.524182746523548]",south,6,0 minecraft:air,False,Player is not currently riding anything,0.0784000015258789
118.0,13:01:10.763605700,2025-11-10,literal{minecrafter256},"(105.12685143236125, 72.0, 153.96805452315107)",20.0,[],"Armor Slot 0: None, Count: 0; Armor Slot 1: None, Count: 0; Armor Slot 2: None, Count: 0; Armor Slot 3: None, Count: 0; ","Offhand: None, Count: 0; ",[],20.0,20.0,"[-0.8032332013841668, -0.2764767368754504, 0.5276144787255611]",south,6,0 minecraft:air,False,Player is not currently riding anything,0.0784000015258789
118.0,13:01:10.814581300,2025-11-10,literal{minecrafter256},"(105.2390340649225, 72.0, 154.1400784801107)",20.0,[],"Armor Slot 0: None, Count: 0; Armor Slot 1: None, Count: 0; Armor Slot 2: None, Count: 0; Armor Slot 3: None, Count: 0; ","Offhand: None, Count: 0; ",[],20.0,20.0,"[-0.8032332013841668, -0.2764767368754504, 0.5276144787255611]",south,6,0 minecraft:air,False,Player is not currently riding anything,0.0784000015258789
118.0,13:01:10.862085800,2025-11-10,literal{minecrafter256},"(105.35408154355105, 72.0, 154.31591310676285)",20.0,[],"Armor Slot 0: None, Count: 0; Armor Slot 1: None, Count: 0; Armor Slot 2: None, Count: 0; Armor Slot 3: None, Count: 0; ","Offhand: None, Count: 0; ",[],20.0,20.0,"[-0.8032332013841668, -0.2764767368754504, 0.5276144787255611]",south,6,0 minecraft:air,False,Player is not currently riding anything,0.0784000015258789
118.0,13:01:10.914715300,2025-11-10,literal{minecrafter256},"(105.47091293545294, 72.0, 154.49368363052398)",20.0,[],"Armor Slot 0: None, Count: 0; Armor Slot 1: None, Count: 0; Armor Slot 2: None, Count: 0; Armor Slot 3: None, Count: 0; ","Offhand: None, Count: 0; ",[],20.0,20.0,"[-0.801849144744403, -0.2764767368754504, 0.5297155491765109]",south,6,0 minecraft:air,False,Player is not currently riding anything,0.0784000015258789
118.0,13:01:10.967586100,2025-11-10,literal{minecrafter256},"(105.58892983260783, 72.0, 154.67237104003638)",20.0,[],"Armor Slot 0: None, Count: 0; Armor Slot 1: None, Count: 0; Armor Slot 2: None, Count: 0; Armor Slot 3: None, Count: 0; ","Offhand: None, Count: 0; ",[],20.0,20.0,"[-0.8004595922085712, -0.2764767368754504, 0.5318129889425331]",south,6,0 minecraft:air,False,Player is not currently riding anything,0.0784000015258789
118.0,13:01:11.016336700,2025-11-10,literal{minecrafter256},"(105.70738252721344, 72.0, 154.85169918342015)",20.0,[],"Armor Slot 0: None, Count: 0; Armor Slot 1: None, Count: 0; Armor Slot 2: None, Count: 0; Armor Slot 3: None, Count: 0; ","Offhand: None, Count: 0; ",[],20.0,20.0,"[-0.801849144744403, -0.2764767368754504, 0.5297155491765109]",south,6,0 minecraft:air,False,Player is not currently riding anything,0.0784000015258789
118.0,13:01:11.063049500,2025-11-10,literal{minecrafter256},"(105.82607316725478, 72.0, 155.03137716753832)",20.0,[],"Armor Slot 0: None, Count: 0; Armor Slot 1: None, Count: 0; Armor Slot 2: None, Count: 0; Armor Slot 3: None, Count: 0; ","Offhand: None, Count: 0; ",[],20.0,20.0,"[-0.801849144744403, -0.2764767368754504, 0.5297155491765109]",south,6,0 minecraft:air,False,Player is not currently riding anything,0.0784000015258789
118.0,13:01:11.113861300,2025-11-10,literal{minecrafter256},"(105.94489372551911, 72.0, 155.21124616471965)",20.0,[],"Armor Slot 0: None, Count: 0; Armor Slot 1: None, Count: 0; Armor Slot 2: None, Count: 0; Armor Slot 3: None, Count: 0; ","Offhand: None, Count: 0; ",[],20.0,20.0,"[-0.801849144744403, -0.2764767368754504, 0.5297155491765109]",south,6,0 minecraft:air,False,Player is not currently riding anything,0.0784000015258789
118.0,13:01:11.163133300,2025-11-10,literal{minecrafter256},"(106.06378521914144, 72.0, 155.3912194550456)",20.0,[],"Armor Slot 0: None, Count: 0; Armor Slot 1: None, Count: 0; Armor Slot 2: None, Count: 0; Armor Slot 3: None, Count: 0; ","Offhand: None, Count: 0; ",[],20.0,20.0,"[-0.801849144744403, -0.2764767368754504, 0.5297155491765109]",south,6,0 minecraft:air,False,Player is not currently riding anything,0.0784000015258789
118.0,13:01:11.211606400,2025-11-10,literal{minecrafter256},"(106.18271544347373, 72.0, 155.5712496894351)",20.0,[],"Armor Slot 0: None, Count: 0; Armor Slot 1: None, Count: 0; Armor Slot 2: None, Count: 0; Armor Slot 3: None, Count: 0; ","Offhand: None, Count: 0; ",[],20.0,20.0,"[-0.801849144744403, -0.2764767368754504, 0.5297155491765109]",south,6,0 minecraft:air,False,Player is not currently riding anything,0.0784000015258789
118.0,13:01:11.261084200,2025-11-10,literal{minecrafter256},"(106.30166681477611, 72.0, 155.75131101528692)",20.0,[],"Armor Slot 0: None, Count: 0; Armor Slot 1: None, Count: 0; Armor Slot 2: None, Count: 0; Armor Slot 3: None, Count: 0; ","Offhand: None, Count: 0; ",[],20.0,20.0,"[-0.801849144744403, -0.2764767368754504, 0.5297155491765109]",south,6,0 minecraft:air,False,Player is not currently riding anything,0.0784000015258789
118.0,13:01:11.311359400,2025-11-10,literal{minecrafter256},"(106.42062973232551, 72.0, 155.93138931707912)",20.0,[],"Armor Slot 0: None, Count: 0; Armor Slot 1: None, Count: 0; Armor Slot 2: None, Count: 0; Armor Slot 3: None, Count: 0; ","Offhand: None, Count: 0; ",[],20.0,20.0,"[-0.8012424682763164, -0.27899172621273993, 0.5293147681061919]",south,6,0 minecraft:air,False,Player is not currently riding anything,0.0784000015258789
118.0,13:01:11.363603900,2025-11-10,literal{minecrafter256},"(106.5395989541265, 72.0, 156.11147688773588)",20.0,[],"Armor Slot 0: None, Count: 0; Armor Slot 1: None, Count: 0; Armor Slot 2: None, Count: 0; Armor Slot 3: None, Count: 0; ","Offhand: None, Count: 0; ",[],20.0,20.0,"[-0.8012424682763164, -0.27899172621273993, 0.5293147681061919]",south,6,0 minecraft:air,False,Player is not currently riding anything,0.0784000015258789
118.0,13:01:11.412329300,2025-11-10,literal{minecrafter256},"(106.65857161804928, 72.0, 156.29156951919325)",20.0,[],"Armor Slot 0: None, Count: 0; Armor Slot 1: None, Count: 0; Armor Slot 2: None, Count: 0; Armor Slot 3: None, Count: 0; ","Offhand: None, Count: 0; ",[],20.0,20.0,"[-0.8012424682763164, -0.27899172621273993, 0.5293147681061919]",south,6,0 minecraft:air,False,Player is not currently riding anything,0.0784000015258789
118.0,13:01:11.464180,2025-11-10,literal{minecrafter256},"(106.77796877035688, 72.41999998688698, 156.4713841305428)",20.0,[],"Armor Slot 0: None, Count: 0; Armor Slot 1: None, Count: 0; Armor Slot 2: None, Count: 0; Armor Slot 3: None, Count: 0; ","Offhand: None, Count: 0; ",[],20.0,19.0,"[-0.7959870217485089, -0.2890323897022447, 0.5318504854852993]",south,6,0 minecraft:air,False,Player is not currently riding anything,0.33319999363422365
119.0,13:01:11.511602700,2025-11-10,literal{minecrafter256},"(106.85426035960336, 72.7531999805212, 156.58571529639616)",20.0,[],"Armor Slot 0: None, Count: 0; Armor Slot 1: None, Count: 0; Armor Slot 2: None, Count: 0; Armor Slot 3: None, Count: 0; ","Offhand: None, Count: 0; ",[],20.0,19.0,"[-0.7844596329049232, -0.3065266548018484, 0.5391330951060802]",south,6,0 minecraft:air,False,Player is not currently riding anything,0.24813599859094576
119.0,13:01:11.559774,2025-11-10,literal{minecrafter256},"(106.93478644433293, 73.00133597911214, 156.70590903697396)",20.0,[],"Armor Slot 0: None, Count: 0; Armor Slot 1: None, Count: 0; Armor Slot 2: None, Count: 0; Armor Slot 3: None, Count: 0; ","Offhand: None, Count: 0; ",[],20.0,19.0,"[-0.7837955938722119, -0.3090175642586514, 0.5386767230966613]",south,6,0 minecraft:air,False,Player is not currently riding anything,0.16477328182606651
119.0,13:01:11.611269900,2025-11-10,literal{minecrafter256},"(107.01912406746986, 73.16610926093821, 156.83146640594063)",20.0,[],"Armor Slot 0: None, Count: 0; Armor Slot 1: None, Count: 0; Armor Slot 2: None, Count: 0; Armor Slot 3: None, Count: 0; ","Offhand: None, Count: 0; ",[],20.0,19.0,"[-0.7852031728920558, -0.3090175642586514, 0.5366228864481077]",south,6,0 minecraft:air,False,Player is not currently riding anything,0.08307781780646721
119.0,13:01:11.660305200,2025-11-10,literal{minecrafter256},"(107.10693019065747, 73.24918707874468, 156.96190467688186)",20.0,[],"Armor Slot 0: None, Count: 0; Armor Slot 1: None, Count: 0; Armor Slot 2: None, Count: 0; Armor Slot 3: None, Count: 0; ","Offhand: None, Count: 0; ",[],20.0,19.0,"[-0.7852031728920558, -0.3090175642586514, 0.5366228864481077]",south,6,0 minecraft:air,False,Player is not currently riding anything,0.0030162615090425808
119.0,13:01:11.712544700,2025-11-10,literal{minecrafter256},"(107.19789264898213, 73.25220334025373, 157.09678456874792)",20.0,[],"Armor Slot 0: None, Count: 0; Armor Slot 1: None, Count: 0; Armor Slot 2: None, Count: 0; Armor Slot 3: None, Count: 0; ","Offhand: None, Count: 0; ",[],20.0,19.0,"[-0.7852031728920558, -0.3090175642586514, 0.5366228864481077]",south,6,0 minecraft:air,False,Player is not currently riding anything,0.07544406518948656
119.0,13:01:11.763034800,2025-11-10,literal{minecrafter256},"(107.29176922495762, 73.17675927506424, 157.2356776505362)",20.0,[],"Armor Slot 0: None, Count: 0; Armor Slot 1: None, Count: 0; Armor Slot 2: None, Count: 0; Armor Slot 3: None, Count: 0; ","Offhand: None, Count: 0; ",[],20.0,19.0,"[-0.7837955938722119, -0.3090175642586514, 0.5386767230966613]",south,6,0 minecraft:air,False,Player is not currently riding anything,0.15233518685055708
119.0,13:01:11.812596600,2025-11-10,literal{minecrafter256},"(107.38833942472876, 73.02442408821369, 157.37819394137568)",20.0,[],"Armor Slot 0: None, Count: 0; Armor Slot 1: None, Count: 0; Armor Slot 2: None, Count: 0; Armor Slot 3: None, Count: 0; ","Offhand: None, Count: 0; ",[],20.0,20.0,"[-0.7823826426958338, -0.3090175642586514, 0.540726867640155]",south,6,0 minecraft:air,False,Player is not currently riding anything,0.22768848754498797
119.0,13:01:11.862257200,2025-11-10,literal{minecrafter256},"(107.4884728885618, 72.79673560066871, 157.5231791712109)",20.0,[],"Armor Slot 0: None, Count: 0; Armor Slot 1: None, Count: 0; Armor Slot 2: None, Count: 0; Armor Slot 3: None, Count: 0; ","Offhand: None, Count: 0; ",[],20.0,20.0,"[-0.7300544058719677, -0.35347538562349434, 0.5848723931125919]",south,6,0 minecraft:air,False,Player is not currently riding anything,0.30153472366278034
119.0,13:01:11.912274500,2025-11-10,literal{minecrafter256},"(107.5927080931475, 72.49520087700593, 157.66968120534125)",20.0,[],"Armor Slot 0: None, Count: 0; Armor Slot 1: None, Count: 0; Armor Slot 2: None, Count: 0; Armor Slot 3: None, Count: 0; ","Offhand: None, Count: 0; ",[],20.0,20.0,"[-0.6850835760870317, -0.3875161265674531, 0.6168401295521893]",south,6,0 minecraft:air,False,Player is not currently riding anything,0.3739040364667221
119.0,13:01:11.965596200,2025-11-10,literal{minecrafter256},"(107.70167287670428, 72.1212968405392, 157.81659990072265)",20.0,[],"Armor Slot 0: None, Count: 0; Armor Slot 1: None, Count: 0; Armor Slot 2: None, Count: 0; Armor Slot 3: None, Count: 0; ","Offhand: None, Count: 0; ",[],20.0,20.0,"[-0.6340344501859668, -0.4067371296594859, 0.6576969084112692]",east,6,0 minecraft:air,False,Player is not currently riding anything,0.0784000015258789
119.0,13:01:12.012925,2025-11-10,literal{minecrafter256},"(107.81634808957669, 72.0, 157.96226834906946)",20.0,[],"Armor Slot 0: None, Count: 0; Armor Slot 1: None, Count: 0; Armor Slot 2: None, Count: 0; Armor Slot 3: None, Count: 0; ","Offhand: None, Count: 0; ",[],20.0,20.0,"[-0.5567249958268271, -0.4115148319117333, 0.7216043390517253]",east,6,0 minecraft:air,False,Player is not currently riding anything,0.0784000015258789
119.0,13:01:12.069439500,2025-11-10,literal{minecrafter256},"(108.00330662601259, 72.0, 158.14754978281763)",20.0,[],"Armor Slot 0: None, Count: 0; Armor Slot 1: None, Count: 0; Armor Slot 2: None, Count: 0; Armor Slot 3: None, Count: 0; ","Offhand: None, Count: 0; ",[],20.0,20.0,"[-0.4937917210865021, -0.3971483733500865, 0.7735909162676424]",east,6,0 minecraft:air,False,Player is not currently riding anything,0.0784000015258789
119.0,13:01:12.112821200,2025-11-10,literal{minecrafter256},"(108.19696726855207, 72.0, 158.28358837186826)",20.0,[],"Armor Slot 0: None, Count: 0; Armor Slot 1: None, Count: 0; Armor Slot 2: None, Count: 0; Armor Slot 3: None, Count: 0; ","Offhand: None, Count: 0; ",[],20.0,20.0,"[-0.3305924389446653, -0.37055793222367595, 0.8679835587030041]",east,6,0 minecraft:air,False,Player is not currently riding anything,0.0784000015258789
119.0,13:01:12.162093700,2025-11-10,literal{minecrafter256},"(108.39976315799584, 72.0, 158.3714173626822)",20.0,[],"Armor Slot 0: None, Count: 0; Armor Slot 1: None, Count: 0; Armor Slot 2: None, Count: 0; Armor Slot 3: None, Count: 0; ","Offhand: None, Count: 0; ",[],20.0,20.0,"[-0.12938889547107255, -0.35347535448302414, 0.9264522046505563]",east,6,0 minecraft:air,False,Player is not currently riding anything,0.0784000015258789
119.0,13:01:12.209870600,2025-11-10,literal{minecrafter256},"(108.60786855908043, 72.0, 158.43037919390719)",20.0,[],"Armor Slot 0: None, Count: 0; Armor Slot 1: None, Count: 0; Armor Slot 2: None, Count: 0; Armor Slot 3: None, Count: 0; ","Offhand: None, Count: 0; ",[],20.0,20.0,"[-0.10519634530528965, -0.35102516593382266, 0.9304381020871526]",east,6,0 minecraft:air,False,Player is not currently riding anything,0.0784000015258789
119.0,13:01:12.264044600,2025-11-10,literal{minecrafter256},"(108.81941842196835, 72.0, 158.4664141865771)",20.0,[],"Armor Slot 0: None, Count: 0; Armor Slot 1: None, Count: 0; Armor Slot 2: None, Count: 0; Armor Slot 3: None, Count: 0; ","Offhand: None, Count: 0; ",[],20.0,20.0,"[-0.03677015423524661, -0.35102516593382266, 0.9356437829850891]",east,6,0 minecraft:air,False,Player is not currently riding anything,0.0784000015258789
119.0,13:01:12.313160,2025-11-10,literal{minecrafter256},"(109.03227572962176, 72.0, 158.47483005824185)",20.0,[],"Armor Slot 0: None, Count: 0; Armor Slot 1: None, Count: 0; Armor Slot 2: None, Count: 0; Armor Slot 3: None, Count: 0; ","Offhand: None, Count: 0; ",[],20.0,20.0,"[0.10729450653480264, -0.3583684468002627, 0.9273941692750826]",east,6,0 minecraft:air,False,Player is not currently riding anything,0.0784000015258789
119.0,13:01:12.363847900,2025-11-10,literal{minecrafter256},"(109.23971099636576, 72.0, 158.4435950510703)",20.0,[],"Armor Slot 0: None, Count: 0; Armor Slot 1: None, Count: 0; Armor Slot 2: None, Count: 0; Armor Slot 3: None, Count: 0; ","Offhand: None, Count: 0; ",[],20.0,20.0,"[0.3359841014182593, -0.3947443763481167, 0.8551558693803729]",east,6,0 minecraft:air,False,Player is not currently riding anything,0.0784000015258789
119.0,13:01:12.411014400,2025-11-10,literal{minecrafter256},"(109.4393413073364, 72.0, 158.38023616910652)",20.0,[],"Armor Slot 0: None, Count: 0; Armor Slot 1: None, Count: 0; Armor Slot 2: None, Count: 0; Armor Slot 3: None, Count: 0; ","Offhand: None, Count: 0; ",[],20.0,20.0,"[0.4306767852829784, -0.4115148622518977, 0.8032266335002349]",east,6,0 minecraft:air,False,Player is not currently riding anything,0.0784000015258789
119.0,13:01:12.462138200,2025-11-10,literal{minecrafter256},"(109.62514439035768, 72.41999998688698, 158.28477346048805)",20.0,[],"Armor Slot 0: None, Count: 0; Armor Slot 1: None, Count: 0; Armor Slot 2: None, Count: 0; Armor Slot 3: None, Count: 0; ","Offhand: None, Count: 0; ",[],20.0,20.0,"[0.5578012404140372, -0.4399396541532509, 0.7037832598862234]",east,6,0 minecraft:air,False,Player is not currently riding anything,0.33319999363422365
108.0,13:01:12.514384,2025-11-10,literal{minecrafter256},"(109.73848481532517, 72.7531999805212, 158.2170706353812)",20.0,[],"Armor Slot 0: None, Count: 0; Armor Slot 1: None, Count: 0; Armor Slot 2: None, Count: 0; Armor Slot 3: None, Count: 0; ","Offhand: None, Count: 0; ",[],20.0,20.0,"[0.695605109807288, -0.4840466929191359, 0.5308788282499487]",north,6,0 minecraft:air,False,Player is not currently riding anything,0.24813599859094576
108.0,13:01:12.563599600,2025-11-10,literal{minecrafter256},"(109.85070616214647, 73.00133597911214, 158.13809197134546)",20.0,[],"Armor Slot 0: None, Count: 0; Armor Slot 1: None, Count: 0; Armor Slot 2: None, Count: 0; Armor Slot 3: None, Count: 0; ","Offhand: None, Count: 0; ",[],20.0,20.0,"[0.7709273782837016, -0.4931834108193488, 0.40303982520988135]",north,6,0 minecraft:air,False,Player is not currently riding anything,0.16477328182606651
108.0,13:01:12.612848,2025-11-10,literal{minecrafter256},"(109.96126707822523, 73.16610926093821, 158.0485314147502)",20.0,[],"Armor Slot 0: None, Count: 0; Armor Slot 1: None, Count: 0; Armor Slot 2: None, Count: 0; Armor Slot 3: None, Count: 0; ","Offhand: None, Count: 0; ",[],20.0,20.0,"[0.7863412066074693, -0.4909042698557105, 0.3750739988702776]",north,6,0 minecraft:air,False,Player is not currently riding anything,0.08307781780646721
108.0,13:01:12.663126500,2025-11-10,literal{minecrafter256},"(110.06798462355833, 73.24918707874468, 157.94840704207084)",20.0,[],"Armor Slot 0: None, Count: 0; Armor Slot 1: None, Count: 0; Armor Slot 2: None, Count: 0; Armor Slot 3: None, Count: 0; ","Offhand: None, Count: 0; ",[],20.0,20.0,"[0.8374508822959527, -0.4725513046911696, 0.27453831094476383]",north,6,0 minecraft:air,False,Player is not currently riding anything,0.0030162615090425808
108.0,13:01:12.715174,2025-11-10,literal{minecrafter256},"(110.16957512352376, 73.25220334025373, 157.83821214909347)",20.0,[],"Armor Slot 0: None, Count: 0; Armor Slot 1: None, Count: 0; Armor Slot 2: None, Count: 0; Armor Slot 3: None, Count: 0; ","Offhand: None, Count: 0; ",[],20.0,20.0,"[0.8604135245607051, -0.4679303673588878, 0.2018160995966408]",north,6,0 minecraft:air,False,Player is not currently riding anything,0.07544406518948656
108.0,13:01:12.761912800,2025-11-10,literal{minecrafter256},"(110.26650001207014, 73.17675927506424, 157.71885308238078)",20.0,[],"Armor Slot 0: None, Count: 0; Armor Slot 1: None, Count: 0; Armor Slot 2: None, Count: 0; Armor Slot 3: None, Count: 0; ","Offhand: None, Count: 0; ",[],20.0,20.0,"[0.8604135245607051, -0.4679303673588878, 0.2018160995966408]",north,6,0 minecraft:air,False,Player is not currently riding anything,0.15233518685055708
108.0,13:01:12.810547700,2025-11-10,literal{minecrafter256},"(110.35922857373755, 73.02442408821369, 157.59116627180094)",20.0,[],"Armor Slot 0: None, Count: 0; Armor Slot 1: None, Count: 0; Armor Slot 2: None, Count: 0; Armor Slot 3: None, Count: 0; ","Offhand: None, Count: 0; ",[],20.0,20.0,"[0.8598822450006776, -0.4679303673588878, 0.2040678711506811]",north,6,0 minecraft:air,False,Player is not currently riding anything,0.22768848754498797
108.0,13:01:12.862682300,2025-11-10,literal{minecrafter256},"(110.44813847783504, 72.79673560066871, 157.45590121408358)",20.0,[],"Armor Slot 0: None, Count: 0; Armor Slot 1: None, Count: 0; Armor Slot 2: None, Count: 0; Armor Slot 3: None, Count: 0; ","Offhand: None, Count: 0; ",[],20.0,20.0,"[0.8598822450006776, -0.4679303673588878, 0.2040678711506811]",north,6,0 minecraft:air,False,Player is not currently riding anything,0.30153472366278034
108.0,13:01:12.911513500,2025-11-10,literal{minecrafter256},"(110.53362275299601, 72.49520087700593, 157.31375173308402)",20.0,[],"Armor Slot 0: None, Count: 0; Armor Slot 1: None, Count: 0; Armor Slot 2: None, Count: 0; Armor Slot 3: None, Count: 0; ","Offhand: None, Count: 0; ",[],20.0,20.0,"[0.8593450723836306, -0.4679303673588878, 0.2063182441602026]",north,6,0 minecraft:air,False,Player is not currently riding anything,0.3739040364667221
108.0,13:01:12.961463600,2025-11-10,literal{minecrafter256},"(110.6159897057349, 72.1212968405392, 157.1653374267171)",20.0,[],"Armor Slot 0: None, Count: 0; Armor Slot 1: None, Count: 0; Armor Slot 2: None, Count: 0; Armor Slot 3: None, Count: 0; ","Offhand: None, Count: 0; ",[],20.0,20.0,"[0.8593450723836306, -0.4679303673588878, 0.2063182441602026]",north,6,0 minecraft:air,False,Player is not currently riding anything,0.0784000015258789
108.0,13:01:13.010654100,2025-11-10,literal{minecrafter256},"(110.69556921358155, 72.0, 157.01123403942086)",20.0,[],"Armor Slot 0: None, Count: 0; Armor Slot 1: None, Count: 0; Armor Slot 2: None, Count: 0; Armor Slot 3: None, Count: 0; ","Offhand: None, Count: 0; ",[],20.0,20.0,"[0.8588020103909856, -0.4679303673588878, 0.2085672032026555]",north,6,0 minecraft:air,False,Player is not currently riding anything,0.0784000015258789
108.0,13:01:13.061938600,2025-11-10,literal{minecrafter256},"(110.7911144621411, 72.0, 156.7757681263421)",20.0,[],"Armor Slot 0: None, Count: 0; Armor Slot 1: None, Count: 0; Armor Slot 2: None, Count: 0; Armor Slot 3: None, Count: 0; ","Offhand: None, Count: 0; ",[],20.0,20.0,"[0.8588020103909856, -0.4679303673588878, 0.2085672032026555]",north,6,0 minecraft:air,False,Player is not currently riding anything,0.0784000015258789
108.0,13:01:13.114763100,2025-11-10,literal{minecrafter256},"(110.86666563193121, 72.0, 156.55203432176663)",20.0,[],"Armor Slot 0: None, Count: 0; Armor Slot 1: None, Count: 0; Armor Slot 2: None, Count: 0; Armor Slot 3: None, Count: 0; ","Offhand: None, Count: 0; ",[],20.0,20.0,"[0.8582530627445255, -0.4679303673588878, 0.21081473286518146]",north,6,0 minecraft:air,False,Player is not currently riding anything,0.0784000015258789
108.0,13:01:13.159576200,2025-11-10,literal{minecrafter256},"(110.93154630953428, 72.0, 156.3347670975354)",20.0,[],"Armor Slot 0: None, Count: 0; Armor Slot 1: None, Count: 0; Armor Slot 2: None, Count: 0; Armor Slot 3: None, Count: 0; ","Offhand: None, Count: 0; ",[],20.0,20.0,"[0.8576982332063701, -0.4679303673588878, 0.21306081774471664]",north,6,0 minecraft:air,False,Player is not currently riding anything,0.0784000015258789
108.0,13:01:13.211104200,2025-11-10,literal{minecrafter256},"(110.99134787016405, 72.0, 156.12121933417882)",20.0,[],"Armor Slot 0: None, Count: 0; Armor Slot 1: None, Count: 0; Armor Slot 2: None, Count: 0; Armor Slot 3: None, Count: 0; ","Offhand: None, Count: 0; ",[],20.0,20.0,"[0.8583597813134827, -0.46329660154446073, 0.2203967894975411]",north,6,0 minecraft:air,False,Player is not currently riding anything,0.0784000015258789
108.0,13:01:13.261368300,2025-11-10,literal{minecrafter256},"(111.05060792511432, 72.41999998688698, 155.91030366631912)",20.0,[],"Armor Slot 0: None, Count: 0; Armor Slot 1: None, Count: 0; Armor Slot 2: None, Count: 0; Armor Slot 3: None, Count: 0; ","Offhand: None, Count: 0; ",[],20.0,20.0,"[0.8586926483474178, -0.4516568969313551, 0.2421837796559406]",north,6,0 minecraft:air,False,Player is not currently riding anything,0.33319999363422365
108.0,13:01:13.313776100,2025-11-10,literal{minecrafter256},"(111.08863011747029, 72.7531999805212, 155.7763805913321)",20.0,[],"Armor Slot 0: None, Count: 0; Armor Slot 1: None, Count: 0; Armor Slot 2: None, Count: 0; Armor Slot 3: None, Count: 0; ","Offhand: None, Count: 0; ",[],20.0,20.0,"[0.8563627210545837, -0.4469792341175091, 0.258558415557712]",north,6,0 minecraft:air,False,Player is not currently riding anything,0.24813599859094576
108.0,13:01:13.360411700,2025-11-10,literal{minecrafter256},"(111.1295317135586, 73.00133597911214, 155.63595116134871)",20.0,[],"Armor Slot 0: None, Count: 0; Armor Slot 1: None, Count: 0; Armor Slot 2: None, Count: 0; Armor Slot 3: None, Count: 0; ","Offhand: None, Count: 0; ",[],20.0,20.0,"[0.852536439350883, -0.43523174674957354, 0.2894044681759999]",north,6,0 minecraft:air,False,Player is not currently riding anything,0.16477328182606651
108.0,13:01:13.411930300,2025-11-10,literal{minecrafter256},"(111.17363398635959, 73.16610926093821, 155.489808249621)",20.0,[],"Armor Slot 0: None, Count: 0; Armor Slot 1: None, Count: 0; Armor Slot 2: None, Count: 0; Armor Slot 3: None, Count: 0; ","Offhand: None, Count: 0; ",[],20.0,20.0,"[0.846200233713471, -0.4281473292869362, 0.3172302458589516]",north,6,0 minecraft:air,False,Player is not currently riding anything,0.08307781780646721
108.0,13:01:13.460231,2025-11-10,literal{minecrafter256},"(111.22064887505303, 73.24918707874468, 155.33846606935612)",20.0,[],"Armor Slot 0: None, Count: 0; Armor Slot 1: None, Count: 0; Armor Slot 2: None, Count: 0; Armor Slot 3: None, Count: 0; ","Offhand: None, Count: 0; ",[],20.0,20.0,"[0.846200233713471, -0.4281473292869362, 0.3172302458589516]",north,6,0 minecraft:air,False,Player is not currently riding anything,0.0030162615090425808
113.0,13:01:13.510830,2025-11-10,literal{minecrafter256},"(111.27064913395822, 73.25220334025373, 155.18252164398882)",20.0,[],"Armor Slot 0: None, Count: 0; Armor Slot 1: None, Count: 0; Armor Slot 2: None, Count: 0; Armor Slot 3: None, Count: 0; ","Offhand: None, Count: 0; ",[],20.0,20.0,"[0.8412842800924805, -0.4257799662810101, 0.3330948519311259]",north,6,0 minecraft:air,False,Player is not currently riding anything,0.07544406518948656
113.0,13:01:13.561120300,2025-11-10,literal{minecrafter256},"(111.32374534610727, 73.17675927506424, 155.02254397689742)",20.0,[],"Armor Slot 0: None, Count: 0; Armor Slot 1: None, Count: 0; Armor Slot 2: None, Count: 0; Armor Slot 3: None, Count: 0; ","Offhand: None, Count: 0; ",[],20.0,20.0,"[0.8341240723547356, -0.4257799662810101, 0.35064006079182325]",north,6,0 minecraft:air,False,Player is not currently riding anything,0.15233518685055708
113.0,13:01:13.610517800,2025-11-10,literal{minecrafter256},"(111.37984727496072, 73.02442408821369, 154.85897642488823)",20.0,[],"Armor Slot 0: None, Count: 0; Armor Slot 1: None, Count: 0; Armor Slot 2: None, Count: 0; Armor Slot 3: None, Count: 0; ","Offhand: None, Count: 0; ",[],20.0,20.0,"[0.8304066629069093, -0.4257799662810101, 0.35935524834563415]",north,6,0 minecraft:air,False,Player is not currently riding anything,0.22768848754498797
113.0,13:01:13.659748300,2025-11-10,literal{minecrafter256},"(111.43910644495787, 72.79673560066871, 154.69233065659162)",20.0,[],"Armor Slot 0: None, Count: 0; Armor Slot 1: None, Count: 0; Armor Slot 2: None, Count: 0; Armor Slot 3: None, Count: 0; ","Offhand: None, Count: 0; ",[],20.0,20.0,"[0.8227193774901214, -0.42340968504171234, 0.3792849384237994]",north,6,0 minecraft:air,False,Player is not currently riding anything,0.30153472366278034
113.0,13:01:13.711245400,2025-11-10,literal{minecrafter256},"(111.50179428261343, 72.49520087700593, 154.52315053291946)",20.0,[],"Armor Slot 0: None, Count: 0; Armor Slot 1: None, Count: 0; Armor Slot 2: None, Count: 0; Armor Slot 3: None, Count: 0; ","Offhand: None, Count: 0; ",[],20.0,20.0,"[0.8113886782153195, -0.4210365018146026, 0.40543393666998195]",north,6,0 minecraft:air,False,Player is not currently riding anything,0.3739040364667221
113.0,13:01:13.759665200,2025-11-10,literal{minecrafter256},"(111.56764756293795, 72.1212968405392, 154.35168688579546)",20.0,[],"Armor Slot 0: None, Count: 0; Armor Slot 1: None, Count: 0; Armor Slot 2: None, Count: 0; Armor Slot 3: None, Count: 0; ","Offhand: None, Count: 0; ",[],20.0,20.0,"[0.8103245186956598, -0.4210365018146026, 0.40755666911531396]",north,6,0 minecraft:air,False,Player is not currently riding anything,0.0784000015258789
113.0,13:01:13.810481100,2025-11-10,literal{minecrafter256},"(111.6366106146208, 72.0, 154.1782624206999)",20.0,[],"Armor Slot 0: None, Count: 0; Armor Slot 1: None, Count: 0; Armor Slot 2: None, Count: 0; Armor Slot 3: None, Count: 0; ","Offhand: None, Count: 0; ",[],20.0,20.0,"[0.8068656310375433, -0.4162814944785229, 0.41913908288909857]",north,6,0 minecraft:air,False,Player is not currently riding anything,0.0784000015258789
113.0,13:01:13.859771300,2025-11-10,literal{minecrafter256},"(111.74703202295561, 72.0, 153.93481878712487)",20.0,[],"Armor Slot 0: None, Count: 0; Armor Slot 1: None, Count: 0; Armor Slot 2: None, Count: 0; Armor Slot 3: None, Count: 0; ","Offhand: None, Count: 0; ",[],20.0,20.0,"[0.7982279476572879, -0.4067373729512854, 0.4442936562944839]",north,6,0 minecraft:air,False,Player is not currently riding anything,0.0784000015258789
113.0,13:01:13.910289500,2025-11-10,literal{minecrafter256},"(111.85498714840405, 72.0, 153.71627118196406)",20.0,[],"Armor Slot 0: None, Count: 0; Armor Slot 1: None, Count: 0; Armor Slot 2: None, Count: 0; Armor Slot 3: None, Count: 0; ","Offhand: None, Count: 0; ",[],20.0,20.0,"[0.7991556300234361, -0.4043443323418395, 0.4448100042769688]",north,6,0 minecraft:air,False,Player is not currently riding anything,0.0784000015258789
113.0,13:01:13.962069,2025-11-10,literal{minecrafter256},"(111.96159568324012, 72.0, 153.5113168098963)",20.0,[],"Armor Slot 0: None, Count: 0; Armor Slot 1: None, Count: 0; Armor Slot 2: None, Count: 0; Armor Slot 3: None, Count: 0; ","Offhand: None, Count: 0; ",[],20.0,20.0,"[0.7991556300234361, -0.4043443323418395, 0.4448100042769688]",north,6,0 minecraft:air,False,Player is not currently riding anything,0.0784000015258789
113.0,13:01:14.016384300,2025-11-10,literal{minecrafter256},"(112.06746897951645, 72.0, 153.3137843439594)",20.0,[],"Armor Slot 0: None, Count: 0; Armor Slot 1: None, Count: 0; Armor Slot 2: None, Count: 0; Armor Slot 3: None, Count: 0; ","Offhand: None, Count: 0; ",[],20.0,20.0,"[0.7991556300234361, -0.4043443323418395, 0.4448100042769688]",north,6,0 minecraft:air,False,Player is not currently riding anything,0.0784000015258789
113.0,13:01:14.065331900,2025-11-10,literal{minecrafter256},"(112.17294083549253, 72.41999998688698, 153.12030423924068)",20.0,[],"Armor Slot 0: None, Count: 0; Armor Slot 1: None, Count: 0; Armor Slot 2: None, Count: 0; Armor Slot 3: None, Count: 0; ","Offhand: None, Count: 0; ",[],20.0,20.0,"[0.7991556300234361, -0.4043443323418395, 0.4448100042769688]",north,6,0 minecraft:air,False,Player is not currently riding anything,0.33319999363422365
113.0,13:01:14.130523500,2025-11-10,literal{minecrafter256},"(112.24006148108823, 72.7531999805212, 152.99753861727388)",20.0,[],"Armor Slot 0: None, Count: 0; Armor Slot 1: None, Count: 0; Armor Slot 2: None, Count: 0; Armor Slot 3: None, Count: 0; ","Offhand: None, Count: 0; ",[],20.0,20.0,"[0.7991556300234361, -0.4043443323418395, 0.4448100042769688]",north,6,0 minecraft:air,False,Player is not currently riding anything,0.24813599859094576
113.0,13:01:14.182223200,2025-11-10,literal{minecrafter256},"(112.31067427588447, 73.00133597911214, 152.86869642554444)",20.0,[],"Armor Slot 0: None, Count: 0; Armor Slot 1: None, Count: 0; Armor Slot 2: None, Count: 0; Armor Slot 3: None, Count: 0; ","Offhand: None, Count: 0; ",[],20.0,20.0,"[0.8000778350942362, -0.40194852041570955, 0.44532330359699585]",north,6,0 minecraft:air,False,Player is not currently riding anything,0.16477328182606651
113.0,13:01:14.222404300,2025-11-10,literal{minecrafter256},"(112.38446492654475, 73.16610926093821, 152.73432455517164)",20.0,[],"Armor Slot 0: None, Count: 0; Armor Slot 1: None, Count: 0; Armor Slot 2: None, Count: 0; Armor Slot 3: None, Count: 0; ","Offhand: None, Count: 0; ",[],20.0,20.0,"[0.8000778350942362, -0.40194852041570955, 0.44532330359699585]",north,6,0 minecraft:air,False,Player is not currently riding anything,0.08307781780646721
113.0,13:01:14.264713800,2025-11-10,literal{minecrafter256},"(112.46114742612468, 73.24918707874468, 152.59492067708837)",20.0,[],"Armor Slot 0: None, Count: 0; Armor Slot 1: None, Count: 0; Armor Slot 2: None, Count: 0; Armor Slot 3: None, Count: 0; ","Offhand: None, Count: 0; ",[],20.0,20.0,"[0.8000778350942362, -0.40194852041570955, 0.44532330359699585]",north,6,0 minecraft:air,False,Player is not currently riding anything,0.0030162615090425808
113.0,13:01:14.311434400,2025-11-10,literal{minecrafter256},"(112.54046150829731, 73.25220334025373, 152.4509376718566)",20.0,[],"Armor Slot 0: None, Count: 0; Armor Slot 1: None, Count: 0; Armor Slot 2: None, Count: 0; Armor Slot 3: None, Count: 0; ","Offhand: None, Count: 0; ",[],20.0,20.0,"[0.8000778350942362, -0.40194852041570955, 0.44532330359699585]",north,6,0 minecraft:air,False,Player is not currently riding anything,0.07544406518948656
113.0,13:01:14.360270600,2025-11-10,literal{minecrafter256},"(112.62217033069832, 73.17675927506424, 152.30278766079957)",20.0,[],"Armor Slot 0: None, Count: 0; Armor Slot 1: None, Count: 0; Armor Slot 2: None, Count: 0; Armor Slot 3: None, Count: 0; ","Offhand: None, Count: 0; ",[],20.0,20.0,"[0.8000778350942362, -0.40194852041570955, 0.44532330359699585]",north,6,0 minecraft:air,False,Player is not currently riding anything,0.15233518685055708
113.0,13:01:14.413506600,2025-11-10,literal{minecrafter256},"(112.70605836676998, 73.02442408821369, 152.1508456743323)",20.0,[],"Armor Slot 0: None, Count: 0; Armor Slot 1: None, Count: 0; Armor Slot 2: None, Count: 0; Armor Slot 3: None, Count: 0; ","Offhand: None, Count: 0; ",[],20.0,20.0,"[0.8000778350942362, -0.40194852041570955, 0.44532330359699585]",north,6,0 minecraft:air,False,Player is not currently riding anything,0.22768848754498797
113.0,13:01:14.460904400,2025-11-10,literal{minecrafter256},"(112.79192948733906, 72.79673560066871, 151.99545299014224)",20.0,[],"Armor Slot 0: None, Count: 0; Armor Slot 1: None, Count: 0; Armor Slot 2: None, Count: 0; Armor Slot 3: None, Count: 0; ","Offhand: None, Count: 0; ",[],20.0,20.0,"[0.8000778350942362, -0.40194852041570955, 0.44532330359699585]",north,6,0 minecraft:air,False,Player is not currently riding anything,0.30153472366278034
115.0,13:01:15.040400300,2025-11-10,literal{minecrafter256},"(113.95659160421079, 73.16610926093821, 149.8986724918583)",20.0,[],"Armor Slot 0: None, Count: 0; Armor Slot 1: None, Count: 0; Armor Slot 2: None, Count: 0; Armor Slot 3: None, Count: 0; ","Offhand: None, Count: 0; ",[],20.0,20.0,"[0.8000778350942362, -0.40194852041570955, 0.44532330359699585]",north,6,0 minecraft:air,False,Player is not currently riding anything,0.33319999363422365
115.0,13:01:15.046435100,2025-11-10,literal{minecrafter256},"(113.95659160421079, 73.16610926093821, 149.8986724918583)",20.0,[],"Armor Slot 0: None, Count: 0; Armor Slot 1: None, Count: 0; Armor Slot 2: None, Count: 0; Armor Slot 3: None, Count: 0; ","Offhand: None, Count: 0; ",[],20.0,20.0,"[0.8000778350942362, -0.40194852041570955, 0.44532330359699585]",north,6,0 minecraft:air,False,Player is not currently riding anything,0.24813599859094576
115.0,13:01:15.053500500,2025-11-10,literal{minecrafter256},"(113.95659160421079, 73.16610926093821, 149.8986724918583)",20.0,[],"Armor Slot 0: None, Count: 0; Armor Slot 1: None, Count: 0; Armor Slot 2: None, Count: 0; Armor Slot 3: None, Count: 0; ","Offhand: None, Count: 0; ",[],20.0,20.0,"[0.8000778350942362, -0.40194852041570955, 0.44532330359699585]",north,6,0 minecraft:air,False,Player is not currently riding anything,0.16477328182606651
115.0,13:01:15.062019900,2025-11-10,literal{minecrafter256},"(113.95659160421079, 73.16610926093821, 149.8986724918583)",20.0,[],"Armor Slot 0: None, Count: 0; Armor Slot 1: None, Count: 0; Armor Slot 2: None, Count: 0; Armor Slot 3: None, Count: 0; ","Offhand: None, Count: 0; ",[],20.0,20.0,"[0.8000778350942362, -0.40194852041570955, 0.44532330359699585]",north,6,0 minecraft:air,False,Player is not currently riding anything,0.08307781780646721
115.0,13:01:15.068088400,2025-11-10,literal{minecrafter256},"(113.95659160421079, 73.16610926093821, 149.8986724918583)",20.0,[],"Armor Slot 0: None, Count: 0; Armor Slot 1: None, Count: 0; Armor Slot 2: None, Count: 0; Armor Slot 3: None, Count: 0; ","Offhand: None, Count: 0; ",[],20.0,20.0,"[0.8000778350942362, -0.40194852041570955, 0.44532330359699585]",north,6,0 minecraft:air,False,Player is not currently riding anything,0.0030162615090425808
115.0,13:01:15.073098,2025-11-10,literal{minecrafter256},"(114.03358089038007, 73.24918707874468, 149.76035038202875)",20.0,[],"Armor Slot 0: None, Count: 0; Armor Slot 1: None, Count: 0; Armor Slot 2: None, Count: 0; Armor Slot 3: None, Count: 0; ","Offhand: None, Count: 0; ",[],20.0,20.0,"[0.8000778350942362, -0.40194852041570955, 0.44532330359699585]",north,6,0 minecraft:air,False,Player is not currently riding anything,0.07544406518948656
115.0,13:01:15.077605300,2025-11-10,literal{minecrafter256},"(114.03358089038007, 73.24918707874468, 149.76035038202875)",20.0,[],"Armor Slot 0: None, Count: 0; Armor Slot 1: None, Count: 0; Armor Slot 2: None, Count: 0; Armor Slot 3: None, Count: 0; ","Offhand: None, Count: 0; ",[],20.0,20.0,"[0.8000778350942362, -0.40194852041570955, 0.44532330359699585]",north,6,0 minecraft:air,False,Player is not currently riding anything,0.15233518685055708
115.0,13:01:15.082411300,2025-11-10,literal{minecrafter256},"(114.03358089038007, 73.24918707874468, 149.76035038202875)",20.0,[],"Armor Slot 0: None, Count: 0; Armor Slot 1: None, Count: 0; Armor Slot 2: None, Count: 0; Armor Slot 3: None, Count: 0; ","Offhand: None, Count: 0; ",[],20.0,20.0,"[0.8000778350942362, -0.40194852041570955, 0.44532330359699585]",north,6,0 minecraft:air,False,Player is not currently riding anything,0.22768848754498797
115.0,13:01:15.089447100,2025-11-10,literal{minecrafter256},"(114.03358089038007, 73.24918707874468, 149.76035038202875)",20.0,[],"Armor Slot 0: None, Count: 0; Armor Slot 1: None, Count: 0; Armor Slot 2: None, Count: 0; Armor Slot 3: None, Count: 0; ","Offhand: None, Count: 0; ",[],20.0,20.0,"[0.8000778350942362, -0.40194852041570955, 0.44532330359699585]",north,6,0 minecraft:air,False,Player is not currently riding anything,0.30153472366278034
115.0,13:01:15.095033,2025-11-10,literal{minecrafter256},"(114.03358089038007, 73.24918707874468, 149.76035038202875)",20.0,[],"Armor Slot 0: None, Count: 0; Armor Slot 1: None, Count: 0; Armor Slot 2: None, Count: 0; Armor Slot 3: None, Count: 0; ","Offhand: None, Count: 0; ",[],20.0,20.0,"[0.8000778350942362, -0.40194852041570955, 0.44532330359699585]",north,6,0 minecraft:air,False,Player is not currently riding anything,0.3739040364667221
115.0,13:01:15.100546400,2025-11-10,literal{minecrafter256},"(114.03358089038007, 73.24918707874468, 149.76035038202875)",20.0,[],"Armor Slot 0: None, Count: 0; Armor Slot 1: None, Count: 0; Armor Slot 2: None, Count: 0; Armor Slot 3: None, Count: 0; ","Offhand: None, Count: 0; ",[],20.0,20.0,"[0.8000778350942362, -0.40194852041570955, 0.44532330359699585]",north,6,0 minecraft:air,False,Player is not currently riding anything,0.4448259643949201
115.0,13:01:15.105545,2025-11-10,literal{minecrafter256},"(114.03358089038007, 73.24918707874468, 149.76035038202875)",20.0,[],"Armor Slot 0: None, Count: 0; Armor Slot 1: None, Count: 0; Armor Slot 2: None, Count: 0; Armor Slot 3: None, Count: 0; ","Offhand: None, Count: 0; ",[],20.0,20.0,"[0.8000778350942362, -0.40194852041570955, 0.44532330359699585]",north,6,0 minecraft:air,False,Player is not currently riding anything,0.5143294551172826
115.0,13:01:15.111347900,2025-11-10,literal{minecrafter256},"(114.03358089038007, 73.24918707874468, 149.76035038202875)",20.0,[],"Armor Slot 0: None, Count: 0; Armor Slot 1: None, Count: 0; Armor Slot 2: None, Count: 0; Armor Slot 3: None, Count: 0; ","Offhand: None, Count: 0; ",[],20.0,20.0,"[0.8000778350942362, -0.40194852041570955, 0.44532330359699585]",north,6,0 minecraft:air,False,Player is not currently riding anything,0.5824428773508716
115.0,13:01:15.167413900,2025-11-10,literal{minecrafter256},"(114.11317414835706, 73.25220334025373, 149.61735178593622)",20.0,[],"Armor Slot 0: None, Count: 0; Armor Slot 1: None, Count: 0; Armor Slot 2: None, Count: 0; Armor Slot 3: None, Count: 0; ","Offhand: None, Count: 0; ",[],20.0,20.0,"[0.8000778350942362, -0.40194852041570955, 0.44532330359699585]",north,6,0 minecraft:air,False,Player is not currently riding anything,0.6491940324389494
115.0,13:01:15.210409100,2025-11-10,literal{minecrafter256},"(114.19513702074737, 73.17675927506424, 149.47009758722174)",20.0,[],"Armor Slot 0: None, Count: 0; Armor Slot 1: None, Count: 0; Armor Slot 2: None, Count: 0; Armor Slot 3: None, Count: 0; ","Offhand: None, Count: 0; ",[],20.0,20.0,"[0.8000778350942362, -0.40194852041570955, 0.44532330359699585]",north,6,0 minecraft:air,False,Player is not currently riding anything,0.7146101656984427
115.0,13:01:15.260370800,2025-11-10,literal{minecrafter256},"(114.27925624231592, 73.02442408821369, 149.3189707900097)",20.0,[],"Armor Slot 0: None, Count: 0; Armor Slot 1: None, Count: 0; Armor Slot 2: None, Count: 0; Armor Slot 3: None, Count: 0; ","Offhand: None, Count: 0; ",[],20.0,20.0,"[0.7991556300234361, -0.4043443323418395, 0.4448100042769688]",north,6,0 minecraft:air,False,Player is not currently riding anything,0.7787179775404599
115.0,13:01:15.310607,2025-11-10,literal{minecrafter256},"(114.36533774169325, 72.79673560066871, 149.1643199280633)",20.0,[],"Armor Slot 0: None, Count: 0; Armor Slot 1: None, Count: 0; Armor Slot 2: None, Count: 0; Armor Slot 3: None, Count: 0; ","Offhand: None, Count: 0; ",[],20.0,20.0,"[0.7991556300234361, -0.4043443323418395, 0.4448100042769688]",north,6,0 minecraft:air,False,Player is not currently riding anything,0.8415436343683963
115.0,13:01:15.362463300,2025-11-10,literal{minecrafter256},"(114.45320491392802, 72.49520087700593, 149.00646216711618)",20.0,[],"Armor Slot 0: None, Count: 0; Armor Slot 1: None, Count: 0; Armor Slot 2: None, Count: 0; Armor Slot 3: None, Count: 0; ","Offhand: None, Count: 0; ",[],20.0,20.0,"[0.7991556300234361, -0.4043443323418395, 0.4448100042769688]",north,6,0 minecraft:air,False,Player is not currently riding anything,0.0784000015258789
115.0,13:01:15.413455400,2025-11-10,literal{minecrafter256},"(114.5426970485099, 72.1212968405392, 148.84568612799433)",20.0,[],"Armor Slot 0: None, Count: 0; Armor Slot 1: None, Count: 0; Armor Slot 2: None, Count: 0; Armor Slot 3: None, Count: 0; ","Offhand: None, Count: 0; ",[],20.0,20.0,"[0.7991556300234361, -0.4043443323418395, 0.4448100042769688]",north,6,0 minecraft:air,False,Player is not currently riding anything,0.1552320045166016
115.0,13:01:15.458768400,2025-11-10,literal{minecrafter256},"(114.63366789887024, 72.0, 148.68225445565693)",20.0,[],"Armor Slot 0: None, Count: 0; Armor Slot 1: None, Count: 0; Armor Slot 2: None, Count: 0; Armor Slot 3: None, Count: 0; ","Offhand: None, Count: 0; ",[],20.0,20.0,"[0.7991556300234361, -0.4043443323418395, 0.4448100042769688]",north,6,0 minecraft:air,False,Player is not currently riding anything,0.0784000015258789
115.0,13:01:15.509079900,2025-11-10,literal{minecrafter256},"(114.76411640457876, 72.0, 148.4479042637539)",20.0,[],"Armor Slot 0: None, Count: 0; Armor Slot 1: None, Count: 0; Armor Slot 2: None, Count: 0; Armor Slot 3: None, Count: 0; ","Offhand: None, Count: 0; ",[],20.0,20.0,"[0.7991556300234361, -0.4043443323418395, 0.4448100042769688]",north,6,0 minecraft:air,False,Player is not currently riding anything,0.0784000015258789
119.0,13:01:15.562376400,2025-11-10,literal{minecrafter256},"(114.88300632646335, 72.0, 148.23432167832271)",20.0,[],"Armor Slot 0: None, Count: 0; Armor Slot 1: None, Count: 0; Armor Slot 2: None, Count: 0; Armor Slot 3: None, Count: 0; ","Offhand: None, Count: 0; ",[],20.0,20.0,"[0.7991556300234361, -0.4043443323418395, 0.4448100042769688]",north,6,0 minecraft:air,False,Player is not currently riding anything,0.0784000015258789
119.0,13:01:15.613544200,2025-11-10,literal{minecrafter256},"(114.99558526084704, 72.41999998688698, 148.0320782073422)",20.0,[],"Armor Slot 0: None, Count: 0; Armor Slot 1: None, Count: 0; Armor Slot 2: None, Count: 0; Armor Slot 3: None, Count: 0; ","Offhand: None, Count: 0; ",[],20.0,20.0,"[0.7991556300234361, -0.4043443323418395, 0.4448100042769688]",north,6,0 minecraft:air,False,Player is not currently riding anything,0.33319999363422365
119.0,13:01:15.662515500,2025-11-10,literal{minecrafter256},"(115.06658637170403, 72.7531999805212, 147.9045277868407)",20.0,[],"Armor Slot 0: None, Count: 0; Armor Slot 1: None, Count: 0; Armor Slot 2: None, Count: 0; Armor Slot 3: None, Count: 0; ","Offhand: None, Count: 0; ",[],20.0,20.0,"[0.7991556300234361, -0.4043443323418395, 0.4448100042769688]",north,6,0 minecraft:air,False,Player is not currently riding anything,0.24813599859094576
119.0,13:01:15.710912100,2025-11-10,literal{minecrafter256},"(115.14073038998981, 73.00133597911214, 147.7713314283192)",20.0,[],"Armor Slot 0: None, Count: 0; Armor Slot 1: None, Count: 0; Armor Slot 2: None, Count: 0; Armor Slot 3: None, Count: 0; ","Offhand: None, Count: 0; ",[],20.0,20.0,"[0.7991556300234361, -0.4043443323418395, 0.4448100042769688]",north,6,0 minecraft:air,False,Player is not currently riding anything,0.16477328182606651
119.0,13:01:15.759697500,2025-11-10,literal{minecrafter256},"(115.2177344541182, 73.16610926093821, 147.63299726605143)",20.0,[],"Armor Slot 0: None, Count: 0; Armor Slot 1: None, Count: 0; Armor Slot 2: None, Count: 0; Armor Slot 3: None, Count: 0; ","Offhand: None, Count: 0; ",[],20.0,20.0,"[0.7991556300234361, -0.4043443323418395, 0.4448100042769688]",north,6,0 minecraft:air,False,Player is not currently riding anything,0.08307781780646721
119.0,13:01:15.812474300,2025-11-10,literal{minecrafter256},"(115.29734116003837, 73.24918707874468, 147.48998770223983)",20.0,[],"Armor Slot 0: None, Count: 0; Armor Slot 1: None, Count: 0; Armor Slot 2: None, Count: 0; Armor Slot 3: None, Count: 0; ","Offhand: None, Count: 0; ",[],20.0,20.0,"[0.7991556300234361, -0.4043443323418395, 0.4448100042769688]",north,6,0 minecraft:air,False,Player is not currently riding anything,0.0030162615090425808
119.0,13:01:15.861289300,2025-11-10,literal{minecrafter256},"(115.37958434979039, 73.25220334025373, 147.34287552404277)",20.0,[],"Armor Slot 0: None, Count: 0; Armor Slot 1: None, Count: 0; Armor Slot 2: None, Count: 0; Armor Slot 3: None, Count: 0; ","Offhand: None, Count: 0; ",[],20.0,20.0,"[0.7929844677417758, -0.40194852041570955, 0.45783514593783053]",north,6,0 minecraft:air,False,Player is not currently riding anything,0.07544406518948656
119.0,13:01:15.912739400,2025-11-10,literal{minecrafter256},"(115.46427064394065, 73.17675927506424, 147.19205539479935)",20.0,[],"Armor Slot 0: None, Count: 0; Armor Slot 1: None, Count: 0; Armor Slot 2: None, Count: 0; Armor Slot 3: None, Count: 0; ","Offhand: None, Count: 0; ",[],20.0,20.0,"[0.7926904085126187, -0.39954995359343887, 0.4604364786108704]",north,6,0 minecraft:air,False,Player is not currently riding anything,0.15233518685055708
119.0,13:01:15.959451500,2025-11-10,literal{minecrafter256},"(115.5511801631574, 73.02442408821369, 147.0378610300065)",20.0,[],"Armor Slot 0: None, Count: 0; Armor Slot 1: None, Count: 0; Armor Slot 2: None, Count: 0; Armor Slot 3: None, Count: 0; ","Offhand: None, Count: 0; ",[],20.0,20.0,"[0.7926904085126187, -0.39954995359343887, 0.4604364786108704]",north,6,0 minecraft:air,False,Player is not currently riding anything,0.22768848754498797
119.0,13:01:16.010721800,2025-11-10,literal{minecrafter256},"(115.64011281724294, 72.79673560066871, 146.88059611077517)",20.0,[],"Armor Slot 0: None, Count: 0; Armor Slot 1: None, Count: 0; Armor Slot 2: None, Count: 0; Armor Slot 3: None, Count: 0; ","Offhand: None, Count: 0; ",[],20.0,20.0,"[0.7926904085126187, -0.39954995359343887, 0.4604364786108704]",north,6,0 minecraft:air,False,Player is not currently riding anything,0.30153472366278034
119.0,13:01:16.059387100,2025-11-10,literal{minecrafter256},"(115.73088652411215, 72.49520087700593, 146.72053698692432)",20.0,[],"Armor Slot 0: None, Count: 0; Armor Slot 1: None, Count: 0; Armor Slot 2: None, Count: 0; Armor Slot 3: None, Count: 0; ","Offhand: None, Count: 0; ",[],20.0,20.0,"[0.7926904085126187, -0.39954995359343887, 0.4604364786108704]",north,6,0 minecraft:air,False,Player is not currently riding anything,0.3739040364667221
119.0,13:01:16.110554500,2025-11-10,literal{minecrafter256},"(115.82333558906278, 72.1212968405392, 146.5579351367964)",20.0,[],"Armor Slot 0: None, Count: 0; Armor Slot 1: None, Count: 0; Armor Slot 2: None, Count: 0; Armor Slot 3: None, Count: 0; ","Offhand: None, Count: 0; ",[],20.0,20.0,"[0.7917831909809246, -0.40194852041570955, 0.4599095187269845]",north,6,0 minecraft:air,False,Player is not currently riding anything,0.0784000015258789
119.0,13:01:16.161559600,2025-11-10,literal{minecrafter256},"(115.91730922991145, 72.0, 146.3930194056897)",20.0,[],"Armor Slot 0: None, Count: 0; Armor Slot 1: None, Count: 0; Armor Slot 2: None, Count: 0; Armor Slot 3: None, Count: 0; ","Offhand: None, Count: 0; ",[],20.0,20.0,"[0.7917831909809246, -0.40194852041570955, 0.4599095187269845]",north,6,0 minecraft:air,False,Player is not currently riding anything,0.0784000015258789
119.0,13:01:16.209128800,2025-11-10,literal{minecrafter256},"(116.05205019397715, 72.0, 146.1582058667711)",20.0,[],"Armor Slot 0: None, Count: 0; Armor Slot 1: None, Count: 0; Armor Slot 2: None, Count: 0; Armor Slot 3: None, Count: 0; ","Offhand: None, Count: 0; ",[],20.0,20.0,"[0.7917831909809246, -0.40194852041570955, 0.4599095187269845]",north,6,0 minecraft:air,False,Player is not currently riding anything,0.0784000015258789
119.0,13:01:16.261402600,2025-11-10,literal{minecrafter256},"(116.17484371733106, 72.0, 145.94525744034343)",20.0,[],"Armor Slot 0: None, Count: 0; Armor Slot 1: None, Count: 0; Armor Slot 2: None, Count: 0; Armor Slot 3: None, Count: 0; ","Offhand: None, Count: 0; ",[],20.0,20.0,"[0.7917831909809246, -0.40194852041570955, 0.4599095187269845]",north,6,0 minecraft:air,False,Player is not currently riding anything,0.0784000015258789
119.0,13:01:16.309751900,2025-11-10,literal{minecrafter256},"(116.29111393729862, 72.41999998688698, 145.74424736672248)",20.0,[],"Armor Slot 0: None, Count: 0; Armor Slot 1: None, Count: 0; Armor Slot 2: None, Count: 0; Armor Slot 3: None, Count: 0; ","Offhand: None, Count: 0; ",[],20.0,20.0,"[0.7917831909809246, -0.40194852041570955, 0.4599095187269845]",north,6,0 minecraft:air,False,Player is not currently riding anything,0.33319999363422365
119.0,13:01:16.359392500,2025-11-10,literal{minecrafter256},"(116.3644424740937, 72.7531999805212, 145.6175478105516)",20.0,[],"Armor Slot 0: None, Count: 0; Armor Slot 1: None, Count: 0; Armor Slot 2: None, Count: 0; Armor Slot 3: None, Count: 0; ","Offhand: None, Count: 0; ",[],20.0,20.0,"[0.7917831909809246, -0.40194852041570955, 0.4599095187269845]",north,6,0 minecraft:air,False,Player is not currently riding anything,0.24813599859094576
119.0,13:01:16.410503500,2025-11-10,literal{minecrafter256},"(116.44101643381937, 73.00133597911214, 145.48530316788734)",20.0,[],"Armor Slot 0: None, Count: 0; Armor Slot 1: None, Count: 0; Armor Slot 2: None, Count: 0; Armor Slot 3: None, Count: 0; ","Offhand: None, Count: 0; ",[],20.0,20.0,"[0.7917831909809246, -0.40194852041570955, 0.4599095187269845]",north,6,0 minecraft:air,False,Player is not currently riding anything,0.16477328182606651
119.0,13:01:16.459527400,2025-11-10,literal{minecrafter256},"(116.52054372849697, 73.16610926093821, 145.3480124963687)",20.0,[],"Armor Slot 0: None, Count: 0; Armor Slot 1: None, Count: 0; Armor Slot 2: None, Count: 0; Armor Slot 3: None, Count: 0; ","Offhand: None, Count: 0; ",[],20.0,20.0,"[0.7917831909809246, -0.40194852041570955, 0.4599095187269845]",north,6,0 minecraft:air,False,Player is not currently riding anything,0.08307781780646721
117.0,13:01:16.510563200,2025-11-10,literal{minecrafter256},"(116.6027585580583, 73.24918707874468, 145.20612993846024)",20.0,[],"Armor Slot 0: None, Count: 0; Armor Slot 1: None, Count: 0; Armor Slot 2: None, Count: 0; Armor Slot 3: None, Count: 0; ","Offhand: None, Count: 0; ",[],20.0,20.0,"[0.7917831909809246, -0.40194852041570955, 0.4599095187269845]",north,6,0 minecraft:air,False,Player is not currently riding anything,0.0030162615090425808
117.0,13:01:16.560536900,2025-11-10,literal{minecrafter256},"(116.68741904443428, 73.25220334025373, 145.0600687638166)",20.0,[],"Armor Slot 0: None, Count: 0; Armor Slot 1: None, Count: 0; Armor Slot 2: None, Count: 0; Armor Slot 3: None, Count: 0; ","Offhand: None, Count: 0; ",[],20.0,20.0,"[0.7917831909809246, -0.40194852041570955, 0.4599095187269845]",north,6,0 minecraft:air,False,Player is not currently riding anything,0.07544406518948656
117.0,13:01:16.611363800,2025-11-10,literal{minecrafter256},"(116.77430507857575, 73.17675927506424, 144.91020504783435)",20.0,[],"Armor Slot 0: None, Count: 0; Armor Slot 1: None, Count: 0; Armor Slot 2: None, Count: 0; Armor Slot 3: None, Count: 0; ","Offhand: None, Count: 0; ",[],20.0,20.0,"[0.7917831909809246, -0.40194852041570955, 0.4599095187269845]",north,6,0 minecraft:air,False,Player is not currently riding anything,0.15233518685055708
117.0,13:01:16.661065700,2025-11-10,literal{minecrafter256},"(116.86321636124218, 73.02442408821369, 144.75688101913425)",20.0,[],"Armor Slot 0: None, Count: 0; Armor Slot 1: None, Count: 0; Armor Slot 2: None, Count: 0; Armor Slot 3: None, Count: 0; ","Offhand: None, Count: 0; ",[],20.0,20.0,"[0.7917831909809246, -0.40194852041570955, 0.4599095187269845]",north,6,0 minecraft:air,False,Player is not currently riding anything,0.22768848754498797
117.0,13:01:16.709555,2025-11-10,literal{minecrafter256},"(116.95397062011943, 72.79673560066871, 144.60040810577019)",20.0,[],"Armor Slot 0: None, Count: 0; Armor Slot 1: None, Count: 0; Armor Slot 2: None, Count: 0; Armor Slot 3: None, Count: 0; ","Offhand: None, Count: 0; ",[],20.0,20.0,"[0.7917831909809246, -0.40194852041570955, 0.4599095187269845]",north,6,0 minecraft:air,False,Player is not currently riding anything,0.30153472366278034
117.0,13:01:16.760853400,2025-11-10,literal{minecrafter256},"(117.03655699807787, 72.49520087700593, 144.4580177505052)",20.0,[],"Armor Slot 0: None, Count: 0; Armor Slot 1: None, Count: 0; Armor Slot 2: None, Count: 0; Armor Slot 3: None, Count: 0; ","Offhand: None, Count: 0; ",[],20.0,20.0,"[0.7917831909809246, -0.40194852041570955, 0.4599095187269845]",north,6,0 minecraft:air,False,Player is not currently riding anything,0.3739040364667221
117.0,13:01:16.810706400,2025-11-10,literal{minecrafter256},"(117.11171060418596, 72.1212968405392, 144.32844252347974)",20.0,[],"Armor Slot 0: None, Count: 0; Armor Slot 1: None, Count: 0; Armor Slot 2: None, Count: 0; Armor Slot 3: None, Count: 0; ","Offhand: None, Count: 0; ",[],20.0,20.0,"[0.7917831909809246, -0.40194852041570955, 0.4599095187269845]",north,6,0 minecraft:air,False,Player is not currently riding anything,0.0784000015258789
117.0,13:01:16.862136300,2025-11-10,literal{minecrafter256},"(117.1801003877153, 72.0, 144.2105290634883)",20.0,[],"Armor Slot 0: None, Count: 0; Armor Slot 1: None, Count: 0; Armor Slot 2: None, Count: 0; Armor Slot 3: None, Count: 0; ","Offhand: None, Count: 0; ",[],20.0,20.0,"[0.7917831909809246, -0.40194852041570955, 0.4599095187269845]",north,6,0 minecraft:air,False,Player is not currently riding anything,0.0784000015258789
117.0,13:01:16.912296900,2025-11-10,literal{minecrafter256},"(117.24233509252059, 72.0, 144.10322781180372)",20.0,[],"Armor Slot 0: None, Count: 0; Armor Slot 1: None, Count: 0; Armor Slot 2: None, Count: 0; Armor Slot 3: None, Count: 0; ","Offhand: None, Count: 0; ",[],20.0,20.0,"[0.7917831909809246, -0.40194852041570955, 0.4599095187269845]",north,6,0 minecraft:air,False,Player is not currently riding anything,0.0784000015258789
117.0,13:01:16.960847900,2025-11-10,literal{minecrafter256},"(117.22709029686231, 72.0, 144.12938154086535)",20.0,[],"Armor Slot 0: None, Count: 0; Armor Slot 1: None, Count: 0; Armor Slot 2: None, Count: 0; Armor Slot 3: None, Count: 0; ","Offhand: None, Count: 0; ",[],20.0,20.0,"[0.7917831909809246, -0.40194852041570955, 0.4599095187269845]",north,6,0 minecraft:air,False,Player is not currently riding anything,0.0784000015258789
117.0,13:01:17.009642,2025-11-10,literal{minecrafter256},"(117.16954168903723, 72.0, 144.22840169787807)",20.0,[],"Armor Slot 0: None, Count: 0; Armor Slot 1: None, Count: 0; Armor Slot 2: None, Count: 0; Armor Slot 3: None, Count: 0; ","Offhand: None, Count: 0; ",[],20.0,20.0,"[0.7917831909809246, -0.40194852041570955, 0.4599095187269845]",north,6,0 minecraft:air,False,Player is not currently riding anything,0.0784000015258789
117.0,13:01:17.058788700,2025-11-10,literal{minecrafter256},"(117.08889519708619, 72.0, 144.3672069291732)",20.0,[],"Armor Slot 0: None, Count: 0; Armor Slot 1: None, Count: 0; Armor Slot 2: None, Count: 0; Armor Slot 3: None, Count: 0; ","Offhand: None, Count: 0; ",[],20.0,20.0,"[0.7917831909809246, -0.40194852041570955, 0.4599095187269845]",north,6,0 minecraft:air,False,Player is not currently riding anything,0.0784000015258789
117.0,13:01:17.112449200,2025-11-10,literal{minecrafter256},"(116.99585677915628, 72.0, 144.52786195431446)",20.0,[],"Armor Slot 0: None, Count: 0; Armor Slot 1: None, Count: 0; Armor Slot 2: None, Count: 0; Armor Slot 3: None, Count: 0; ","Offhand: None, Count: 0; ",[],20.0,20.0,"[0.7920704387996653, -0.4043443323418395, 0.45730742491538195]",north,6,0 minecraft:air,False,Player is not currently riding anything,0.0784000015258789
117.0,13:01:17.160705800,2025-11-10,literal{minecrafter256},"(116.89739276757133, 72.0, 144.70120697402004)",20.0,[],"Armor Slot 0: None, Count: 0; Armor Slot 1: None, Count: 0; Armor Slot 2: None, Count: 0; Armor Slot 3: None, Count: 0; ","Offhand: None, Count: 0; ",[],20.0,20.0,"[0.7954122184613154, -0.41389970295967515, 0.442726144035273]",north,6,0 minecraft:air,False,Player is not currently riding anything,0.0784000015258789
117.0,13:01:17.208889700,2025-11-10,literal{minecrafter256},"(116.79799896898551, 72.0, 144.88258099042756)",20.0,[],"Armor Slot 0: None, Count: 0; Armor Slot 1: None, Count: 0; Armor Slot 2: None, Count: 0; Armor Slot 3: None, Count: 0; ","Offhand: None, Count: 0; ",[],20.0,20.0,"[0.8017419662500587, -0.42340968504171234, 0.4218223063878531]",north,6,0 minecraft:air,False,Player is not currently riding anything,0.0784000015258789
117.0,13:01:17.260696800,2025-11-10,literal{minecrafter256},"(116.70083846023748, 72.0, 145.06972659915752)",20.0,[],"Armor Slot 0: None, Count: 0; Armor Slot 1: None, Count: 0; Armor Slot 2: None, Count: 0; Armor Slot 3: None, Count: 0; ","Offhand: None, Count: 0; ",[],20.0,20.0,"[0.8074827211510858, -0.43993980362771146, 0.3929689863417323]",north,6,0 minecraft:air,False,Player is not currently riding anything,0.0784000015258789
117.0,13:01:17.310437700,2025-11-10,literal{minecrafter256},"(116.60980893871422, 72.0, 145.26224929634492)",20.0,[],"Armor Slot 0: None, Count: 0; Armor Slot 1: None, Count: 0; Armor Slot 2: None, Count: 0; Armor Slot 3: None, Count: 0; ","Offhand: None, Count: 0; ",[],20.0,20.0,"[0.8180716043534272, -0.46097500672477293, 0.3438908159949976]",north,6,0 minecraft:air,False,Player is not currently riding anything,0.0784000015258789
117.0,13:01:17.361580100,2025-11-10,literal{minecrafter256},"(116.55830295457328, 72.0, 145.46535010373876)",20.0,[],"Armor Slot 0: None, Count: 0; Armor Slot 1: None, Count: 0; Armor Slot 2: None, Count: 0; Armor Slot 3: None, Count: 0; ","Offhand: None, Count: 0; ",[],20.0,20.0,"[0.864567787681492, -0.5022661606756392, 0.01585068906021295]",north,6,0 minecraft:air,False,Player is not currently riding anything,0.0784000015258789
117.0,13:01:17.411996300,2025-11-10,literal{minecrafter256},"(116.47995114601406, 72.0, 145.66271276900733)",20.0,[],"Armor Slot 0: None, Count: 0; Armor Slot 1: None, Count: 0; Armor Slot 2: None, Count: 0; Armor Slot 3: None, Count: 0; ","Offhand: None, Count: 0; ",[],20.0,20.0,"[0.8345592084383968, -0.5045282446424765, -0.22127398845923585]",north,6,0 minecraft:air,False,Player is not currently riding anything,0.0784000015258789
117.0,13:01:17.461576200,2025-11-10,literal{minecrafter256},"(116.38830725476348, 72.0, 145.85772146331513)",20.0,[],"Armor Slot 0: None, Count: 0; Armor Slot 1: None, Count: 0; Armor Slot 2: None, Count: 0; Armor Slot 3: None, Count: 0; ","Offhand: None, Count: 0; ",[],20.0,20.0,"[0.8309806551554031, -0.5045282446424765, -0.23435528821743806]",north,6,0 minecraft:air,False,Player is not currently riding anything,0.0784000015258789
119.0,13:01:17.510394300,2025-11-10,literal{minecrafter256},"(116.2497028469546, 72.0, 146.00614757866015)",20.0,[],"Armor Slot 0: None, Count: 0; Armor Slot 1: None, Count: 0; Armor Slot 2: None, Count: 0; Armor Slot 3: None, Count: 0; ","Offhand: None, Count: 0; ",[],20.0,20.0,"[0.8062843156509254, -0.4516568969313551, -0.38198383446116957]",north,6,0 minecraft:air,False,Player is not currently riding anything,0.0784000015258789
119.0,13:01:17.560566200,2025-11-10,literal{minecrafter256},"(116.08612852935654, 72.0, 146.13052692153647)",20.0,[],"Armor Slot 0: None, Count: 0; Armor Slot 1: None, Count: 0; Armor Slot 2: None, Count: 0; Armor Slot 3: None, Count: 0; ","Offhand: None, Count: 0; ",[],20.0,20.0,"[0.8064489483162137, -0.4375872448349776, -0.39769020218935036]",north,6,0 minecraft:air,False,Player is not currently riding anything,0.0784000015258789
119.0,13:01:17.611279300,2025-11-10,literal{minecrafter256},"(115.90892063943, 72.0, 146.24177672511985)",20.0,[],"Armor Slot 0: None, Count: 0; Armor Slot 1: None, Count: 0; Armor Slot 2: None, Count: 0; Armor Slot 3: None, Count: 0; ","Offhand: None, Count: 0; ",[],20.0,20.0,"[0.8064489483162137, -0.4375872448349776, -0.39769020218935036]",north,6,0 minecraft:air,False,Player is not currently riding anything,0.0784000015258789
119.0,13:01:17.662681200,2025-11-10,literal{minecrafter256},"(115.72426881814746, 72.0, 146.34585779941662)",20.0,[],"Armor Slot 0: None, Count: 0; Armor Slot 1: None, Count: 0; Armor Slot 2: None, Count: 0; Armor Slot 3: None, Count: 0; ","Offhand: None, Count: 0; ",[],20.0,20.0,"[0.8064489483162137, -0.4375872448349776, -0.39769020218935036]",north,6,0 minecraft:air,False,Player is not currently riding anything,0.0784000015258789
119.0,13:01:17.710478100,2025-11-10,literal{minecrafter256},"(115.52875795273386, 72.0, 146.37053607252392)",20.0,[],"Armor Slot 0: None, Count: 0; Armor Slot 1: None, Count: 0; Armor Slot 2: None, Count: 0; Armor Slot 3: None, Count: 0; ","Offhand: None, Count: 0; ",[],20.0,20.0,"[0.8064489483162137, -0.4375872448349776, -0.39769020218935036]",north,6,0 minecraft:air,False,Player is not currently riding anything,0.0784000015258789
119.0,13:01:17.758649500,2025-11-10,literal{minecrafter256},"(115.32731804853601, 72.0, 146.35186041114608)",20.0,[],"Armor Slot 0: None, Count: 0; Armor Slot 1: None, Count: 0; Armor Slot 2: None, Count: 0; Armor Slot 3: None, Count: 0; ","Offhand: None, Count: 0; ",[],20.0,20.0,"[0.8064489483162137, -0.4375872448349776, -0.39769020218935036]",north,6,0 minecraft:air,False,Player is not currently riding anything,0.0784000015258789
119.0,13:01:17.811577500,2025-11-10,literal{minecrafter256},"(115.12264088878595, 72.0, 146.30951349878987)",20.0,[],"Armor Slot 0: None, Count: 0; Armor Slot 1: None, Count: 0; Armor Slot 2: None, Count: 0; Armor Slot 3: None, Count: 0; ","Offhand: None, Count: 0; ",[],20.0,20.0,"[0.8064489483162137, -0.4375872448349776, -0.39769020218935036]",north,6,0 minecraft:air,False,Player is not currently riding anything,0.0784000015258789
119.0,13:01:17.860769600,2025-11-10,literal{minecrafter256},"(114.91619618729908, 72.0, 146.25424208189827)",20.0,[],"Armor Slot 0: None, Count: 0; Armor Slot 1: None, Count: 0; Armor Slot 2: None, Count: 0; Armor Slot 3: None, Count: 0; ","Offhand: None, Count: 0; ",[],20.0,20.0,"[0.8064489483162137, -0.4375872448349776, -0.39769020218935036]",north,6,0 minecraft:air,False,Player is not currently riding anything,0.0784000015258789
119.0,13:01:17.912282200,2025-11-10,literal{minecrafter256},"(114.70878640791182, 72.0, 146.19191388471066)",20.0,[],"Armor Slot 0: None, Count: 0; Armor Slot 1: None, Count: 0; Armor Slot 2: None, Count: 0; Armor Slot 3: None, Count: 0; ","Offhand: None, Count: 0; ",[],20.0,20.0,"[0.8064489483162137, -0.4375872448349776, -0.39769020218935036]",north,6,0 minecraft:air,False,Player is not currently riding anything,0.0784000015258789
119.0,13:01:17.961728500,2025-11-10,literal{minecrafter256},"(114.55151231538649, 72.0, 146.07032980787727)",20.0,[],"Armor Slot 0: None, Count: 0; Armor Slot 1: None, Count: 0; Armor Slot 2: None, Count: 0; Armor Slot 3: None, Count: 0; ","Offhand: None, Count: 0; ",[],20.0,20.0,"[0.8033007852126339, -0.4375872448349776, -0.40401144988044485]",north,6,0 minecraft:air,False,Player is not currently riding anything,0.0784000015258789
119.0,13:01:18.010574200,2025-11-10,literal{minecrafter256},"(114.42092537067175, 72.0, 145.91674085677113)",20.0,[],"Armor Slot 0: None, Count: 0; Armor Slot 1: None, Count: 0; Armor Slot 2: None, Count: 0; Armor Slot 3: None, Count: 0; ","Offhand: None, Count: 0; ",[],20.0,20.0,"[0.801119705418268, -0.4352317167784097, -0.41082912542888866]",north,6,0 minecraft:air,False,Player is not currently riding anything,0.0784000015258789
119.0,13:01:18.058736,2025-11-10,literal{minecrafter256},"(114.30354405627246, 72.0, 145.74639106121458)",20.0,[],"Armor Slot 0: None, Count: 0; Armor Slot 1: None, Count: 0; Armor Slot 2: None, Count: 0; Armor Slot 3: None, Count: 0; ","Offhand: None, Count: 0; ",[],20.0,20.0,"[0.7945680076815389, -0.4352317167784097, -0.423361587628245]",north,6,0 minecraft:air,False,Player is not currently riding anything,0.0784000015258789
119.0,13:01:18.110262500,2025-11-10,literal{minecrafter256},"(114.19314928509897, 72.0, 145.56700941986423)",20.0,[],"Armor Slot 0: None, Count: 0; Armor Slot 1: None, Count: 0; Armor Slot 2: None, Count: 0; Armor Slot 3: None, Count: 0; ","Offhand: None, Count: 0; ",[],20.0,20.0,"[0.7944584415988367, -0.43287320570756016, -0.4259771969868904]",north,6,0 minecraft:air,False,Player is not currently riding anything,0.0784000015258789
119.0,13:01:18.164061,2025-11-10,literal{minecrafter256},"(114.0863457447925, 72.0, 145.382816544761)",20.0,[],"Armor Slot 0: None, Count: 0; Armor Slot 1: None, Count: 0; Armor Slot 2: None, Count: 0; Armor Slot 3: None, Count: 0; ","Offhand: None, Count: 0; ",[],20.0,20.0,"[0.7943351819243373, -0.4305117277873175, -0.4285921966097946]",north,6,0 minecraft:air,False,Player is not currently riding anything,0.0784000015258789
119.0,13:01:18.210498,2025-11-10,literal{minecrafter256},"(113.98127164756185, 72.0, 145.1961219488741)",20.0,[],"Armor Slot 0: None, Count: 0; Armor Slot 1: None, Count: 0; Armor Slot 2: None, Count: 0; Armor Slot 3: None, Count: 0; ","Offhand: None, Count: 0; ",[],20.0,20.0,"[0.7932104551947663, -0.4305117277873175, -0.4306702056182786]",north,6,0 minecraft:air,False,Player is not currently riding anything,0.0784000015258789
119.0,13:01:18.260535400,2025-11-10,literal{minecrafter256},"(113.8764661917145, 72.0, 145.00843167293596)",20.0,[],"Armor Slot 0: None, Count: 0; Armor Slot 1: None, Count: 0; Armor Slot 2: None, Count: 0; Armor Slot 3: None, Count: 0; ","Offhand: None, Count: 0; ",[],20.0,20.0,"[0.7888147415941672, -0.43287320570756016, -0.4363394220376925]",north,6,0 minecraft:air,False,Player is not currently riding anything,0.0784000015258789
119.0,13:01:18.309108900,2025-11-10,literal{minecrafter256},"(113.77180741407946, 72.0, 144.8201977556267)",20.0,[],"Armor Slot 0: None, Count: 0; Armor Slot 1: None, Count: 0; Armor Slot 2: None, Count: 0; Armor Slot 3: None, Count: 0; ","Offhand: None, Count: 0; ",[],20.0,20.0,"[0.7888147415941672, -0.43287320570756016, -0.4363394220376925]",north,6,0 minecraft:air,False,Player is not currently riding anything,0.0784000015258789
119.0,13:01:18.362706100,2025-11-10,literal{minecrafter256},"(113.66745909894955, 72.0, 144.63153998615468)",20.0,[],"Armor Slot 0: None, Count: 0; Armor Slot 1: None, Count: 0; Armor Slot 2: None, Count: 0; Armor Slot 3: None, Count: 0; ","Offhand: None, Count: 0; ",[],20.0,20.0,"[0.7899543247393819, -0.43287320570756016, -0.4342729010725945]",north,6,0 minecraft:air,False,Player is not currently riding anything,0.0784000015258789
119.0,13:01:18.413413400,2025-11-10,literal{minecrafter256},"(113.56328029636713, 72.0, 144.4426507933749)",20.0,[],"Armor Slot 0: None, Count: 0; Armor Slot 1: None, Count: 0; Armor Slot 2: None, Count: 0; Armor Slot 3: None, Count: 0; ","Offhand: None, Count: 0; ",[],20.0,20.0,"[0.7899543247393819, -0.43287320570756016, -0.4342729010725945]",north,6,0 minecraft:air,False,Player is not currently riding anything,0.0784000015258789
119.0,13:01:18.460657700,2025-11-10,literal{minecrafter256},"(113.45919404764638, 72.0, 144.2536352434544)",20.0,[],"Armor Slot 0: None, Count: 0; Armor Slot 1: None, Count: 0; Armor Slot 2: None, Count: 0; Armor Slot 3: None, Count: 0; ","Offhand: None, Count: 0; ",[],20.0,20.0,"[0.7899543247393819, -0.43287320570756016, -0.4342729010725945]",north,6,0 minecraft:air,False,Player is not currently riding anything,0.0784000015258789
118.0,13:01:18.510668600,2025-11-10,literal{minecrafter256},"(113.35515833333999, 72.0, 144.06455070252704)",20.0,[],"Armor Slot 0: None, Count: 0; Armor Slot 1: None, Count: 0; Armor Slot 2: None, Count: 0; Armor Slot 3: None, Count: 0; ","Offhand: None, Count: 0; ",[],20.0,20.0,"[0.7899543247393819, -0.43287320570756016, -0.4342729010725945]",north,6,0 minecraft:air,False,Player is not currently riding anything,0.0784000015258789
118.0,13:01:18.562376200,2025-11-10,literal{minecrafter256},"(113.25137268087977, 72.0, 143.87530658550563)",20.0,[],"Armor Slot 0: None, Count: 0; Armor Slot 1: None, Count: 0; Armor Slot 2: None, Count: 0; Armor Slot 3: None, Count: 0; ","Offhand: None, Count: 0; ",[],20.0,20.0,"[0.7910884940667101, -0.43287320570756016, -0.4322034038918771]",north,6,0 minecraft:air,False,Player is not currently riding anything,0.0784000015258789
118.0,13:01:18.611763400,2025-11-10,literal{minecrafter256},"(113.14772356220341, 72.0, 143.68597533992673)",20.0,[],"Armor Slot 0: None, Count: 0; Armor Slot 1: None, Count: 0; Armor Slot 2: None, Count: 0; Armor Slot 3: None, Count: 0; ","Offhand: None, Count: 0; ",[],20.0,20.0,"[0.7890886383578408, -0.4375872448349776, -0.4311108024305379]",north,6,0 minecraft:air,False,Player is not currently riding anything,0.0784000015258789
118.0,13:01:18.663344,2025-11-10,literal{minecrafter256},"(113.0459566463187, 72.0, 143.49563342764392)",20.0,[],"Armor Slot 0: None, Count: 0; Armor Slot 1: None, Count: 0; Armor Slot 2: None, Count: 0; Armor Slot 3: None, Count: 0; ","Offhand: None, Count: 0; ",[],20.0,20.0,"[0.7958998848449852, -0.44228928734805023, -0.41342902607447995]",north,6,0 minecraft:air,False,Player is not currently riding anything,0.0784000015258789
118.0,13:01:18.719513500,2025-11-10,literal{minecrafter256},"(112.8456341016746, 72.0, 143.11323670780413)",20.0,[],"Armor Slot 0: None, Count: 0; Armor Slot 1: None, Count: 0; Armor Slot 2: None, Count: 0; Armor Slot 3: None, Count: 0; ","Offhand: None, Count: 0; ",[],20.0,20.0,"[0.8000416770436829, -0.4352317167784097, -0.4129245302755088]",north,6,0 minecraft:air,False,Player is not currently riding anything,0.0784000015258789
118.0,13:01:18.760868800,2025-11-10,literal{minecrafter256},"(112.8456341016746, 72.0, 143.11323670780413)",20.0,[],"Armor Slot 0: None, Count: 0; Armor Slot 1: None, Count: 0; Armor Slot 2: None, Count: 0; Armor Slot 3: None, Count: 0; ","Offhand: None, Count: 0; ",[],20.0,20.0,"[0.8000416770436829, -0.4352317167784097, -0.4129245302755088]",north,6,0 minecraft:air,False,Player is not currently riding anything,0.0784000015258789
118.0,13:01:18.813047,2025-11-10,literal{minecrafter256},"(112.74619318195916, 72.0, 142.92165411298794)",20.0,[],"Armor Slot 0: None, Count: 0; Armor Slot 1: None, Count: 0; Armor Slot 2: None, Count: 0; Armor Slot 3: None, Count: 0; ","Offhand: None, Count: 0; ",[],20.0,20.0,"[0.8000416770436829, -0.4352317167784097, -0.4129245302755088]",north,6,0 minecraft:air,False,Player is not currently riding anything,0.0784000015258789
118.0,13:01:18.867323,2025-11-10,literal{minecrafter256},"(112.64695756690388, 72.0, 142.72996200900346)",20.0,[],"Armor Slot 0: None, Count: 0; Armor Slot 1: None, Count: 0; Armor Slot 2: None, Count: 0; Armor Slot 3: None, Count: 0; ","Offhand: None, Count: 0; ",[],20.0,20.0,"[0.8000416770436829, -0.4352317167784097, -0.4129245302755088]",north,6,0 minecraft:air,False,Player is not currently riding anything,0.0784000015258789
118.0,13:01:18.911608300,2025-11-10,literal{minecrafter256},"(112.54783404820607, 72.0, 142.53821011300616)",20.0,[],"Armor Slot 0: None, Count: 0; Armor Slot 1: None, Count: 0; Armor Slot 2: None, Count: 0; Armor Slot 3: None, Count: 0; ","Offhand: None, Count: 0; ",[],20.0,20.0,"[0.8000416770436829, -0.4352317167784097, -0.4129245302755088]",north,6,0 minecraft:air,False,Player is not currently riding anything,0.0784000015258789
118.0,13:01:18.961958,2025-11-10,literal{minecrafter256},"(112.44877173412655, 72.0, 142.34642557056605)",20.0,[],"Armor Slot 0: None, Count: 0; Armor Slot 1: None, Count: 0; Armor Slot 2: None, Count: 0; Armor Slot 3: None, Count: 0; ","Offhand: None, Count: 0; ",[],20.0,20.0,"[0.8000416770436829, -0.4352317167784097, -0.4129245302755088]",north,6,0 minecraft:air,False,Player is not currently riding anything,0.0784000015258789
118.0,13:01:19.012931400,2025-11-10,literal{minecrafter256},"(112.3497428377725, 72.0, 142.15462320316612)",20.0,[],"Armor Slot 0: None, Count: 0; Armor Slot 1: None, Count: 0; Armor Slot 2: None, Count: 0; Armor Slot 3: None, Count: 0; ","Offhand: None, Count: 0; ",[],20.0,20.0,"[0.8000416770436829, -0.4352317167784097, -0.4129245302755088]",north,6,0 minecraft:air,False,Player is not currently riding anything,0.0784000015258789
118.0,13:01:19.060584900,2025-11-10,literal{minecrafter256},"(112.25073218749867, 72.41999998688698, 141.962811103337)",20.0,[],"Armor Slot 0: None, Count: 0; Armor Slot 1: None, Count: 0; Armor Slot 2: None, Count: 0; Armor Slot 3: None, Count: 0; ","Offhand: None, Count: 0; ",[],20.0,20.0,"[0.8000416770436829, -0.4352317167784097, -0.4129245302755088]",north,6,0 minecraft:air,False,Player is not currently riding anything,0.33319999363422365
118.0,13:01:19.110540200,2025-11-10,literal{minecrafter256},"(112.18768419318798, 72.7531999805212, 141.8406640863016)",20.0,[],"Armor Slot 0: None, Count: 0; Armor Slot 1: None, Count: 0; Armor Slot 2: None, Count: 0; Armor Slot 3: None, Count: 0; ","Offhand: None, Count: 0; ",[],20.0,20.0,"[0.8000416770436829, -0.4352317167784097, -0.4129245302755088]",north,6,0 minecraft:air,False,Player is not currently riding anything,0.24813599859094576
118.0,13:01:19.160709900,2025-11-10,literal{minecrafter256},"(112.12132234372974, 73.00133597911214, 141.71209269923185)",20.0,[],"Armor Slot 0: None, Count: 0; Armor Slot 1: None, Count: 0; Armor Slot 2: None, Count: 0; Armor Slot 3: None, Count: 0; ","Offhand: None, Count: 0; ",[],20.0,20.0,"[0.7990264144216743, -0.4375872448349776, -0.4124005240226742]",north,6,0 minecraft:air,False,Player is not currently riding anything,0.16477328182606651
118.0,13:01:19.217308400,2025-11-10,literal{minecrafter256},"(112.0518981612161, 73.16610926093821, 141.5776993262365)",20.0,[],"Armor Slot 0: None, Count: 0; Armor Slot 1: None, Count: 0; Armor Slot 2: None, Count: 0; Armor Slot 3: None, Count: 0; ","Offhand: None, Count: 0; ",[],20.0,20.0,"[0.7917461190864868, -0.4516568969313551, -0.4112713585527514]",north,6,0 minecraft:air,False,Player is not currently riding anything,0.08307781780646721
118.0,13:01:19.262971800,2025-11-10,literal{minecrafter256},"(111.97964226152139, 73.24918707874468, 141.43803139152624)",20.0,[],"Armor Slot 0: None, Count: 0; Armor Slot 1: None, Count: 0; Armor Slot 2: None, Count: 0; Armor Slot 3: None, Count: 0; ","Offhand: None, Count: 0; ",[],20.0,20.0,"[0.7864319501495163, -0.46097494764166974, -0.4111287942126998]",north,6,0 minecraft:air,False,Player is not currently riding anything,0.0030162615090425808
118.0,13:01:19.311776500,2025-11-10,literal{minecrafter256},"(111.90476456584638, 73.25220334025373, 141.2935871679721)",20.0,[],"Armor Slot 0: None, Count: 0; Armor Slot 1: None, Count: 0; Armor Slot 2: None, Count: 0; Armor Slot 3: None, Count: 0; ","Offhand: None, Count: 0; ",[],20.0,20.0,"[0.783206149977146, -0.46561508008037056, -0.4120566997874521]",north,6,0 minecraft:air,False,Player is not currently riding anything,0.07544406518948656
118.0,13:01:19.383021700,2025-11-10,literal{minecrafter256},"(111.83662586081837, 73.17675927506424, 141.16214292074966)",20.0,[],"Armor Slot 0: None, Count: 0; Armor Slot 1: None, Count: 0; Armor Slot 2: None, Count: 0; Armor Slot 3: None, Count: 0; ","Offhand: None, Count: 0; ",[],20.0,20.0,"[0.783206149977146, -0.46561508008037056, -0.4120566997874521]",north,6,0 minecraft:air,False,Player is not currently riding anything,0.15233518685055708
118.0,13:01:19.412655600,2025-11-10,literal{minecrafter256},"(111.75727323815106, 73.02442408821369, 141.05165347738782)",20.0,[],"Armor Slot 0: None, Count: 0; Armor Slot 1: None, Count: 0; Armor Slot 2: None, Count: 0; Armor Slot 3: None, Count: 0; ","Offhand: None, Count: 0; ",[],20.0,20.0,"[0.783206149977146, -0.46561508008037056, -0.4120566997874521]",north,6,0 minecraft:air,False,Player is not currently riding anything,0.22768848754498797
118.0,13:01:19.462828400,2025-11-10,literal{minecrafter256},"(111.66824411058919, 72.79673560066871, 140.9611732097335)",20.0,[],"Armor Slot 0: None, Count: 0; Armor Slot 1: None, Count: 0; Armor Slot 2: None, Count: 0; Armor Slot 3: None, Count: 0; ","Offhand: None, Count: 0; ",[],20.0,20.0,"[0.738575840241109, -0.5090419372473165, -0.44202040036138485]",north,6,0 minecraft:air,False,Player is not currently riding anything,0.30153472366278034
100.0,13:01:19.512345200,2025-11-10,literal{minecrafter256},"(111.57107416124353, 72.49520087700593, 140.88993690030955)",20.0,[],"Armor Slot 0: None, Count: 0; Armor Slot 1: None, Count: 0; Armor Slot 2: None, Count: 0; Armor Slot 3: None, Count: 0; ","Offhand: None, Count: 0; ",[],20.0,20.0,"[0.6888143783740255, -0.5490233076937592, -0.47340063345353567]",north,6,0 minecraft:air,False,Player is not currently riding anything,0.3739040364667221
100.0,13:01:19.561300400,2025-11-10,literal{minecrafter256},"(111.46649606386113, 72.1212968405392, 140.83621259337997)",20.0,[],"Armor Slot 0: None, Count: 0; Armor Slot 1: None, Count: 0; Armor Slot 2: None, Count: 0; Armor Slot 3: None, Count: 0; ","Offhand: None, Count: 0; ",[],20.0,20.0,"[0.6876274511253372, -0.5512095836557229, -0.47258489538384174]",north,6,0 minecraft:air,False,Player is not currently riding anything,0.0784000015258789
100.0,13:01:19.611029500,2025-11-10,literal{minecrafter256},"(111.35517655157099, 72.0, 140.79842420917953)",20.0,[],"Armor Slot 0: None, Count: 0; Armor Slot 1: None, Count: 0; Armor Slot 2: None, Count: 0; Armor Slot 3: None, Count: 0; ","Offhand: None, Count: 0; ",[],20.0,20.0,"[0.6899965844700399, -0.5468332687109605, -0.4742131268222818]",north,6,0 minecraft:air,False,Player is not currently riding anything,0.0784000015258789
100.0,13:01:19.659720400,2025-11-10,literal{minecrafter256},"(111.1731085848113, 72.0, 140.81954046320598)",20.0,[],"Armor Slot 0: None, Count: 0; Armor Slot 1: None, Count: 0; Armor Slot 2: None, Count: 0; Armor Slot 3: None, Count: 0; ","Offhand: None, Count: 0; ",[],20.0,20.0,"[0.6911740613105075, -0.5446394817179147, -0.4750223699212282]",north,6,0 minecraft:air,False,Player is not currently riding anything,0.0784000015258789
100.0,13:01:19.711217300,2025-11-10,literal{minecrafter256},"(110.9929322557577, 72.0, 140.88657362388352)",20.0,[],"Armor Slot 0: None, Count: 0; Armor Slot 1: None, Count: 0; Armor Slot 2: None, Count: 0; Armor Slot 3: None, Count: 0; ","Offhand: None, Count: 0; ",[],20.0,20.0,"[0.6911740613105075, -0.5446394817179147, -0.4750223699212282]",north,6,0 minecraft:air,False,Player is not currently riding anything,0.0784000015258789
100.0,13:01:19.760796600,2025-11-10,literal{minecrafter256},"(110.81393270706812, 72.0, 140.97888630179725)",20.0,[],"Armor Slot 0: None, Count: 0; Armor Slot 1: None, Count: 0; Armor Slot 2: None, Count: 0; Armor Slot 3: None, Count: 0; ","Offhand: None, Count: 0; ",[],20.0,20.0,"[0.6910987647693196, -0.5424419617508976, -0.4776392105618614]",north,6,0 minecraft:air,False,Player is not currently riding anything,0.0784000015258789
100.0,13:01:19.810912900,2025-11-10,literal{minecrafter256},"(110.63557568053193, 72.0, 141.08500159772515)",20.0,[],"Armor Slot 0: None, Count: 0; Armor Slot 1: None, Count: 0; Armor Slot 2: None, Count: 0; Armor Slot 3: None, Count: 0; ","Offhand: None, Count: 0; ",[],20.0,20.0,"[0.6910987647693196, -0.5424419617508976, -0.4776392105618614]",north,6,0 minecraft:air,False,Player is not currently riding anything,0.0784000015258789
100.0,13:01:19.860880900,2025-11-10,literal{minecrafter256},"(110.45756947113223, 72.0, 141.19865312396416)",20.0,[],"Armor Slot 0: None, Count: 0; Armor Slot 1: None, Count: 0; Armor Slot 2: None, Count: 0; Armor Slot 3: None, Count: 0; ","Offhand: None, Count: 0; ",[],20.0,20.0,"[0.692264653473773, -0.5402407238717718, -0.47844499142674823]",north,6,0 minecraft:air,False,Player is not currently riding anything,0.0784000015258789
100.0,13:01:19.910706300,2025-11-10,literal{minecrafter256},"(110.36037806951096, 72.0, 141.26070686449836)",20.0,[],"Armor Slot 0: None, Count: 0; Armor Slot 1: None, Count: 0; Armor Slot 2: None, Count: 0; Armor Slot 3: None, Count: 0; ","Offhand: None, Count: 0; ",[],20.0,20.0,"[0.692264653473773, -0.5402407238717718, -0.47844499142674823]",north,6,0 minecraft:air,False,Player is not currently riding anything,0.0784000015258789
100.0,13:01:19.961275500,2025-11-10,literal{minecrafter256},"(110.30731155806193, 72.0, 141.29458821076545)",20.0,[],"Armor Slot 0: None, Count: 0; Armor Slot 1: None, Count: 0; Armor Slot 2: None, Count: 0; Armor Slot 3: None, Count: 0; ","Offhand: None, Count: 0; ",[],20.0,20.0,"[0.692264653473773, -0.5402407238717718, -0.47844499142674823]",north,6,0 minecraft:air,False,Player is not currently riding anything,0.0784000015258789
100.0,13:01:20.010010400,2025-11-10,literal{minecrafter256},"(110.2783372394453, 72.0, 141.313087427976)",20.0,[],"Armor Slot 0: None, Count: 0; Armor Slot 1: None, Count: 0; Armor Slot 2: None, Count: 0; Armor Slot 3: None, Count: 0; ","Offhand: None, Count: 0; ",[],20.0,20.0,"[0.692264653473773, -0.5402407238717718, -0.47844499142674823]",north,6,0 minecraft:air,False,Player is not currently riding anything,0.0784000015258789
100.0,13:01:20.060664900,2025-11-10,literal{minecrafter256},"(110.2625172596431, 72.0, 141.32318800174616)",20.0,[],"Armor Slot 0: None, Count: 0; Armor Slot 1: None, Count: 0; Armor Slot 2: None, Count: 0; Armor Slot 3: None, Count: 0; ","Offhand: None, Count: 0; ",[],20.0,20.0,"[0.692264653473773, -0.5402407238717718, -0.47844499142674823]",north,6,0 minecraft:air,False,Player is not currently riding anything,0.0784000015258789
100.0,13:01:20.108804200,2025-11-10,literal{minecrafter256},"(110.25387954966781, 72.0, 141.32870291566525)",20.0,[],"Armor Slot 0: None, Count: 0; Armor Slot 1: None, Count: 0; Armor Slot 2: None, Count: 0; Armor Slot 3: None, Count: 0; ","Offhand: None, Count: 0; ",[],20.0,20.0,"[0.692264653473773, -0.5402407238717718, -0.47844499142674823]",north,6,0 minecraft:air,False,Player is not currently riding anything,0.0784000015258789
100.0,13:01:20.162614100,2025-11-10,literal{minecrafter256},"(110.2491633594735, 72.0, 141.33171405901481)",20.0,[],"Armor Slot 0: None, Count: 0; Armor Slot 1: None, Count: 0; Armor Slot 2: None, Count: 0; Armor Slot 3: None, Count: 0; ","Offhand: None, Count: 0; ",[],20.0,20.0,"[0.692264653473773, -0.5402407238717718, -0.47844499142674823]",north,6,0 minecraft:air,False,Player is not currently riding anything,0.0784000015258789
100.0,13:01:20.209455200,2025-11-10,literal{minecrafter256},"(110.2491633594735, 72.0, 141.33171405901481)",20.0,[],"Armor Slot 0: None, Count: 0; Armor Slot 1: None, Count: 0; Armor Slot 2: None, Count: 0; Armor Slot 3: None, Count: 0; ","Offhand: None, Count: 0; ",[],20.0,20.0,"[0.7020914383821887, -0.538035783167882, -0.4664601892780916]",north,6,0 minecraft:air,False,Player is not currently riding anything,0.0784000015258789
100.0,13:01:20.260898500,2025-11-10,literal{minecrafter256},"(110.2491633594735, 72.0, 141.33171405901481)",20.0,[],"Armor Slot 0: None, Count: 0; Armor Slot 1: None, Count: 0; Armor Slot 2: None, Count: 0; Armor Slot 3: None, Count: 0; ","Offhand: None, Count: 0; ",[],20.0,20.0,"[0.7408183056111719, -0.5157863146727455, -0.4302937550879629]",north,6,0 minecraft:air,False,Player is not currently riding anything,0.0784000015258789
100.0,13:01:20.316709600,2025-11-10,literal{minecrafter256},"(110.2491633594735, 72.0, 141.33171405901481)",20.0,[],"Armor Slot 0: None, Count: 0; Armor Slot 1: None, Count: 0; Armor Slot 2: None, Count: 0; Armor Slot 3: None, Count: 0; ","Offhand: None, Count: 0; ",[],20.0,20.0,"[0.8188159259607465, -0.4516567187275775, -0.3543256804428421]",north,6,0 minecraft:air,False,Player is not currently riding anything,0.0784000015258789
100.0,13:01:20.362325900,2025-11-10,literal{minecrafter256},"(110.2491633594735, 72.0, 141.33171405901481)",20.0,[],"Armor Slot 0: None, Count: 0; Armor Slot 1: None, Count: 0; Armor Slot 2: None, Count: 0; Armor Slot 3: None, Count: 0; ","Offhand: None, Count: 0; ",[],20.0,20.0,"[0.8839693551778988, -0.3923375514133435, -0.25430183809275136]",north,0,8 minecraft:birch_log,False,Player is not currently riding anything,0.0784000015258789
100.0,13:01:20.410593500,2025-11-10,literal{minecrafter256},"(110.2491633594735, 72.0, 141.33171405901481)",20.0,[],"Armor Slot 0: None, Count: 0; Armor Slot 1: None, Count: 0; Armor Slot 2: None, Count: 0; Armor Slot 3: None, Count: 0; ","Offhand: None, Count: 0; ",[],20.0,20.0,"[0.901409523667678, -0.3778412614738518, -0.2114162996768653]",north,0,8 minecraft:birch_log,False,Player is not currently riding anything,0.0784000015258789
100.0,13:01:20.463080700,2025-11-10,literal{minecrafter256},"(110.2491633594735, 72.0, 141.33171405901481)",20.0,[],"Armor Slot 0: None, Count: 0; Armor Slot 1: None, Count: 0; Armor Slot 2: None, Count: 0; Armor Slot 3: None, Count: 0; ","Offhand: None, Count: 0; ",[],20.0,20.0,"[0.9025041464766097, -0.3778412614738518, -0.2066936059010403]",north,0,8 minecraft:birch_log,False,Player is not currently riding anything,0.0784000015258789
117.0,13:01:20.510598400,2025-11-10,literal{minecrafter256},"(110.2491633594735, 72.0, 141.33171405901481)",20.0,[],"Armor Slot 0: None, Count: 0; Armor Slot 1: None, Count: 0; Armor Slot 2: None, Count: 0; Armor Slot 3: None, Count: 0; ","Offhand: None, Count: 0; ",[],20.0,20.0,"[0.9016308703183207, -0.38268389369754635, -0.2015311668043249]",north,0,8 minecraft:birch_log,False,Player is not currently riding anything,0.0784000015258789
117.0,13:01:20.560136300,2025-11-10,literal{minecrafter256},"(110.2491633594735, 72.0, 141.33171405901481)",20.0,[],"Armor Slot 0: None, Count: 0; Armor Slot 1: None, Count: 0; Armor Slot 2: None, Count: 0; Armor Slot 3: None, Count: 0; ","Offhand: None, Count: 0; ",[],20.0,20.0,"[0.900186400692577, -0.387516034502346, -0.1987354196204583]",north,0,8 minecraft:birch_log,False,Player is not currently riding anything,0.0784000015258789
117.0,13:01:20.610711100,2025-11-10,literal{minecrafter256},"(110.2491633594735, 72.0, 141.33171405901481)",20.0,[],"Armor Slot 0: None, Count: 0; Armor Slot 1: None, Count: 0; Armor Slot 2: None, Count: 0; Armor Slot 3: None, Count: 0; ","Offhand: None, Count: 0; ",[],20.0,20.0,"[0.8991926600258329, -0.389928129212917, -0.19851603009374763]",north,0,8 minecraft:birch_log,False,Player is not currently riding anything,0.0784000015258789
117.0,13:01:20.659541300,2025-11-10,literal{minecrafter256},"(110.2491633594735, 72.0, 141.33171405901481)",20.0,[],"Armor Slot 0: None, Count: 0; Armor Slot 1: None, Count: 0; Armor Slot 2: None, Count: 0; Armor Slot 3: None, Count: 0; ","Offhand: None, Count: 0; ",[],20.0,20.0,"[0.8960878667625333, -0.4043439974268291, -0.18311872319854383]",north,0,8 minecraft:birch_log,False,Player is not currently riding anything,0.0784000015258789
117.0,13:01:20.711587500,2025-11-10,literal{minecrafter256},"(110.2491633594735, 72.0, 141.33171405901481)",20.0,[],"Armor Slot 0: None, Count: 0; Armor Slot 1: None, Count: 0; Armor Slot 2: None, Count: 0; Armor Slot 3: None, Count: 0; ","Offhand: None, Count: 0; ",[],20.0,20.0,"[0.8950476637525155, -0.4067370384250536, -0.18290615403638127]",north,0,8 minecraft:birch_log,False,Player is not currently riding anything,0.0784000015258789
