fps,time,date,plyrName,plyrLocation,plyrHealth,plyrInventory,plyrArmor,plyrOffhand,plyrStatus,plyrHunger,plyrSat,plyrView,plyrFacing,plyrSelectedSlot,plyrSelectedItem,plyrRideState,plyrRideVehicle,plyrMomentum
119.0,13:50:39.598571400,2025-11-07,literal{minecrafter256},"(104.79001443429406, 72.0, 153.43938865010162)",20.0,"[{'name': ' Birch Log', 'count': 8, 'meta': ''}, {'name': ' None', 'count': 0, 'meta': ''}, {'name': ' None', 'count': 0, 'meta': ''}, {'name': ' None', 'count': 0, 'meta': ''}, {'name': ' None', 'count': 0, 'meta': ''}, {'name': ' None', 'count': 0, 'meta': ''}, {'name': ' None', 'count': 0, 'meta': ''}, {'name': ' None', 'count': 0, 'meta': ''}, {'name': ' None', 'count': 0, 'meta': ''}, {'name': ' None', 'count': 0, 'meta': ''}, {'name': ' None', 'count': 0, 'meta': ''}, {'name': ' None', 'count': 0, 'meta': ''}, {'name': ' None', 'count': 0, 'meta': ''}, {'name': ' None', 'count': 0, 'meta': ''}, {'name': ' None', 'count': 0, 'meta': ''}, {'name': ' None', 'count': 0, 'meta': ''}, {'name': ' None', 'count': 0, 'meta': ''}, {'name': ' None', 'count': 0, 'meta': ''}, {'name': ' None', 'count': 0, 'meta': ''}, {'name': ' None', 'count': 0, 'meta': ''}, {'name': ' None', 'count': 0, 'meta': ''}, {'name': ' None', 'count': 0, 'meta': ''}, {'name': ' None', 'count': 0, 'meta': ''}, {'name': ' None', 'count': 0, 'meta': ''}, {'name': ' None', 'count': 0, 'meta': ''}, {'name': ' None', 'count': 0, 'meta': ''}, {'name': ' None', 'count': 0, 'meta': ''}, {'name': ' None', 'count': 0, 'meta': ''}, {'name': ' None', 'count': 0, 'meta': ''}, {'name': ' None', 'count': 0, 'meta': ''}, {'name': ' None', 'count': 0, 'meta': ''}, {'name': ' None', 'count': 0, 'meta': ''}, {'name': ' None', 'count': 0, 'meta': ''}, {'name': ' None', 'count': 0, 'meta': ''}, {'name': ' None', 'count': 0, 'meta': ''}, {'name': ' None', 'count': 0, 'meta': ''}]","Armor Slot 0: None, Count: 0; Armor Slot 1: None, Count: 0; Armor Slot 2: None, Count: 0; Armor Slot 3: None, Count: 0; ","Offhand: None, Count: 0; ",[],20.0,20.0,"[-0.5412071759358973, -0.25629005529905485, -0.8008808901892329]",west,6,0 minecraft:air,False,Player is not currently riding anything,0.0784000015258789
119.0,13:50:39.638298100,2025-11-07,literal{minecrafter256},"(104.79001443429406, 72.0, 153.43938865010162)",20.0,"[{'name': ' Birch Log', 'count': 8, 'meta': ''}, {'name': ' None', 'count': 0, 'meta': ''}, {'name': ' None', 'count': 0, 'meta': ''}, {'name': ' None', 'count': 0, 'meta': ''}, {'name': ' None', 'count': 0, 'meta': ''}, {'name': ' None', 'count': 0, 'meta': ''}, {'name': ' None', 'count': 0, 'meta': ''}, {'name': ' None', 'count': 0, 'meta': ''}, {'name': ' None', 'count': 0, 'meta': ''}, {'name': ' None', 'count': 0, 'meta': ''}, {'name': ' None', 'count': 0, 'meta': ''}, {'name': ' None', 'count': 0, 'meta': ''}, {'name': ' None', 'count': 0, 'meta': ''}, {'name': ' None', 'count': 0, 'meta': ''}, {'name': ' None', 'count': 0, 'meta': ''}, {'name': ' None', 'count': 0, 'meta': ''}, {'name': ' None', 'count': 0, 'meta': ''}, {'name': ' None', 'count': 0, 'meta': ''}, {'name': ' None', 'count': 0, 'meta': ''}, {'name': ' None', 'count': 0, 'meta': ''}, {'name': ' None', 'count': 0, 'meta': ''}, {'name': ' None', 'count': 0, 'meta': ''}, {'name': ' None', 'count': 0, 'meta': ''}, {'name': ' None', 'count': 0, 'meta': ''}, {'name': ' None', 'count': 0, 'meta': ''}, {'name': ' None', 'count': 0, 'meta': ''}, {'name': ' None', 'count': 0, 'meta': ''}, {'name': ' None', 'count': 0, 'meta': ''}, {'name': ' None', 'count': 0, 'meta': ''}, {'name': ' None', 'count': 0, 'meta': ''}, {'name': ' None', 'count': 0, 'meta': ''}, {'name': ' None', 'count': 0, 'meta': ''}, {'name': ' None', 'count': 0, 'meta': ''}, {'name': ' None', 'count': 0, 'meta': ''}, {'name': ' None', 'count': 0, 'meta': ''}, {'name': ' None', 'count': 0, 'meta': ''}]","Armor Slot 0: None, Count: 0; Armor Slot 1: None, Count: 0; Armor Slot 2: None, Count: 0; Armor Slot 3: None, Count: 0; ","Offhand: None, Count: 0; ",[],20.0,20.0,"[-0.5412071759358973, -0.25629005529905485, -0.8008808901892329]",west,6,0 minecraft:air,False,Player is not currently riding anything,0.0784000015258789
119.0,13:50:39.681414800,2025-11-07,literal{minecrafter256},"(104.79001443429406, 72.0, 153.43938865010162)",20.0,"[{'name': ' Birch Log', 'count': 8, 'meta': ''}, {'name': ' None', 'count': 0, 'meta': ''}, {'name': ' None', 'count': 0, 'meta': ''}, {'name': ' None', 'count': 0, 'meta': ''}, {'name': ' None', 'count': 0, 'meta': ''}, {'name': ' None', 'count': 0, 'meta': ''}, {'name': ' None', 'count': 0, 'meta': ''}, {'name': ' None', 'count': 0, 'meta': ''}, {'name': ' None', 'count': 0, 'meta': ''}, {'name': ' None', 'count': 0, 'meta': ''}, {'name': ' None', 'count': 0, 'meta': ''}, {'name': ' None', 'count': 0, 'meta': ''}, {'name': ' None', 'count': 0, 'meta': ''}, {'name': ' None', 'count': 0, 'meta': ''}, {'name': ' None', 'count': 0, 'meta': ''}, {'name': ' None', 'count': 0, 'meta': ''}, {'name': ' None', 'count': 0, 'meta': ''}, {'name': ' None', 'count': 0, 'meta': ''}, {'name': ' None', 'count': 0, 'meta': ''}, {'name': ' None', 'count': 0, 'meta': ''}, {'name': ' None', 'count': 0, 'meta': ''}, {'name': ' None', 'count': 0, 'meta': ''}, {'name': ' None', 'count': 0, 'meta': ''}, {'name': ' None', 'count': 0, 'meta': ''}, {'name': ' None', 'count': 0, 'meta': ''}, {'name': ' None', 'count': 0, 'meta': ''}, {'name': ' None', 'count': 0, 'meta': ''}, {'name': ' None', 'count': 0, 'meta': ''}, {'name': ' None', 'count': 0, 'meta': ''}, {'name': ' None', 'count': 0, 'meta': ''}, {'name': ' None', 'count': 0, 'meta': ''}, {'name': ' None', 'count': 0, 'meta': ''}, {'name': ' None', 'count': 0, 'meta': ''}, {'name': ' None', 'count': 0, 'meta': ''}, {'name': ' None', 'count': 0, 'meta': ''}, {'name': ' None', 'count': 0, 'meta': ''}]","Armor Slot 0: None, Count: 0; Armor Slot 1: None, Count: 0; Armor Slot 2: None, Count: 0; Armor Slot 3: None, Count: 0; ","Offhand: None, Count: 0; ",[],20.0,20.0,"[-0.5412071759358973, -0.25629005529905485, -0.8008808901892329]",west,6,0 minecraft:air,False,Player is not currently riding anything,0.0784000015258789
119.0,13:50:39.731500300,2025-11-07,literal{minecrafter256},"(104.79001443429406, 72.0, 153.43938865010162)",20.0,"[{'name': ' Birch Log', 'count': 8, 'meta': ''}, {'name': ' None', 'count': 0, 'meta': ''}, {'name': ' None', 'count': 0, 'meta': ''}, {'name': ' None', 'count': 0, 'meta': ''}, {'name': ' None', 'count': 0, 'meta': ''}, {'name': ' None', 'count': 0, 'meta': ''}, {'name': ' None', 'count': 0, 'meta': ''}, {'name': ' None', 'count': 0, 'meta': ''}, {'name': ' None', 'count': 0, 'meta': ''}, {'name': ' None', 'count': 0, 'meta': ''}, {'name': ' None', 'count': 0, 'meta': ''}, {'name': ' None', 'count': 0, 'meta': ''}, {'name': ' None', 'count': 0, 'meta': ''}, {'name': ' None', 'count': 0, 'meta': ''}, {'name': ' None', 'count': 0, 'meta': ''}, {'name': ' None', 'count': 0, 'meta': ''}, {'name': ' None', 'count': 0, 'meta': ''}, {'name': ' None', 'count': 0, 'meta': ''}, {'name': ' None', 'count': 0, 'meta': ''}, {'name': ' None', 'count': 0, 'meta': ''}, {'name': ' None', 'count': 0, 'meta': ''}, {'name': ' None', 'count': 0, 'meta': ''}, {'name': ' None', 'count': 0, 'meta': ''}, {'name': ' None', 'count': 0, 'meta': ''}, {'name': ' None', 'count': 0, 'meta': ''}, {'name': ' None', 'count': 0, 'meta': ''}, {'name': ' None', 'count': 0, 'meta': ''}, {'name': ' None', 'count': 0, 'meta': ''}, {'name': ' None', 'count': 0, 'meta': ''}, {'name': ' None', 'count': 0, 'meta': ''}, {'name': ' None', 'count': 0, 'meta': ''}, {'name': ' None', 'count': 0, 'meta': ''}, {'name': ' None', 'count': 0, 'meta': ''}, {'name': ' None', 'count': 0, 'meta': ''}, {'name': ' None', 'count': 0, 'meta': ''}, {'name': ' None', 'count': 0, 'meta': ''}]","Armor Slot 0: None, Count: 0; Armor Slot 1: None, Count: 0; Armor Slot 2: None, Count: 0; Armor Slot 3: None, Count: 0; ","Offhand: None, Count: 0; ",[],20.0,20.0,"[-0.5412071759358973, -0.25629005529905485, -0.8008808901892329]",west,6,0 minecraft:air,False,Player is not currently riding anything,0.0784000015258789
119.0,13:50:39.789799200,2025-11-07,literal{minecrafter256},"(104.79001443429406, 72.0, 153.43938865010162)",20.0,"[{'name': ' Birch Log', 'count': 8, 'meta': ''}, {'name': ' None', 'count': 0, 'meta': ''}, {'name': ' None', 'count': 0, 'meta': ''}, {'name': ' None', 'count': 0, 'meta': ''}, {'name': ' None', 'count': 0, 'meta': ''}, {'name': ' None', 'count': 0, 'meta': ''}, {'name': ' None', 'count': 0, 'meta': ''}, {'name': ' None', 'count': 0, 'meta': ''}, {'name': ' None', 'count': 0, 'meta': ''}, {'name': ' None', 'count': 0, 'meta': ''}, {'name': ' None', 'count': 0, 'meta': ''}, {'name': ' None', 'count': 0, 'meta': ''}, {'name': ' None', 'count': 0, 'meta': ''}, {'name': ' None', 'count': 0, 'meta': ''}, {'name': ' None', 'count': 0, 'meta': ''}, {'name': ' None', 'count': 0, 'meta': ''}, {'name': ' None', 'count': 0, 'meta': ''}, {'name': ' None', 'count': 0, 'meta': ''}, {'name': ' None', 'count': 0, 'meta': ''}, {'name': ' None', 'count': 0, 'meta': ''}, {'name': ' None', 'count': 0, 'meta': ''}, {'name': ' None', 'count': 0, 'meta': ''}, {'name': ' None', 'count': 0, 'meta': ''}, {'name': ' None', 'count': 0, 'meta': ''}, {'name': ' None', 'count': 0, 'meta': ''}, {'name': ' None', 'count': 0, 'meta': ''}, {'name': ' None', 'count': 0, 'meta': ''}, {'name': ' None', 'count': 0, 'meta': ''}, {'name': ' None', 'count': 0, 'meta': ''}, {'name': ' None', 'count': 0, 'meta': ''}, {'name': ' None', 'count': 0, 'meta': ''}, {'name': ' None', 'count': 0, 'meta': ''}, {'name': ' None', 'count': 0, 'meta': ''}, {'name': ' None', 'count': 0, 'meta': ''}, {'name': ' None', 'count': 0, 'meta': ''}, {'name': ' None', 'count': 0, 'meta': ''}]","Armor Slot 0: None, Count: 0; Armor Slot 1: None, Count: 0; Armor Slot 2: None, Count: 0; Armor Slot 3: None, Count: 0; ","Offhand: None, Count: 0; ",[],20.0,20.0,"[-0.5412071759358973, -0.25629005529905485, -0.8008808901892329]",west,6,0 minecraft:air,False,Player is not currently riding anything,0.0784000015258789
119.0,13:50:39.830600400,2025-11-07,literal{minecrafter256},"(104.79001443429406, 72.0, 153.43938865010162)",20.0,"[{'name': ' Birch Log', 'count': 8, 'meta': ''}, {'name': ' None', 'count': 0, 'meta': ''}, {'name': ' None', 'count': 0, 'meta': ''}, {'name': ' None', 'count': 0, 'meta': ''}, {'name': ' None', 'count': 0, 'meta': ''}, {'name': ' None', 'count': 0, 'meta': ''}, {'name': ' None', 'count': 0, 'meta': ''}, {'name': ' None', 'count': 0, 'meta': ''}, {'name': ' None', 'count': 0, 'meta': ''}, {'name': ' None', 'count': 0, 'meta': ''}, {'name': ' None', 'count': 0, 'meta': ''}, {'name': ' None', 'count': 0, 'meta': ''}, {'name': ' None', 'count': 0, 'meta': ''}, {'name': ' None', 'count': 0, 'meta': ''}, {'name': ' None', 'count': 0, 'meta': ''}, {'name': ' None', 'count': 0, 'meta': ''}, {'name': ' None', 'count': 0, 'meta': ''}, {'name': ' None', 'count': 0, 'meta': ''}, {'name': ' None', 'count': 0, 'meta': ''}, {'name': ' None', 'count': 0, 'meta': ''}, {'name': ' None', 'count': 0, 'meta': ''}, {'name': ' None', 'count': 0, 'meta': ''}, {'name': ' None', 'count': 0, 'meta': ''}, {'name': ' None', 'count': 0, 'meta': ''}, {'name': ' None', 'count': 0, 'meta': ''}, {'name': ' None', 'count': 0, 'meta': ''}, {'name': ' None', 'count': 0, 'meta': ''}, {'name': ' None', 'count': 0, 'meta': ''}, {'name': ' None', 'count': 0, 'meta': ''}, {'name': ' None', 'count': 0, 'meta': ''}, {'name': ' None', 'count': 0, 'meta': ''}, {'name': ' None', 'count': 0, 'meta': ''}, {'name': ' None', 'count': 0, 'meta': ''}, {'name': ' None', 'count': 0, 'meta': ''}, {'name': ' None', 'count': 0, 'meta': ''}, {'name': ' None', 'count': 0, 'meta': ''}]","Armor Slot 0: None, Count: 0; Armor Slot 1: None, Count: 0; Armor Slot 2: None, Count: 0; Armor Slot 3: None, Count: 0; ","Offhand: None, Count: 0; ",[],20.0,20.0,"[-0.5412071759358973, -0.25629005529905485, -0.8008808901892329]",west,6,0 minecraft:air,False,Player is not currently riding anything,0.0784000015258789
118.0,13:50:39.881232200,2025-11-07,literal{minecrafter256},"(104.79001443429406, 72.0, 153.43938865010162)",20.0,"[{'name': ' Birch Log', 'count': 8, 'meta': ''}, {'name': ' None', 'count': 0, 'meta': ''}, {'name': ' None', 'count': 0, 'meta': ''}, {'name': ' None', 'count': 0, 'meta': ''}, {'name': ' None', 'count': 0, 'meta': ''}, {'name': ' None', 'count': 0, 'meta': ''}, {'name': ' None', 'count': 0, 'meta': ''}, {'name': ' None', 'count': 0, 'meta': ''}, {'name': ' None', 'count': 0, 'meta': ''}, {'name': ' None', 'count': 0, 'meta': ''}, {'name': ' None', 'count': 0, 'meta': ''}, {'name': ' None', 'count': 0, 'meta': ''}, {'name': ' None', 'count': 0, 'meta': ''}, {'name': ' None', 'count': 0, 'meta': ''}, {'name': ' None', 'count': 0, 'meta': ''}, {'name': ' None', 'count': 0, 'meta': ''}, {'name': ' None', 'count': 0, 'meta': ''}, {'name': ' None', 'count': 0, 'meta': ''}, {'name': ' None', 'count': 0, 'meta': ''}, {'name': ' None', 'count': 0, 'meta': ''}, {'name': ' None', 'count': 0, 'meta': ''}, {'name': ' None', 'count': 0, 'meta': ''}, {'name': ' None', 'count': 0, 'meta': ''}, {'name': ' None', 'count': 0, 'meta': ''}, {'name': ' None', 'count': 0, 'meta': ''}, {'name': ' None', 'count': 0, 'meta': ''}, {'name': ' None', 'count': 0, 'meta': ''}, {'name': ' None', 'count': 0, 'meta': ''}, {'name': ' None', 'count': 0, 'meta': ''}, {'name': ' None', 'count': 0, 'meta': ''}, {'name': ' None', 'count': 0, 'meta': ''}, {'name': ' None', 'count': 0, 'meta': ''}, {'name': ' None', 'count': 0, 'meta': ''}, {'name': ' None', 'count': 0, 'meta': ''}, {'name': ' None', 'count': 0, 'meta': ''}, {'name': ' None', 'count': 0, 'meta': ''}]","Armor Slot 0: None, Count: 0; Armor Slot 1: None, Count: 0; Armor Slot 2: None, Count: 0; Armor Slot 3: None, Count: 0; ","Offhand: None, Count: 0; ",[],20.0,20.0,"[-0.5433020414125687, -0.25629005529905485, -0.7994612556914455]",west,6,0 minecraft:air,False,Player is not currently riding anything,0.0784000015258789
118.0,13:50:39.938207800,2025-11-07,literal{minecrafter256},"(104.79001443429406, 72.0, 153.43938865010162)",20.0,"[{'name': ' Birch Log', 'count': 8, 'meta': ''}, {'name': ' None', 'count': 0, 'meta': ''}, {'name': ' None', 'count': 0, 'meta': ''}, {'name': ' None', 'count': 0, 'meta': ''}, {'name': ' None', 'count': 0, 'meta': ''}, {'name': ' None', 'count': 0, 'meta': ''}, {'name': ' None', 'count': 0, 'meta': ''}, {'name': ' None', 'count': 0, 'meta': ''}, {'name': ' None', 'count': 0, 'meta': ''}, {'name': ' None', 'count': 0, 'meta': ''}, {'name': ' None', 'count': 0, 'meta': ''}, {'name': ' None', 'count': 0, 'meta': ''}, {'name': ' None', 'count': 0, 'meta': ''}, {'name': ' None', 'count': 0, 'meta': ''}, {'name': ' None', 'count': 0, 'meta': ''}, {'name': ' None', 'count': 0, 'meta': ''}, {'name': ' None', 'count': 0, 'meta': ''}, {'name': ' None', 'count': 0, 'meta': ''}, {'name': ' None', 'count': 0, 'meta': ''}, {'name': ' None', 'count': 0, 'meta': ''}, {'name': ' None', 'count': 0, 'meta': ''}, {'name': ' None', 'count': 0, 'meta': ''}, {'name': ' None', 'count': 0, 'meta': ''}, {'name': ' None', 'count': 0, 'meta': ''}, {'name': ' None', 'count': 0, 'meta': ''}, {'name': ' None', 'count': 0, 'meta': ''}, {'name': ' None', 'count': 0, 'meta': ''}, {'name': ' None', 'count': 0, 'meta': ''}, {'name': ' None', 'count': 0, 'meta': ''}, {'name': ' None', 'count': 0, 'meta': ''}, {'name': ' None', 'count': 0, 'meta': ''}, {'name': ' None', 'count': 0, 'meta': ''}, {'name': ' None', 'count': 0, 'meta': ''}, {'name': ' None', 'count': 0, 'meta': ''}, {'name': ' None', 'count': 0, 'meta': ''}, {'name': ' None', 'count': 0, 'meta': ''}]","Armor Slot 0: None, Count: 0; Armor Slot 1: None, Count: 0; Armor Slot 2: None, Count: 0; Armor Slot 3: None, Count: 0; ","Offhand: None, Count: 0; ",[],20.0,20.0,"[-0.5433020414125687, -0.25629005529905485, -0.7994612556914455]",west,6,0 minecraft:air,False,Player is not currently riding anything,0.0784000015258789
118.0,13:50:39.980616100,2025-11-07,literal{minecrafter256},"(104.79001443429406, 72.0, 153.43938865010162)",20.0,"[{'name': ' Birch Log', 'count': 8, 'meta': ''}, {'name': ' None', 'count': 0, 'meta': ''}, {'name': ' None', 'count': 0, 'meta': ''}, {'name': ' None', 'count': 0, 'meta': ''}, {'name': ' None', 'count': 0, 'meta': ''}, {'name': ' None', 'count': 0, 'meta': ''}, {'name': ' None', 'count': 0, 'meta': ''}, {'name': ' None', 'count': 0, 'meta': ''}, {'name': ' None', 'count': 0, 'meta': ''}, {'name': ' None', 'count': 0, 'meta': ''}, {'name': ' None', 'count': 0, 'meta': ''}, {'name': ' None', 'count': 0, 'meta': ''}, {'name': ' None', 'count': 0, 'meta': ''}, {'name': ' None', 'count': 0, 'meta': ''}, {'name': ' None', 'count': 0, 'meta': ''}, {'name': ' None', 'count': 0, 'meta': ''}, {'name': ' None', 'count': 0, 'meta': ''}, {'name': ' None', 'count': 0, 'meta': ''}, {'name': ' None', 'count': 0, 'meta': ''}, {'name': ' None', 'count': 0, 'meta': ''}, {'name': ' None', 'count': 0, 'meta': ''}, {'name': ' None', 'count': 0, 'meta': ''}, {'name': ' None', 'count': 0, 'meta': ''}, {'name': ' None', 'count': 0, 'meta': ''}, {'name': ' None', 'count': 0, 'meta': ''}, {'name': ' None', 'count': 0, 'meta': ''}, {'name': ' None', 'count': 0, 'meta': ''}, {'name': ' None', 'count': 0, 'meta': ''}, {'name': ' None', 'count': 0, 'meta': ''}, {'name': ' None', 'count': 0, 'meta': ''}, {'name': ' None', 'count': 0, 'meta': ''}, {'name': ' None', 'count': 0, 'meta': ''}, {'name': ' None', 'count': 0, 'meta': ''}, {'name': ' None', 'count': 0, 'meta': ''}, {'name': ' None', 'count': 0, 'meta': ''}, {'name': ' None', 'count': 0, 'meta': ''}]","Armor Slot 0: None, Count: 0; Armor Slot 1: None, Count: 0; Armor Slot 2: None, Count: 0; Armor Slot 3: None, Count: 0; ","Offhand: None, Count: 0; ",[],20.0,20.0,"[-0.5429230475753779, -0.2588197203616776, -0.7989035716301229]",west,6,0 minecraft:air,False,Player is not currently riding anything,0.0784000015258789
118.0,13:50:40.031324500,2025-11-07,literal{minecrafter256},"(104.79001443429406, 72.0, 153.43938865010162)",20.0,"[{'name': ' Birch Log', 'count': 8, 'meta': ''}, {'name': ' None', 'count': 0, 'meta': ''}, {'name': ' None', 'count': 0, 'meta': ''}, {'name': ' None', 'count': 0, 'meta': ''}, {'name': ' None', 'count': 0, 'meta': ''}, {'name': ' None', 'count': 0, 'meta': ''}, {'name': ' None', 'count': 0, 'meta': ''}, {'name': ' None', 'count': 0, 'meta': ''}, {'name': ' None', 'count': 0, 'meta': ''}, {'name': ' None', 'count': 0, 'meta': ''}, {'name': ' None', 'count': 0, 'meta': ''}, {'name': ' None', 'count': 0, 'meta': ''}, {'name': ' None', 'count': 0, 'meta': ''}, {'name': ' None', 'count': 0, 'meta': ''}, {'name': ' None', 'count': 0, 'meta': ''}, {'name': ' None', 'count': 0, 'meta': ''}, {'name': ' None', 'count': 0, 'meta': ''}, {'name': ' None', 'count': 0, 'meta': ''}, {'name': ' None', 'count': 0, 'meta': ''}, {'name': ' None', 'count': 0, 'meta': ''}, {'name': ' None', 'count': 0, 'meta': ''}, {'name': ' None', 'count': 0, 'meta': ''}, {'name': ' None', 'count': 0, 'meta': ''}, {'name': ' None', 'count': 0, 'meta': ''}, {'name': ' None', 'count': 0, 'meta': ''}, {'name': ' None', 'count': 0, 'meta': ''}, {'name': ' None', 'count': 0, 'meta': ''}, {'name': ' None', 'count': 0, 'meta': ''}, {'name': ' None', 'count': 0, 'meta': ''}, {'name': ' None', 'count': 0, 'meta': ''}, {'name': ' None', 'count': 0, 'meta': ''}, {'name': ' None', 'count': 0, 'meta': ''}, {'name': ' None', 'count': 0, 'meta': ''}, {'name': ' None', 'count': 0, 'meta': ''}, {'name': ' None', 'count': 0, 'meta': ''}, {'name': ' None', 'count': 0, 'meta': ''}]","Armor Slot 0: None, Count: 0; Armor Slot 1: None, Count: 0; Armor Slot 2: None, Count: 0; Armor Slot 3: None, Count: 0; ","Offhand: None, Count: 0; ",[],20.0,20.0,"[-0.5429230475753779, -0.2588197203616776, -0.7989035716301229]",west,6,0 minecraft:air,False,Player is not currently riding anything,0.0784000015258789
118.0,13:50:40.081195500,2025-11-07,literal{minecrafter256},"(104.79001443429406, 72.0, 153.43938865010162)",20.0,"[{'name': ' Birch Log', 'count': 8, 'meta': ''}, {'name': ' None', 'count': 0, 'meta': ''}, {'name': ' None', 'count': 0, 'meta': ''}, {'name': ' None', 'count': 0, 'meta': ''}, {'name': ' None', 'count': 0, 'meta': ''}, {'name': ' None', 'count': 0, 'meta': ''}, {'name': ' None', 'count': 0, 'meta': ''}, {'name': ' None', 'count': 0, 'meta': ''}, {'name': ' None', 'count': 0, 'meta': ''}, {'name': ' None', 'count': 0, 'meta': ''}, {'name': ' None', 'count': 0, 'meta': ''}, {'name': ' None', 'count': 0, 'meta': ''}, {'name': ' None', 'count': 0, 'meta': ''}, {'name': ' None', 'count': 0, 'meta': ''}, {'name': ' None', 'count': 0, 'meta': ''}, {'name': ' None', 'count': 0, 'meta': ''}, {'name': ' None', 'count': 0, 'meta': ''}, {'name': ' None', 'count': 0, 'meta': ''}, {'name': ' None', 'count': 0, 'meta': ''}, {'name': ' None', 'count': 0, 'meta': ''}, {'name': ' None', 'count': 0, 'meta': ''}, {'name': ' None', 'count': 0, 'meta': ''}, {'name': ' None', 'count': 0, 'meta': ''}, {'name': ' None', 'count': 0, 'meta': ''}, {'name': ' None', 'count': 0, 'meta': ''}, {'name': ' None', 'count': 0, 'meta': ''}, {'name': ' None', 'count': 0, 'meta': ''}, {'name': ' None', 'count': 0, 'meta': ''}, {'name': ' None', 'count': 0, 'meta': ''}, {'name': ' None', 'count': 0, 'meta': ''}, {'name': ' None', 'count': 0, 'meta': ''}, {'name': ' None', 'count': 0, 'meta': ''}, {'name': ' None', 'count': 0, 'meta': ''}, {'name': ' None', 'count': 0, 'meta': ''}, {'name': ' None', 'count': 0, 'meta': ''}, {'name': ' None', 'count': 0, 'meta': ''}]","Armor Slot 0: None, Count: 0; Armor Slot 1: None, Count: 0; Armor Slot 2: None, Count: 0; Armor Slot 3: None, Count: 0; ","Offhand: None, Count: 0; ",[],20.0,20.0,"[-0.5429230475753779, -0.2588197203616776, -0.7989035716301229]",west,6,0 minecraft:air,False,Player is not currently riding anything,0.0784000015258789
118.0,13:50:40.130222200,2025-11-07,literal{minecrafter256},"(104.79001443429406, 72.0, 153.43938865010162)",20.0,"[{'name': ' Birch Log', 'count': 8, 'meta': ''}, {'name': ' None', 'count': 0, 'meta': ''}, {'name': ' None', 'count': 0, 'meta': ''}, {'name': ' None', 'count': 0, 'meta': ''}, {'name': ' None', 'count': 0, 'meta': ''}, {'name': ' None', 'count': 0, 'meta': ''}, {'name': ' None', 'count': 0, 'meta': ''}, {'name': ' None', 'count': 0, 'meta': ''}, {'name': ' None', 'count': 0, 'meta': ''}, {'name': ' None', 'count': 0, 'meta': ''}, {'name': ' None', 'count': 0, 'meta': ''}, {'name': ' None', 'count': 0, 'meta': ''}, {'name': ' None', 'count': 0, 'meta': ''}, {'name': ' None', 'count': 0, 'meta': ''}, {'name': ' None', 'count': 0, 'meta': ''}, {'name': ' None', 'count': 0, 'meta': ''}, {'name': ' None', 'count': 0, 'meta': ''}, {'name': ' None', 'count': 0, 'meta': ''}, {'name': ' None', 'count': 0, 'meta': ''}, {'name': ' None', 'count': 0, 'meta': ''}, {'name': ' None', 'count': 0, 'meta': ''}, {'name': ' None', 'count': 0, 'meta': ''}, {'name': ' None', 'count': 0, 'meta': ''}, {'name': ' None', 'count': 0, 'meta': ''}, {'name': ' None', 'count': 0, 'meta': ''}, {'name': ' None', 'count': 0, 'meta': ''}, {'name': ' None', 'count': 0, 'meta': ''}, {'name': ' None', 'count': 0, 'meta': ''}, {'name': ' None', 'count': 0, 'meta': ''}, {'name': ' None', 'count': 0, 'meta': ''}, {'name': ' None', 'count': 0, 'meta': ''}, {'name': ' None', 'count': 0, 'meta': ''}, {'name': ' None', 'count': 0, 'meta': ''}, {'name': ' None', 'count': 0, 'meta': ''}, {'name': ' None', 'count': 0, 'meta': ''}, {'name': ' None', 'count': 0, 'meta': ''}]","Armor Slot 0: None, Count: 0; Armor Slot 1: None, Count: 0; Armor Slot 2: None, Count: 0; Armor Slot 3: None, Count: 0; ","Offhand: None, Count: 0; ",[],20.0,20.0,"[-0.5429230475753779, -0.2588197203616776, -0.7989035716301229]",west,6,0 minecraft:air,False,Player is not currently riding anything,0.0784000015258789
118.0,13:50:40.181045700,2025-11-07,literal{minecrafter256},"(104.79001443429406, 72.0, 153.43938865010162)",20.0,"[{'name': ' Birch Log', 'count': 8, 'meta': ''}, {'name': ' None', 'count': 0, 'meta': ''}, {'name': ' None', 'count': 0, 'meta': ''}, {'name': ' None', 'count': 0, 'meta': ''}, {'name': ' None', 'count': 0, 'meta': ''}, {'name': ' None', 'count': 0, 'meta': ''}, {'name': ' None', 'count': 0, 'meta': ''}, {'name': ' None', 'count': 0, 'meta': ''}, {'name': ' None', 'count': 0, 'meta': ''}, {'name': ' None', 'count': 0, 'meta': ''}, {'name': ' None', 'count': 0, 'meta': ''}, {'name': ' None', 'count': 0, 'meta': ''}, {'name': ' None', 'count': 0, 'meta': ''}, {'name': ' None', 'count': 0, 'meta': ''}, {'name': ' None', 'count': 0, 'meta': ''}, {'name': ' None', 'count': 0, 'meta': ''}, {'name': ' None', 'count': 0, 'meta': ''}, {'name': ' None', 'count': 0, 'meta': ''}, {'name': ' None', 'count': 0, 'meta': ''}, {'name': ' None', 'count': 0, 'meta': ''}, {'name': ' None', 'count': 0, 'meta': ''}, {'name': ' None', 'count': 0, 'meta': ''}, {'name': ' None', 'count': 0, 'meta': ''}, {'name': ' None', 'count': 0, 'meta': ''}, {'name': ' None', 'count': 0, 'meta': ''}, {'name': ' None', 'count': 0, 'meta': ''}, {'name': ' None', 'count': 0, 'meta': ''}, {'name': ' None', 'count': 0, 'meta': ''}, {'name': ' None', 'count': 0, 'meta': ''}, {'name': ' None', 'count': 0, 'meta': ''}, {'name': ' None', 'count': 0, 'meta': ''}, {'name': ' None', 'count': 0, 'meta': ''}, {'name': ' None', 'count': 0, 'meta': ''}, {'name': ' None', 'count': 0, 'meta': ''}, {'name': ' None', 'count': 0, 'meta': ''}, {'name': ' None', 'count': 0, 'meta': ''}]","Armor Slot 0: None, Count: 0; Armor Slot 1: None, Count: 0; Armor Slot 2: None, Count: 0; Armor Slot 3: None, Count: 0; ","Offhand: None, Count: 0; ",[],20.0,20.0,"[-0.5429230475753779, -0.2588197203616776, -0.7989035716301229]",west,6,0 minecraft:air,False,Player is not currently riding anything,0.0784000015258789
118.0,13:50:40.229943600,2025-11-07,literal{minecrafter256},"(104.79001443429406, 72.0, 153.43938865010162)",20.0,"[{'name': ' Birch Log', 'count': 8, 'meta': ''}, {'name': ' None', 'count': 0, 'meta': ''}, {'name': ' None', 'count': 0, 'meta': ''}, {'name': ' None', 'count': 0, 'meta': ''}, {'name': ' None', 'count': 0, 'meta': ''}, {'name': ' None', 'count': 0, 'meta': ''}, {'name': ' None', 'count': 0, 'meta': ''}, {'name': ' None', 'count': 0, 'meta': ''}, {'name': ' None', 'count': 0, 'meta': ''}, {'name': ' None', 'count': 0, 'meta': ''}, {'name': ' None', 'count': 0, 'meta': ''}, {'name': ' None', 'count': 0, 'meta': ''}, {'name': ' None', 'count': 0, 'meta': ''}, {'name': ' None', 'count': 0, 'meta': ''}, {'name': ' None', 'count': 0, 'meta': ''}, {'name': ' None', 'count': 0, 'meta': ''}, {'name': ' None', 'count': 0, 'meta': ''}, {'name': ' None', 'count': 0, 'meta': ''}, {'name': ' None', 'count': 0, 'meta': ''}, {'name': ' None', 'count': 0, 'meta': ''}, {'name': ' None', 'count': 0, 'meta': ''}, {'name': ' None', 'count': 0, 'meta': ''}, {'name': ' None', 'count': 0, 'meta': ''}, {'name': ' None', 'count': 0, 'meta': ''}, {'name': ' None', 'count': 0, 'meta': ''}, {'name': ' None', 'count': 0, 'meta': ''}, {'name': ' None', 'count': 0, 'meta': ''}, {'name': ' None', 'count': 0, 'meta': ''}, {'name': ' None', 'count': 0, 'meta': ''}, {'name': ' None', 'count': 0, 'meta': ''}, {'name': ' None', 'count': 0, 'meta': ''}, {'name': ' None', 'count': 0, 'meta': ''}, {'name': ' None', 'count': 0, 'meta': ''}, {'name': ' None', 'count': 0, 'meta': ''}, {'name': ' None', 'count': 0, 'meta': ''}, {'name': ' None', 'count': 0, 'meta': ''}]","Armor Slot 0: None, Count: 0; Armor Slot 1: None, Count: 0; Armor Slot 2: None, Count: 0; Armor Slot 3: None, Count: 0; ","Offhand: None, Count: 0; ",[],20.0,20.0,"[-0.5429230475753779, -0.2588197203616776, -0.7989035716301229]",west,6,0 minecraft:air,False,Player is not currently riding anything,0.0784000015258789
118.0,13:50:40.280207800,2025-11-07,literal{minecrafter256},"(104.79001443429406, 72.0, 153.43938865010162)",20.0,"[{'name': ' Birch Log', 'count': 8, 'meta': ''}, {'name': ' None', 'count': 0, 'meta': ''}, {'name': ' None', 'count': 0, 'meta': ''}, {'name': ' None', 'count': 0, 'meta': ''}, {'name': ' None', 'count': 0, 'meta': ''}, {'name': ' None', 'count': 0, 'meta': ''}, {'name': ' None', 'count': 0, 'meta': ''}, {'name': ' None', 'count': 0, 'meta': ''}, {'name': ' None', 'count': 0, 'meta': ''}, {'name': ' None', 'count': 0, 'meta': ''}, {'name': ' None', 'count': 0, 'meta': ''}, {'name': ' None', 'count': 0, 'meta': ''}, {'name': ' None', 'count': 0, 'meta': ''}, {'name': ' None', 'count': 0, 'meta': ''}, {'name': ' None', 'count': 0, 'meta': ''}, {'name': ' None', 'count': 0, 'meta': ''}, {'name': ' None', 'count': 0, 'meta': ''}, {'name': ' None', 'count': 0, 'meta': ''}, {'name': ' None', 'count': 0, 'meta': ''}, {'name': ' None', 'count': 0, 'meta': ''}, {'name': ' None', 'count': 0, 'meta': ''}, {'name': ' None', 'count': 0, 'meta': ''}, {'name': ' None', 'count': 0, 'meta': ''}, {'name': ' None', 'count': 0, 'meta': ''}, {'name': ' None', 'count': 0, 'meta': ''}, {'name': ' None', 'count': 0, 'meta': ''}, {'name': ' None', 'count': 0, 'meta': ''}, {'name': ' None', 'count': 0, 'meta': ''}, {'name': ' None', 'count': 0, 'meta': ''}, {'name': ' None', 'count': 0, 'meta': ''}, {'name': ' None', 'count': 0, 'meta': ''}, {'name': ' None', 'count': 0, 'meta': ''}, {'name': ' None', 'count': 0, 'meta': ''}, {'name': ' None', 'count': 0, 'meta': ''}, {'name': ' None', 'count': 0, 'meta': ''}, {'name': ' None', 'count': 0, 'meta': ''}]","Armor Slot 0: None, Count: 0; Armor Slot 1: None, Count: 0; Armor Slot 2: None, Count: 0; Armor Slot 3: None, Count: 0; ","Offhand: None, Count: 0; ",[],20.0,20.0,"[-0.5429230475753779, -0.2588197203616776, -0.7989035716301229]",west,6,0 minecraft:air,False,Player is not currently riding anything,0.0784000015258789
118.0,13:50:40.330136400,2025-11-07,literal{minecrafter256},"(104.79001443429406, 72.0, 153.43938865010162)",20.0,"[{'name': ' Birch Log', 'count': 8, 'meta': ''}, {'name': ' None', 'count': 0, 'meta': ''}, {'name': ' None', 'count': 0, 'meta': ''}, {'name': ' None', 'count': 0, 'meta': ''}, {'name': ' None', 'count': 0, 'meta': ''}, {'name': ' None', 'count': 0, 'meta': ''}, {'name': ' None', 'count': 0, 'meta': ''}, {'name': ' None', 'count': 0, 'meta': ''}, {'name': ' None', 'count': 0, 'meta': ''}, {'name': ' None', 'count': 0, 'meta': ''}, {'name': ' None', 'count': 0, 'meta': ''}, {'name': ' None', 'count': 0, 'meta': ''}, {'name': ' None', 'count': 0, 'meta': ''}, {'name': ' None', 'count': 0, 'meta': ''}, {'name': ' None', 'count': 0, 'meta': ''}, {'name': ' None', 'count': 0, 'meta': ''}, {'name': ' None', 'count': 0, 'meta': ''}, {'name': ' None', 'count': 0, 'meta': ''}, {'name': ' None', 'count': 0, 'meta': ''}, {'name': ' None', 'count': 0, 'meta': ''}, {'name': ' None', 'count': 0, 'meta': ''}, {'name': ' None', 'count': 0, 'meta': ''}, {'name': ' None', 'count': 0, 'meta': ''}, {'name': ' None', 'count': 0, 'meta': ''}, {'name': ' None', 'count': 0, 'meta': ''}, {'name': ' None', 'count': 0, 'meta': ''}, {'name': ' None', 'count': 0, 'meta': ''}, {'name': ' None', 'count': 0, 'meta': ''}, {'name': ' None', 'count': 0, 'meta': ''}, {'name': ' None', 'count': 0, 'meta': ''}, {'name': ' None', 'count': 0, 'meta': ''}, {'name': ' None', 'count': 0, 'meta': ''}, {'name': ' None', 'count': 0, 'meta': ''}, {'name': ' None', 'count': 0, 'meta': ''}, {'name': ' None', 'count': 0, 'meta': ''}, {'name': ' None', 'count': 0, 'meta': ''}]","Armor Slot 0: None, Count: 0; Armor Slot 1: None, Count: 0; Armor Slot 2: None, Count: 0; Armor Slot 3: None, Count: 0; ","Offhand: None, Count: 0; ",[],20.0,20.0,"[-0.5429230475753779, -0.2588197203616776, -0.7989035716301229]",west,6,0 minecraft:air,False,Player is not currently riding anything,0.0784000015258789
118.0,13:50:40.379376200,2025-11-07,literal{minecrafter256},"(104.79001443429406, 72.0, 153.43938865010162)",20.0,"[{'name': ' Birch Log', 'count': 8, 'meta': ''}, {'name': ' None', 'count': 0, 'meta': ''}, {'name': ' None', 'count': 0, 'meta': ''}, {'name': ' None', 'count': 0, 'meta': ''}, {'name': ' None', 'count': 0, 'meta': ''}, {'name': ' None', 'count': 0, 'meta': ''}, {'name': ' None', 'count': 0, 'meta': ''}, {'name': ' None', 'count': 0, 'meta': ''}, {'name': ' None', 'count': 0, 'meta': ''}, {'name': ' None', 'count': 0, 'meta': ''}, {'name': ' None', 'count': 0, 'meta': ''}, {'name': ' None', 'count': 0, 'meta': ''}, {'name': ' None', 'count': 0, 'meta': ''}, {'name': ' None', 'count': 0, 'meta': ''}, {'name': ' None', 'count': 0, 'meta': ''}, {'name': ' None', 'count': 0, 'meta': ''}, {'name': ' None', 'count': 0, 'meta': ''}, {'name': ' None', 'count': 0, 'meta': ''}, {'name': ' None', 'count': 0, 'meta': ''}, {'name': ' None', 'count': 0, 'meta': ''}, {'name': ' None', 'count': 0, 'meta': ''}, {'name': ' None', 'count': 0, 'meta': ''}, {'name': ' None', 'count': 0, 'meta': ''}, {'name': ' None', 'count': 0, 'meta': ''}, {'name': ' None', 'count': 0, 'meta': ''}, {'name': ' None', 'count': 0, 'meta': ''}, {'name': ' None', 'count': 0, 'meta': ''}, {'name': ' None', 'count': 0, 'meta': ''}, {'name': ' None', 'count': 0, 'meta': ''}, {'name': ' None', 'count': 0, 'meta': ''}, {'name': ' None', 'count': 0, 'meta': ''}, {'name': ' None', 'count': 0, 'meta': ''}, {'name': ' None', 'count': 0, 'meta': ''}, {'name': ' None', 'count': 0, 'meta': ''}, {'name': ' None', 'count': 0, 'meta': ''}, {'name': ' None', 'count': 0, 'meta': ''}]","Armor Slot 0: None, Count: 0; Armor Slot 1: None, Count: 0; Armor Slot 2: None, Count: 0; Armor Slot 3: None, Count: 0; ","Offhand: None, Count: 0; ",[],20.0,20.0,"[-0.5429230475753779, -0.2588197203616776, -0.7989035716301229]",west,6,0 minecraft:air,False,Player is not currently riding anything,0.0784000015258789
118.0,13:50:40.430514800,2025-11-07,literal{minecrafter256},"(104.79001443429406, 72.0, 153.43938865010162)",20.0,"[{'name': ' Birch Log', 'count': 8, 'meta': ''}, {'name': ' None', 'count': 0, 'meta': ''}, {'name': ' None', 'count': 0, 'meta': ''}, {'name': ' None', 'count': 0, 'meta': ''}, {'name': ' None', 'count': 0, 'meta': ''}, {'name': ' None', 'count': 0, 'meta': ''}, {'name': ' None', 'count': 0, 'meta': ''}, {'name': ' None', 'count': 0, 'meta': ''}, {'name': ' None', 'count': 0, 'meta': ''}, {'name': ' None', 'count': 0, 'meta': ''}, {'name': ' None', 'count': 0, 'meta': ''}, {'name': ' None', 'count': 0, 'meta': ''}, {'name': ' None', 'count': 0, 'meta': ''}, {'name': ' None', 'count': 0, 'meta': ''}, {'name': ' None', 'count': 0, 'meta': ''}, {'name': ' None', 'count': 0, 'meta': ''}, {'name': ' None', 'count': 0, 'meta': ''}, {'name': ' None', 'count': 0, 'meta': ''}, {'name': ' None', 'count': 0, 'meta': ''}, {'name': ' None', 'count': 0, 'meta': ''}, {'name': ' None', 'count': 0, 'meta': ''}, {'name': ' None', 'count': 0, 'meta': ''}, {'name': ' None', 'count': 0, 'meta': ''}, {'name': ' None', 'count': 0, 'meta': ''}, {'name': ' None', 'count': 0, 'meta': ''}, {'name': ' None', 'count': 0, 'meta': ''}, {'name': ' None', 'count': 0, 'meta': ''}, {'name': ' None', 'count': 0, 'meta': ''}, {'name': ' None', 'count': 0, 'meta': ''}, {'name': ' None', 'count': 0, 'meta': ''}, {'name': ' None', 'count': 0, 'meta': ''}, {'name': ' None', 'count': 0, 'meta': ''}, {'name': ' None', 'count': 0, 'meta': ''}, {'name': ' None', 'count': 0, 'meta': ''}, {'name': ' None', 'count': 0, 'meta': ''}, {'name': ' None', 'count': 0, 'meta': ''}]","Armor Slot 0: None, Count: 0; Armor Slot 1: None, Count: 0; Armor Slot 2: None, Count: 0; Armor Slot 3: None, Count: 0; ","Offhand: None, Count: 0; ",[],20.0,20.0,"[-0.5429230475753779, -0.2588197203616776, -0.7989035716301229]",west,6,0 minecraft:air,False,Player is not currently riding anything,0.0784000015258789
118.0,13:50:40.480505200,2025-11-07,literal{minecrafter256},"(104.79001443429406, 72.0, 153.43938865010162)",20.0,"[{'name': ' Birch Log', 'count': 8, 'meta': ''}, {'name': ' None', 'count': 0, 'meta': ''}, {'name': ' None', 'count': 0, 'meta': ''}, {'name': ' None', 'count': 0, 'meta': ''}, {'name': ' None', 'count': 0, 'meta': ''}, {'name': ' None', 'count': 0, 'meta': ''}, {'name': ' None', 'count': 0, 'meta': ''}, {'name': ' None', 'count': 0, 'meta': ''}, {'name': ' None', 'count': 0, 'meta': ''}, {'name': ' None', 'count': 0, 'meta': ''}, {'name': ' None', 'count': 0, 'meta': ''}, {'name': ' None', 'count': 0, 'meta': ''}, {'name': ' None', 'count': 0, 'meta': ''}, {'name': ' None', 'count': 0, 'meta': ''}, {'name': ' None', 'count': 0, 'meta': ''}, {'name': ' None', 'count': 0, 'meta': ''}, {'name': ' None', 'count': 0, 'meta': ''}, {'name': ' None', 'count': 0, 'meta': ''}, {'name': ' None', 'count': 0, 'meta': ''}, {'name': ' None', 'count': 0, 'meta': ''}, {'name': ' None', 'count': 0, 'meta': ''}, {'name': ' None', 'count': 0, 'meta': ''}, {'name': ' None', 'count': 0, 'meta': ''}, {'name': ' None', 'count': 0, 'meta': ''}, {'name': ' None', 'count': 0, 'meta': ''}, {'name': ' None', 'count': 0, 'meta': ''}, {'name': ' None', 'count': 0, 'meta': ''}, {'name': ' None', 'count': 0, 'meta': ''}, {'name': ' None', 'count': 0, 'meta': ''}, {'name': ' None', 'count': 0, 'meta': ''}, {'name': ' None', 'count': 0, 'meta': ''}, {'name': ' None', 'count': 0, 'meta': ''}, {'name': ' None', 'count': 0, 'meta': ''}, {'name': ' None', 'count': 0, 'meta': ''}, {'name': ' None', 'count': 0, 'meta': ''}, {'name': ' None', 'count': 0, 'meta': ''}]","Armor Slot 0: None, Count: 0; Armor Slot 1: None, Count: 0; Armor Slot 2: None, Count: 0; Armor Slot 3: None, Count: 0; ","Offhand: None, Count: 0; ",[],20.0,20.0,"[-0.5429230475753779, -0.2588197203616776, -0.7989035716301229]",west,6,0 minecraft:air,False,Player is not currently riding anything,0.0784000015258789
118.0,13:50:40.529961600,2025-11-07,literal{minecrafter256},"(104.79001443429406, 72.0, 153.43938865010162)",20.0,"[{'name': ' Birch Log', 'count': 8, 'meta': ''}, {'name': ' None', 'count': 0, 'meta': ''}, {'name': ' None', 'count': 0, 'meta': ''}, {'name': ' None', 'count': 0, 'meta': ''}, {'name': ' None', 'count': 0, 'meta': ''}, {'name': ' None', 'count': 0, 'meta': ''}, {'name': ' None', 'count': 0, 'meta': ''}, {'name': ' None', 'count': 0, 'meta': ''}, {'name': ' None', 'count': 0, 'meta': ''}, {'name': ' None', 'count': 0, 'meta': ''}, {'name': ' None', 'count': 0, 'meta': ''}, {'name': ' None', 'count': 0, 'meta': ''}, {'name': ' None', 'count': 0, 'meta': ''}, {'name': ' None', 'count': 0, 'meta': ''}, {'name': ' None', 'count': 0, 'meta': ''}, {'name': ' None', 'count': 0, 'meta': ''}, {'name': ' None', 'count': 0, 'meta': ''}, {'name': ' None', 'count': 0, 'meta': ''}, {'name': ' None', 'count': 0, 'meta': ''}, {'name': ' None', 'count': 0, 'meta': ''}, {'name': ' None', 'count': 0, 'meta': ''}, {'name': ' None', 'count': 0, 'meta': ''}, {'name': ' None', 'count': 0, 'meta': ''}, {'name': ' None', 'count': 0, 'meta': ''}, {'name': ' None', 'count': 0, 'meta': ''}, {'name': ' None', 'count': 0, 'meta': ''}, {'name': ' None', 'count': 0, 'meta': ''}, {'name': ' None', 'count': 0, 'meta': ''}, {'name': ' None', 'count': 0, 'meta': ''}, {'name': ' None', 'count': 0, 'meta': ''}, {'name': ' None', 'count': 0, 'meta': ''}, {'name': ' None', 'count': 0, 'meta': ''}, {'name': ' None', 'count': 0, 'meta': ''}, {'name': ' None', 'count': 0, 'meta': ''}, {'name': ' None', 'count': 0, 'meta': ''}, {'name': ' None', 'count': 0, 'meta': ''}]","Armor Slot 0: None, Count: 0; Armor Slot 1: None, Count: 0; Armor Slot 2: None, Count: 0; Armor Slot 3: None, Count: 0; ","Offhand: None, Count: 0; ",[],20.0,20.0,"[-0.5429230475753779, -0.2588197203616776, -0.7989035716301229]",west,6,0 minecraft:air,False,Player is not currently riding anything,0.0784000015258789
79.0,13:51:03.191132900,2025-11-07,literal{minecrafter256},"(104.79001443429406, 72.0, 153.43938865010162)",20.0,"[{'name': ' Birch Log', 'count': 8, 'meta': ''}, {'name': ' None', 'count': 0, 'meta': ''}, {'name': ' None', 'count': 0, 'meta': ''}, {'name': ' None', 'count': 0, 'meta': ''}, {'name': ' None', 'count': 0, 'meta': ''}, {'name': ' None', 'count': 0, 'meta': ''}, {'name': ' None', 'count': 0, 'meta': ''}, {'name': ' None', 'count': 0, 'meta': ''}, {'name': ' None', 'count': 0, 'meta': ''}, {'name': ' None', 'count': 0, 'meta': ''}, {'name': ' None', 'count': 0, 'meta': ''}, {'name': ' None', 'count': 0, 'meta': ''}, {'name': ' None', 'count': 0, 'meta': ''}, {'name': ' None', 'count': 0, 'meta': ''}, {'name': ' None', 'count': 0, 'meta': ''}, {'name': ' None', 'count': 0, 'meta': ''}, {'name': ' None', 'count': 0, 'meta': ''}, {'name': ' None', 'count': 0, 'meta': ''}, {'name': ' None', 'count': 0, 'meta': ''}, {'name': ' None', 'count': 0, 'meta': ''}, {'name': ' None', 'count': 0, 'meta': ''}, {'name': ' None', 'count': 0, 'meta': ''}, {'name': ' None', 'count': 0, 'meta': ''}, {'name': ' None', 'count': 0, 'meta': ''}, {'name': ' None', 'count': 0, 'meta': ''}, {'name': ' None', 'count': 0, 'meta': ''}, {'name': ' None', 'count': 0, 'meta': ''}, {'name': ' None', 'count': 0, 'meta': ''}, {'name': ' None', 'count': 0, 'meta': ''}, {'name': ' None', 'count': 0, 'meta': ''}, {'name': ' None', 'count': 0, 'meta': ''}, {'name': ' None', 'count': 0, 'meta': ''}, {'name': ' None', 'count': 0, 'meta': ''}, {'name': ' None', 'count': 0, 'meta': ''}, {'name': ' None', 'count': 0, 'meta': ''}, {'name': ' None', 'count': 0, 'meta': ''}]","Armor Slot 0: None, Count: 0; Armor Slot 1: None, Count: 0; Armor Slot 2: None, Count: 0; Armor Slot 3: None, Count: 0; ","Offhand: None, Count: 0; ",[],20.0,20.0,"[-0.5433020414125687, -0.25629005529905485, -0.7994612556914455]",west,6,0 minecraft:air,False,Player is not currently riding anything,0.0784000015258789
79.0,13:51:03.233007100,2025-11-07,literal{minecrafter256},"(104.79001443429406, 72.0, 153.43938865010162)",20.0,"[{'name': ' Birch Log', 'count': 8, 'meta': ''}, {'name': ' None', 'count': 0, 'meta': ''}, {'name': ' None', 'count': 0, 'meta': ''}, {'name': ' None', 'count': 0, 'meta': ''}, {'name': ' None', 'count': 0, 'meta': ''}, {'name': ' None', 'count': 0, 'meta': ''}, {'name': ' None', 'count': 0, 'meta': ''}, {'name': ' None', 'count': 0, 'meta': ''}, {'name': ' None', 'count': 0, 'meta': ''}, {'name': ' None', 'count': 0, 'meta': ''}, {'name': ' None', 'count': 0, 'meta': ''}, {'name': ' None', 'count': 0, 'meta': ''}, {'name': ' None', 'count': 0, 'meta': ''}, {'name': ' None', 'count': 0, 'meta': ''}, {'name': ' None', 'count': 0, 'meta': ''}, {'name': ' None', 'count': 0, 'meta': ''}, {'name': ' None', 'count': 0, 'meta': ''}, {'name': ' None', 'count': 0, 'meta': ''}, {'name': ' None', 'count': 0, 'meta': ''}, {'name': ' None', 'count': 0, 'meta': ''}, {'name': ' None', 'count': 0, 'meta': ''}, {'name': ' None', 'count': 0, 'meta': ''}, {'name': ' None', 'count': 0, 'meta': ''}, {'name': ' None', 'count': 0, 'meta': ''}, {'name': ' None', 'count': 0, 'meta': ''}, {'name': ' None', 'count': 0, 'meta': ''}, {'name': ' None', 'count': 0, 'meta': ''}, {'name': ' None', 'count': 0, 'meta': ''}, {'name': ' None', 'count': 0, 'meta': ''}, {'name': ' None', 'count': 0, 'meta': ''}, {'name': ' None', 'count': 0, 'meta': ''}, {'name': ' None', 'count': 0, 'meta': ''}, {'name': ' None', 'count': 0, 'meta': ''}, {'name': ' None', 'count': 0, 'meta': ''}, {'name': ' None', 'count': 0, 'meta': ''}, {'name': ' None', 'count': 0, 'meta': ''}]","Armor Slot 0: None, Count: 0; Armor Slot 1: None, Count: 0; Armor Slot 2: None, Count: 0; Armor Slot 3: None, Count: 0; ","Offhand: None, Count: 0; ",[],20.0,20.0,"[-0.5433020414125687, -0.25629005529905485, -0.7994612556914455]",west,6,0 minecraft:air,False,Player is not currently riding anything,0.0784000015258789
79.0,13:51:03.281849700,2025-11-07,literal{minecrafter256},"(104.79001443429406, 72.0, 153.43938865010162)",20.0,"[{'name': ' Birch Log', 'count': 8, 'meta': ''}, {'name': ' None', 'count': 0, 'meta': ''}, {'name': ' None', 'count': 0, 'meta': ''}, {'name': ' None', 'count': 0, 'meta': ''}, {'name': ' None', 'count': 0, 'meta': ''}, {'name': ' None', 'count': 0, 'meta': ''}, {'name': ' None', 'count': 0, 'meta': ''}, {'name': ' None', 'count': 0, 'meta': ''}, {'name': ' None', 'count': 0, 'meta': ''}, {'name': ' None', 'count': 0, 'meta': ''}, {'name': ' None', 'count': 0, 'meta': ''}, {'name': ' None', 'count': 0, 'meta': ''}, {'name': ' None', 'count': 0, 'meta': ''}, {'name': ' None', 'count': 0, 'meta': ''}, {'name': ' None', 'count': 0, 'meta': ''}, {'name': ' None', 'count': 0, 'meta': ''}, {'name': ' None', 'count': 0, 'meta': ''}, {'name': ' None', 'count': 0, 'meta': ''}, {'name': ' None', 'count': 0, 'meta': ''}, {'name': ' None', 'count': 0, 'meta': ''}, {'name': ' None', 'count': 0, 'meta': ''}, {'name': ' None', 'count': 0, 'meta': ''}, {'name': ' None', 'count': 0, 'meta': ''}, {'name': ' None', 'count': 0, 'meta': ''}, {'name': ' None', 'count': 0, 'meta': ''}, {'name': ' None', 'count': 0, 'meta': ''}, {'name': ' None', 'count': 0, 'meta': ''}, {'name': ' None', 'count': 0, 'meta': ''}, {'name': ' None', 'count': 0, 'meta': ''}, {'name': ' None', 'count': 0, 'meta': ''}, {'name': ' None', 'count': 0, 'meta': ''}, {'name': ' None', 'count': 0, 'meta': ''}, {'name': ' None', 'count': 0, 'meta': ''}, {'name': ' None', 'count': 0, 'meta': ''}, {'name': ' None', 'count': 0, 'meta': ''}, {'name': ' None', 'count': 0, 'meta': ''}]","Armor Slot 0: None, Count: 0; Armor Slot 1: None, Count: 0; Armor Slot 2: None, Count: 0; Armor Slot 3: None, Count: 0; ","Offhand: None, Count: 0; ",[],20.0,20.0,"[-0.5436773115373407, -0.2537586336620242, -0.8000134603627067]",west,6,0 minecraft:air,False,Player is not currently riding anything,0.0784000015258789
79.0,13:51:03.329973500,2025-11-07,literal{minecrafter256},"(104.79001443429406, 72.0, 153.43938865010162)",20.0,"[{'name': ' Birch Log', 'count': 8, 'meta': ''}, {'name': ' None', 'count': 0, 'meta': ''}, {'name': ' None', 'count': 0, 'meta': ''}, {'name': ' None', 'count': 0, 'meta': ''}, {'name': ' None', 'count': 0, 'meta': ''}, {'name': ' None', 'count': 0, 'meta': ''}, {'name': ' None', 'count': 0, 'meta': ''}, {'name': ' None', 'count': 0, 'meta': ''}, {'name': ' None', 'count': 0, 'meta': ''}, {'name': ' None', 'count': 0, 'meta': ''}, {'name': ' None', 'count': 0, 'meta': ''}, {'name': ' None', 'count': 0, 'meta': ''}, {'name': ' None', 'count': 0, 'meta': ''}, {'name': ' None', 'count': 0, 'meta': ''}, {'name': ' None', 'count': 0, 'meta': ''}, {'name': ' None', 'count': 0, 'meta': ''}, {'name': ' None', 'count': 0, 'meta': ''}, {'name': ' None', 'count': 0, 'meta': ''}, {'name': ' None', 'count': 0, 'meta': ''}, {'name': ' None', 'count': 0, 'meta': ''}, {'name': ' None', 'count': 0, 'meta': ''}, {'name': ' None', 'count': 0, 'meta': ''}, {'name': ' None', 'count': 0, 'meta': ''}, {'name': ' None', 'count': 0, 'meta': ''}, {'name': ' None', 'count': 0, 'meta': ''}, {'name': ' None', 'count': 0, 'meta': ''}, {'name': ' None', 'count': 0, 'meta': ''}, {'name': ' None', 'count': 0, 'meta': ''}, {'name': ' None', 'count': 0, 'meta': ''}, {'name': ' None', 'count': 0, 'meta': ''}, {'name': ' None', 'count': 0, 'meta': ''}, {'name': ' None', 'count': 0, 'meta': ''}, {'name': ' None', 'count': 0, 'meta': ''}, {'name': ' None', 'count': 0, 'meta': ''}, {'name': ' None', 'count': 0, 'meta': ''}, {'name': ' None', 'count': 0, 'meta': ''}]","Armor Slot 0: None, Count: 0; Armor Slot 1: None, Count: 0; Armor Slot 2: None, Count: 0; Armor Slot 3: None, Count: 0; ","Offhand: None, Count: 0; ",[],20.0,20.0,"[-0.5419511103336754, -0.25122547280057783, -0.8019817677629727]",west,6,0 minecraft:air,False,Player is not currently riding anything,0.0784000015258789
79.0,13:51:03.378972100,2025-11-07,literal{minecrafter256},"(104.79001443429406, 72.0, 153.43938865010162)",20.0,"[{'name': ' Birch Log', 'count': 8, 'meta': ''}, {'name': ' None', 'count': 0, 'meta': ''}, {'name': ' None', 'count': 0, 'meta': ''}, {'name': ' None', 'count': 0, 'meta': ''}, {'name': ' None', 'count': 0, 'meta': ''}, {'name': ' None', 'count': 0, 'meta': ''}, {'name': ' None', 'count': 0, 'meta': ''}, {'name': ' None', 'count': 0, 'meta': ''}, {'name': ' None', 'count': 0, 'meta': ''}, {'name': ' None', 'count': 0, 'meta': ''}, {'name': ' None', 'count': 0, 'meta': ''}, {'name': ' None', 'count': 0, 'meta': ''}, {'name': ' None', 'count': 0, 'meta': ''}, {'name': ' None', 'count': 0, 'meta': ''}, {'name': ' None', 'count': 0, 'meta': ''}, {'name': ' None', 'count': 0, 'meta': ''}, {'name': ' None', 'count': 0, 'meta': ''}, {'name': ' None', 'count': 0, 'meta': ''}, {'name': ' None', 'count': 0, 'meta': ''}, {'name': ' None', 'count': 0, 'meta': ''}, {'name': ' None', 'count': 0, 'meta': ''}, {'name': ' None', 'count': 0, 'meta': ''}, {'name': ' None', 'count': 0, 'meta': ''}, {'name': ' None', 'count': 0, 'meta': ''}, {'name': ' None', 'count': 0, 'meta': ''}, {'name': ' None', 'count': 0, 'meta': ''}, {'name': ' None', 'count': 0, 'meta': ''}, {'name': ' None', 'count': 0, 'meta': ''}, {'name': ' None', 'count': 0, 'meta': ''}, {'name': ' None', 'count': 0, 'meta': ''}, {'name': ' None', 'count': 0, 'meta': ''}, {'name': ' None', 'count': 0, 'meta': ''}, {'name': ' None', 'count': 0, 'meta': ''}, {'name': ' None', 'count': 0, 'meta': ''}, {'name': ' None', 'count': 0, 'meta': ''}, {'name': ' None', 'count': 0, 'meta': ''}]","Armor Slot 0: None, Count: 0; Armor Slot 1: None, Count: 0; Armor Slot 2: None, Count: 0; Armor Slot 3: None, Count: 0; ","Offhand: None, Count: 0; ",[],20.0,20.0,"[-0.5394166060496538, -0.22325080718154025, -0.8119044292345394]",west,6,0 minecraft:air,False,Player is not currently riding anything,0.0784000015258789
79.0,13:51:03.430005200,2025-11-07,literal{minecrafter256},"(104.79001443429406, 72.0, 153.43938865010162)",20.0,"[{'name': ' Birch Log', 'count': 8, 'meta': ''}, {'name': ' None', 'count': 0, 'meta': ''}, {'name': ' None', 'count': 0, 'meta': ''}, {'name': ' None', 'count': 0, 'meta': ''}, {'name': ' None', 'count': 0, 'meta': ''}, {'name': ' None', 'count': 0, 'meta': ''}, {'name': ' None', 'count': 0, 'meta': ''}, {'name': ' None', 'count': 0, 'meta': ''}, {'name': ' None', 'count': 0, 'meta': ''}, {'name': ' None', 'count': 0, 'meta': ''}, {'name': ' None', 'count': 0, 'meta': ''}, {'name': ' None', 'count': 0, 'meta': ''}, {'name': ' None', 'count': 0, 'meta': ''}, {'name': ' None', 'count': 0, 'meta': ''}, {'name': ' None', 'count': 0, 'meta': ''}, {'name': ' None', 'count': 0, 'meta': ''}, {'name': ' None', 'count': 0, 'meta': ''}, {'name': ' None', 'count': 0, 'meta': ''}, {'name': ' None', 'count': 0, 'meta': ''}, {'name': ' None', 'count': 0, 'meta': ''}, {'name': ' None', 'count': 0, 'meta': ''}, {'name': ' None', 'count': 0, 'meta': ''}, {'name': ' None', 'count': 0, 'meta': ''}, {'name': ' None', 'count': 0, 'meta': ''}, {'name': ' None', 'count': 0, 'meta': ''}, {'name': ' None', 'count': 0, 'meta': ''}, {'name': ' None', 'count': 0, 'meta': ''}, {'name': ' None', 'count': 0, 'meta': ''}, {'name': ' None', 'count': 0, 'meta': ''}, {'name': ' None', 'count': 0, 'meta': ''}, {'name': ' None', 'count': 0, 'meta': ''}, {'name': ' None', 'count': 0, 'meta': ''}, {'name': ' None', 'count': 0, 'meta': ''}, {'name': ' None', 'count': 0, 'meta': ''}, {'name': ' None', 'count': 0, 'meta': ''}, {'name': ' None', 'count': 0, 'meta': ''}]","Armor Slot 0: None, Count: 0; Armor Slot 1: None, Count: 0; Armor Slot 2: None, Count: 0; Armor Slot 3: None, Count: 0; ","Offhand: None, Count: 0; ",[],20.0,20.0,"[-0.5406807470586262, -0.2130310888229559, -0.8138071546472369]",west,6,0 minecraft:air,False,Player is not currently riding anything,0.0784000015258789
79.0,13:51:03.480462600,2025-11-07,literal{minecrafter256},"(104.79001443429406, 72.0, 153.43938865010162)",20.0,"[{'name': ' Birch Log', 'count': 8, 'meta': ''}, {'name': ' None', 'count': 0, 'meta': ''}, {'name': ' None', 'count': 0, 'meta': ''}, {'name': ' None', 'count': 0, 'meta': ''}, {'name': ' None', 'count': 0, 'meta': ''}, {'name': ' None', 'count': 0, 'meta': ''}, {'name': ' None', 'count': 0, 'meta': ''}, {'name': ' None', 'count': 0, 'meta': ''}, {'name': ' None', 'count': 0, 'meta': ''}, {'name': ' None', 'count': 0, 'meta': ''}, {'name': ' None', 'count': 0, 'meta': ''}, {'name': ' None', 'count': 0, 'meta': ''}, {'name': ' None', 'count': 0, 'meta': ''}, {'name': ' None', 'count': 0, 'meta': ''}, {'name': ' None', 'count': 0, 'meta': ''}, {'name': ' None', 'count': 0, 'meta': ''}, {'name': ' None', 'count': 0, 'meta': ''}, {'name': ' None', 'count': 0, 'meta': ''}, {'name': ' None', 'count': 0, 'meta': ''}, {'name': ' None', 'count': 0, 'meta': ''}, {'name': ' None', 'count': 0, 'meta': ''}, {'name': ' None', 'count': 0, 'meta': ''}, {'name': ' None', 'count': 0, 'meta': ''}, {'name': ' None', 'count': 0, 'meta': ''}, {'name': ' None', 'count': 0, 'meta': ''}, {'name': ' None', 'count': 0, 'meta': ''}, {'name': ' None', 'count': 0, 'meta': ''}, {'name': ' None', 'count': 0, 'meta': ''}, {'name': ' None', 'count': 0, 'meta': ''}, {'name': ' None', 'count': 0, 'meta': ''}, {'name': ' None', 'count': 0, 'meta': ''}, {'name': ' None', 'count': 0, 'meta': ''}, {'name': ' None', 'count': 0, 'meta': ''}, {'name': ' None', 'count': 0, 'meta': ''}, {'name': ' None', 'count': 0, 'meta': ''}, {'name': ' None', 'count': 0, 'meta': ''}]","Armor Slot 0: None, Count: 0; Armor Slot 1: None, Count: 0; Armor Slot 2: None, Count: 0; Armor Slot 3: None, Count: 0; ","Offhand: None, Count: 0; ",[],20.0,20.0,"[-0.5449344435628165, -0.2130310888229559, -0.8109649853192118]",west,6,0 minecraft:air,False,Player is not currently riding anything,0.0784000015258789
79.0,13:51:03.529050900,2025-11-07,literal{minecrafter256},"(104.79001443429406, 72.0, 153.43938865010162)",20.0,"[{'name': ' Birch Log', 'count': 8, 'meta': ''}, {'name': ' None', 'count': 0, 'meta': ''}, {'name': ' None', 'count': 0, 'meta': ''}, {'name': ' None', 'count': 0, 'meta': ''}, {'name': ' None', 'count': 0, 'meta': ''}, {'name': ' None', 'count': 0, 'meta': ''}, {'name': ' None', 'count': 0, 'meta': ''}, {'name': ' None', 'count': 0, 'meta': ''}, {'name': ' None', 'count': 0, 'meta': ''}, {'name': ' None', 'count': 0, 'meta': ''}, {'name': ' None', 'count': 0, 'meta': ''}, {'name': ' None', 'count': 0, 'meta': ''}, {'name': ' None', 'count': 0, 'meta': ''}, {'name': ' None', 'count': 0, 'meta': ''}, {'name': ' None', 'count': 0, 'meta': ''}, {'name': ' None', 'count': 0, 'meta': ''}, {'name': ' None', 'count': 0, 'meta': ''}, {'name': ' None', 'count': 0, 'meta': ''}, {'name': ' None', 'count': 0, 'meta': ''}, {'name': ' None', 'count': 0, 'meta': ''}, {'name': ' None', 'count': 0, 'meta': ''}, {'name': ' None', 'count': 0, 'meta': ''}, {'name': ' None', 'count': 0, 'meta': ''}, {'name': ' None', 'count': 0, 'meta': ''}, {'name': ' None', 'count': 0, 'meta': ''}, {'name': ' None', 'count': 0, 'meta': ''}, {'name': ' None', 'count': 0, 'meta': ''}, {'name': ' None', 'count': 0, 'meta': ''}, {'name': ' None', 'count': 0, 'meta': ''}, {'name': ' None', 'count': 0, 'meta': ''}, {'name': ' None', 'count': 0, 'meta': ''}, {'name': ' None', 'count': 0, 'meta': ''}, {'name': ' None', 'count': 0, 'meta': ''}, {'name': ' None', 'count': 0, 'meta': ''}, {'name': ' None', 'count': 0, 'meta': ''}, {'name': ' None', 'count': 0, 'meta': ''}]","Armor Slot 0: None, Count: 0; Armor Slot 1: None, Count: 0; Armor Slot 2: None, Count: 0; Armor Slot 3: None, Count: 0; ","Offhand: None, Count: 0; ",[],20.0,20.0,"[-0.5428094555261821, -0.2130310888229559, -0.8123888540509868]",west,6,0 minecraft:air,False,Player is not currently riding anything,0.0784000015258789
79.0,13:51:03.579376900,2025-11-07,literal{minecrafter256},"(104.79001443429406, 72.0, 153.43938865010162)",20.0,"[{'name': ' Birch Log', 'count': 8, 'meta': ''}, {'name': ' None', 'count': 0, 'meta': ''}, {'name': ' None', 'count': 0, 'meta': ''}, {'name': ' None', 'count': 0, 'meta': ''}, {'name': ' None', 'count': 0, 'meta': ''}, {'name': ' None', 'count': 0, 'meta': ''}, {'name': ' None', 'count': 0, 'meta': ''}, {'name': ' None', 'count': 0, 'meta': ''}, {'name': ' None', 'count': 0, 'meta': ''}, {'name': ' None', 'count': 0, 'meta': ''}, {'name': ' None', 'count': 0, 'meta': ''}, {'name': ' None', 'count': 0, 'meta': ''}, {'name': ' None', 'count': 0, 'meta': ''}, {'name': ' None', 'count': 0, 'meta': ''}, {'name': ' None', 'count': 0, 'meta': ''}, {'name': ' None', 'count': 0, 'meta': ''}, {'name': ' None', 'count': 0, 'meta': ''}, {'name': ' None', 'count': 0, 'meta': ''}, {'name': ' None', 'count': 0, 'meta': ''}, {'name': ' None', 'count': 0, 'meta': ''}, {'name': ' None', 'count': 0, 'meta': ''}, {'name': ' None', 'count': 0, 'meta': ''}, {'name': ' None', 'count': 0, 'meta': ''}, {'name': ' None', 'count': 0, 'meta': ''}, {'name': ' None', 'count': 0, 'meta': ''}, {'name': ' None', 'count': 0, 'meta': ''}, {'name': ' None', 'count': 0, 'meta': ''}, {'name': ' None', 'count': 0, 'meta': ''}, {'name': ' None', 'count': 0, 'meta': ''}, {'name': ' None', 'count': 0, 'meta': ''}, {'name': ' None', 'count': 0, 'meta': ''}, {'name': ' None', 'count': 0, 'meta': ''}, {'name': ' None', 'count': 0, 'meta': ''}, {'name': ' None', 'count': 0, 'meta': ''}, {'name': ' None', 'count': 0, 'meta': ''}, {'name': ' None', 'count': 0, 'meta': ''}]","Armor Slot 0: None, Count: 0; Armor Slot 1: None, Count: 0; Armor Slot 2: None, Count: 0; Armor Slot 3: None, Count: 0; ","Offhand: None, Count: 0; ",[],20.0,20.0,"[-0.5428094555261821, -0.2130310888229559, -0.8123888540509868]",west,6,0 minecraft:air,False,Player is not currently riding anything,0.0784000015258789
79.0,13:51:03.628917900,2025-11-07,literal{minecrafter256},"(104.79001443429406, 72.0, 153.43938865010162)",20.0,"[{'name': ' Birch Log', 'count': 8, 'meta': ''}, {'name': ' None', 'count': 0, 'meta': ''}, {'name': ' None', 'count': 0, 'meta': ''}, {'name': ' None', 'count': 0, 'meta': ''}, {'name': ' None', 'count': 0, 'meta': ''}, {'name': ' None', 'count': 0, 'meta': ''}, {'name': ' None', 'count': 0, 'meta': ''}, {'name': ' None', 'count': 0, 'meta': ''}, {'name': ' None', 'count': 0, 'meta': ''}, {'name': ' None', 'count': 0, 'meta': ''}, {'name': ' None', 'count': 0, 'meta': ''}, {'name': ' None', 'count': 0, 'meta': ''}, {'name': ' None', 'count': 0, 'meta': ''}, {'name': ' None', 'count': 0, 'meta': ''}, {'name': ' None', 'count': 0, 'meta': ''}, {'name': ' None', 'count': 0, 'meta': ''}, {'name': ' None', 'count': 0, 'meta': ''}, {'name': ' None', 'count': 0, 'meta': ''}, {'name': ' None', 'count': 0, 'meta': ''}, {'name': ' None', 'count': 0, 'meta': ''}, {'name': ' None', 'count': 0, 'meta': ''}, {'name': ' None', 'count': 0, 'meta': ''}, {'name': ' None', 'count': 0, 'meta': ''}, {'name': ' None', 'count': 0, 'meta': ''}, {'name': ' None', 'count': 0, 'meta': ''}, {'name': ' None', 'count': 0, 'meta': ''}, {'name': ' None', 'count': 0, 'meta': ''}, {'name': ' None', 'count': 0, 'meta': ''}, {'name': ' None', 'count': 0, 'meta': ''}, {'name': ' None', 'count': 0, 'meta': ''}, {'name': ' None', 'count': 0, 'meta': ''}, {'name': ' None', 'count': 0, 'meta': ''}, {'name': ' None', 'count': 0, 'meta': ''}, {'name': ' None', 'count': 0, 'meta': ''}, {'name': ' None', 'count': 0, 'meta': ''}, {'name': ' None', 'count': 0, 'meta': ''}]","Armor Slot 0: None, Count: 0; Armor Slot 1: None, Count: 0; Armor Slot 2: None, Count: 0; Armor Slot 3: None, Count: 0; ","Offhand: None, Count: 0; ",[],20.0,20.0,"[-0.5428094555261821, -0.2130310888229559, -0.8123888540509868]",west,6,0 minecraft:air,False,Player is not currently riding anything,0.0784000015258789
79.0,13:51:03.681721500,2025-11-07,literal{minecrafter256},"(104.79001443429406, 72.0, 153.43938865010162)",20.0,"[{'name': ' Birch Log', 'count': 8, 'meta': ''}, {'name': ' None', 'count': 0, 'meta': ''}, {'name': ' None', 'count': 0, 'meta': ''}, {'name': ' None', 'count': 0, 'meta': ''}, {'name': ' None', 'count': 0, 'meta': ''}, {'name': ' None', 'count': 0, 'meta': ''}, {'name': ' None', 'count': 0, 'meta': ''}, {'name': ' None', 'count': 0, 'meta': ''}, {'name': ' None', 'count': 0, 'meta': ''}, {'name': ' None', 'count': 0, 'meta': ''}, {'name': ' None', 'count': 0, 'meta': ''}, {'name': ' None', 'count': 0, 'meta': ''}, {'name': ' None', 'count': 0, 'meta': ''}, {'name': ' None', 'count': 0, 'meta': ''}, {'name': ' None', 'count': 0, 'meta': ''}, {'name': ' None', 'count': 0, 'meta': ''}, {'name': ' None', 'count': 0, 'meta': ''}, {'name': ' None', 'count': 0, 'meta': ''}, {'name': ' None', 'count': 0, 'meta': ''}, {'name': ' None', 'count': 0, 'meta': ''}, {'name': ' None', 'count': 0, 'meta': ''}, {'name': ' None', 'count': 0, 'meta': ''}, {'name': ' None', 'count': 0, 'meta': ''}, {'name': ' None', 'count': 0, 'meta': ''}, {'name': ' None', 'count': 0, 'meta': ''}, {'name': ' None', 'count': 0, 'meta': ''}, {'name': ' None', 'count': 0, 'meta': ''}, {'name': ' None', 'count': 0, 'meta': ''}, {'name': ' None', 'count': 0, 'meta': ''}, {'name': ' None', 'count': 0, 'meta': ''}, {'name': ' None', 'count': 0, 'meta': ''}, {'name': ' None', 'count': 0, 'meta': ''}, {'name': ' None', 'count': 0, 'meta': ''}, {'name': ' None', 'count': 0, 'meta': ''}, {'name': ' None', 'count': 0, 'meta': ''}, {'name': ' None', 'count': 0, 'meta': ''}]","Armor Slot 0: None, Count: 0; Armor Slot 1: None, Count: 0; Armor Slot 2: None, Count: 0; Armor Slot 3: None, Count: 0; ","Offhand: None, Count: 0; ",[],20.0,20.0,"[-0.5424977516626698, -0.21558824828544157, -0.8119223464360142]",west,6,0 minecraft:air,False,Player is not currently riding anything,0.0784000015258789
79.0,13:51:03.730051500,2025-11-07,literal{minecrafter256},"(104.79001443429406, 72.0, 153.43938865010162)",20.0,"[{'name': ' Birch Log', 'count': 8, 'meta': ''}, {'name': ' None', 'count': 0, 'meta': ''}, {'name': ' None', 'count': 0, 'meta': ''}, {'name': ' None', 'count': 0, 'meta': ''}, {'name': ' None', 'count': 0, 'meta': ''}, {'name': ' None', 'count': 0, 'meta': ''}, {'name': ' None', 'count': 0, 'meta': ''}, {'name': ' None', 'count': 0, 'meta': ''}, {'name': ' None', 'count': 0, 'meta': ''}, {'name': ' None', 'count': 0, 'meta': ''}, {'name': ' None', 'count': 0, 'meta': ''}, {'name': ' None', 'count': 0, 'meta': ''}, {'name': ' None', 'count': 0, 'meta': ''}, {'name': ' None', 'count': 0, 'meta': ''}, {'name': ' None', 'count': 0, 'meta': ''}, {'name': ' None', 'count': 0, 'meta': ''}, {'name': ' None', 'count': 0, 'meta': ''}, {'name': ' None', 'count': 0, 'meta': ''}, {'name': ' None', 'count': 0, 'meta': ''}, {'name': ' None', 'count': 0, 'meta': ''}, {'name': ' None', 'count': 0, 'meta': ''}, {'name': ' None', 'count': 0, 'meta': ''}, {'name': ' None', 'count': 0, 'meta': ''}, {'name': ' None', 'count': 0, 'meta': ''}, {'name': ' None', 'count': 0, 'meta': ''}, {'name': ' None', 'count': 0, 'meta': ''}, {'name': ' None', 'count': 0, 'meta': ''}, {'name': ' None', 'count': 0, 'meta': ''}, {'name': ' None', 'count': 0, 'meta': ''}, {'name': ' None', 'count': 0, 'meta': ''}, {'name': ' None', 'count': 0, 'meta': ''}, {'name': ' None', 'count': 0, 'meta': ''}, {'name': ' None', 'count': 0, 'meta': ''}, {'name': ' None', 'count': 0, 'meta': ''}, {'name': ' None', 'count': 0, 'meta': ''}, {'name': ' None', 'count': 0, 'meta': ''}]","Armor Slot 0: None, Count: 0; Armor Slot 1: None, Count: 0; Armor Slot 2: None, Count: 0; Armor Slot 3: None, Count: 0; ","Offhand: None, Count: 0; ",[],20.0,20.0,"[-0.5424977516626698, -0.21558824828544157, -0.8119223464360142]",west,6,0 minecraft:air,False,Player is not currently riding anything,0.0784000015258789
79.0,13:51:03.782899400,2025-11-07,literal{minecrafter256},"(104.79001443429406, 72.0, 153.43938865010162)",20.0,"[{'name': ' Birch Log', 'count': 8, 'meta': ''}, {'name': ' None', 'count': 0, 'meta': ''}, {'name': ' None', 'count': 0, 'meta': ''}, {'name': ' None', 'count': 0, 'meta': ''}, {'name': ' None', 'count': 0, 'meta': ''}, {'name': ' None', 'count': 0, 'meta': ''}, {'name': ' None', 'count': 0, 'meta': ''}, {'name': ' None', 'count': 0, 'meta': ''}, {'name': ' None', 'count': 0, 'meta': ''}, {'name': ' None', 'count': 0, 'meta': ''}, {'name': ' None', 'count': 0, 'meta': ''}, {'name': ' None', 'count': 0, 'meta': ''}, {'name': ' None', 'count': 0, 'meta': ''}, {'name': ' None', 'count': 0, 'meta': ''}, {'name': ' None', 'count': 0, 'meta': ''}, {'name': ' None', 'count': 0, 'meta': ''}, {'name': ' None', 'count': 0, 'meta': ''}, {'name': ' None', 'count': 0, 'meta': ''}, {'name': ' None', 'count': 0, 'meta': ''}, {'name': ' None', 'count': 0, 'meta': ''}, {'name': ' None', 'count': 0, 'meta': ''}, {'name': ' None', 'count': 0, 'meta': ''}, {'name': ' None', 'count': 0, 'meta': ''}, {'name': ' None', 'count': 0, 'meta': ''}, {'name': ' None', 'count': 0, 'meta': ''}, {'name': ' None', 'count': 0, 'meta': ''}, {'name': ' None', 'count': 0, 'meta': ''}, {'name': ' None', 'count': 0, 'meta': ''}, {'name': ' None', 'count': 0, 'meta': ''}, {'name': ' None', 'count': 0, 'meta': ''}, {'name': ' None', 'count': 0, 'meta': ''}, {'name': ' None', 'count': 0, 'meta': ''}, {'name': ' None', 'count': 0, 'meta': ''}, {'name': ' None', 'count': 0, 'meta': ''}, {'name': ' None', 'count': 0, 'meta': ''}, {'name': ' None', 'count': 0, 'meta': ''}]","Armor Slot 0: None, Count: 0; Armor Slot 1: None, Count: 0; Armor Slot 2: None, Count: 0; Armor Slot 3: None, Count: 0; ","Offhand: None, Count: 0; ",[],20.0,20.0,"[-0.5200554359137709, -0.18480975022174428, -0.83389909449496]",west,6,0 minecraft:air,False,Player is not currently riding anything,0.0784000015258789
79.0,13:51:03.832232,2025-11-07,literal{minecrafter256},"(104.79001443429406, 72.0, 153.43938865010162)",20.0,"[{'name': ' Birch Log', 'count': 8, 'meta': ''}, {'name': ' None', 'count': 0, 'meta': ''}, {'name': ' None', 'count': 0, 'meta': ''}, {'name': ' None', 'count': 0, 'meta': ''}, {'name': ' None', 'count': 0, 'meta': ''}, {'name': ' None', 'count': 0, 'meta': ''}, {'name': ' None', 'count': 0, 'meta': ''}, {'name': ' None', 'count': 0, 'meta': ''}, {'name': ' None', 'count': 0, 'meta': ''}, {'name': ' None', 'count': 0, 'meta': ''}, {'name': ' None', 'count': 0, 'meta': ''}, {'name': ' None', 'count': 0, 'meta': ''}, {'name': ' None', 'count': 0, 'meta': ''}, {'name': ' None', 'count': 0, 'meta': ''}, {'name': ' None', 'count': 0, 'meta': ''}, {'name': ' None', 'count': 0, 'meta': ''}, {'name': ' None', 'count': 0, 'meta': ''}, {'name': ' None', 'count': 0, 'meta': ''}, {'name': ' None', 'count': 0, 'meta': ''}, {'name': ' None', 'count': 0, 'meta': ''}, {'name': ' None', 'count': 0, 'meta': ''}, {'name': ' None', 'count': 0, 'meta': ''}, {'name': ' None', 'count': 0, 'meta': ''}, {'name': ' None', 'count': 0, 'meta': ''}, {'name': ' None', 'count': 0, 'meta': ''}, {'name': ' None', 'count': 0, 'meta': ''}, {'name': ' None', 'count': 0, 'meta': ''}, {'name': ' None', 'count': 0, 'meta': ''}, {'name': ' None', 'count': 0, 'meta': ''}, {'name': ' None', 'count': 0, 'meta': ''}, {'name': ' None', 'count': 0, 'meta': ''}, {'name': ' None', 'count': 0, 'meta': ''}, {'name': ' None', 'count': 0, 'meta': ''}, {'name': ' None', 'count': 0, 'meta': ''}, {'name': ' None', 'count': 0, 'meta': ''}, {'name': ' None', 'count': 0, 'meta': ''}]","Armor Slot 0: None, Count: 0; Armor Slot 1: None, Count: 0; Armor Slot 2: None, Count: 0; Armor Slot 3: None, Count: 0; ","Offhand: None, Count: 0; ",[],20.0,20.0,"[-0.38266264706839337, -0.007854596618085623, -0.923854752572382]",west,6,0 minecraft:air,False,Player is not currently riding anything,0.0784000015258789
118.0,13:51:03.880918,2025-11-07,literal{minecrafter256},"(104.79001443429406, 72.0, 153.43938865010162)",20.0,"[{'name': ' Birch Log', 'count': 8, 'meta': ''}, {'name': ' None', 'count': 0, 'meta': ''}, {'name': ' None', 'count': 0, 'meta': ''}, {'name': ' None', 'count': 0, 'meta': ''}, {'name': ' None', 'count': 0, 'meta': ''}, {'name': ' None', 'count': 0, 'meta': ''}, {'name': ' None', 'count': 0, 'meta': ''}, {'name': ' None', 'count': 0, 'meta': ''}, {'name': ' None', 'count': 0, 'meta': ''}, {'name': ' None', 'count': 0, 'meta': ''}, {'name': ' None', 'count': 0, 'meta': ''}, {'name': ' None', 'count': 0, 'meta': ''}, {'name': ' None', 'count': 0, 'meta': ''}, {'name': ' None', 'count': 0, 'meta': ''}, {'name': ' None', 'count': 0, 'meta': ''}, {'name': ' None', 'count': 0, 'meta': ''}, {'name': ' None', 'count': 0, 'meta': ''}, {'name': ' None', 'count': 0, 'meta': ''}, {'name': ' None', 'count': 0, 'meta': ''}, {'name': ' None', 'count': 0, 'meta': ''}, {'name': ' None', 'count': 0, 'meta': ''}, {'name': ' None', 'count': 0, 'meta': ''}, {'name': ' None', 'count': 0, 'meta': ''}, {'name': ' None', 'count': 0, 'meta': ''}, {'name': ' None', 'count': 0, 'meta': ''}, {'name': ' None', 'count': 0, 'meta': ''}, {'name': ' None', 'count': 0, 'meta': ''}, {'name': ' None', 'count': 0, 'meta': ''}, {'name': ' None', 'count': 0, 'meta': ''}, {'name': ' None', 'count': 0, 'meta': ''}, {'name': ' None', 'count': 0, 'meta': ''}, {'name': ' None', 'count': 0, 'meta': ''}, {'name': ' None', 'count': 0, 'meta': ''}, {'name': ' None', 'count': 0, 'meta': ''}, {'name': ' None', 'count': 0, 'meta': ''}, {'name': ' None', 'count': 0, 'meta': ''}]","Armor Slot 0: None, Count: 0; Armor Slot 1: None, Count: 0; Armor Slot 2: None, Count: 0; Armor Slot 3: None, Count: 0; ","Offhand: None, Count: 0; ",[],20.0,20.0,"[-0.1947929182138674, 0.1693488312710071, -0.9661142232473702]",west,6,0 minecraft:air,False,Player is not currently riding anything,0.0784000015258789
118.0,13:51:03.930069900,2025-11-07,literal{minecrafter256},"(104.79001443429406, 72.0, 153.43938865010162)",20.0,"[{'name': ' Birch Log', 'count': 8, 'meta': ''}, {'name': ' None', 'count': 0, 'meta': ''}, {'name': ' None', 'count': 0, 'meta': ''}, {'name': ' None', 'count': 0, 'meta': ''}, {'name': ' None', 'count': 0, 'meta': ''}, {'name': ' None', 'count': 0, 'meta': ''}, {'name': ' None', 'count': 0, 'meta': ''}, {'name': ' None', 'count': 0, 'meta': ''}, {'name': ' None', 'count': 0, 'meta': ''}, {'name': ' None', 'count': 0, 'meta': ''}, {'name': ' None', 'count': 0, 'meta': ''}, {'name': ' None', 'count': 0, 'meta': ''}, {'name': ' None', 'count': 0, 'meta': ''}, {'name': ' None', 'count': 0, 'meta': ''}, {'name': ' None', 'count': 0, 'meta': ''}, {'name': ' None', 'count': 0, 'meta': ''}, {'name': ' None', 'count': 0, 'meta': ''}, {'name': ' None', 'count': 0, 'meta': ''}, {'name': ' None', 'count': 0, 'meta': ''}, {'name': ' None', 'count': 0, 'meta': ''}, {'name': ' None', 'count': 0, 'meta': ''}, {'name': ' None', 'count': 0, 'meta': ''}, {'name': ' None', 'count': 0, 'meta': ''}, {'name': ' None', 'count': 0, 'meta': ''}, {'name': ' None', 'count': 0, 'meta': ''}, {'name': ' None', 'count': 0, 'meta': ''}, {'name': ' None', 'count': 0, 'meta': ''}, {'name': ' None', 'count': 0, 'meta': ''}, {'name': ' None', 'count': 0, 'meta': ''}, {'name': ' None', 'count': 0, 'meta': ''}, {'name': ' None', 'count': 0, 'meta': ''}, {'name': ' None', 'count': 0, 'meta': ''}, {'name': ' None', 'count': 0, 'meta': ''}, {'name': ' None', 'count': 0, 'meta': ''}, {'name': ' None', 'count': 0, 'meta': ''}, {'name': ' None', 'count': 0, 'meta': ''}]","Armor Slot 0: None, Count: 0; Armor Slot 1: None, Count: 0; Armor Slot 2: None, Count: 0; Armor Slot 3: None, Count: 0; ","Offhand: None, Count: 0; ",[],20.0,20.0,"[-0.07516013698751586, 0.2865239084733605, -0.9551204131842054]",west,6,0 minecraft:air,False,Player is not currently riding anything,0.0784000015258789
118.0,13:51:03.979366700,2025-11-07,literal{minecrafter256},"(104.79001443429406, 72.0, 153.43938865010162)",20.0,"[{'name': ' Birch Log', 'count': 8, 'meta': ''}, {'name': ' None', 'count': 0, 'meta': ''}, {'name': ' None', 'count': 0, 'meta': ''}, {'name': ' None', 'count': 0, 'meta': ''}, {'name': ' None', 'count': 0, 'meta': ''}, {'name': ' None', 'count': 0, 'meta': ''}, {'name': ' None', 'count': 0, 'meta': ''}, {'name': ' None', 'count': 0, 'meta': ''}, {'name': ' None', 'count': 0, 'meta': ''}, {'name': ' None', 'count': 0, 'meta': ''}, {'name': ' None', 'count': 0, 'meta': ''}, {'name': ' None', 'count': 0, 'meta': ''}, {'name': ' None', 'count': 0, 'meta': ''}, {'name': ' None', 'count': 0, 'meta': ''}, {'name': ' None', 'count': 0, 'meta': ''}, {'name': ' None', 'count': 0, 'meta': ''}, {'name': ' None', 'count': 0, 'meta': ''}, {'name': ' None', 'count': 0, 'meta': ''}, {'name': ' None', 'count': 0, 'meta': ''}, {'name': ' None', 'count': 0, 'meta': ''}, {'name': ' None', 'count': 0, 'meta': ''}, {'name': ' None', 'count': 0, 'meta': ''}, {'name': ' None', 'count': 0, 'meta': ''}, {'name': ' None', 'count': 0, 'meta': ''}, {'name': ' None', 'count': 0, 'meta': ''}, {'name': ' None', 'count': 0, 'meta': ''}, {'name': ' None', 'count': 0, 'meta': ''}, {'name': ' None', 'count': 0, 'meta': ''}, {'name': ' None', 'count': 0, 'meta': ''}, {'name': ' None', 'count': 0, 'meta': ''}, {'name': ' None', 'count': 0, 'meta': ''}, {'name': ' None', 'count': 0, 'meta': ''}, {'name': ' None', 'count': 0, 'meta': ''}, {'name': ' None', 'count': 0, 'meta': ''}, {'name': ' None', 'count': 0, 'meta': ''}, {'name': ' None', 'count': 0, 'meta': ''}]","Armor Slot 0: None, Count: 0; Armor Slot 1: None, Count: 0; Armor Slot 2: None, Count: 0; Armor Slot 3: None, Count: 0; ","Offhand: None, Count: 0; ",[],20.0,20.0,"[-0.01965773437054917, 0.34365907559812153, -0.9388887118495256]",west,6,0 minecraft:air,False,Player is not currently riding anything,0.0784000015258789
118.0,13:51:04.029440,2025-11-07,literal{minecrafter256},"(104.79001443429406, 72.0, 153.43938865010162)",20.0,"[{'name': ' Birch Log', 'count': 8, 'meta': ''}, {'name': ' None', 'count': 0, 'meta': ''}, {'name': ' None', 'count': 0, 'meta': ''}, {'name': ' None', 'count': 0, 'meta': ''}, {'name': ' None', 'count': 0, 'meta': ''}, {'name': ' None', 'count': 0, 'meta': ''}, {'name': ' None', 'count': 0, 'meta': ''}, {'name': ' None', 'count': 0, 'meta': ''}, {'name': ' None', 'count': 0, 'meta': ''}, {'name': ' None', 'count': 0, 'meta': ''}, {'name': ' None', 'count': 0, 'meta': ''}, {'name': ' None', 'count': 0, 'meta': ''}, {'name': ' None', 'count': 0, 'meta': ''}, {'name': ' None', 'count': 0, 'meta': ''}, {'name': ' None', 'count': 0, 'meta': ''}, {'name': ' None', 'count': 0, 'meta': ''}, {'name': ' None', 'count': 0, 'meta': ''}, {'name': ' None', 'count': 0, 'meta': ''}, {'name': ' None', 'count': 0, 'meta': ''}, {'name': ' None', 'count': 0, 'meta': ''}, {'name': ' None', 'count': 0, 'meta': ''}, {'name': ' None', 'count': 0, 'meta': ''}, {'name': ' None', 'count': 0, 'meta': ''}, {'name': ' None', 'count': 0, 'meta': ''}, {'name': ' None', 'count': 0, 'meta': ''}, {'name': ' None', 'count': 0, 'meta': ''}, {'name': ' None', 'count': 0, 'meta': ''}, {'name': ' None', 'count': 0, 'meta': ''}, {'name': ' None', 'count': 0, 'meta': ''}, {'name': ' None', 'count': 0, 'meta': ''}, {'name': ' None', 'count': 0, 'meta': ''}, {'name': ' None', 'count': 0, 'meta': ''}, {'name': ' None', 'count': 0, 'meta': ''}, {'name': ' None', 'count': 0, 'meta': ''}, {'name': ' None', 'count': 0, 'meta': ''}, {'name': ' None', 'count': 0, 'meta': ''}]","Armor Slot 0: None, Count: 0; Armor Slot 1: None, Count: 0; Armor Slot 2: None, Count: 0; Armor Slot 3: None, Count: 0; ","Offhand: None, Count: 0; ",[],20.0,20.0,"[-0.043464344581791124, 0.3851002085422143, -0.9218506821230966]",west,6,0 minecraft:air,False,Player is not currently riding anything,0.0784000015258789
118.0,13:51:04.082263700,2025-11-07,literal{minecrafter256},"(104.79001443429406, 72.0, 153.43938865010162)",20.0,"[{'name': ' Birch Log', 'count': 8, 'meta': ''}, {'name': ' None', 'count': 0, 'meta': ''}, {'name': ' None', 'count': 0, 'meta': ''}, {'name': ' None', 'count': 0, 'meta': ''}, {'name': ' None', 'count': 0, 'meta': ''}, {'name': ' None', 'count': 0, 'meta': ''}, {'name': ' None', 'count': 0, 'meta': ''}, {'name': ' None', 'count': 0, 'meta': ''}, {'name': ' None', 'count': 0, 'meta': ''}, {'name': ' None', 'count': 0, 'meta': ''}, {'name': ' None', 'count': 0, 'meta': ''}, {'name': ' None', 'count': 0, 'meta': ''}, {'name': ' None', 'count': 0, 'meta': ''}, {'name': ' None', 'count': 0, 'meta': ''}, {'name': ' None', 'count': 0, 'meta': ''}, {'name': ' None', 'count': 0, 'meta': ''}, {'name': ' None', 'count': 0, 'meta': ''}, {'name': ' None', 'count': 0, 'meta': ''}, {'name': ' None', 'count': 0, 'meta': ''}, {'name': ' None', 'count': 0, 'meta': ''}, {'name': ' None', 'count': 0, 'meta': ''}, {'name': ' None', 'count': 0, 'meta': ''}, {'name': ' None', 'count': 0, 'meta': ''}, {'name': ' None', 'count': 0, 'meta': ''}, {'name': ' None', 'count': 0, 'meta': ''}, {'name': ' None', 'count': 0, 'meta': ''}, {'name': ' None', 'count': 0, 'meta': ''}, {'name': ' None', 'count': 0, 'meta': ''}, {'name': ' None', 'count': 0, 'meta': ''}, {'name': ' None', 'count': 0, 'meta': ''}, {'name': ' None', 'count': 0, 'meta': ''}, {'name': ' None', 'count': 0, 'meta': ''}, {'name': ' None', 'count': 0, 'meta': ''}, {'name': ' None', 'count': 0, 'meta': ''}, {'name': ' None', 'count': 0, 'meta': ''}, {'name': ' None', 'count': 0, 'meta': ''}]","Armor Slot 0: None, Count: 0; Armor Slot 1: None, Count: 0; Armor Slot 2: None, Count: 0; Armor Slot 3: None, Count: 0; ","Offhand: None, Count: 0; ",[],20.0,20.0,"[-0.08576173474011102, 0.41151373966550925, -0.9073595576842041]",west,6,0 minecraft:air,False,Player is not currently riding anything,0.0784000015258789
118.0,13:51:04.131393900,2025-11-07,literal{minecrafter256},"(104.79001443429406, 72.0, 153.43938865010162)",20.0,"[{'name': ' Birch Log', 'count': 8, 'meta': ''}, {'name': ' None', 'count': 0, 'meta': ''}, {'name': ' None', 'count': 0, 'meta': ''}, {'name': ' None', 'count': 0, 'meta': ''}, {'name': ' None', 'count': 0, 'meta': ''}, {'name': ' None', 'count': 0, 'meta': ''}, {'name': ' None', 'count': 0, 'meta': ''}, {'name': ' None', 'count': 0, 'meta': ''}, {'name': ' None', 'count': 0, 'meta': ''}, {'name': ' None', 'count': 0, 'meta': ''}, {'name': ' None', 'count': 0, 'meta': ''}, {'name': ' None', 'count': 0, 'meta': ''}, {'name': ' None', 'count': 0, 'meta': ''}, {'name': ' None', 'count': 0, 'meta': ''}, {'name': ' None', 'count': 0, 'meta': ''}, {'name': ' None', 'count': 0, 'meta': ''}, {'name': ' None', 'count': 0, 'meta': ''}, {'name': ' None', 'count': 0, 'meta': ''}, {'name': ' None', 'count': 0, 'meta': ''}, {'name': ' None', 'count': 0, 'meta': ''}, {'name': ' None', 'count': 0, 'meta': ''}, {'name': ' None', 'count': 0, 'meta': ''}, {'name': ' None', 'count': 0, 'meta': ''}, {'name': ' None', 'count': 0, 'meta': ''}, {'name': ' None', 'count': 0, 'meta': ''}, {'name': ' None', 'count': 0, 'meta': ''}, {'name': ' None', 'count': 0, 'meta': ''}, {'name': ' None', 'count': 0, 'meta': ''}, {'name': ' None', 'count': 0, 'meta': ''}, {'name': ' None', 'count': 0, 'meta': ''}, {'name': ' None', 'count': 0, 'meta': ''}, {'name': ' None', 'count': 0, 'meta': ''}, {'name': ' None', 'count': 0, 'meta': ''}, {'name': ' None', 'count': 0, 'meta': ''}, {'name': ' None', 'count': 0, 'meta': ''}, {'name': ' None', 'count': 0, 'meta': ''}]","Armor Slot 0: None, Count: 0; Armor Slot 1: None, Count: 0; Armor Slot 2: None, Count: 0; Armor Slot 3: None, Count: 0; ","Offhand: None, Count: 0; ",[],20.0,20.0,"[-0.27316639932175485, 0.4234083580784329, -0.8637739754072896]",west,6,0 minecraft:air,False,Player is not currently riding anything,0.0784000015258789
118.0,13:51:04.179683600,2025-11-07,literal{minecrafter256},"(104.79001443429406, 72.0, 153.43938865010162)",20.0,"[{'name': ' Birch Log', 'count': 8, 'meta': ''}, {'name': ' None', 'count': 0, 'meta': ''}, {'name': ' None', 'count': 0, 'meta': ''}, {'name': ' None', 'count': 0, 'meta': ''}, {'name': ' None', 'count': 0, 'meta': ''}, {'name': ' None', 'count': 0, 'meta': ''}, {'name': ' None', 'count': 0, 'meta': ''}, {'name': ' None', 'count': 0, 'meta': ''}, {'name': ' None', 'count': 0, 'meta': ''}, {'name': ' None', 'count': 0, 'meta': ''}, {'name': ' None', 'count': 0, 'meta': ''}, {'name': ' None', 'count': 0, 'meta': ''}, {'name': ' None', 'count': 0, 'meta': ''}, {'name': ' None', 'count': 0, 'meta': ''}, {'name': ' None', 'count': 0, 'meta': ''}, {'name': ' None', 'count': 0, 'meta': ''}, {'name': ' None', 'count': 0, 'meta': ''}, {'name': ' None', 'count': 0, 'meta': ''}, {'name': ' None', 'count': 0, 'meta': ''}, {'name': ' None', 'count': 0, 'meta': ''}, {'name': ' None', 'count': 0, 'meta': ''}, {'name': ' None', 'count': 0, 'meta': ''}, {'name': ' None', 'count': 0, 'meta': ''}, {'name': ' None', 'count': 0, 'meta': ''}, {'name': ' None', 'count': 0, 'meta': ''}, {'name': ' None', 'count': 0, 'meta': ''}, {'name': ' None', 'count': 0, 'meta': ''}, {'name': ' None', 'count': 0, 'meta': ''}, {'name': ' None', 'count': 0, 'meta': ''}, {'name': ' None', 'count': 0, 'meta': ''}, {'name': ' None', 'count': 0, 'meta': ''}, {'name': ' None', 'count': 0, 'meta': ''}, {'name': ' None', 'count': 0, 'meta': ''}, {'name': ' None', 'count': 0, 'meta': ''}, {'name': ' None', 'count': 0, 'meta': ''}, {'name': ' None', 'count': 0, 'meta': ''}]","Armor Slot 0: None, Count: 0; Armor Slot 1: None, Count: 0; Armor Slot 2: None, Count: 0; Armor Slot 3: None, Count: 0; ","Offhand: None, Count: 0; ",[],20.0,20.0,"[-0.564031909306324, 0.4375859876430772, -0.7002760232241966]",west,6,0 minecraft:air,False,Player is not currently riding anything,0.0784000015258789
118.0,13:51:04.230633700,2025-11-07,literal{minecrafter256},"(104.79001443429406, 72.0, 153.43938865010162)",20.0,"[{'name': ' Birch Log', 'count': 8, 'meta': ''}, {'name': ' None', 'count': 0, 'meta': ''}, {'name': ' None', 'count': 0, 'meta': ''}, {'name': ' None', 'count': 0, 'meta': ''}, {'name': ' None', 'count': 0, 'meta': ''}, {'name': ' None', 'count': 0, 'meta': ''}, {'name': ' None', 'count': 0, 'meta': ''}, {'name': ' None', 'count': 0, 'meta': ''}, {'name': ' None', 'count': 0, 'meta': ''}, {'name': ' None', 'count': 0, 'meta': ''}, {'name': ' None', 'count': 0, 'meta': ''}, {'name': ' None', 'count': 0, 'meta': ''}, {'name': ' None', 'count': 0, 'meta': ''}, {'name': ' None', 'count': 0, 'meta': ''}, {'name': ' None', 'count': 0, 'meta': ''}, {'name': ' None', 'count': 0, 'meta': ''}, {'name': ' None', 'count': 0, 'meta': ''}, {'name': ' None', 'count': 0, 'meta': ''}, {'name': ' None', 'count': 0, 'meta': ''}, {'name': ' None', 'count': 0, 'meta': ''}, {'name': ' None', 'count': 0, 'meta': ''}, {'name': ' None', 'count': 0, 'meta': ''}, {'name': ' None', 'count': 0, 'meta': ''}, {'name': ' None', 'count': 0, 'meta': ''}, {'name': ' None', 'count': 0, 'meta': ''}, {'name': ' None', 'count': 0, 'meta': ''}, {'name': ' None', 'count': 0, 'meta': ''}, {'name': ' None', 'count': 0, 'meta': ''}, {'name': ' None', 'count': 0, 'meta': ''}, {'name': ' None', 'count': 0, 'meta': ''}, {'name': ' None', 'count': 0, 'meta': ''}, {'name': ' None', 'count': 0, 'meta': ''}, {'name': ' None', 'count': 0, 'meta': ''}, {'name': ' None', 'count': 0, 'meta': ''}, {'name': ' None', 'count': 0, 'meta': ''}, {'name': ' None', 'count': 0, 'meta': ''}]","Armor Slot 0: None, Count: 0; Armor Slot 1: None, Count: 0; Armor Slot 2: None, Count: 0; Armor Slot 3: None, Count: 0; ","Offhand: None, Count: 0; ",[],20.0,20.0,"[-0.6316618255186269, 0.4399385181469527, -0.638323929077658]",west,6,0 minecraft:air,False,Player is not currently riding anything,0.0784000015258789
118.0,13:51:04.279321100,2025-11-07,literal{minecrafter256},"(104.79001443429406, 72.0, 153.43938865010162)",20.0,"[{'name': ' Birch Log', 'count': 8, 'meta': ''}, {'name': ' None', 'count': 0, 'meta': ''}, {'name': ' None', 'count': 0, 'meta': ''}, {'name': ' None', 'count': 0, 'meta': ''}, {'name': ' None', 'count': 0, 'meta': ''}, {'name': ' None', 'count': 0, 'meta': ''}, {'name': ' None', 'count': 0, 'meta': ''}, {'name': ' None', 'count': 0, 'meta': ''}, {'name': ' None', 'count': 0, 'meta': ''}, {'name': ' None', 'count': 0, 'meta': ''}, {'name': ' None', 'count': 0, 'meta': ''}, {'name': ' None', 'count': 0, 'meta': ''}, {'name': ' None', 'count': 0, 'meta': ''}, {'name': ' None', 'count': 0, 'meta': ''}, {'name': ' None', 'count': 0, 'meta': ''}, {'name': ' None', 'count': 0, 'meta': ''}, {'name': ' None', 'count': 0, 'meta': ''}, {'name': ' None', 'count': 0, 'meta': ''}, {'name': ' None', 'count': 0, 'meta': ''}, {'name': ' None', 'count': 0, 'meta': ''}, {'name': ' None', 'count': 0, 'meta': ''}, {'name': ' None', 'count': 0, 'meta': ''}, {'name': ' None', 'count': 0, 'meta': ''}, {'name': ' None', 'count': 0, 'meta': ''}, {'name': ' None', 'count': 0, 'meta': ''}, {'name': ' None', 'count': 0, 'meta': ''}, {'name': ' None', 'count': 0, 'meta': ''}, {'name': ' None', 'count': 0, 'meta': ''}, {'name': ' None', 'count': 0, 'meta': ''}, {'name': ' None', 'count': 0, 'meta': ''}, {'name': ' None', 'count': 0, 'meta': ''}, {'name': ' None', 'count': 0, 'meta': ''}, {'name': ' None', 'count': 0, 'meta': ''}, {'name': ' None', 'count': 0, 'meta': ''}, {'name': ' None', 'count': 0, 'meta': ''}, {'name': ' None', 'count': 0, 'meta': ''}]","Armor Slot 0: None, Count: 0; Armor Slot 1: None, Count: 0; Armor Slot 2: None, Count: 0; Armor Slot 3: None, Count: 0; ","Offhand: None, Count: 0; ",[],20.0,20.0,"[-0.6316618255186269, 0.4399385181469527, -0.638323929077658]",west,6,0 minecraft:air,False,Player is not currently riding anything,0.0784000015258789
118.0,13:51:04.329373200,2025-11-07,literal{minecrafter256},"(104.79001443429406, 72.0, 153.43938865010162)",20.0,"[{'name': ' Birch Log', 'count': 8, 'meta': ''}, {'name': ' None', 'count': 0, 'meta': ''}, {'name': ' None', 'count': 0, 'meta': ''}, {'name': ' None', 'count': 0, 'meta': ''}, {'name': ' None', 'count': 0, 'meta': ''}, {'name': ' None', 'count': 0, 'meta': ''}, {'name': ' None', 'count': 0, 'meta': ''}, {'name': ' None', 'count': 0, 'meta': ''}, {'name': ' None', 'count': 0, 'meta': ''}, {'name': ' None', 'count': 0, 'meta': ''}, {'name': ' None', 'count': 0, 'meta': ''}, {'name': ' None', 'count': 0, 'meta': ''}, {'name': ' None', 'count': 0, 'meta': ''}, {'name': ' None', 'count': 0, 'meta': ''}, {'name': ' None', 'count': 0, 'meta': ''}, {'name': ' None', 'count': 0, 'meta': ''}, {'name': ' None', 'count': 0, 'meta': ''}, {'name': ' None', 'count': 0, 'meta': ''}, {'name': ' None', 'count': 0, 'meta': ''}, {'name': ' None', 'count': 0, 'meta': ''}, {'name': ' None', 'count': 0, 'meta': ''}, {'name': ' None', 'count': 0, 'meta': ''}, {'name': ' None', 'count': 0, 'meta': ''}, {'name': ' None', 'count': 0, 'meta': ''}, {'name': ' None', 'count': 0, 'meta': ''}, {'name': ' None', 'count': 0, 'meta': ''}, {'name': ' None', 'count': 0, 'meta': ''}, {'name': ' None', 'count': 0, 'meta': ''}, {'name': ' None', 'count': 0, 'meta': ''}, {'name': ' None', 'count': 0, 'meta': ''}, {'name': ' None', 'count': 0, 'meta': ''}, {'name': ' None', 'count': 0, 'meta': ''}, {'name': ' None', 'count': 0, 'meta': ''}, {'name': ' None', 'count': 0, 'meta': ''}, {'name': ' None', 'count': 0, 'meta': ''}, {'name': ' None', 'count': 0, 'meta': ''}]","Armor Slot 0: None, Count: 0; Armor Slot 1: None, Count: 0; Armor Slot 2: None, Count: 0; Armor Slot 3: None, Count: 0; ","Offhand: None, Count: 0; ",[],20.0,20.0,"[-0.6283108916743482, 0.4399385181469527, -0.641622571029144]",west,6,0 minecraft:air,False,Player is not currently riding anything,0.0784000015258789
118.0,13:51:04.379656500,2025-11-07,literal{minecrafter256},"(104.79001443429406, 72.0, 153.43938865010162)",20.0,"[{'name': ' Birch Log', 'count': 8, 'meta': ''}, {'name': ' None', 'count': 0, 'meta': ''}, {'name': ' None', 'count': 0, 'meta': ''}, {'name': ' None', 'count': 0, 'meta': ''}, {'name': ' None', 'count': 0, 'meta': ''}, {'name': ' None', 'count': 0, 'meta': ''}, {'name': ' None', 'count': 0, 'meta': ''}, {'name': ' None', 'count': 0, 'meta': ''}, {'name': ' None', 'count': 0, 'meta': ''}, {'name': ' None', 'count': 0, 'meta': ''}, {'name': ' None', 'count': 0, 'meta': ''}, {'name': ' None', 'count': 0, 'meta': ''}, {'name': ' None', 'count': 0, 'meta': ''}, {'name': ' None', 'count': 0, 'meta': ''}, {'name': ' None', 'count': 0, 'meta': ''}, {'name': ' None', 'count': 0, 'meta': ''}, {'name': ' None', 'count': 0, 'meta': ''}, {'name': ' None', 'count': 0, 'meta': ''}, {'name': ' None', 'count': 0, 'meta': ''}, {'name': ' None', 'count': 0, 'meta': ''}, {'name': ' None', 'count': 0, 'meta': ''}, {'name': ' None', 'count': 0, 'meta': ''}, {'name': ' None', 'count': 0, 'meta': ''}, {'name': ' None', 'count': 0, 'meta': ''}, {'name': ' None', 'count': 0, 'meta': ''}, {'name': ' None', 'count': 0, 'meta': ''}, {'name': ' None', 'count': 0, 'meta': ''}, {'name': ' None', 'count': 0, 'meta': ''}, {'name': ' None', 'count': 0, 'meta': ''}, {'name': ' None', 'count': 0, 'meta': ''}, {'name': ' None', 'count': 0, 'meta': ''}, {'name': ' None', 'count': 0, 'meta': ''}, {'name': ' None', 'count': 0, 'meta': ''}, {'name': ' None', 'count': 0, 'meta': ''}, {'name': ' None', 'count': 0, 'meta': ''}, {'name': ' None', 'count': 0, 'meta': ''}]","Armor Slot 0: None, Count: 0; Armor Slot 1: None, Count: 0; Armor Slot 2: None, Count: 0; Armor Slot 3: None, Count: 0; ","Offhand: None, Count: 0; ",[],20.0,20.0,"[-0.6193904054392706, 0.42577867106717115, -0.6595968836448892]",west,6,0 minecraft:air,False,Player is not currently riding anything,0.0784000015258789
118.0,13:51:04.430082300,2025-11-07,literal{minecrafter256},"(104.79001443429406, 72.0, 153.43938865010162)",20.0,"[{'name': ' Birch Log', 'count': 8, 'meta': ''}, {'name': ' None', 'count': 0, 'meta': ''}, {'name': ' None', 'count': 0, 'meta': ''}, {'name': ' None', 'count': 0, 'meta': ''}, {'name': ' None', 'count': 0, 'meta': ''}, {'name': ' None', 'count': 0, 'meta': ''}, {'name': ' None', 'count': 0, 'meta': ''}, {'name': ' None', 'count': 0, 'meta': ''}, {'name': ' None', 'count': 0, 'meta': ''}, {'name': ' None', 'count': 0, 'meta': ''}, {'name': ' None', 'count': 0, 'meta': ''}, {'name': ' None', 'count': 0, 'meta': ''}, {'name': ' None', 'count': 0, 'meta': ''}, {'name': ' None', 'count': 0, 'meta': ''}, {'name': ' None', 'count': 0, 'meta': ''}, {'name': ' None', 'count': 0, 'meta': ''}, {'name': ' None', 'count': 0, 'meta': ''}, {'name': ' None', 'count': 0, 'meta': ''}, {'name': ' None', 'count': 0, 'meta': ''}, {'name': ' None', 'count': 0, 'meta': ''}, {'name': ' None', 'count': 0, 'meta': ''}, {'name': ' None', 'count': 0, 'meta': ''}, {'name': ' None', 'count': 0, 'meta': ''}, {'name': ' None', 'count': 0, 'meta': ''}, {'name': ' None', 'count': 0, 'meta': ''}, {'name': ' None', 'count': 0, 'meta': ''}, {'name': ' None', 'count': 0, 'meta': ''}, {'name': ' None', 'count': 0, 'meta': ''}, {'name': ' None', 'count': 0, 'meta': ''}, {'name': ' None', 'count': 0, 'meta': ''}, {'name': ' None', 'count': 0, 'meta': ''}, {'name': ' None', 'count': 0, 'meta': ''}, {'name': ' None', 'count': 0, 'meta': ''}, {'name': ' None', 'count': 0, 'meta': ''}, {'name': ' None', 'count': 0, 'meta': ''}, {'name': ' None', 'count': 0, 'meta': ''}]","Armor Slot 0: None, Count: 0; Armor Slot 1: None, Count: 0; Armor Slot 2: None, Count: 0; Armor Slot 3: None, Count: 0; ","Offhand: None, Count: 0; ",[],20.0,20.0,"[-0.615695737758494, 0.42103520342730355, -0.6660691525517098]",west,6,0 minecraft:air,False,Player is not currently riding anything,0.0784000015258789
118.0,13:51:04.481386900,2025-11-07,literal{minecrafter256},"(104.79001443429406, 72.0, 153.43938865010162)",20.0,"[{'name': ' Birch Log', 'count': 8, 'meta': ''}, {'name': ' None', 'count': 0, 'meta': ''}, {'name': ' None', 'count': 0, 'meta': ''}, {'name': ' None', 'count': 0, 'meta': ''}, {'name': ' None', 'count': 0, 'meta': ''}, {'name': ' None', 'count': 0, 'meta': ''}, {'name': ' None', 'count': 0, 'meta': ''}, {'name': ' None', 'count': 0, 'meta': ''}, {'name': ' None', 'count': 0, 'meta': ''}, {'name': ' None', 'count': 0, 'meta': ''}, {'name': ' None', 'count': 0, 'meta': ''}, {'name': ' None', 'count': 0, 'meta': ''}, {'name': ' None', 'count': 0, 'meta': ''}, {'name': ' None', 'count': 0, 'meta': ''}, {'name': ' None', 'count': 0, 'meta': ''}, {'name': ' None', 'count': 0, 'meta': ''}, {'name': ' None', 'count': 0, 'meta': ''}, {'name': ' None', 'count': 0, 'meta': ''}, {'name': ' None', 'count': 0, 'meta': ''}, {'name': ' None', 'count': 0, 'meta': ''}, {'name': ' None', 'count': 0, 'meta': ''}, {'name': ' None', 'count': 0, 'meta': ''}, {'name': ' None', 'count': 0, 'meta': ''}, {'name': ' None', 'count': 0, 'meta': ''}, {'name': ' None', 'count': 0, 'meta': ''}, {'name': ' None', 'count': 0, 'meta': ''}, {'name': ' None', 'count': 0, 'meta': ''}, {'name': ' None', 'count': 0, 'meta': ''}, {'name': ' None', 'count': 0, 'meta': ''}, {'name': ' None', 'count': 0, 'meta': ''}, {'name': ' None', 'count': 0, 'meta': ''}, {'name': ' None', 'count': 0, 'meta': ''}, {'name': ' None', 'count': 0, 'meta': ''}, {'name': ' None', 'count': 0, 'meta': ''}, {'name': ' None', 'count': 0, 'meta': ''}, {'name': ' None', 'count': 0, 'meta': ''}]","Armor Slot 0: None, Count: 0; Armor Slot 1: None, Count: 0; Armor Slot 2: None, Count: 0; Armor Slot 3: None, Count: 0; ","Offhand: None, Count: 0; ",[],20.0,20.0,"[-0.6201088574351462, 0.4067360652575236, -0.6708433335357108]",west,6,0 minecraft:air,False,Player is not currently riding anything,0.0784000015258789
118.0,13:51:04.530668800,2025-11-07,literal{minecrafter256},"(104.79001443429406, 72.0, 153.43938865010162)",20.0,"[{'name': ' Birch Log', 'count': 8, 'meta': ''}, {'name': ' None', 'count': 0, 'meta': ''}, {'name': ' None', 'count': 0, 'meta': ''}, {'name': ' None', 'count': 0, 'meta': ''}, {'name': ' None', 'count': 0, 'meta': ''}, {'name': ' None', 'count': 0, 'meta': ''}, {'name': ' None', 'count': 0, 'meta': ''}, {'name': ' None', 'count': 0, 'meta': ''}, {'name': ' None', 'count': 0, 'meta': ''}, {'name': ' None', 'count': 0, 'meta': ''}, {'name': ' None', 'count': 0, 'meta': ''}, {'name': ' None', 'count': 0, 'meta': ''}, {'name': ' None', 'count': 0, 'meta': ''}, {'name': ' None', 'count': 0, 'meta': ''}, {'name': ' None', 'count': 0, 'meta': ''}, {'name': ' None', 'count': 0, 'meta': ''}, {'name': ' None', 'count': 0, 'meta': ''}, {'name': ' None', 'count': 0, 'meta': ''}, {'name': ' None', 'count': 0, 'meta': ''}, {'name': ' None', 'count': 0, 'meta': ''}, {'name': ' None', 'count': 0, 'meta': ''}, {'name': ' None', 'count': 0, 'meta': ''}, {'name': ' None', 'count': 0, 'meta': ''}, {'name': ' None', 'count': 0, 'meta': ''}, {'name': ' None', 'count': 0, 'meta': ''}, {'name': ' None', 'count': 0, 'meta': ''}, {'name': ' None', 'count': 0, 'meta': ''}, {'name': ' None', 'count': 0, 'meta': ''}, {'name': ' None', 'count': 0, 'meta': ''}, {'name': ' None', 'count': 0, 'meta': ''}, {'name': ' None', 'count': 0, 'meta': ''}, {'name': ' None', 'count': 0, 'meta': ''}, {'name': ' None', 'count': 0, 'meta': ''}, {'name': ' None', 'count': 0, 'meta': ''}, {'name': ' None', 'count': 0, 'meta': ''}, {'name': ' None', 'count': 0, 'meta': ''}]","Armor Slot 0: None, Count: 0; Armor Slot 1: None, Count: 0; Armor Slot 2: None, Count: 0; Armor Slot 3: None, Count: 0; ","Offhand: None, Count: 0; ",[],20.0,20.0,"[-0.6342150692541872, 0.363250628771275, -0.6825102392112371]",west,6,0 minecraft:air,False,Player is not currently riding anything,0.0784000015258789
118.0,13:51:04.580590100,2025-11-07,literal{minecrafter256},"(104.79001443429406, 72.0, 153.43938865010162)",20.0,"[{'name': ' Birch Log', 'count': 8, 'meta': ''}, {'name': ' None', 'count': 0, 'meta': ''}, {'name': ' None', 'count': 0, 'meta': ''}, {'name': ' None', 'count': 0, 'meta': ''}, {'name': ' None', 'count': 0, 'meta': ''}, {'name': ' None', 'count': 0, 'meta': ''}, {'name': ' None', 'count': 0, 'meta': ''}, {'name': ' None', 'count': 0, 'meta': ''}, {'name': ' None', 'count': 0, 'meta': ''}, {'name': ' None', 'count': 0, 'meta': ''}, {'name': ' None', 'count': 0, 'meta': ''}, {'name': ' None', 'count': 0, 'meta': ''}, {'name': ' None', 'count': 0, 'meta': ''}, {'name': ' None', 'count': 0, 'meta': ''}, {'name': ' None', 'count': 0, 'meta': ''}, {'name': ' None', 'count': 0, 'meta': ''}, {'name': ' None', 'count': 0, 'meta': ''}, {'name': ' None', 'count': 0, 'meta': ''}, {'name': ' None', 'count': 0, 'meta': ''}, {'name': ' None', 'count': 0, 'meta': ''}, {'name': ' None', 'count': 0, 'meta': ''}, {'name': ' None', 'count': 0, 'meta': ''}, {'name': ' None', 'count': 0, 'meta': ''}, {'name': ' None', 'count': 0, 'meta': ''}, {'name': ' None', 'count': 0, 'meta': ''}, {'name': ' None', 'count': 0, 'meta': ''}, {'name': ' None', 'count': 0, 'meta': ''}, {'name': ' None', 'count': 0, 'meta': ''}, {'name': ' None', 'count': 0, 'meta': ''}, {'name': ' None', 'count': 0, 'meta': ''}, {'name': ' None', 'count': 0, 'meta': ''}, {'name': ' None', 'count': 0, 'meta': ''}, {'name': ' None', 'count': 0, 'meta': ''}, {'name': ' None', 'count': 0, 'meta': ''}, {'name': ' None', 'count': 0, 'meta': ''}, {'name': ' None', 'count': 0, 'meta': ''}]","Armor Slot 0: None, Count: 0; Armor Slot 1: None, Count: 0; Armor Slot 2: None, Count: 0; Armor Slot 3: None, Count: 0; ","Offhand: None, Count: 0; ",[],20.0,20.0,"[-0.6503337434526862, 0.2865239403671476, -0.7035410817594797]",west,6,0 minecraft:air,False,Player is not currently riding anything,0.0784000015258789
118.0,13:51:04.631593300,2025-11-07,literal{minecrafter256},"(104.79001443429406, 72.0, 153.43938865010162)",20.0,"[{'name': ' Birch Log', 'count': 8, 'meta': ''}, {'name': ' None', 'count': 0, 'meta': ''}, {'name': ' None', 'count': 0, 'meta': ''}, {'name': ' None', 'count': 0, 'meta': ''}, {'name': ' None', 'count': 0, 'meta': ''}, {'name': ' None', 'count': 0, 'meta': ''}, {'name': ' None', 'count': 0, 'meta': ''}, {'name': ' None', 'count': 0, 'meta': ''}, {'name': ' None', 'count': 0, 'meta': ''}, {'name': ' None', 'count': 0, 'meta': ''}, {'name': ' None', 'count': 0, 'meta': ''}, {'name': ' None', 'count': 0, 'meta': ''}, {'name': ' None', 'count': 0, 'meta': ''}, {'name': ' None', 'count': 0, 'meta': ''}, {'name': ' None', 'count': 0, 'meta': ''}, {'name': ' None', 'count': 0, 'meta': ''}, {'name': ' None', 'count': 0, 'meta': ''}, {'name': ' None', 'count': 0, 'meta': ''}, {'name': ' None', 'count': 0, 'meta': ''}, {'name': ' None', 'count': 0, 'meta': ''}, {'name': ' None', 'count': 0, 'meta': ''}, {'name': ' None', 'count': 0, 'meta': ''}, {'name': ' None', 'count': 0, 'meta': ''}, {'name': ' None', 'count': 0, 'meta': ''}, {'name': ' None', 'count': 0, 'meta': ''}, {'name': ' None', 'count': 0, 'meta': ''}, {'name': ' None', 'count': 0, 'meta': ''}, {'name': ' None', 'count': 0, 'meta': ''}, {'name': ' None', 'count': 0, 'meta': ''}, {'name': ' None', 'count': 0, 'meta': ''}, {'name': ' None', 'count': 0, 'meta': ''}, {'name': ' None', 'count': 0, 'meta': ''}, {'name': ' None', 'count': 0, 'meta': ''}, {'name': ' None', 'count': 0, 'meta': ''}, {'name': ' None', 'count': 0, 'meta': ''}, {'name': ' None', 'count': 0, 'meta': ''}]","Armor Slot 0: None, Count: 0; Armor Slot 1: None, Count: 0; Armor Slot 2: None, Count: 0; Armor Slot 3: None, Count: 0; ","Offhand: None, Count: 0; ",[],20.0,20.0,"[-0.6631204929952258, 0.020941750910877292, -0.7482196568111235]",west,6,0 minecraft:air,False,Player is not currently riding anything,0.0784000015258789
118.0,13:51:04.680056900,2025-11-07,literal{minecrafter256},"(104.79001443429406, 72.0, 153.43938865010162)",20.0,"[{'name': ' Birch Log', 'count': 8, 'meta': ''}, {'name': ' None', 'count': 0, 'meta': ''}, {'name': ' None', 'count': 0, 'meta': ''}, {'name': ' None', 'count': 0, 'meta': ''}, {'name': ' None', 'count': 0, 'meta': ''}, {'name': ' None', 'count': 0, 'meta': ''}, {'name': ' None', 'count': 0, 'meta': ''}, {'name': ' None', 'count': 0, 'meta': ''}, {'name': ' None', 'count': 0, 'meta': ''}, {'name': ' None', 'count': 0, 'meta': ''}, {'name': ' None', 'count': 0, 'meta': ''}, {'name': ' None', 'count': 0, 'meta': ''}, {'name': ' None', 'count': 0, 'meta': ''}, {'name': ' None', 'count': 0, 'meta': ''}, {'name': ' None', 'count': 0, 'meta': ''}, {'name': ' None', 'count': 0, 'meta': ''}, {'name': ' None', 'count': 0, 'meta': ''}, {'name': ' None', 'count': 0, 'meta': ''}, {'name': ' None', 'count': 0, 'meta': ''}, {'name': ' None', 'count': 0, 'meta': ''}, {'name': ' None', 'count': 0, 'meta': ''}, {'name': ' None', 'count': 0, 'meta': ''}, {'name': ' None', 'count': 0, 'meta': ''}, {'name': ' None', 'count': 0, 'meta': ''}, {'name': ' None', 'count': 0, 'meta': ''}, {'name': ' None', 'count': 0, 'meta': ''}, {'name': ' None', 'count': 0, 'meta': ''}, {'name': ' None', 'count': 0, 'meta': ''}, {'name': ' None', 'count': 0, 'meta': ''}, {'name': ' None', 'count': 0, 'meta': ''}, {'name': ' None', 'count': 0, 'meta': ''}, {'name': ' None', 'count': 0, 'meta': ''}, {'name': ' None', 'count': 0, 'meta': ''}, {'name': ' None', 'count': 0, 'meta': ''}, {'name': ' None', 'count': 0, 'meta': ''}, {'name': ' None', 'count': 0, 'meta': ''}]","Armor Slot 0: None, Count: 0; Armor Slot 1: None, Count: 0; Armor Slot 2: None, Count: 0; Armor Slot 3: None, Count: 0; ","Offhand: None, Count: 0; ",[],20.0,20.0,"[-0.6578603685951299, -0.10192513302022353, -0.7462110979412526]",west,6,0 minecraft:air,False,Player is not currently riding anything,0.0784000015258789
118.0,13:51:04.729969700,2025-11-07,literal{minecrafter256},"(104.79001443429406, 72.0, 153.43938865010162)",20.0,"[{'name': ' Birch Log', 'count': 8, 'meta': ''}, {'name': ' None', 'count': 0, 'meta': ''}, {'name': ' None', 'count': 0, 'meta': ''}, {'name': ' None', 'count': 0, 'meta': ''}, {'name': ' None', 'count': 0, 'meta': ''}, {'name': ' None', 'count': 0, 'meta': ''}, {'name': ' None', 'count': 0, 'meta': ''}, {'name': ' None', 'count': 0, 'meta': ''}, {'name': ' None', 'count': 0, 'meta': ''}, {'name': ' None', 'count': 0, 'meta': ''}, {'name': ' None', 'count': 0, 'meta': ''}, {'name': ' None', 'count': 0, 'meta': ''}, {'name': ' None', 'count': 0, 'meta': ''}, {'name': ' None', 'count': 0, 'meta': ''}, {'name': ' None', 'count': 0, 'meta': ''}, {'name': ' None', 'count': 0, 'meta': ''}, {'name': ' None', 'count': 0, 'meta': ''}, {'name': ' None', 'count': 0, 'meta': ''}, {'name': ' None', 'count': 0, 'meta': ''}, {'name': ' None', 'count': 0, 'meta': ''}, {'name': ' None', 'count': 0, 'meta': ''}, {'name': ' None', 'count': 0, 'meta': ''}, {'name': ' None', 'count': 0, 'meta': ''}, {'name': ' None', 'count': 0, 'meta': ''}, {'name': ' None', 'count': 0, 'meta': ''}, {'name': ' None', 'count': 0, 'meta': ''}, {'name': ' None', 'count': 0, 'meta': ''}, {'name': ' None', 'count': 0, 'meta': ''}, {'name': ' None', 'count': 0, 'meta': ''}, {'name': ' None', 'count': 0, 'meta': ''}, {'name': ' None', 'count': 0, 'meta': ''}, {'name': ' None', 'count': 0, 'meta': ''}, {'name': ' None', 'count': 0, 'meta': ''}, {'name': ' None', 'count': 0, 'meta': ''}, {'name': ' None', 'count': 0, 'meta': ''}, {'name': ' None', 'count': 0, 'meta': ''}]","Armor Slot 0: None, Count: 0; Armor Slot 1: None, Count: 0; Armor Slot 2: None, Count: 0; Armor Slot 3: None, Count: 0; ","Offhand: None, Count: 0; ",[],20.0,20.0,"[-0.6578603685951299, -0.10192513302022353, -0.7462110979412526]",west,6,0 minecraft:air,False,Player is not currently riding anything,0.0784000015258789
118.0,13:51:04.779261300,2025-11-07,literal{minecrafter256},"(104.79001443429406, 72.0, 153.43938865010162)",20.0,"[{'name': ' Birch Log', 'count': 8, 'meta': ''}, {'name': ' None', 'count': 0, 'meta': ''}, {'name': ' None', 'count': 0, 'meta': ''}, {'name': ' None', 'count': 0, 'meta': ''}, {'name': ' None', 'count': 0, 'meta': ''}, {'name': ' None', 'count': 0, 'meta': ''}, {'name': ' None', 'count': 0, 'meta': ''}, {'name': ' None', 'count': 0, 'meta': ''}, {'name': ' None', 'count': 0, 'meta': ''}, {'name': ' None', 'count': 0, 'meta': ''}, {'name': ' None', 'count': 0, 'meta': ''}, {'name': ' None', 'count': 0, 'meta': ''}, {'name': ' None', 'count': 0, 'meta': ''}, {'name': ' None', 'count': 0, 'meta': ''}, {'name': ' None', 'count': 0, 'meta': ''}, {'name': ' None', 'count': 0, 'meta': ''}, {'name': ' None', 'count': 0, 'meta': ''}, {'name': ' None', 'count': 0, 'meta': ''}, {'name': ' None', 'count': 0, 'meta': ''}, {'name': ' None', 'count': 0, 'meta': ''}, {'name': ' None', 'count': 0, 'meta': ''}, {'name': ' None', 'count': 0, 'meta': ''}, {'name': ' None', 'count': 0, 'meta': ''}, {'name': ' None', 'count': 0, 'meta': ''}, {'name': ' None', 'count': 0, 'meta': ''}, {'name': ' None', 'count': 0, 'meta': ''}, {'name': ' None', 'count': 0, 'meta': ''}, {'name': ' None', 'count': 0, 'meta': ''}, {'name': ' None', 'count': 0, 'meta': ''}, {'name': ' None', 'count': 0, 'meta': ''}, {'name': ' None', 'count': 0, 'meta': ''}, {'name': ' None', 'count': 0, 'meta': ''}, {'name': ' None', 'count': 0, 'meta': ''}, {'name': ' None', 'count': 0, 'meta': ''}, {'name': ' None', 'count': 0, 'meta': ''}, {'name': ' None', 'count': 0, 'meta': ''}]","Armor Slot 0: None, Count: 0; Armor Slot 1: None, Count: 0; Armor Slot 2: None, Count: 0; Armor Slot 3: None, Count: 0; ","Offhand: None, Count: 0; ",[],20.0,20.0,"[-0.6578603685951299, -0.10192513302022353, -0.7462110979412526]",west,6,0 minecraft:air,False,Player is not currently riding anything,0.0784000015258789
118.0,13:51:04.829112200,2025-11-07,literal{minecrafter256},"(104.79001443429406, 72.0, 153.43938865010162)",20.0,"[{'name': ' Birch Log', 'count': 8, 'meta': ''}, {'name': ' None', 'count': 0, 'meta': ''}, {'name': ' None', 'count': 0, 'meta': ''}, {'name': ' None', 'count': 0, 'meta': ''}, {'name': ' None', 'count': 0, 'meta': ''}, {'name': ' None', 'count': 0, 'meta': ''}, {'name': ' None', 'count': 0, 'meta': ''}, {'name': ' None', 'count': 0, 'meta': ''}, {'name': ' None', 'count': 0, 'meta': ''}, {'name': ' None', 'count': 0, 'meta': ''}, {'name': ' None', 'count': 0, 'meta': ''}, {'name': ' None', 'count': 0, 'meta': ''}, {'name': ' None', 'count': 0, 'meta': ''}, {'name': ' None', 'count': 0, 'meta': ''}, {'name': ' None', 'count': 0, 'meta': ''}, {'name': ' None', 'count': 0, 'meta': ''}, {'name': ' None', 'count': 0, 'meta': ''}, {'name': ' None', 'count': 0, 'meta': ''}, {'name': ' None', 'count': 0, 'meta': ''}, {'name': ' None', 'count': 0, 'meta': ''}, {'name': ' None', 'count': 0, 'meta': ''}, {'name': ' None', 'count': 0, 'meta': ''}, {'name': ' None', 'count': 0, 'meta': ''}, {'name': ' None', 'count': 0, 'meta': ''}, {'name': ' None', 'count': 0, 'meta': ''}, {'name': ' None', 'count': 0, 'meta': ''}, {'name': ' None', 'count': 0, 'meta': ''}, {'name': ' None', 'count': 0, 'meta': ''}, {'name': ' None', 'count': 0, 'meta': ''}, {'name': ' None', 'count': 0, 'meta': ''}, {'name': ' None', 'count': 0, 'meta': ''}, {'name': ' None', 'count': 0, 'meta': ''}, {'name': ' None', 'count': 0, 'meta': ''}, {'name': ' None', 'count': 0, 'meta': ''}, {'name': ' None', 'count': 0, 'meta': ''}, {'name': ' None', 'count': 0, 'meta': ''}]","Armor Slot 0: None, Count: 0; Armor Slot 1: None, Count: 0; Armor Slot 2: None, Count: 0; Armor Slot 3: None, Count: 0; ","Offhand: None, Count: 0; ",[],20.0,20.0,"[-0.6578603685951299, -0.10192513302022353, -0.7462110979412526]",west,6,0 minecraft:air,False,Player is not currently riding anything,0.0784000015258789
119.0,13:51:04.879642600,2025-11-07,literal{minecrafter256},"(104.79001443429406, 72.0, 153.43938865010162)",20.0,"[{'name': ' Birch Log', 'count': 8, 'meta': ''}, {'name': ' None', 'count': 0, 'meta': ''}, {'name': ' None', 'count': 0, 'meta': ''}, {'name': ' None', 'count': 0, 'meta': ''}, {'name': ' None', 'count': 0, 'meta': ''}, {'name': ' None', 'count': 0, 'meta': ''}, {'name': ' None', 'count': 0, 'meta': ''}, {'name': ' None', 'count': 0, 'meta': ''}, {'name': ' None', 'count': 0, 'meta': ''}, {'name': ' None', 'count': 0, 'meta': ''}, {'name': ' None', 'count': 0, 'meta': ''}, {'name': ' None', 'count': 0, 'meta': ''}, {'name': ' None', 'count': 0, 'meta': ''}, {'name': ' None', 'count': 0, 'meta': ''}, {'name': ' None', 'count': 0, 'meta': ''}, {'name': ' None', 'count': 0, 'meta': ''}, {'name': ' None', 'count': 0, 'meta': ''}, {'name': ' None', 'count': 0, 'meta': ''}, {'name': ' None', 'count': 0, 'meta': ''}, {'name': ' None', 'count': 0, 'meta': ''}, {'name': ' None', 'count': 0, 'meta': ''}, {'name': ' None', 'count': 0, 'meta': ''}, {'name': ' None', 'count': 0, 'meta': ''}, {'name': ' None', 'count': 0, 'meta': ''}, {'name': ' None', 'count': 0, 'meta': ''}, {'name': ' None', 'count': 0, 'meta': ''}, {'name': ' None', 'count': 0, 'meta': ''}, {'name': ' None', 'count': 0, 'meta': ''}, {'name': ' None', 'count': 0, 'meta': ''}, {'name': ' None', 'count': 0, 'meta': ''}, {'name': ' None', 'count': 0, 'meta': ''}, {'name': ' None', 'count': 0, 'meta': ''}, {'name': ' None', 'count': 0, 'meta': ''}, {'name': ' None', 'count': 0, 'meta': ''}, {'name': ' None', 'count': 0, 'meta': ''}, {'name': ' None', 'count': 0, 'meta': ''}]","Armor Slot 0: None, Count: 0; Armor Slot 1: None, Count: 0; Armor Slot 2: None, Count: 0; Armor Slot 3: None, Count: 0; ","Offhand: None, Count: 0; ",[],20.0,20.0,"[-0.6578603685951299, -0.10192513302022353, -0.7462110979412526]",west,6,0 minecraft:air,False,Player is not currently riding anything,0.0784000015258789
