fps,time,date,plyrName,plyrLocation,plyrHealth,plyrInventory,plyrArmor,plyrOffhand,plyrStatus,plyrHunger,plyrSat,plyrView,plyrFacing,plyrSelectedSlot,plyrSelectedItem,plyrRideState,plyrRideVehicle,plyrMomentum
43.0,14:59:30.184975900,2025-07-30,literal{minecrafter256},"(101.89307599378546, 72.0, 161.93604956589067)",20.0,"[{'name': ' None', 'count': 0, 'meta': ''}, {'name': ' None', 'count': 0, 'meta': ''}, {'name': ' None', 'count': 0, 'meta': ''}, {'name': ' None', 'count': 0, 'meta': ''}, {'name': ' None', 'count': 0, 'meta': ''}, {'name': ' None', 'count': 0, 'meta': ''}, {'name': ' None', 'count': 0, 'meta': ''}, {'name': ' None', 'count': 0, 'meta': ''}, {'name': ' None', 'count': 0, 'meta': ''}, {'name': ' None', 'count': 0, 'meta': ''}, {'name': ' None', 'count': 0, 'meta': ''}, {'name': ' None', 'count': 0, 'meta': ''}, {'name': ' None', 'count': 0, 'meta': ''}, {'name': ' None', 'count': 0, 'meta': ''}, {'name': ' None', 'count': 0, 'meta': ''}, {'name': ' None', 'count': 0, 'meta': ''}, {'name': ' None', 'count': 0, 'meta': ''}, {'name': ' None', 'count': 0, 'meta': ''}, {'name': ' None', 'count': 0, 'meta': ''}, {'name': ' None', 'count': 0, 'meta': ''}, {'name': ' None', 'count': 0, 'meta': ''}, {'name': ' None', 'count': 0, 'meta': ''}, {'name': ' None', 'count': 0, 'meta': ''}, {'name': ' None', 'count': 0, 'meta': ''}, {'name': ' None', 'count': 0, 'meta': ''}, {'name': ' None', 'count': 0, 'meta': ''}, {'name': ' None', 'count': 0, 'meta': ''}, {'name': ' None', 'count': 0, 'meta': ''}, {'name': ' None', 'count': 0, 'meta': ''}, {'name': ' None', 'count': 0, 'meta': ''}, {'name': ' None', 'count': 0, 'meta': ''}, {'name': ' None', 'count': 0, 'meta': ''}, {'name': ' None', 'count': 0, 'meta': ''}, {'name': ' None', 'count': 0, 'meta': ''}, {'name': ' None', 'count': 0, 'meta': ''}, {'name': ' None', 'count': 0, 'meta': ''}]","Armor Slot 0: None, Count: 0; Armor Slot 1: None, Count: 0; Armor Slot 2: None, Count: 0; Armor Slot 3: None, Count: 0; ","Offhand: None, Count: 0; ",[],20.0,20.0,"[0.5576749287923226, -0.24361429179549637, 0.7935053563961978]",east,6,0 minecraft:air,False,Player is not currently riding anything,0.0784000015258789
43.0,14:59:30.204707300,2025-07-30,literal{minecrafter256},"(101.89307599378546, 72.0, 161.93604956589067)",20.0,"[{'name': ' None', 'count': 0, 'meta': ''}, {'name': ' None', 'count': 0, 'meta': ''}, {'name': ' None', 'count': 0, 'meta': ''}, {'name': ' None', 'count': 0, 'meta': ''}, {'name': ' None', 'count': 0, 'meta': ''}, {'name': ' None', 'count': 0, 'meta': ''}, {'name': ' None', 'count': 0, 'meta': ''}, {'name': ' None', 'count': 0, 'meta': ''}, {'name': ' None', 'count': 0, 'meta': ''}, {'name': ' None', 'count': 0, 'meta': ''}, {'name': ' None', 'count': 0, 'meta': ''}, {'name': ' None', 'count': 0, 'meta': ''}, {'name': ' None', 'count': 0, 'meta': ''}, {'name': ' None', 'count': 0, 'meta': ''}, {'name': ' None', 'count': 0, 'meta': ''}, {'name': ' None', 'count': 0, 'meta': ''}, {'name': ' None', 'count': 0, 'meta': ''}, {'name': ' None', 'count': 0, 'meta': ''}, {'name': ' None', 'count': 0, 'meta': ''}, {'name': ' None', 'count': 0, 'meta': ''}, {'name': ' None', 'count': 0, 'meta': ''}, {'name': ' None', 'count': 0, 'meta': ''}, {'name': ' None', 'count': 0, 'meta': ''}, {'name': ' None', 'count': 0, 'meta': ''}, {'name': ' None', 'count': 0, 'meta': ''}, {'name': ' None', 'count': 0, 'meta': ''}, {'name': ' None', 'count': 0, 'meta': ''}, {'name': ' None', 'count': 0, 'meta': ''}, {'name': ' None', 'count': 0, 'meta': ''}, {'name': ' None', 'count': 0, 'meta': ''}, {'name': ' None', 'count': 0, 'meta': ''}, {'name': ' None', 'count': 0, 'meta': ''}, {'name': ' None', 'count': 0, 'meta': ''}, {'name': ' None', 'count': 0, 'meta': ''}, {'name': ' None', 'count': 0, 'meta': ''}, {'name': ' None', 'count': 0, 'meta': ''}]","Armor Slot 0: None, Count: 0; Armor Slot 1: None, Count: 0; Armor Slot 2: None, Count: 0; Armor Slot 3: None, Count: 0; ","Offhand: None, Count: 0; ",[],20.0,20.0,"[0.5576749287923226, -0.24361429179549637, 0.7935053563961978]",east,6,0 minecraft:air,False,Player is not currently riding anything,0.0784000015258789
43.0,14:59:30.207704300,2025-07-30,literal{minecrafter256},"(101.89307599378546, 72.0, 161.93604956589067)",20.0,"[{'name': ' None', 'count': 0, 'meta': ''}, {'name': ' None', 'count': 0, 'meta': ''}, {'name': ' None', 'count': 0, 'meta': ''}, {'name': ' None', 'count': 0, 'meta': ''}, {'name': ' None', 'count': 0, 'meta': ''}, {'name': ' None', 'count': 0, 'meta': ''}, {'name': ' None', 'count': 0, 'meta': ''}, {'name': ' None', 'count': 0, 'meta': ''}, {'name': ' None', 'count': 0, 'meta': ''}, {'name': ' None', 'count': 0, 'meta': ''}, {'name': ' None', 'count': 0, 'meta': ''}, {'name': ' None', 'count': 0, 'meta': ''}, {'name': ' None', 'count': 0, 'meta': ''}, {'name': ' None', 'count': 0, 'meta': ''}, {'name': ' None', 'count': 0, 'meta': ''}, {'name': ' None', 'count': 0, 'meta': ''}, {'name': ' None', 'count': 0, 'meta': ''}, {'name': ' None', 'count': 0, 'meta': ''}, {'name': ' None', 'count': 0, 'meta': ''}, {'name': ' None', 'count': 0, 'meta': ''}, {'name': ' None', 'count': 0, 'meta': ''}, {'name': ' None', 'count': 0, 'meta': ''}, {'name': ' None', 'count': 0, 'meta': ''}, {'name': ' None', 'count': 0, 'meta': ''}, {'name': ' None', 'count': 0, 'meta': ''}, {'name': ' None', 'count': 0, 'meta': ''}, {'name': ' None', 'count': 0, 'meta': ''}, {'name': ' None', 'count': 0, 'meta': ''}, {'name': ' None', 'count': 0, 'meta': ''}, {'name': ' None', 'count': 0, 'meta': ''}, {'name': ' None', 'count': 0, 'meta': ''}, {'name': ' None', 'count': 0, 'meta': ''}, {'name': ' None', 'count': 0, 'meta': ''}, {'name': ' None', 'count': 0, 'meta': ''}, {'name': ' None', 'count': 0, 'meta': ''}, {'name': ' None', 'count': 0, 'meta': ''}]","Armor Slot 0: None, Count: 0; Armor Slot 1: None, Count: 0; Armor Slot 2: None, Count: 0; Armor Slot 3: None, Count: 0; ","Offhand: None, Count: 0; ",[],20.0,20.0,"[0.5576749287923226, -0.24361429179549637, 0.7935053563961978]",east,6,0 minecraft:air,False,Player is not currently riding anything,0.0784000015258789
43.0,14:59:30.210706100,2025-07-30,literal{minecrafter256},"(101.89307599378546, 72.0, 161.93604956589067)",20.0,"[{'name': ' None', 'count': 0, 'meta': ''}, {'name': ' None', 'count': 0, 'meta': ''}, {'name': ' None', 'count': 0, 'meta': ''}, {'name': ' None', 'count': 0, 'meta': ''}, {'name': ' None', 'count': 0, 'meta': ''}, {'name': ' None', 'count': 0, 'meta': ''}, {'name': ' None', 'count': 0, 'meta': ''}, {'name': ' None', 'count': 0, 'meta': ''}, {'name': ' None', 'count': 0, 'meta': ''}, {'name': ' None', 'count': 0, 'meta': ''}, {'name': ' None', 'count': 0, 'meta': ''}, {'name': ' None', 'count': 0, 'meta': ''}, {'name': ' None', 'count': 0, 'meta': ''}, {'name': ' None', 'count': 0, 'meta': ''}, {'name': ' None', 'count': 0, 'meta': ''}, {'name': ' None', 'count': 0, 'meta': ''}, {'name': ' None', 'count': 0, 'meta': ''}, {'name': ' None', 'count': 0, 'meta': ''}, {'name': ' None', 'count': 0, 'meta': ''}, {'name': ' None', 'count': 0, 'meta': ''}, {'name': ' None', 'count': 0, 'meta': ''}, {'name': ' None', 'count': 0, 'meta': ''}, {'name': ' None', 'count': 0, 'meta': ''}, {'name': ' None', 'count': 0, 'meta': ''}, {'name': ' None', 'count': 0, 'meta': ''}, {'name': ' None', 'count': 0, 'meta': ''}, {'name': ' None', 'count': 0, 'meta': ''}, {'name': ' None', 'count': 0, 'meta': ''}, {'name': ' None', 'count': 0, 'meta': ''}, {'name': ' None', 'count': 0, 'meta': ''}, {'name': ' None', 'count': 0, 'meta': ''}, {'name': ' None', 'count': 0, 'meta': ''}, {'name': ' None', 'count': 0, 'meta': ''}, {'name': ' None', 'count': 0, 'meta': ''}, {'name': ' None', 'count': 0, 'meta': ''}, {'name': ' None', 'count': 0, 'meta': ''}]","Armor Slot 0: None, Count: 0; Armor Slot 1: None, Count: 0; Armor Slot 2: None, Count: 0; Armor Slot 3: None, Count: 0; ","Offhand: None, Count: 0; ",[],20.0,20.0,"[0.5576749287923226, -0.24361429179549637, 0.7935053563961978]",east,6,0 minecraft:air,False,Player is not currently riding anything,0.0784000015258789
43.0,14:59:30.213216600,2025-07-30,literal{minecrafter256},"(101.89307599378546, 72.0, 161.93604956589067)",20.0,"[{'name': ' None', 'count': 0, 'meta': ''}, {'name': ' None', 'count': 0, 'meta': ''}, {'name': ' None', 'count': 0, 'meta': ''}, {'name': ' None', 'count': 0, 'meta': ''}, {'name': ' None', 'count': 0, 'meta': ''}, {'name': ' None', 'count': 0, 'meta': ''}, {'name': ' None', 'count': 0, 'meta': ''}, {'name': ' None', 'count': 0, 'meta': ''}, {'name': ' None', 'count': 0, 'meta': ''}, {'name': ' None', 'count': 0, 'meta': ''}, {'name': ' None', 'count': 0, 'meta': ''}, {'name': ' None', 'count': 0, 'meta': ''}, {'name': ' None', 'count': 0, 'meta': ''}, {'name': ' None', 'count': 0, 'meta': ''}, {'name': ' None', 'count': 0, 'meta': ''}, {'name': ' None', 'count': 0, 'meta': ''}, {'name': ' None', 'count': 0, 'meta': ''}, {'name': ' None', 'count': 0, 'meta': ''}, {'name': ' None', 'count': 0, 'meta': ''}, {'name': ' None', 'count': 0, 'meta': ''}, {'name': ' None', 'count': 0, 'meta': ''}, {'name': ' None', 'count': 0, 'meta': ''}, {'name': ' None', 'count': 0, 'meta': ''}, {'name': ' None', 'count': 0, 'meta': ''}, {'name': ' None', 'count': 0, 'meta': ''}, {'name': ' None', 'count': 0, 'meta': ''}, {'name': ' None', 'count': 0, 'meta': ''}, {'name': ' None', 'count': 0, 'meta': ''}, {'name': ' None', 'count': 0, 'meta': ''}, {'name': ' None', 'count': 0, 'meta': ''}, {'name': ' None', 'count': 0, 'meta': ''}, {'name': ' None', 'count': 0, 'meta': ''}, {'name': ' None', 'count': 0, 'meta': ''}, {'name': ' None', 'count': 0, 'meta': ''}, {'name': ' None', 'count': 0, 'meta': ''}, {'name': ' None', 'count': 0, 'meta': ''}]","Armor Slot 0: None, Count: 0; Armor Slot 1: None, Count: 0; Armor Slot 2: None, Count: 0; Armor Slot 3: None, Count: 0; ","Offhand: None, Count: 0; ",[],20.0,20.0,"[0.5576749287923226, -0.24361429179549637, 0.7935053563961978]",east,6,0 minecraft:air,False,Player is not currently riding anything,0.0784000015258789
43.0,14:59:30.217217300,2025-07-30,literal{minecrafter256},"(101.89307599378546, 72.0, 161.93604956589067)",20.0,"[{'name': ' None', 'count': 0, 'meta': ''}, {'name': ' None', 'count': 0, 'meta': ''}, {'name': ' None', 'count': 0, 'meta': ''}, {'name': ' None', 'count': 0, 'meta': ''}, {'name': ' None', 'count': 0, 'meta': ''}, {'name': ' None', 'count': 0, 'meta': ''}, {'name': ' None', 'count': 0, 'meta': ''}, {'name': ' None', 'count': 0, 'meta': ''}, {'name': ' None', 'count': 0, 'meta': ''}, {'name': ' None', 'count': 0, 'meta': ''}, {'name': ' None', 'count': 0, 'meta': ''}, {'name': ' None', 'count': 0, 'meta': ''}, {'name': ' None', 'count': 0, 'meta': ''}, {'name': ' None', 'count': 0, 'meta': ''}, {'name': ' None', 'count': 0, 'meta': ''}, {'name': ' None', 'count': 0, 'meta': ''}, {'name': ' None', 'count': 0, 'meta': ''}, {'name': ' None', 'count': 0, 'meta': ''}, {'name': ' None', 'count': 0, 'meta': ''}, {'name': ' None', 'count': 0, 'meta': ''}, {'name': ' None', 'count': 0, 'meta': ''}, {'name': ' None', 'count': 0, 'meta': ''}, {'name': ' None', 'count': 0, 'meta': ''}, {'name': ' None', 'count': 0, 'meta': ''}, {'name': ' None', 'count': 0, 'meta': ''}, {'name': ' None', 'count': 0, 'meta': ''}, {'name': ' None', 'count': 0, 'meta': ''}, {'name': ' None', 'count': 0, 'meta': ''}, {'name': ' None', 'count': 0, 'meta': ''}, {'name': ' None', 'count': 0, 'meta': ''}, {'name': ' None', 'count': 0, 'meta': ''}, {'name': ' None', 'count': 0, 'meta': ''}, {'name': ' None', 'count': 0, 'meta': ''}, {'name': ' None', 'count': 0, 'meta': ''}, {'name': ' None', 'count': 0, 'meta': ''}, {'name': ' None', 'count': 0, 'meta': ''}]","Armor Slot 0: None, Count: 0; Armor Slot 1: None, Count: 0; Armor Slot 2: None, Count: 0; Armor Slot 3: None, Count: 0; ","Offhand: None, Count: 0; ",[],20.0,20.0,"[0.5576749287923226, -0.24361429179549637, 0.7935053563961978]",east,6,0 minecraft:air,False,Player is not currently riding anything,0.0784000015258789
43.0,14:59:30.285881800,2025-07-30,literal{minecrafter256},"(101.89307599378546, 72.0, 161.93604956589067)",20.0,"[{'name': ' None', 'count': 0, 'meta': ''}, {'name': ' None', 'count': 0, 'meta': ''}, {'name': ' None', 'count': 0, 'meta': ''}, {'name': ' None', 'count': 0, 'meta': ''}, {'name': ' None', 'count': 0, 'meta': ''}, {'name': ' None', 'count': 0, 'meta': ''}, {'name': ' None', 'count': 0, 'meta': ''}, {'name': ' None', 'count': 0, 'meta': ''}, {'name': ' None', 'count': 0, 'meta': ''}, {'name': ' None', 'count': 0, 'meta': ''}, {'name': ' None', 'count': 0, 'meta': ''}, {'name': ' None', 'count': 0, 'meta': ''}, {'name': ' None', 'count': 0, 'meta': ''}, {'name': ' None', 'count': 0, 'meta': ''}, {'name': ' None', 'count': 0, 'meta': ''}, {'name': ' None', 'count': 0, 'meta': ''}, {'name': ' None', 'count': 0, 'meta': ''}, {'name': ' None', 'count': 0, 'meta': ''}, {'name': ' None', 'count': 0, 'meta': ''}, {'name': ' None', 'count': 0, 'meta': ''}, {'name': ' None', 'count': 0, 'meta': ''}, {'name': ' None', 'count': 0, 'meta': ''}, {'name': ' None', 'count': 0, 'meta': ''}, {'name': ' None', 'count': 0, 'meta': ''}, {'name': ' None', 'count': 0, 'meta': ''}, {'name': ' None', 'count': 0, 'meta': ''}, {'name': ' None', 'count': 0, 'meta': ''}, {'name': ' None', 'count': 0, 'meta': ''}, {'name': ' None', 'count': 0, 'meta': ''}, {'name': ' None', 'count': 0, 'meta': ''}, {'name': ' None', 'count': 0, 'meta': ''}, {'name': ' None', 'count': 0, 'meta': ''}, {'name': ' None', 'count': 0, 'meta': ''}, {'name': ' None', 'count': 0, 'meta': ''}, {'name': ' None', 'count': 0, 'meta': ''}, {'name': ' None', 'count': 0, 'meta': ''}]","Armor Slot 0: None, Count: 0; Armor Slot 1: None, Count: 0; Armor Slot 2: None, Count: 0; Armor Slot 3: None, Count: 0; ","Offhand: None, Count: 0; ",[],20.0,20.0,"[0.5576749287923226, -0.24361429179549637, 0.7935053563961978]",east,6,0 minecraft:air,False,Player is not currently riding anything,0.0784000015258789
43.0,14:59:30.320136600,2025-07-30,literal{minecrafter256},"(101.89307599378546, 72.0, 161.93604956589067)",20.0,"[{'name': ' None', 'count': 0, 'meta': ''}, {'name': ' None', 'count': 0, 'meta': ''}, {'name': ' None', 'count': 0, 'meta': ''}, {'name': ' None', 'count': 0, 'meta': ''}, {'name': ' None', 'count': 0, 'meta': ''}, {'name': ' None', 'count': 0, 'meta': ''}, {'name': ' None', 'count': 0, 'meta': ''}, {'name': ' None', 'count': 0, 'meta': ''}, {'name': ' None', 'count': 0, 'meta': ''}, {'name': ' None', 'count': 0, 'meta': ''}, {'name': ' None', 'count': 0, 'meta': ''}, {'name': ' None', 'count': 0, 'meta': ''}, {'name': ' None', 'count': 0, 'meta': ''}, {'name': ' None', 'count': 0, 'meta': ''}, {'name': ' None', 'count': 0, 'meta': ''}, {'name': ' None', 'count': 0, 'meta': ''}, {'name': ' None', 'count': 0, 'meta': ''}, {'name': ' None', 'count': 0, 'meta': ''}, {'name': ' None', 'count': 0, 'meta': ''}, {'name': ' None', 'count': 0, 'meta': ''}, {'name': ' None', 'count': 0, 'meta': ''}, {'name': ' None', 'count': 0, 'meta': ''}, {'name': ' None', 'count': 0, 'meta': ''}, {'name': ' None', 'count': 0, 'meta': ''}, {'name': ' None', 'count': 0, 'meta': ''}, {'name': ' None', 'count': 0, 'meta': ''}, {'name': ' None', 'count': 0, 'meta': ''}, {'name': ' None', 'count': 0, 'meta': ''}, {'name': ' None', 'count': 0, 'meta': ''}, {'name': ' None', 'count': 0, 'meta': ''}, {'name': ' None', 'count': 0, 'meta': ''}, {'name': ' None', 'count': 0, 'meta': ''}, {'name': ' None', 'count': 0, 'meta': ''}, {'name': ' None', 'count': 0, 'meta': ''}, {'name': ' None', 'count': 0, 'meta': ''}, {'name': ' None', 'count': 0, 'meta': ''}]","Armor Slot 0: None, Count: 0; Armor Slot 1: None, Count: 0; Armor Slot 2: None, Count: 0; Armor Slot 3: None, Count: 0; ","Offhand: None, Count: 0; ",[],20.0,20.0,"[0.5576749287923226, -0.24361429179549637, 0.7935053563961978]",east,6,0 minecraft:air,False,Player is not currently riding anything,0.0784000015258789
43.0,14:59:30.426801800,2025-07-30,literal{minecrafter256},"(101.89307599378546, 72.0, 161.93604956589067)",20.0,"[{'name': ' None', 'count': 0, 'meta': ''}, {'name': ' None', 'count': 0, 'meta': ''}, {'name': ' None', 'count': 0, 'meta': ''}, {'name': ' None', 'count': 0, 'meta': ''}, {'name': ' None', 'count': 0, 'meta': ''}, {'name': ' None', 'count': 0, 'meta': ''}, {'name': ' None', 'count': 0, 'meta': ''}, {'name': ' None', 'count': 0, 'meta': ''}, {'name': ' None', 'count': 0, 'meta': ''}, {'name': ' None', 'count': 0, 'meta': ''}, {'name': ' None', 'count': 0, 'meta': ''}, {'name': ' None', 'count': 0, 'meta': ''}, {'name': ' None', 'count': 0, 'meta': ''}, {'name': ' None', 'count': 0, 'meta': ''}, {'name': ' None', 'count': 0, 'meta': ''}, {'name': ' None', 'count': 0, 'meta': ''}, {'name': ' None', 'count': 0, 'meta': ''}, {'name': ' None', 'count': 0, 'meta': ''}, {'name': ' None', 'count': 0, 'meta': ''}, {'name': ' None', 'count': 0, 'meta': ''}, {'name': ' None', 'count': 0, 'meta': ''}, {'name': ' None', 'count': 0, 'meta': ''}, {'name': ' None', 'count': 0, 'meta': ''}, {'name': ' None', 'count': 0, 'meta': ''}, {'name': ' None', 'count': 0, 'meta': ''}, {'name': ' None', 'count': 0, 'meta': ''}, {'name': ' None', 'count': 0, 'meta': ''}, {'name': ' None', 'count': 0, 'meta': ''}, {'name': ' None', 'count': 0, 'meta': ''}, {'name': ' None', 'count': 0, 'meta': ''}, {'name': ' None', 'count': 0, 'meta': ''}, {'name': ' None', 'count': 0, 'meta': ''}, {'name': ' None', 'count': 0, 'meta': ''}, {'name': ' None', 'count': 0, 'meta': ''}, {'name': ' None', 'count': 0, 'meta': ''}, {'name': ' None', 'count': 0, 'meta': ''}]","Armor Slot 0: None, Count: 0; Armor Slot 1: None, Count: 0; Armor Slot 2: None, Count: 0; Armor Slot 3: None, Count: 0; ","Offhand: None, Count: 0; ",[],20.0,20.0,"[0.5576749287923226, -0.24361429179549637, 0.7935053563961978]",east,6,0 minecraft:air,False,Player is not currently riding anything,0.0784000015258789
43.0,14:59:30.438312100,2025-07-30,literal{minecrafter256},"(101.89307599378546, 72.0, 161.93604956589067)",20.0,"[{'name': ' None', 'count': 0, 'meta': ''}, {'name': ' None', 'count': 0, 'meta': ''}, {'name': ' None', 'count': 0, 'meta': ''}, {'name': ' None', 'count': 0, 'meta': ''}, {'name': ' None', 'count': 0, 'meta': ''}, {'name': ' None', 'count': 0, 'meta': ''}, {'name': ' None', 'count': 0, 'meta': ''}, {'name': ' None', 'count': 0, 'meta': ''}, {'name': ' None', 'count': 0, 'meta': ''}, {'name': ' None', 'count': 0, 'meta': ''}, {'name': ' None', 'count': 0, 'meta': ''}, {'name': ' None', 'count': 0, 'meta': ''}, {'name': ' None', 'count': 0, 'meta': ''}, {'name': ' None', 'count': 0, 'meta': ''}, {'name': ' None', 'count': 0, 'meta': ''}, {'name': ' None', 'count': 0, 'meta': ''}, {'name': ' None', 'count': 0, 'meta': ''}, {'name': ' None', 'count': 0, 'meta': ''}, {'name': ' None', 'count': 0, 'meta': ''}, {'name': ' None', 'count': 0, 'meta': ''}, {'name': ' None', 'count': 0, 'meta': ''}, {'name': ' None', 'count': 0, 'meta': ''}, {'name': ' None', 'count': 0, 'meta': ''}, {'name': ' None', 'count': 0, 'meta': ''}, {'name': ' None', 'count': 0, 'meta': ''}, {'name': ' None', 'count': 0, 'meta': ''}, {'name': ' None', 'count': 0, 'meta': ''}, {'name': ' None', 'count': 0, 'meta': ''}, {'name': ' None', 'count': 0, 'meta': ''}, {'name': ' None', 'count': 0, 'meta': ''}, {'name': ' None', 'count': 0, 'meta': ''}, {'name': ' None', 'count': 0, 'meta': ''}, {'name': ' None', 'count': 0, 'meta': ''}, {'name': ' None', 'count': 0, 'meta': ''}, {'name': ' None', 'count': 0, 'meta': ''}, {'name': ' None', 'count': 0, 'meta': ''}]","Armor Slot 0: None, Count: 0; Armor Slot 1: None, Count: 0; Armor Slot 2: None, Count: 0; Armor Slot 3: None, Count: 0; ","Offhand: None, Count: 0; ",[],20.0,20.0,"[0.5576749287923226, -0.24361429179549637, 0.7935053563961978]",east,6,0 minecraft:air,False,Player is not currently riding anything,0.0784000015258789
43.0,14:59:30.457850200,2025-07-30,literal{minecrafter256},"(101.89307599378546, 72.0, 161.93604956589067)",20.0,"[{'name': ' None', 'count': 0, 'meta': ''}, {'name': ' None', 'count': 0, 'meta': ''}, {'name': ' None', 'count': 0, 'meta': ''}, {'name': ' None', 'count': 0, 'meta': ''}, {'name': ' None', 'count': 0, 'meta': ''}, {'name': ' None', 'count': 0, 'meta': ''}, {'name': ' None', 'count': 0, 'meta': ''}, {'name': ' None', 'count': 0, 'meta': ''}, {'name': ' None', 'count': 0, 'meta': ''}, {'name': ' None', 'count': 0, 'meta': ''}, {'name': ' None', 'count': 0, 'meta': ''}, {'name': ' None', 'count': 0, 'meta': ''}, {'name': ' None', 'count': 0, 'meta': ''}, {'name': ' None', 'count': 0, 'meta': ''}, {'name': ' None', 'count': 0, 'meta': ''}, {'name': ' None', 'count': 0, 'meta': ''}, {'name': ' None', 'count': 0, 'meta': ''}, {'name': ' None', 'count': 0, 'meta': ''}, {'name': ' None', 'count': 0, 'meta': ''}, {'name': ' None', 'count': 0, 'meta': ''}, {'name': ' None', 'count': 0, 'meta': ''}, {'name': ' None', 'count': 0, 'meta': ''}, {'name': ' None', 'count': 0, 'meta': ''}, {'name': ' None', 'count': 0, 'meta': ''}, {'name': ' None', 'count': 0, 'meta': ''}, {'name': ' None', 'count': 0, 'meta': ''}, {'name': ' None', 'count': 0, 'meta': ''}, {'name': ' None', 'count': 0, 'meta': ''}, {'name': ' None', 'count': 0, 'meta': ''}, {'name': ' None', 'count': 0, 'meta': ''}, {'name': ' None', 'count': 0, 'meta': ''}, {'name': ' None', 'count': 0, 'meta': ''}, {'name': ' None', 'count': 0, 'meta': ''}, {'name': ' None', 'count': 0, 'meta': ''}, {'name': ' None', 'count': 0, 'meta': ''}, {'name': ' None', 'count': 0, 'meta': ''}]","Armor Slot 0: None, Count: 0; Armor Slot 1: None, Count: 0; Armor Slot 2: None, Count: 0; Armor Slot 3: None, Count: 0; ","Offhand: None, Count: 0; ",[],20.0,20.0,"[0.5576749287923226, -0.24361429179549637, 0.7935053563961978]",east,6,0 minecraft:air,False,Player is not currently riding anything,0.0784000015258789
43.0,14:59:30.524665800,2025-07-30,literal{minecrafter256},"(101.89307599378546, 72.0, 161.93604956589067)",20.0,"[{'name': ' None', 'count': 0, 'meta': ''}, {'name': ' None', 'count': 0, 'meta': ''}, {'name': ' None', 'count': 0, 'meta': ''}, {'name': ' None', 'count': 0, 'meta': ''}, {'name': ' None', 'count': 0, 'meta': ''}, {'name': ' None', 'count': 0, 'meta': ''}, {'name': ' None', 'count': 0, 'meta': ''}, {'name': ' None', 'count': 0, 'meta': ''}, {'name': ' None', 'count': 0, 'meta': ''}, {'name': ' None', 'count': 0, 'meta': ''}, {'name': ' None', 'count': 0, 'meta': ''}, {'name': ' None', 'count': 0, 'meta': ''}, {'name': ' None', 'count': 0, 'meta': ''}, {'name': ' None', 'count': 0, 'meta': ''}, {'name': ' None', 'count': 0, 'meta': ''}, {'name': ' None', 'count': 0, 'meta': ''}, {'name': ' None', 'count': 0, 'meta': ''}, {'name': ' None', 'count': 0, 'meta': ''}, {'name': ' None', 'count': 0, 'meta': ''}, {'name': ' None', 'count': 0, 'meta': ''}, {'name': ' None', 'count': 0, 'meta': ''}, {'name': ' None', 'count': 0, 'meta': ''}, {'name': ' None', 'count': 0, 'meta': ''}, {'name': ' None', 'count': 0, 'meta': ''}, {'name': ' None', 'count': 0, 'meta': ''}, {'name': ' None', 'count': 0, 'meta': ''}, {'name': ' None', 'count': 0, 'meta': ''}, {'name': ' None', 'count': 0, 'meta': ''}, {'name': ' None', 'count': 0, 'meta': ''}, {'name': ' None', 'count': 0, 'meta': ''}, {'name': ' None', 'count': 0, 'meta': ''}, {'name': ' None', 'count': 0, 'meta': ''}, {'name': ' None', 'count': 0, 'meta': ''}, {'name': ' None', 'count': 0, 'meta': ''}, {'name': ' None', 'count': 0, 'meta': ''}, {'name': ' None', 'count': 0, 'meta': ''}]","Armor Slot 0: None, Count: 0; Armor Slot 1: None, Count: 0; Armor Slot 2: None, Count: 0; Armor Slot 3: None, Count: 0; ","Offhand: None, Count: 0; ",[],20.0,20.0,"[0.5576749287923226, -0.24361429179549637, 0.7935053563961978]",east,6,0 minecraft:air,False,Player is not currently riding anything,0.0784000015258789
43.0,14:59:30.565183900,2025-07-30,literal{minecrafter256},"(101.89307599378546, 72.0, 161.93604956589067)",20.0,"[{'name': ' None', 'count': 0, 'meta': ''}, {'name': ' None', 'count': 0, 'meta': ''}, {'name': ' None', 'count': 0, 'meta': ''}, {'name': ' None', 'count': 0, 'meta': ''}, {'name': ' None', 'count': 0, 'meta': ''}, {'name': ' None', 'count': 0, 'meta': ''}, {'name': ' None', 'count': 0, 'meta': ''}, {'name': ' None', 'count': 0, 'meta': ''}, {'name': ' None', 'count': 0, 'meta': ''}, {'name': ' None', 'count': 0, 'meta': ''}, {'name': ' None', 'count': 0, 'meta': ''}, {'name': ' None', 'count': 0, 'meta': ''}, {'name': ' None', 'count': 0, 'meta': ''}, {'name': ' None', 'count': 0, 'meta': ''}, {'name': ' None', 'count': 0, 'meta': ''}, {'name': ' None', 'count': 0, 'meta': ''}, {'name': ' None', 'count': 0, 'meta': ''}, {'name': ' None', 'count': 0, 'meta': ''}, {'name': ' None', 'count': 0, 'meta': ''}, {'name': ' None', 'count': 0, 'meta': ''}, {'name': ' None', 'count': 0, 'meta': ''}, {'name': ' None', 'count': 0, 'meta': ''}, {'name': ' None', 'count': 0, 'meta': ''}, {'name': ' None', 'count': 0, 'meta': ''}, {'name': ' None', 'count': 0, 'meta': ''}, {'name': ' None', 'count': 0, 'meta': ''}, {'name': ' None', 'count': 0, 'meta': ''}, {'name': ' None', 'count': 0, 'meta': ''}, {'name': ' None', 'count': 0, 'meta': ''}, {'name': ' None', 'count': 0, 'meta': ''}, {'name': ' None', 'count': 0, 'meta': ''}, {'name': ' None', 'count': 0, 'meta': ''}, {'name': ' None', 'count': 0, 'meta': ''}, {'name': ' None', 'count': 0, 'meta': ''}, {'name': ' None', 'count': 0, 'meta': ''}, {'name': ' None', 'count': 0, 'meta': ''}]","Armor Slot 0: None, Count: 0; Armor Slot 1: None, Count: 0; Armor Slot 2: None, Count: 0; Armor Slot 3: None, Count: 0; ","Offhand: None, Count: 0; ",[],20.0,20.0,"[0.5576749287923226, -0.24361429179549637, 0.7935053563961978]",east,6,0 minecraft:air,False,Player is not currently riding anything,0.0784000015258789
28.0,14:59:30.612828,2025-07-30,literal{minecrafter256},"(101.89307599378546, 72.0, 161.93604956589067)",20.0,"[{'name': ' None', 'count': 0, 'meta': ''}, {'name': ' None', 'count': 0, 'meta': ''}, {'name': ' None', 'count': 0, 'meta': ''}, {'name': ' None', 'count': 0, 'meta': ''}, {'name': ' None', 'count': 0, 'meta': ''}, {'name': ' None', 'count': 0, 'meta': ''}, {'name': ' None', 'count': 0, 'meta': ''}, {'name': ' None', 'count': 0, 'meta': ''}, {'name': ' None', 'count': 0, 'meta': ''}, {'name': ' None', 'count': 0, 'meta': ''}, {'name': ' None', 'count': 0, 'meta': ''}, {'name': ' None', 'count': 0, 'meta': ''}, {'name': ' None', 'count': 0, 'meta': ''}, {'name': ' None', 'count': 0, 'meta': ''}, {'name': ' None', 'count': 0, 'meta': ''}, {'name': ' None', 'count': 0, 'meta': ''}, {'name': ' None', 'count': 0, 'meta': ''}, {'name': ' None', 'count': 0, 'meta': ''}, {'name': ' None', 'count': 0, 'meta': ''}, {'name': ' None', 'count': 0, 'meta': ''}, {'name': ' None', 'count': 0, 'meta': ''}, {'name': ' None', 'count': 0, 'meta': ''}, {'name': ' None', 'count': 0, 'meta': ''}, {'name': ' None', 'count': 0, 'meta': ''}, {'name': ' None', 'count': 0, 'meta': ''}, {'name': ' None', 'count': 0, 'meta': ''}, {'name': ' None', 'count': 0, 'meta': ''}, {'name': ' None', 'count': 0, 'meta': ''}, {'name': ' None', 'count': 0, 'meta': ''}, {'name': ' None', 'count': 0, 'meta': ''}, {'name': ' None', 'count': 0, 'meta': ''}, {'name': ' None', 'count': 0, 'meta': ''}, {'name': ' None', 'count': 0, 'meta': ''}, {'name': ' None', 'count': 0, 'meta': ''}, {'name': ' None', 'count': 0, 'meta': ''}, {'name': ' None', 'count': 0, 'meta': ''}]","Armor Slot 0: None, Count: 0; Armor Slot 1: None, Count: 0; Armor Slot 2: None, Count: 0; Armor Slot 3: None, Count: 0; ","Offhand: None, Count: 0; ",[],20.0,20.0,"[0.5576749287923226, -0.24361429179549637, 0.7935053563961978]",east,6,0 minecraft:air,False,Player is not currently riding anything,0.0784000015258789
28.0,14:59:30.665443100,2025-07-30,literal{minecrafter256},"(101.89307599378546, 72.0, 161.93604956589067)",20.0,"[{'name': ' None', 'count': 0, 'meta': ''}, {'name': ' None', 'count': 0, 'meta': ''}, {'name': ' None', 'count': 0, 'meta': ''}, {'name': ' None', 'count': 0, 'meta': ''}, {'name': ' None', 'count': 0, 'meta': ''}, {'name': ' None', 'count': 0, 'meta': ''}, {'name': ' None', 'count': 0, 'meta': ''}, {'name': ' None', 'count': 0, 'meta': ''}, {'name': ' None', 'count': 0, 'meta': ''}, {'name': ' None', 'count': 0, 'meta': ''}, {'name': ' None', 'count': 0, 'meta': ''}, {'name': ' None', 'count': 0, 'meta': ''}, {'name': ' None', 'count': 0, 'meta': ''}, {'name': ' None', 'count': 0, 'meta': ''}, {'name': ' None', 'count': 0, 'meta': ''}, {'name': ' None', 'count': 0, 'meta': ''}, {'name': ' None', 'count': 0, 'meta': ''}, {'name': ' None', 'count': 0, 'meta': ''}, {'name': ' None', 'count': 0, 'meta': ''}, {'name': ' None', 'count': 0, 'meta': ''}, {'name': ' None', 'count': 0, 'meta': ''}, {'name': ' None', 'count': 0, 'meta': ''}, {'name': ' None', 'count': 0, 'meta': ''}, {'name': ' None', 'count': 0, 'meta': ''}, {'name': ' None', 'count': 0, 'meta': ''}, {'name': ' None', 'count': 0, 'meta': ''}, {'name': ' None', 'count': 0, 'meta': ''}, {'name': ' None', 'count': 0, 'meta': ''}, {'name': ' None', 'count': 0, 'meta': ''}, {'name': ' None', 'count': 0, 'meta': ''}, {'name': ' None', 'count': 0, 'meta': ''}, {'name': ' None', 'count': 0, 'meta': ''}, {'name': ' None', 'count': 0, 'meta': ''}, {'name': ' None', 'count': 0, 'meta': ''}, {'name': ' None', 'count': 0, 'meta': ''}, {'name': ' None', 'count': 0, 'meta': ''}]","Armor Slot 0: None, Count: 0; Armor Slot 1: None, Count: 0; Armor Slot 2: None, Count: 0; Armor Slot 3: None, Count: 0; ","Offhand: None, Count: 0; ",[],20.0,20.0,"[0.6023763478098726, -0.2562886233937382, 0.7559489910821906]",east,6,0 minecraft:air,False,Player is not currently riding anything,0.0784000015258789
28.0,14:59:30.748191600,2025-07-30,literal{minecrafter256},"(101.89307599378546, 72.0, 161.93604956589067)",20.0,"[{'name': ' None', 'count': 0, 'meta': ''}, {'name': ' None', 'count': 0, 'meta': ''}, {'name': ' None', 'count': 0, 'meta': ''}, {'name': ' None', 'count': 0, 'meta': ''}, {'name': ' None', 'count': 0, 'meta': ''}, {'name': ' None', 'count': 0, 'meta': ''}, {'name': ' None', 'count': 0, 'meta': ''}, {'name': ' None', 'count': 0, 'meta': ''}, {'name': ' None', 'count': 0, 'meta': ''}, {'name': ' None', 'count': 0, 'meta': ''}, {'name': ' None', 'count': 0, 'meta': ''}, {'name': ' None', 'count': 0, 'meta': ''}, {'name': ' None', 'count': 0, 'meta': ''}, {'name': ' None', 'count': 0, 'meta': ''}, {'name': ' None', 'count': 0, 'meta': ''}, {'name': ' None', 'count': 0, 'meta': ''}, {'name': ' None', 'count': 0, 'meta': ''}, {'name': ' None', 'count': 0, 'meta': ''}, {'name': ' None', 'count': 0, 'meta': ''}, {'name': ' None', 'count': 0, 'meta': ''}, {'name': ' None', 'count': 0, 'meta': ''}, {'name': ' None', 'count': 0, 'meta': ''}, {'name': ' None', 'count': 0, 'meta': ''}, {'name': ' None', 'count': 0, 'meta': ''}, {'name': ' None', 'count': 0, 'meta': ''}, {'name': ' None', 'count': 0, 'meta': ''}, {'name': ' None', 'count': 0, 'meta': ''}, {'name': ' None', 'count': 0, 'meta': ''}, {'name': ' None', 'count': 0, 'meta': ''}, {'name': ' None', 'count': 0, 'meta': ''}, {'name': ' None', 'count': 0, 'meta': ''}, {'name': ' None', 'count': 0, 'meta': ''}, {'name': ' None', 'count': 0, 'meta': ''}, {'name': ' None', 'count': 0, 'meta': ''}, {'name': ' None', 'count': 0, 'meta': ''}, {'name': ' None', 'count': 0, 'meta': ''}]","Armor Slot 0: None, Count: 0; Armor Slot 1: None, Count: 0; Armor Slot 2: None, Count: 0; Armor Slot 3: None, Count: 0; ","Offhand: None, Count: 0; ",[],20.0,20.0,"[0.6023763478098726, -0.2562886233937382, 0.7559489910821906]",east,6,0 minecraft:air,False,Player is not currently riding anything,0.0784000015258789
28.0,14:59:30.766801200,2025-07-30,literal{minecrafter256},"(101.89307599378546, 72.0, 161.93604956589067)",20.0,"[{'name': ' None', 'count': 0, 'meta': ''}, {'name': ' None', 'count': 0, 'meta': ''}, {'name': ' None', 'count': 0, 'meta': ''}, {'name': ' None', 'count': 0, 'meta': ''}, {'name': ' None', 'count': 0, 'meta': ''}, {'name': ' None', 'count': 0, 'meta': ''}, {'name': ' None', 'count': 0, 'meta': ''}, {'name': ' None', 'count': 0, 'meta': ''}, {'name': ' None', 'count': 0, 'meta': ''}, {'name': ' None', 'count': 0, 'meta': ''}, {'name': ' None', 'count': 0, 'meta': ''}, {'name': ' None', 'count': 0, 'meta': ''}, {'name': ' None', 'count': 0, 'meta': ''}, {'name': ' None', 'count': 0, 'meta': ''}, {'name': ' None', 'count': 0, 'meta': ''}, {'name': ' None', 'count': 0, 'meta': ''}, {'name': ' None', 'count': 0, 'meta': ''}, {'name': ' None', 'count': 0, 'meta': ''}, {'name': ' None', 'count': 0, 'meta': ''}, {'name': ' None', 'count': 0, 'meta': ''}, {'name': ' None', 'count': 0, 'meta': ''}, {'name': ' None', 'count': 0, 'meta': ''}, {'name': ' None', 'count': 0, 'meta': ''}, {'name': ' None', 'count': 0, 'meta': ''}, {'name': ' None', 'count': 0, 'meta': ''}, {'name': ' None', 'count': 0, 'meta': ''}, {'name': ' None', 'count': 0, 'meta': ''}, {'name': ' None', 'count': 0, 'meta': ''}, {'name': ' None', 'count': 0, 'meta': ''}, {'name': ' None', 'count': 0, 'meta': ''}, {'name': ' None', 'count': 0, 'meta': ''}, {'name': ' None', 'count': 0, 'meta': ''}, {'name': ' None', 'count': 0, 'meta': ''}, {'name': ' None', 'count': 0, 'meta': ''}, {'name': ' None', 'count': 0, 'meta': ''}, {'name': ' None', 'count': 0, 'meta': ''}]","Armor Slot 0: None, Count: 0; Armor Slot 1: None, Count: 0; Armor Slot 2: None, Count: 0; Armor Slot 3: None, Count: 0; ","Offhand: None, Count: 0; ",[],20.0,20.0,"[0.6023763478098726, -0.2562886233937382, 0.7559489910821906]",east,6,0 minecraft:air,False,Player is not currently riding anything,0.0784000015258789
28.0,14:59:30.817170100,2025-07-30,literal{minecrafter256},"(101.89307599378546, 72.0, 161.93604956589067)",20.0,"[{'name': ' None', 'count': 0, 'meta': ''}, {'name': ' None', 'count': 0, 'meta': ''}, {'name': ' None', 'count': 0, 'meta': ''}, {'name': ' None', 'count': 0, 'meta': ''}, {'name': ' None', 'count': 0, 'meta': ''}, {'name': ' None', 'count': 0, 'meta': ''}, {'name': ' None', 'count': 0, 'meta': ''}, {'name': ' None', 'count': 0, 'meta': ''}, {'name': ' None', 'count': 0, 'meta': ''}, {'name': ' None', 'count': 0, 'meta': ''}, {'name': ' None', 'count': 0, 'meta': ''}, {'name': ' None', 'count': 0, 'meta': ''}, {'name': ' None', 'count': 0, 'meta': ''}, {'name': ' None', 'count': 0, 'meta': ''}, {'name': ' None', 'count': 0, 'meta': ''}, {'name': ' None', 'count': 0, 'meta': ''}, {'name': ' None', 'count': 0, 'meta': ''}, {'name': ' None', 'count': 0, 'meta': ''}, {'name': ' None', 'count': 0, 'meta': ''}, {'name': ' None', 'count': 0, 'meta': ''}, {'name': ' None', 'count': 0, 'meta': ''}, {'name': ' None', 'count': 0, 'meta': ''}, {'name': ' None', 'count': 0, 'meta': ''}, {'name': ' None', 'count': 0, 'meta': ''}, {'name': ' None', 'count': 0, 'meta': ''}, {'name': ' None', 'count': 0, 'meta': ''}, {'name': ' None', 'count': 0, 'meta': ''}, {'name': ' None', 'count': 0, 'meta': ''}, {'name': ' None', 'count': 0, 'meta': ''}, {'name': ' None', 'count': 0, 'meta': ''}, {'name': ' None', 'count': 0, 'meta': ''}, {'name': ' None', 'count': 0, 'meta': ''}, {'name': ' None', 'count': 0, 'meta': ''}, {'name': ' None', 'count': 0, 'meta': ''}, {'name': ' None', 'count': 0, 'meta': ''}, {'name': ' None', 'count': 0, 'meta': ''}]","Armor Slot 0: None, Count: 0; Armor Slot 1: None, Count: 0; Armor Slot 2: None, Count: 0; Armor Slot 3: None, Count: 0; ","Offhand: None, Count: 0; ",[],20.0,20.0,"[0.6023763478098726, -0.2562886233937382, 0.7559489910821906]",east,6,0 minecraft:air,False,Player is not currently riding anything,0.0784000015258789
28.0,14:59:30.892215500,2025-07-30,literal{minecrafter256},"(101.89307599378546, 72.0, 161.93604956589067)",20.0,"[{'name': ' None', 'count': 0, 'meta': ''}, {'name': ' None', 'count': 0, 'meta': ''}, {'name': ' None', 'count': 0, 'meta': ''}, {'name': ' None', 'count': 0, 'meta': ''}, {'name': ' None', 'count': 0, 'meta': ''}, {'name': ' None', 'count': 0, 'meta': ''}, {'name': ' None', 'count': 0, 'meta': ''}, {'name': ' None', 'count': 0, 'meta': ''}, {'name': ' None', 'count': 0, 'meta': ''}, {'name': ' None', 'count': 0, 'meta': ''}, {'name': ' None', 'count': 0, 'meta': ''}, {'name': ' None', 'count': 0, 'meta': ''}, {'name': ' None', 'count': 0, 'meta': ''}, {'name': ' None', 'count': 0, 'meta': ''}, {'name': ' None', 'count': 0, 'meta': ''}, {'name': ' None', 'count': 0, 'meta': ''}, {'name': ' None', 'count': 0, 'meta': ''}, {'name': ' None', 'count': 0, 'meta': ''}, {'name': ' None', 'count': 0, 'meta': ''}, {'name': ' None', 'count': 0, 'meta': ''}, {'name': ' None', 'count': 0, 'meta': ''}, {'name': ' None', 'count': 0, 'meta': ''}, {'name': ' None', 'count': 0, 'meta': ''}, {'name': ' None', 'count': 0, 'meta': ''}, {'name': ' None', 'count': 0, 'meta': ''}, {'name': ' None', 'count': 0, 'meta': ''}, {'name': ' None', 'count': 0, 'meta': ''}, {'name': ' None', 'count': 0, 'meta': ''}, {'name': ' None', 'count': 0, 'meta': ''}, {'name': ' None', 'count': 0, 'meta': ''}, {'name': ' None', 'count': 0, 'meta': ''}, {'name': ' None', 'count': 0, 'meta': ''}, {'name': ' None', 'count': 0, 'meta': ''}, {'name': ' None', 'count': 0, 'meta': ''}, {'name': ' None', 'count': 0, 'meta': ''}, {'name': ' None', 'count': 0, 'meta': ''}]","Armor Slot 0: None, Count: 0; Armor Slot 1: None, Count: 0; Armor Slot 2: None, Count: 0; Armor Slot 3: None, Count: 0; ","Offhand: None, Count: 0; ",[],20.0,20.0,"[0.6023763478098726, -0.2562886233937382, 0.7559489910821906]",east,6,0 minecraft:air,False,Player is not currently riding anything,0.0784000015258789
28.0,14:59:30.917344800,2025-07-30,literal{minecrafter256},"(101.89307599378546, 72.0, 161.93604956589067)",20.0,"[{'name': ' None', 'count': 0, 'meta': ''}, {'name': ' None', 'count': 0, 'meta': ''}, {'name': ' None', 'count': 0, 'meta': ''}, {'name': ' None', 'count': 0, 'meta': ''}, {'name': ' None', 'count': 0, 'meta': ''}, {'name': ' None', 'count': 0, 'meta': ''}, {'name': ' None', 'count': 0, 'meta': ''}, {'name': ' None', 'count': 0, 'meta': ''}, {'name': ' None', 'count': 0, 'meta': ''}, {'name': ' None', 'count': 0, 'meta': ''}, {'name': ' None', 'count': 0, 'meta': ''}, {'name': ' None', 'count': 0, 'meta': ''}, {'name': ' None', 'count': 0, 'meta': ''}, {'name': ' None', 'count': 0, 'meta': ''}, {'name': ' None', 'count': 0, 'meta': ''}, {'name': ' None', 'count': 0, 'meta': ''}, {'name': ' None', 'count': 0, 'meta': ''}, {'name': ' None', 'count': 0, 'meta': ''}, {'name': ' None', 'count': 0, 'meta': ''}, {'name': ' None', 'count': 0, 'meta': ''}, {'name': ' None', 'count': 0, 'meta': ''}, {'name': ' None', 'count': 0, 'meta': ''}, {'name': ' None', 'count': 0, 'meta': ''}, {'name': ' None', 'count': 0, 'meta': ''}, {'name': ' None', 'count': 0, 'meta': ''}, {'name': ' None', 'count': 0, 'meta': ''}, {'name': ' None', 'count': 0, 'meta': ''}, {'name': ' None', 'count': 0, 'meta': ''}, {'name': ' None', 'count': 0, 'meta': ''}, {'name': ' None', 'count': 0, 'meta': ''}, {'name': ' None', 'count': 0, 'meta': ''}, {'name': ' None', 'count': 0, 'meta': ''}, {'name': ' None', 'count': 0, 'meta': ''}, {'name': ' None', 'count': 0, 'meta': ''}, {'name': ' None', 'count': 0, 'meta': ''}, {'name': ' None', 'count': 0, 'meta': ''}]","Armor Slot 0: None, Count: 0; Armor Slot 1: None, Count: 0; Armor Slot 2: None, Count: 0; Armor Slot 3: None, Count: 0; ","Offhand: None, Count: 0; ",[],20.0,20.0,"[0.6035059731896527, -0.26134618161414636, 0.7533118303067566]",east,6,0 minecraft:air,False,Player is not currently riding anything,0.0784000015258789
28.0,14:59:30.962941900,2025-07-30,literal{minecrafter256},"(101.89307599378546, 72.0, 161.93604956589067)",20.0,"[{'name': ' None', 'count': 0, 'meta': ''}, {'name': ' None', 'count': 0, 'meta': ''}, {'name': ' None', 'count': 0, 'meta': ''}, {'name': ' None', 'count': 0, 'meta': ''}, {'name': ' None', 'count': 0, 'meta': ''}, {'name': ' None', 'count': 0, 'meta': ''}, {'name': ' None', 'count': 0, 'meta': ''}, {'name': ' None', 'count': 0, 'meta': ''}, {'name': ' None', 'count': 0, 'meta': ''}, {'name': ' None', 'count': 0, 'meta': ''}, {'name': ' None', 'count': 0, 'meta': ''}, {'name': ' None', 'count': 0, 'meta': ''}, {'name': ' None', 'count': 0, 'meta': ''}, {'name': ' None', 'count': 0, 'meta': ''}, {'name': ' None', 'count': 0, 'meta': ''}, {'name': ' None', 'count': 0, 'meta': ''}, {'name': ' None', 'count': 0, 'meta': ''}, {'name': ' None', 'count': 0, 'meta': ''}, {'name': ' None', 'count': 0, 'meta': ''}, {'name': ' None', 'count': 0, 'meta': ''}, {'name': ' None', 'count': 0, 'meta': ''}, {'name': ' None', 'count': 0, 'meta': ''}, {'name': ' None', 'count': 0, 'meta': ''}, {'name': ' None', 'count': 0, 'meta': ''}, {'name': ' None', 'count': 0, 'meta': ''}, {'name': ' None', 'count': 0, 'meta': ''}, {'name': ' None', 'count': 0, 'meta': ''}, {'name': ' None', 'count': 0, 'meta': ''}, {'name': ' None', 'count': 0, 'meta': ''}, {'name': ' None', 'count': 0, 'meta': ''}, {'name': ' None', 'count': 0, 'meta': ''}, {'name': ' None', 'count': 0, 'meta': ''}, {'name': ' None', 'count': 0, 'meta': ''}, {'name': ' None', 'count': 0, 'meta': ''}, {'name': ' None', 'count': 0, 'meta': ''}, {'name': ' None', 'count': 0, 'meta': ''}]","Armor Slot 0: None, Count: 0; Armor Slot 1: None, Count: 0; Armor Slot 2: None, Count: 0; Armor Slot 3: None, Count: 0; ","Offhand: None, Count: 0; ",[],20.0,20.0,"[0.6046093257507491, -0.26639657493341007, 0.7506533341556357]",east,6,0 minecraft:air,False,Player is not currently riding anything,0.0784000015258789
28.0,14:59:31.014473300,2025-07-30,literal{minecrafter256},"(101.89307599378546, 72.0, 161.93604956589067)",20.0,"[{'name': ' None', 'count': 0, 'meta': ''}, {'name': ' None', 'count': 0, 'meta': ''}, {'name': ' None', 'count': 0, 'meta': ''}, {'name': ' None', 'count': 0, 'meta': ''}, {'name': ' None', 'count': 0, 'meta': ''}, {'name': ' None', 'count': 0, 'meta': ''}, {'name': ' None', 'count': 0, 'meta': ''}, {'name': ' None', 'count': 0, 'meta': ''}, {'name': ' None', 'count': 0, 'meta': ''}, {'name': ' None', 'count': 0, 'meta': ''}, {'name': ' None', 'count': 0, 'meta': ''}, {'name': ' None', 'count': 0, 'meta': ''}, {'name': ' None', 'count': 0, 'meta': ''}, {'name': ' None', 'count': 0, 'meta': ''}, {'name': ' None', 'count': 0, 'meta': ''}, {'name': ' None', 'count': 0, 'meta': ''}, {'name': ' None', 'count': 0, 'meta': ''}, {'name': ' None', 'count': 0, 'meta': ''}, {'name': ' None', 'count': 0, 'meta': ''}, {'name': ' None', 'count': 0, 'meta': ''}, {'name': ' None', 'count': 0, 'meta': ''}, {'name': ' None', 'count': 0, 'meta': ''}, {'name': ' None', 'count': 0, 'meta': ''}, {'name': ' None', 'count': 0, 'meta': ''}, {'name': ' None', 'count': 0, 'meta': ''}, {'name': ' None', 'count': 0, 'meta': ''}, {'name': ' None', 'count': 0, 'meta': ''}, {'name': ' None', 'count': 0, 'meta': ''}, {'name': ' None', 'count': 0, 'meta': ''}, {'name': ' None', 'count': 0, 'meta': ''}, {'name': ' None', 'count': 0, 'meta': ''}, {'name': ' None', 'count': 0, 'meta': ''}, {'name': ' None', 'count': 0, 'meta': ''}, {'name': ' None', 'count': 0, 'meta': ''}, {'name': ' None', 'count': 0, 'meta': ''}, {'name': ' None', 'count': 0, 'meta': ''}]","Armor Slot 0: None, Count: 0; Armor Slot 1: None, Count: 0; Armor Slot 2: None, Count: 0; Armor Slot 3: None, Count: 0; ","Offhand: None, Count: 0; ",[],20.0,20.0,"[0.6306973627259388, -0.291536276821793, 0.7191852584330636]",east,6,0 minecraft:air,False,Player is not currently riding anything,0.0784000015258789
28.0,14:59:31.251500400,2025-07-30,literal{minecrafter256},"(101.89307599378546, 72.0, 161.93604956589067)",20.0,"[{'name': ' None', 'count': 0, 'meta': ''}, {'name': ' None', 'count': 0, 'meta': ''}, {'name': ' None', 'count': 0, 'meta': ''}, {'name': ' None', 'count': 0, 'meta': ''}, {'name': ' None', 'count': 0, 'meta': ''}, {'name': ' None', 'count': 0, 'meta': ''}, {'name': ' None', 'count': 0, 'meta': ''}, {'name': ' None', 'count': 0, 'meta': ''}, {'name': ' None', 'count': 0, 'meta': ''}, {'name': ' None', 'count': 0, 'meta': ''}, {'name': ' None', 'count': 0, 'meta': ''}, {'name': ' None', 'count': 0, 'meta': ''}, {'name': ' None', 'count': 0, 'meta': ''}, {'name': ' None', 'count': 0, 'meta': ''}, {'name': ' None', 'count': 0, 'meta': ''}, {'name': ' None', 'count': 0, 'meta': ''}, {'name': ' None', 'count': 0, 'meta': ''}, {'name': ' None', 'count': 0, 'meta': ''}, {'name': ' None', 'count': 0, 'meta': ''}, {'name': ' None', 'count': 0, 'meta': ''}, {'name': ' None', 'count': 0, 'meta': ''}, {'name': ' None', 'count': 0, 'meta': ''}, {'name': ' None', 'count': 0, 'meta': ''}, {'name': ' None', 'count': 0, 'meta': ''}, {'name': ' None', 'count': 0, 'meta': ''}, {'name': ' None', 'count': 0, 'meta': ''}, {'name': ' None', 'count': 0, 'meta': ''}, {'name': ' None', 'count': 0, 'meta': ''}, {'name': ' None', 'count': 0, 'meta': ''}, {'name': ' None', 'count': 0, 'meta': ''}, {'name': ' None', 'count': 0, 'meta': ''}, {'name': ' None', 'count': 0, 'meta': ''}, {'name': ' None', 'count': 0, 'meta': ''}, {'name': ' None', 'count': 0, 'meta': ''}, {'name': ' None', 'count': 0, 'meta': ''}, {'name': ' None', 'count': 0, 'meta': ''}]","Armor Slot 0: None, Count: 0; Armor Slot 1: None, Count: 0; Armor Slot 2: None, Count: 0; Armor Slot 3: None, Count: 0; ","Offhand: None, Count: 0; ",[],20.0,20.0,"[0.6376826089279914, -0.2940395361486659, 0.711970253207441]",east,6,0 minecraft:air,False,Player is not currently riding anything,0.0784000015258789
28.0,14:59:31.270032600,2025-07-30,literal{minecrafter256},"(101.89307599378546, 72.0, 161.93604956589067)",20.0,"[{'name': ' None', 'count': 0, 'meta': ''}, {'name': ' None', 'count': 0, 'meta': ''}, {'name': ' None', 'count': 0, 'meta': ''}, {'name': ' None', 'count': 0, 'meta': ''}, {'name': ' None', 'count': 0, 'meta': ''}, {'name': ' None', 'count': 0, 'meta': ''}, {'name': ' None', 'count': 0, 'meta': ''}, {'name': ' None', 'count': 0, 'meta': ''}, {'name': ' None', 'count': 0, 'meta': ''}, {'name': ' None', 'count': 0, 'meta': ''}, {'name': ' None', 'count': 0, 'meta': ''}, {'name': ' None', 'count': 0, 'meta': ''}, {'name': ' None', 'count': 0, 'meta': ''}, {'name': ' None', 'count': 0, 'meta': ''}, {'name': ' None', 'count': 0, 'meta': ''}, {'name': ' None', 'count': 0, 'meta': ''}, {'name': ' None', 'count': 0, 'meta': ''}, {'name': ' None', 'count': 0, 'meta': ''}, {'name': ' None', 'count': 0, 'meta': ''}, {'name': ' None', 'count': 0, 'meta': ''}, {'name': ' None', 'count': 0, 'meta': ''}, {'name': ' None', 'count': 0, 'meta': ''}, {'name': ' None', 'count': 0, 'meta': ''}, {'name': ' None', 'count': 0, 'meta': ''}, {'name': ' None', 'count': 0, 'meta': ''}, {'name': ' None', 'count': 0, 'meta': ''}, {'name': ' None', 'count': 0, 'meta': ''}, {'name': ' None', 'count': 0, 'meta': ''}, {'name': ' None', 'count': 0, 'meta': ''}, {'name': ' None', 'count': 0, 'meta': ''}, {'name': ' None', 'count': 0, 'meta': ''}, {'name': ' None', 'count': 0, 'meta': ''}, {'name': ' None', 'count': 0, 'meta': ''}, {'name': ' None', 'count': 0, 'meta': ''}, {'name': ' None', 'count': 0, 'meta': ''}, {'name': ' None', 'count': 0, 'meta': ''}]","Armor Slot 0: None, Count: 0; Armor Slot 1: None, Count: 0; Armor Slot 2: None, Count: 0; Armor Slot 3: None, Count: 0; ","Offhand: None, Count: 0; ",[],20.0,20.0,"[0.5684470490718638, -0.08889344139716517, 0.8179033613319234]",east,6,0 minecraft:air,False,Player is not currently riding anything,0.0784000015258789
28.0,14:59:31.284061800,2025-07-30,literal{minecrafter256},"(101.89307599378546, 72.0, 161.93604956589067)",20.0,"[{'name': ' None', 'count': 0, 'meta': ''}, {'name': ' None', 'count': 0, 'meta': ''}, {'name': ' None', 'count': 0, 'meta': ''}, {'name': ' None', 'count': 0, 'meta': ''}, {'name': ' None', 'count': 0, 'meta': ''}, {'name': ' None', 'count': 0, 'meta': ''}, {'name': ' None', 'count': 0, 'meta': ''}, {'name': ' None', 'count': 0, 'meta': ''}, {'name': ' None', 'count': 0, 'meta': ''}, {'name': ' None', 'count': 0, 'meta': ''}, {'name': ' None', 'count': 0, 'meta': ''}, {'name': ' None', 'count': 0, 'meta': ''}, {'name': ' None', 'count': 0, 'meta': ''}, {'name': ' None', 'count': 0, 'meta': ''}, {'name': ' None', 'count': 0, 'meta': ''}, {'name': ' None', 'count': 0, 'meta': ''}, {'name': ' None', 'count': 0, 'meta': ''}, {'name': ' None', 'count': 0, 'meta': ''}, {'name': ' None', 'count': 0, 'meta': ''}, {'name': ' None', 'count': 0, 'meta': ''}, {'name': ' None', 'count': 0, 'meta': ''}, {'name': ' None', 'count': 0, 'meta': ''}, {'name': ' None', 'count': 0, 'meta': ''}, {'name': ' None', 'count': 0, 'meta': ''}, {'name': ' None', 'count': 0, 'meta': ''}, {'name': ' None', 'count': 0, 'meta': ''}, {'name': ' None', 'count': 0, 'meta': ''}, {'name': ' None', 'count': 0, 'meta': ''}, {'name': ' None', 'count': 0, 'meta': ''}, {'name': ' None', 'count': 0, 'meta': ''}, {'name': ' None', 'count': 0, 'meta': ''}, {'name': ' None', 'count': 0, 'meta': ''}, {'name': ' None', 'count': 0, 'meta': ''}, {'name': ' None', 'count': 0, 'meta': ''}, {'name': ' None', 'count': 0, 'meta': ''}, {'name': ' None', 'count': 0, 'meta': ''}]","Armor Slot 0: None, Count: 0; Armor Slot 1: None, Count: 0; Armor Slot 2: None, Count: 0; Armor Slot 3: None, Count: 0; ","Offhand: None, Count: 0; ",[],20.0,20.0,"[0.5684470490718638, -0.08889344139716517, 0.8179033613319234]",east,6,0 minecraft:air,False,Player is not currently riding anything,0.0784000015258789
28.0,14:59:31.295079600,2025-07-30,literal{minecrafter256},"(101.89307599378546, 72.0, 161.93604956589067)",20.0,"[{'name': ' None', 'count': 0, 'meta': ''}, {'name': ' None', 'count': 0, 'meta': ''}, {'name': ' None', 'count': 0, 'meta': ''}, {'name': ' None', 'count': 0, 'meta': ''}, {'name': ' None', 'count': 0, 'meta': ''}, {'name': ' None', 'count': 0, 'meta': ''}, {'name': ' None', 'count': 0, 'meta': ''}, {'name': ' None', 'count': 0, 'meta': ''}, {'name': ' None', 'count': 0, 'meta': ''}, {'name': ' None', 'count': 0, 'meta': ''}, {'name': ' None', 'count': 0, 'meta': ''}, {'name': ' None', 'count': 0, 'meta': ''}, {'name': ' None', 'count': 0, 'meta': ''}, {'name': ' None', 'count': 0, 'meta': ''}, {'name': ' None', 'count': 0, 'meta': ''}, {'name': ' None', 'count': 0, 'meta': ''}, {'name': ' None', 'count': 0, 'meta': ''}, {'name': ' None', 'count': 0, 'meta': ''}, {'name': ' None', 'count': 0, 'meta': ''}, {'name': ' None', 'count': 0, 'meta': ''}, {'name': ' None', 'count': 0, 'meta': ''}, {'name': ' None', 'count': 0, 'meta': ''}, {'name': ' None', 'count': 0, 'meta': ''}, {'name': ' None', 'count': 0, 'meta': ''}, {'name': ' None', 'count': 0, 'meta': ''}, {'name': ' None', 'count': 0, 'meta': ''}, {'name': ' None', 'count': 0, 'meta': ''}, {'name': ' None', 'count': 0, 'meta': ''}, {'name': ' None', 'count': 0, 'meta': ''}, {'name': ' None', 'count': 0, 'meta': ''}, {'name': ' None', 'count': 0, 'meta': ''}, {'name': ' None', 'count': 0, 'meta': ''}, {'name': ' None', 'count': 0, 'meta': ''}, {'name': ' None', 'count': 0, 'meta': ''}, {'name': ' None', 'count': 0, 'meta': ''}, {'name': ' None', 'count': 0, 'meta': ''}]","Armor Slot 0: None, Count: 0; Armor Slot 1: None, Count: 0; Armor Slot 2: None, Count: 0; Armor Slot 3: None, Count: 0; ","Offhand: None, Count: 0; ",[],20.0,20.0,"[0.5684470490718638, -0.08889344139716517, 0.8179033613319234]",east,6,0 minecraft:air,False,Player is not currently riding anything,0.0784000015258789
28.0,14:59:31.306691200,2025-07-30,literal{minecrafter256},"(101.89307599378546, 72.0, 161.93604956589067)",20.0,"[{'name': ' None', 'count': 0, 'meta': ''}, {'name': ' None', 'count': 0, 'meta': ''}, {'name': ' None', 'count': 0, 'meta': ''}, {'name': ' None', 'count': 0, 'meta': ''}, {'name': ' None', 'count': 0, 'meta': ''}, {'name': ' None', 'count': 0, 'meta': ''}, {'name': ' None', 'count': 0, 'meta': ''}, {'name': ' None', 'count': 0, 'meta': ''}, {'name': ' None', 'count': 0, 'meta': ''}, {'name': ' None', 'count': 0, 'meta': ''}, {'name': ' None', 'count': 0, 'meta': ''}, {'name': ' None', 'count': 0, 'meta': ''}, {'name': ' None', 'count': 0, 'meta': ''}, {'name': ' None', 'count': 0, 'meta': ''}, {'name': ' None', 'count': 0, 'meta': ''}, {'name': ' None', 'count': 0, 'meta': ''}, {'name': ' None', 'count': 0, 'meta': ''}, {'name': ' None', 'count': 0, 'meta': ''}, {'name': ' None', 'count': 0, 'meta': ''}, {'name': ' None', 'count': 0, 'meta': ''}, {'name': ' None', 'count': 0, 'meta': ''}, {'name': ' None', 'count': 0, 'meta': ''}, {'name': ' None', 'count': 0, 'meta': ''}, {'name': ' None', 'count': 0, 'meta': ''}, {'name': ' None', 'count': 0, 'meta': ''}, {'name': ' None', 'count': 0, 'meta': ''}, {'name': ' None', 'count': 0, 'meta': ''}, {'name': ' None', 'count': 0, 'meta': ''}, {'name': ' None', 'count': 0, 'meta': ''}, {'name': ' None', 'count': 0, 'meta': ''}, {'name': ' None', 'count': 0, 'meta': ''}, {'name': ' None', 'count': 0, 'meta': ''}, {'name': ' None', 'count': 0, 'meta': ''}, {'name': ' None', 'count': 0, 'meta': ''}, {'name': ' None', 'count': 0, 'meta': ''}, {'name': ' None', 'count': 0, 'meta': ''}]","Armor Slot 0: None, Count: 0; Armor Slot 1: None, Count: 0; Armor Slot 2: None, Count: 0; Armor Slot 3: None, Count: 0; ","Offhand: None, Count: 0; ",[],20.0,20.0,"[0.5684470490718638, -0.08889344139716517, 0.8179033613319234]",east,6,0 minecraft:air,False,Player is not currently riding anything,0.0784000015258789
28.0,14:59:31.333753600,2025-07-30,literal{minecrafter256},"(101.89307599378546, 72.0, 161.93604956589067)",20.0,"[{'name': ' None', 'count': 0, 'meta': ''}, {'name': ' None', 'count': 0, 'meta': ''}, {'name': ' None', 'count': 0, 'meta': ''}, {'name': ' None', 'count': 0, 'meta': ''}, {'name': ' None', 'count': 0, 'meta': ''}, {'name': ' None', 'count': 0, 'meta': ''}, {'name': ' None', 'count': 0, 'meta': ''}, {'name': ' None', 'count': 0, 'meta': ''}, {'name': ' None', 'count': 0, 'meta': ''}, {'name': ' None', 'count': 0, 'meta': ''}, {'name': ' None', 'count': 0, 'meta': ''}, {'name': ' None', 'count': 0, 'meta': ''}, {'name': ' None', 'count': 0, 'meta': ''}, {'name': ' None', 'count': 0, 'meta': ''}, {'name': ' None', 'count': 0, 'meta': ''}, {'name': ' None', 'count': 0, 'meta': ''}, {'name': ' None', 'count': 0, 'meta': ''}, {'name': ' None', 'count': 0, 'meta': ''}, {'name': ' None', 'count': 0, 'meta': ''}, {'name': ' None', 'count': 0, 'meta': ''}, {'name': ' None', 'count': 0, 'meta': ''}, {'name': ' None', 'count': 0, 'meta': ''}, {'name': ' None', 'count': 0, 'meta': ''}, {'name': ' None', 'count': 0, 'meta': ''}, {'name': ' None', 'count': 0, 'meta': ''}, {'name': ' None', 'count': 0, 'meta': ''}, {'name': ' None', 'count': 0, 'meta': ''}, {'name': ' None', 'count': 0, 'meta': ''}, {'name': ' None', 'count': 0, 'meta': ''}, {'name': ' None', 'count': 0, 'meta': ''}, {'name': ' None', 'count': 0, 'meta': ''}, {'name': ' None', 'count': 0, 'meta': ''}, {'name': ' None', 'count': 0, 'meta': ''}, {'name': ' None', 'count': 0, 'meta': ''}, {'name': ' None', 'count': 0, 'meta': ''}, {'name': ' None', 'count': 0, 'meta': ''}]","Armor Slot 0: None, Count: 0; Armor Slot 1: None, Count: 0; Armor Slot 2: None, Count: 0; Armor Slot 3: None, Count: 0; ","Offhand: None, Count: 0; ",[],20.0,20.0,"[0.5684470490718638, -0.08889344139716517, 0.8179033613319234]",east,6,0 minecraft:air,False,Player is not currently riding anything,0.0784000015258789
28.0,14:59:31.382868600,2025-07-30,literal{minecrafter256},"(101.89307599378546, 72.0, 161.93604956589067)",20.0,"[{'name': ' None', 'count': 0, 'meta': ''}, {'name': ' None', 'count': 0, 'meta': ''}, {'name': ' None', 'count': 0, 'meta': ''}, {'name': ' None', 'count': 0, 'meta': ''}, {'name': ' None', 'count': 0, 'meta': ''}, {'name': ' None', 'count': 0, 'meta': ''}, {'name': ' None', 'count': 0, 'meta': ''}, {'name': ' None', 'count': 0, 'meta': ''}, {'name': ' None', 'count': 0, 'meta': ''}, {'name': ' None', 'count': 0, 'meta': ''}, {'name': ' None', 'count': 0, 'meta': ''}, {'name': ' None', 'count': 0, 'meta': ''}, {'name': ' None', 'count': 0, 'meta': ''}, {'name': ' None', 'count': 0, 'meta': ''}, {'name': ' None', 'count': 0, 'meta': ''}, {'name': ' None', 'count': 0, 'meta': ''}, {'name': ' None', 'count': 0, 'meta': ''}, {'name': ' None', 'count': 0, 'meta': ''}, {'name': ' None', 'count': 0, 'meta': ''}, {'name': ' None', 'count': 0, 'meta': ''}, {'name': ' None', 'count': 0, 'meta': ''}, {'name': ' None', 'count': 0, 'meta': ''}, {'name': ' None', 'count': 0, 'meta': ''}, {'name': ' None', 'count': 0, 'meta': ''}, {'name': ' None', 'count': 0, 'meta': ''}, {'name': ' None', 'count': 0, 'meta': ''}, {'name': ' None', 'count': 0, 'meta': ''}, {'name': ' None', 'count': 0, 'meta': ''}, {'name': ' None', 'count': 0, 'meta': ''}, {'name': ' None', 'count': 0, 'meta': ''}, {'name': ' None', 'count': 0, 'meta': ''}, {'name': ' None', 'count': 0, 'meta': ''}, {'name': ' None', 'count': 0, 'meta': ''}, {'name': ' None', 'count': 0, 'meta': ''}, {'name': ' None', 'count': 0, 'meta': ''}, {'name': ' None', 'count': 0, 'meta': ''}]","Armor Slot 0: None, Count: 0; Armor Slot 1: None, Count: 0; Armor Slot 2: None, Count: 0; Armor Slot 3: None, Count: 0; ","Offhand: None, Count: 0; ",[],20.0,20.0,"[0.5768439792578854, -0.09150076505442985, 0.8117133937470677]",east,6,0 minecraft:air,False,Player is not currently riding anything,0.0784000015258789
28.0,14:59:31.417855500,2025-07-30,literal{minecrafter256},"(101.89307599378546, 72.0, 161.93604956589067)",20.0,"[{'name': ' None', 'count': 0, 'meta': ''}, {'name': ' None', 'count': 0, 'meta': ''}, {'name': ' None', 'count': 0, 'meta': ''}, {'name': ' None', 'count': 0, 'meta': ''}, {'name': ' None', 'count': 0, 'meta': ''}, {'name': ' None', 'count': 0, 'meta': ''}, {'name': ' None', 'count': 0, 'meta': ''}, {'name': ' None', 'count': 0, 'meta': ''}, {'name': ' None', 'count': 0, 'meta': ''}, {'name': ' None', 'count': 0, 'meta': ''}, {'name': ' None', 'count': 0, 'meta': ''}, {'name': ' None', 'count': 0, 'meta': ''}, {'name': ' None', 'count': 0, 'meta': ''}, {'name': ' None', 'count': 0, 'meta': ''}, {'name': ' None', 'count': 0, 'meta': ''}, {'name': ' None', 'count': 0, 'meta': ''}, {'name': ' None', 'count': 0, 'meta': ''}, {'name': ' None', 'count': 0, 'meta': ''}, {'name': ' None', 'count': 0, 'meta': ''}, {'name': ' None', 'count': 0, 'meta': ''}, {'name': ' None', 'count': 0, 'meta': ''}, {'name': ' None', 'count': 0, 'meta': ''}, {'name': ' None', 'count': 0, 'meta': ''}, {'name': ' None', 'count': 0, 'meta': ''}, {'name': ' None', 'count': 0, 'meta': ''}, {'name': ' None', 'count': 0, 'meta': ''}, {'name': ' None', 'count': 0, 'meta': ''}, {'name': ' None', 'count': 0, 'meta': ''}, {'name': ' None', 'count': 0, 'meta': ''}, {'name': ' None', 'count': 0, 'meta': ''}, {'name': ' None', 'count': 0, 'meta': ''}, {'name': ' None', 'count': 0, 'meta': ''}, {'name': ' None', 'count': 0, 'meta': ''}, {'name': ' None', 'count': 0, 'meta': ''}, {'name': ' None', 'count': 0, 'meta': ''}, {'name': ' None', 'count': 0, 'meta': ''}]","Armor Slot 0: None, Count: 0; Armor Slot 1: None, Count: 0; Armor Slot 2: None, Count: 0; Armor Slot 3: None, Count: 0; ","Offhand: None, Count: 0; ",[],20.0,20.0,"[0.6549170144453289, -0.08628550847343176, 0.7507586264689192]",east,6,0 minecraft:air,False,Player is not currently riding anything,0.0784000015258789
28.0,14:59:31.459931500,2025-07-30,literal{minecrafter256},"(101.89307599378546, 72.0, 161.93604956589067)",20.0,"[{'name': ' None', 'count': 0, 'meta': ''}, {'name': ' None', 'count': 0, 'meta': ''}, {'name': ' None', 'count': 0, 'meta': ''}, {'name': ' None', 'count': 0, 'meta': ''}, {'name': ' None', 'count': 0, 'meta': ''}, {'name': ' None', 'count': 0, 'meta': ''}, {'name': ' None', 'count': 0, 'meta': ''}, {'name': ' None', 'count': 0, 'meta': ''}, {'name': ' None', 'count': 0, 'meta': ''}, {'name': ' None', 'count': 0, 'meta': ''}, {'name': ' None', 'count': 0, 'meta': ''}, {'name': ' None', 'count': 0, 'meta': ''}, {'name': ' None', 'count': 0, 'meta': ''}, {'name': ' None', 'count': 0, 'meta': ''}, {'name': ' None', 'count': 0, 'meta': ''}, {'name': ' None', 'count': 0, 'meta': ''}, {'name': ' None', 'count': 0, 'meta': ''}, {'name': ' None', 'count': 0, 'meta': ''}, {'name': ' None', 'count': 0, 'meta': ''}, {'name': ' None', 'count': 0, 'meta': ''}, {'name': ' None', 'count': 0, 'meta': ''}, {'name': ' None', 'count': 0, 'meta': ''}, {'name': ' None', 'count': 0, 'meta': ''}, {'name': ' None', 'count': 0, 'meta': ''}, {'name': ' None', 'count': 0, 'meta': ''}, {'name': ' None', 'count': 0, 'meta': ''}, {'name': ' None', 'count': 0, 'meta': ''}, {'name': ' None', 'count': 0, 'meta': ''}, {'name': ' None', 'count': 0, 'meta': ''}, {'name': ' None', 'count': 0, 'meta': ''}, {'name': ' None', 'count': 0, 'meta': ''}, {'name': ' None', 'count': 0, 'meta': ''}, {'name': ' None', 'count': 0, 'meta': ''}, {'name': ' None', 'count': 0, 'meta': ''}, {'name': ' None', 'count': 0, 'meta': ''}, {'name': ' None', 'count': 0, 'meta': ''}]","Armor Slot 0: None, Count: 0; Armor Slot 1: None, Count: 0; Armor Slot 2: None, Count: 0; Armor Slot 3: None, Count: 0; ","Offhand: None, Count: 0; ",[],20.0,20.0,"[0.6843308399408364, -0.07845823286859326, 0.7249383471723695]",east,6,0 minecraft:air,False,Player is not currently riding anything,0.0784000015258789
28.0,14:59:31.514721100,2025-07-30,literal{minecrafter256},"(101.89307599378546, 72.0, 161.93604956589067)",20.0,"[{'name': ' None', 'count': 0, 'meta': ''}, {'name': ' None', 'count': 0, 'meta': ''}, {'name': ' None', 'count': 0, 'meta': ''}, {'name': ' None', 'count': 0, 'meta': ''}, {'name': ' None', 'count': 0, 'meta': ''}, {'name': ' None', 'count': 0, 'meta': ''}, {'name': ' None', 'count': 0, 'meta': ''}, {'name': ' None', 'count': 0, 'meta': ''}, {'name': ' None', 'count': 0, 'meta': ''}, {'name': ' None', 'count': 0, 'meta': ''}, {'name': ' None', 'count': 0, 'meta': ''}, {'name': ' None', 'count': 0, 'meta': ''}, {'name': ' None', 'count': 0, 'meta': ''}, {'name': ' None', 'count': 0, 'meta': ''}, {'name': ' None', 'count': 0, 'meta': ''}, {'name': ' None', 'count': 0, 'meta': ''}, {'name': ' None', 'count': 0, 'meta': ''}, {'name': ' None', 'count': 0, 'meta': ''}, {'name': ' None', 'count': 0, 'meta': ''}, {'name': ' None', 'count': 0, 'meta': ''}, {'name': ' None', 'count': 0, 'meta': ''}, {'name': ' None', 'count': 0, 'meta': ''}, {'name': ' None', 'count': 0, 'meta': ''}, {'name': ' None', 'count': 0, 'meta': ''}, {'name': ' None', 'count': 0, 'meta': ''}, {'name': ' None', 'count': 0, 'meta': ''}, {'name': ' None', 'count': 0, 'meta': ''}, {'name': ' None', 'count': 0, 'meta': ''}, {'name': ' None', 'count': 0, 'meta': ''}, {'name': ' None', 'count': 0, 'meta': ''}, {'name': ' None', 'count': 0, 'meta': ''}, {'name': ' None', 'count': 0, 'meta': ''}, {'name': ' None', 'count': 0, 'meta': ''}, {'name': ' None', 'count': 0, 'meta': ''}, {'name': ' None', 'count': 0, 'meta': ''}, {'name': ' None', 'count': 0, 'meta': ''}]","Armor Slot 0: None, Count: 0; Armor Slot 1: None, Count: 0; Armor Slot 2: None, Count: 0; Armor Slot 3: None, Count: 0; ","Offhand: None, Count: 0; ",[],20.0,20.0,"[0.687666608570945, -0.0444903350295011, 0.7246621595926598]",east,6,0 minecraft:air,False,Player is not currently riding anything,0.0784000015258789
28.0,14:59:31.575489300,2025-07-30,literal{minecrafter256},"(101.89307599378546, 72.0, 161.93604956589067)",20.0,"[{'name': ' None', 'count': 0, 'meta': ''}, {'name': ' None', 'count': 0, 'meta': ''}, {'name': ' None', 'count': 0, 'meta': ''}, {'name': ' None', 'count': 0, 'meta': ''}, {'name': ' None', 'count': 0, 'meta': ''}, {'name': ' None', 'count': 0, 'meta': ''}, {'name': ' None', 'count': 0, 'meta': ''}, {'name': ' None', 'count': 0, 'meta': ''}, {'name': ' None', 'count': 0, 'meta': ''}, {'name': ' None', 'count': 0, 'meta': ''}, {'name': ' None', 'count': 0, 'meta': ''}, {'name': ' None', 'count': 0, 'meta': ''}, {'name': ' None', 'count': 0, 'meta': ''}, {'name': ' None', 'count': 0, 'meta': ''}, {'name': ' None', 'count': 0, 'meta': ''}, {'name': ' None', 'count': 0, 'meta': ''}, {'name': ' None', 'count': 0, 'meta': ''}, {'name': ' None', 'count': 0, 'meta': ''}, {'name': ' None', 'count': 0, 'meta': ''}, {'name': ' None', 'count': 0, 'meta': ''}, {'name': ' None', 'count': 0, 'meta': ''}, {'name': ' None', 'count': 0, 'meta': ''}, {'name': ' None', 'count': 0, 'meta': ''}, {'name': ' None', 'count': 0, 'meta': ''}, {'name': ' None', 'count': 0, 'meta': ''}, {'name': ' None', 'count': 0, 'meta': ''}, {'name': ' None', 'count': 0, 'meta': ''}, {'name': ' None', 'count': 0, 'meta': ''}, {'name': ' None', 'count': 0, 'meta': ''}, {'name': ' None', 'count': 0, 'meta': ''}, {'name': ' None', 'count': 0, 'meta': ''}, {'name': ' None', 'count': 0, 'meta': ''}, {'name': ' None', 'count': 0, 'meta': ''}, {'name': ' None', 'count': 0, 'meta': ''}, {'name': ' None', 'count': 0, 'meta': ''}, {'name': ' None', 'count': 0, 'meta': ''}]","Armor Slot 0: None, Count: 0; Armor Slot 1: None, Count: 0; Armor Slot 2: None, Count: 0; Armor Slot 3: None, Count: 0; ","Offhand: None, Count: 0; ",[],20.0,20.0,"[0.687666608570945, -0.0444903350295011, 0.7246621595926598]",east,6,0 minecraft:air,False,Player is not currently riding anything,0.0784000015258789
90.0,14:59:31.632698800,2025-07-30,literal{minecrafter256},"(101.89307599378546, 72.0, 161.93604956589067)",20.0,"[{'name': ' None', 'count': 0, 'meta': ''}, {'name': ' None', 'count': 0, 'meta': ''}, {'name': ' None', 'count': 0, 'meta': ''}, {'name': ' None', 'count': 0, 'meta': ''}, {'name': ' None', 'count': 0, 'meta': ''}, {'name': ' None', 'count': 0, 'meta': ''}, {'name': ' None', 'count': 0, 'meta': ''}, {'name': ' None', 'count': 0, 'meta': ''}, {'name': ' None', 'count': 0, 'meta': ''}, {'name': ' None', 'count': 0, 'meta': ''}, {'name': ' None', 'count': 0, 'meta': ''}, {'name': ' None', 'count': 0, 'meta': ''}, {'name': ' None', 'count': 0, 'meta': ''}, {'name': ' None', 'count': 0, 'meta': ''}, {'name': ' None', 'count': 0, 'meta': ''}, {'name': ' None', 'count': 0, 'meta': ''}, {'name': ' None', 'count': 0, 'meta': ''}, {'name': ' None', 'count': 0, 'meta': ''}, {'name': ' None', 'count': 0, 'meta': ''}, {'name': ' None', 'count': 0, 'meta': ''}, {'name': ' None', 'count': 0, 'meta': ''}, {'name': ' None', 'count': 0, 'meta': ''}, {'name': ' None', 'count': 0, 'meta': ''}, {'name': ' None', 'count': 0, 'meta': ''}, {'name': ' None', 'count': 0, 'meta': ''}, {'name': ' None', 'count': 0, 'meta': ''}, {'name': ' None', 'count': 0, 'meta': ''}, {'name': ' None', 'count': 0, 'meta': ''}, {'name': ' None', 'count': 0, 'meta': ''}, {'name': ' None', 'count': 0, 'meta': ''}, {'name': ' None', 'count': 0, 'meta': ''}, {'name': ' None', 'count': 0, 'meta': ''}, {'name': ' None', 'count': 0, 'meta': ''}, {'name': ' None', 'count': 0, 'meta': ''}, {'name': ' None', 'count': 0, 'meta': ''}, {'name': ' None', 'count': 0, 'meta': ''}]","Armor Slot 0: None, Count: 0; Armor Slot 1: None, Count: 0; Armor Slot 2: None, Count: 0; Armor Slot 3: None, Count: 0; ","Offhand: None, Count: 0; ",[],20.0,20.0,"[0.687666608570945, -0.0444903350295011, 0.7246621595926598]",east,6,0 minecraft:air,False,Player is not currently riding anything,0.0784000015258789
90.0,14:59:31.681768400,2025-07-30,literal{minecrafter256},"(101.89307599378546, 72.0, 161.93604956589067)",20.0,"[{'name': ' None', 'count': 0, 'meta': ''}, {'name': ' None', 'count': 0, 'meta': ''}, {'name': ' None', 'count': 0, 'meta': ''}, {'name': ' None', 'count': 0, 'meta': ''}, {'name': ' None', 'count': 0, 'meta': ''}, {'name': ' None', 'count': 0, 'meta': ''}, {'name': ' None', 'count': 0, 'meta': ''}, {'name': ' None', 'count': 0, 'meta': ''}, {'name': ' None', 'count': 0, 'meta': ''}, {'name': ' None', 'count': 0, 'meta': ''}, {'name': ' None', 'count': 0, 'meta': ''}, {'name': ' None', 'count': 0, 'meta': ''}, {'name': ' None', 'count': 0, 'meta': ''}, {'name': ' None', 'count': 0, 'meta': ''}, {'name': ' None', 'count': 0, 'meta': ''}, {'name': ' None', 'count': 0, 'meta': ''}, {'name': ' None', 'count': 0, 'meta': ''}, {'name': ' None', 'count': 0, 'meta': ''}, {'name': ' None', 'count': 0, 'meta': ''}, {'name': ' None', 'count': 0, 'meta': ''}, {'name': ' None', 'count': 0, 'meta': ''}, {'name': ' None', 'count': 0, 'meta': ''}, {'name': ' None', 'count': 0, 'meta': ''}, {'name': ' None', 'count': 0, 'meta': ''}, {'name': ' None', 'count': 0, 'meta': ''}, {'name': ' None', 'count': 0, 'meta': ''}, {'name': ' None', 'count': 0, 'meta': ''}, {'name': ' None', 'count': 0, 'meta': ''}, {'name': ' None', 'count': 0, 'meta': ''}, {'name': ' None', 'count': 0, 'meta': ''}, {'name': ' None', 'count': 0, 'meta': ''}, {'name': ' None', 'count': 0, 'meta': ''}, {'name': ' None', 'count': 0, 'meta': ''}, {'name': ' None', 'count': 0, 'meta': ''}, {'name': ' None', 'count': 0, 'meta': ''}, {'name': ' None', 'count': 0, 'meta': ''}]","Armor Slot 0: None, Count: 0; Armor Slot 1: None, Count: 0; Armor Slot 2: None, Count: 0; Armor Slot 3: None, Count: 0; ","Offhand: None, Count: 0; ",[],20.0,20.0,"[0.687666608570945, -0.0444903350295011, 0.7246621595926598]",east,6,0 minecraft:air,False,Player is not currently riding anything,0.0784000015258789
90.0,14:59:31.724551900,2025-07-30,literal{minecrafter256},"(101.89307599378546, 72.0, 161.93604956589067)",20.0,"[{'name': ' None', 'count': 0, 'meta': ''}, {'name': ' None', 'count': 0, 'meta': ''}, {'name': ' None', 'count': 0, 'meta': ''}, {'name': ' None', 'count': 0, 'meta': ''}, {'name': ' None', 'count': 0, 'meta': ''}, {'name': ' None', 'count': 0, 'meta': ''}, {'name': ' None', 'count': 0, 'meta': ''}, {'name': ' None', 'count': 0, 'meta': ''}, {'name': ' None', 'count': 0, 'meta': ''}, {'name': ' None', 'count': 0, 'meta': ''}, {'name': ' None', 'count': 0, 'meta': ''}, {'name': ' None', 'count': 0, 'meta': ''}, {'name': ' None', 'count': 0, 'meta': ''}, {'name': ' None', 'count': 0, 'meta': ''}, {'name': ' None', 'count': 0, 'meta': ''}, {'name': ' None', 'count': 0, 'meta': ''}, {'name': ' None', 'count': 0, 'meta': ''}, {'name': ' None', 'count': 0, 'meta': ''}, {'name': ' None', 'count': 0, 'meta': ''}, {'name': ' None', 'count': 0, 'meta': ''}, {'name': ' None', 'count': 0, 'meta': ''}, {'name': ' None', 'count': 0, 'meta': ''}, {'name': ' None', 'count': 0, 'meta': ''}, {'name': ' None', 'count': 0, 'meta': ''}, {'name': ' None', 'count': 0, 'meta': ''}, {'name': ' None', 'count': 0, 'meta': ''}, {'name': ' None', 'count': 0, 'meta': ''}, {'name': ' None', 'count': 0, 'meta': ''}, {'name': ' None', 'count': 0, 'meta': ''}, {'name': ' None', 'count': 0, 'meta': ''}, {'name': ' None', 'count': 0, 'meta': ''}, {'name': ' None', 'count': 0, 'meta': ''}, {'name': ' None', 'count': 0, 'meta': ''}, {'name': ' None', 'count': 0, 'meta': ''}, {'name': ' None', 'count': 0, 'meta': ''}, {'name': ' None', 'count': 0, 'meta': ''}]","Armor Slot 0: None, Count: 0; Armor Slot 1: None, Count: 0; Armor Slot 2: None, Count: 0; Armor Slot 3: None, Count: 0; ","Offhand: None, Count: 0; ",[],20.0,20.0,"[0.688112336773116, -0.026176074757576953, 0.7251318673806354]",east,6,0 minecraft:air,False,Player is not currently riding anything,0.0784000015258789
90.0,14:59:31.775147700,2025-07-30,literal{minecrafter256},"(101.89307599378546, 72.0, 161.93604956589067)",20.0,"[{'name': ' None', 'count': 0, 'meta': ''}, {'name': ' None', 'count': 0, 'meta': ''}, {'name': ' None', 'count': 0, 'meta': ''}, {'name': ' None', 'count': 0, 'meta': ''}, {'name': ' None', 'count': 0, 'meta': ''}, {'name': ' None', 'count': 0, 'meta': ''}, {'name': ' None', 'count': 0, 'meta': ''}, {'name': ' None', 'count': 0, 'meta': ''}, {'name': ' None', 'count': 0, 'meta': ''}, {'name': ' None', 'count': 0, 'meta': ''}, {'name': ' None', 'count': 0, 'meta': ''}, {'name': ' None', 'count': 0, 'meta': ''}, {'name': ' None', 'count': 0, 'meta': ''}, {'name': ' None', 'count': 0, 'meta': ''}, {'name': ' None', 'count': 0, 'meta': ''}, {'name': ' None', 'count': 0, 'meta': ''}, {'name': ' None', 'count': 0, 'meta': ''}, {'name': ' None', 'count': 0, 'meta': ''}, {'name': ' None', 'count': 0, 'meta': ''}, {'name': ' None', 'count': 0, 'meta': ''}, {'name': ' None', 'count': 0, 'meta': ''}, {'name': ' None', 'count': 0, 'meta': ''}, {'name': ' None', 'count': 0, 'meta': ''}, {'name': ' None', 'count': 0, 'meta': ''}, {'name': ' None', 'count': 0, 'meta': ''}, {'name': ' None', 'count': 0, 'meta': ''}, {'name': ' None', 'count': 0, 'meta': ''}, {'name': ' None', 'count': 0, 'meta': ''}, {'name': ' None', 'count': 0, 'meta': ''}, {'name': ' None', 'count': 0, 'meta': ''}, {'name': ' None', 'count': 0, 'meta': ''}, {'name': ' None', 'count': 0, 'meta': ''}, {'name': ' None', 'count': 0, 'meta': ''}, {'name': ' None', 'count': 0, 'meta': ''}, {'name': ' None', 'count': 0, 'meta': ''}, {'name': ' None', 'count': 0, 'meta': ''}]","Armor Slot 0: None, Count: 0; Armor Slot 1: None, Count: 0; Armor Slot 2: None, Count: 0; Armor Slot 3: None, Count: 0; ","Offhand: None, Count: 0; ",[],20.0,20.0,"[0.688112336773116, -0.026176074757576953, 0.7251318673806354]",east,6,0 minecraft:air,False,Player is not currently riding anything,0.0784000015258789
90.0,14:59:31.812591700,2025-07-30,literal{minecrafter256},"(101.89307599378546, 72.0, 161.93604956589067)",20.0,"[{'name': ' None', 'count': 0, 'meta': ''}, {'name': ' None', 'count': 0, 'meta': ''}, {'name': ' None', 'count': 0, 'meta': ''}, {'name': ' None', 'count': 0, 'meta': ''}, {'name': ' None', 'count': 0, 'meta': ''}, {'name': ' None', 'count': 0, 'meta': ''}, {'name': ' None', 'count': 0, 'meta': ''}, {'name': ' None', 'count': 0, 'meta': ''}, {'name': ' None', 'count': 0, 'meta': ''}, {'name': ' None', 'count': 0, 'meta': ''}, {'name': ' None', 'count': 0, 'meta': ''}, {'name': ' None', 'count': 0, 'meta': ''}, {'name': ' None', 'count': 0, 'meta': ''}, {'name': ' None', 'count': 0, 'meta': ''}, {'name': ' None', 'count': 0, 'meta': ''}, {'name': ' None', 'count': 0, 'meta': ''}, {'name': ' None', 'count': 0, 'meta': ''}, {'name': ' None', 'count': 0, 'meta': ''}, {'name': ' None', 'count': 0, 'meta': ''}, {'name': ' None', 'count': 0, 'meta': ''}, {'name': ' None', 'count': 0, 'meta': ''}, {'name': ' None', 'count': 0, 'meta': ''}, {'name': ' None', 'count': 0, 'meta': ''}, {'name': ' None', 'count': 0, 'meta': ''}, {'name': ' None', 'count': 0, 'meta': ''}, {'name': ' None', 'count': 0, 'meta': ''}, {'name': ' None', 'count': 0, 'meta': ''}, {'name': ' None', 'count': 0, 'meta': ''}, {'name': ' None', 'count': 0, 'meta': ''}, {'name': ' None', 'count': 0, 'meta': ''}, {'name': ' None', 'count': 0, 'meta': ''}, {'name': ' None', 'count': 0, 'meta': ''}, {'name': ' None', 'count': 0, 'meta': ''}, {'name': ' None', 'count': 0, 'meta': ''}, {'name': ' None', 'count': 0, 'meta': ''}, {'name': ' None', 'count': 0, 'meta': ''}]","Armor Slot 0: None, Count: 0; Armor Slot 1: None, Count: 0; Armor Slot 2: None, Count: 0; Armor Slot 3: None, Count: 0; ","Offhand: None, Count: 0; ",[],20.0,20.0,"[0.688112336773116, -0.026176074757576953, 0.7251318673806354]",east,6,0 minecraft:air,False,Player is not currently riding anything,0.0784000015258789
90.0,14:59:31.861568,2025-07-30,literal{minecrafter256},"(101.89307599378546, 72.0, 161.93604956589067)",20.0,"[{'name': ' None', 'count': 0, 'meta': ''}, {'name': ' None', 'count': 0, 'meta': ''}, {'name': ' None', 'count': 0, 'meta': ''}, {'name': ' None', 'count': 0, 'meta': ''}, {'name': ' None', 'count': 0, 'meta': ''}, {'name': ' None', 'count': 0, 'meta': ''}, {'name': ' None', 'count': 0, 'meta': ''}, {'name': ' None', 'count': 0, 'meta': ''}, {'name': ' None', 'count': 0, 'meta': ''}, {'name': ' None', 'count': 0, 'meta': ''}, {'name': ' None', 'count': 0, 'meta': ''}, {'name': ' None', 'count': 0, 'meta': ''}, {'name': ' None', 'count': 0, 'meta': ''}, {'name': ' None', 'count': 0, 'meta': ''}, {'name': ' None', 'count': 0, 'meta': ''}, {'name': ' None', 'count': 0, 'meta': ''}, {'name': ' None', 'count': 0, 'meta': ''}, {'name': ' None', 'count': 0, 'meta': ''}, {'name': ' None', 'count': 0, 'meta': ''}, {'name': ' None', 'count': 0, 'meta': ''}, {'name': ' None', 'count': 0, 'meta': ''}, {'name': ' None', 'count': 0, 'meta': ''}, {'name': ' None', 'count': 0, 'meta': ''}, {'name': ' None', 'count': 0, 'meta': ''}, {'name': ' None', 'count': 0, 'meta': ''}, {'name': ' None', 'count': 0, 'meta': ''}, {'name': ' None', 'count': 0, 'meta': ''}, {'name': ' None', 'count': 0, 'meta': ''}, {'name': ' None', 'count': 0, 'meta': ''}, {'name': ' None', 'count': 0, 'meta': ''}, {'name': ' None', 'count': 0, 'meta': ''}, {'name': ' None', 'count': 0, 'meta': ''}, {'name': ' None', 'count': 0, 'meta': ''}, {'name': ' None', 'count': 0, 'meta': ''}, {'name': ' None', 'count': 0, 'meta': ''}, {'name': ' None', 'count': 0, 'meta': ''}]","Armor Slot 0: None, Count: 0; Armor Slot 1: None, Count: 0; Armor Slot 2: None, Count: 0; Armor Slot 3: None, Count: 0; ","Offhand: None, Count: 0; ",[],20.0,20.0,"[0.678792159777926, 0.0026188676989921823, 0.7343257760394862]",east,6,0 minecraft:air,False,Player is not currently riding anything,0.0784000015258789
90.0,14:59:31.920777200,2025-07-30,literal{minecrafter256},"(101.89307599378546, 72.0, 161.93604956589067)",20.0,"[{'name': ' None', 'count': 0, 'meta': ''}, {'name': ' None', 'count': 0, 'meta': ''}, {'name': ' None', 'count': 0, 'meta': ''}, {'name': ' None', 'count': 0, 'meta': ''}, {'name': ' None', 'count': 0, 'meta': ''}, {'name': ' None', 'count': 0, 'meta': ''}, {'name': ' None', 'count': 0, 'meta': ''}, {'name': ' None', 'count': 0, 'meta': ''}, {'name': ' None', 'count': 0, 'meta': ''}, {'name': ' None', 'count': 0, 'meta': ''}, {'name': ' None', 'count': 0, 'meta': ''}, {'name': ' None', 'count': 0, 'meta': ''}, {'name': ' None', 'count': 0, 'meta': ''}, {'name': ' None', 'count': 0, 'meta': ''}, {'name': ' None', 'count': 0, 'meta': ''}, {'name': ' None', 'count': 0, 'meta': ''}, {'name': ' None', 'count': 0, 'meta': ''}, {'name': ' None', 'count': 0, 'meta': ''}, {'name': ' None', 'count': 0, 'meta': ''}, {'name': ' None', 'count': 0, 'meta': ''}, {'name': ' None', 'count': 0, 'meta': ''}, {'name': ' None', 'count': 0, 'meta': ''}, {'name': ' None', 'count': 0, 'meta': ''}, {'name': ' None', 'count': 0, 'meta': ''}, {'name': ' None', 'count': 0, 'meta': ''}, {'name': ' None', 'count': 0, 'meta': ''}, {'name': ' None', 'count': 0, 'meta': ''}, {'name': ' None', 'count': 0, 'meta': ''}, {'name': ' None', 'count': 0, 'meta': ''}, {'name': ' None', 'count': 0, 'meta': ''}, {'name': ' None', 'count': 0, 'meta': ''}, {'name': ' None', 'count': 0, 'meta': ''}, {'name': ' None', 'count': 0, 'meta': ''}, {'name': ' None', 'count': 0, 'meta': ''}, {'name': ' None', 'count': 0, 'meta': ''}, {'name': ' None', 'count': 0, 'meta': ''}]","Armor Slot 0: None, Count: 0; Armor Slot 1: None, Count: 0; Armor Slot 2: None, Count: 0; Armor Slot 3: None, Count: 0; ","Offhand: None, Count: 0; ",[],20.0,20.0,"[0.678792159777926, 0.0026188676989921823, 0.7343257760394862]",east,6,0 minecraft:air,False,Player is not currently riding anything,0.0784000015258789
90.0,14:59:31.967627200,2025-07-30,literal{minecrafter256},"(101.89307599378546, 72.0, 161.93604956589067)",20.0,"[{'name': ' None', 'count': 0, 'meta': ''}, {'name': ' None', 'count': 0, 'meta': ''}, {'name': ' None', 'count': 0, 'meta': ''}, {'name': ' None', 'count': 0, 'meta': ''}, {'name': ' None', 'count': 0, 'meta': ''}, {'name': ' None', 'count': 0, 'meta': ''}, {'name': ' None', 'count': 0, 'meta': ''}, {'name': ' None', 'count': 0, 'meta': ''}, {'name': ' None', 'count': 0, 'meta': ''}, {'name': ' None', 'count': 0, 'meta': ''}, {'name': ' None', 'count': 0, 'meta': ''}, {'name': ' None', 'count': 0, 'meta': ''}, {'name': ' None', 'count': 0, 'meta': ''}, {'name': ' None', 'count': 0, 'meta': ''}, {'name': ' None', 'count': 0, 'meta': ''}, {'name': ' None', 'count': 0, 'meta': ''}, {'name': ' None', 'count': 0, 'meta': ''}, {'name': ' None', 'count': 0, 'meta': ''}, {'name': ' None', 'count': 0, 'meta': ''}, {'name': ' None', 'count': 0, 'meta': ''}, {'name': ' None', 'count': 0, 'meta': ''}, {'name': ' None', 'count': 0, 'meta': ''}, {'name': ' None', 'count': 0, 'meta': ''}, {'name': ' None', 'count': 0, 'meta': ''}, {'name': ' None', 'count': 0, 'meta': ''}, {'name': ' None', 'count': 0, 'meta': ''}, {'name': ' None', 'count': 0, 'meta': ''}, {'name': ' None', 'count': 0, 'meta': ''}, {'name': ' None', 'count': 0, 'meta': ''}, {'name': ' None', 'count': 0, 'meta': ''}, {'name': ' None', 'count': 0, 'meta': ''}, {'name': ' None', 'count': 0, 'meta': ''}, {'name': ' None', 'count': 0, 'meta': ''}, {'name': ' None', 'count': 0, 'meta': ''}, {'name': ' None', 'count': 0, 'meta': ''}, {'name': ' None', 'count': 0, 'meta': ''}]","Armor Slot 0: None, Count: 0; Armor Slot 1: None, Count: 0; Armor Slot 2: None, Count: 0; Armor Slot 3: None, Count: 0; ","Offhand: None, Count: 0; ",[],20.0,20.0,"[0.678792159777926, 0.0026188676989921823, 0.7343257760394862]",east,6,0 minecraft:air,False,Player is not currently riding anything,0.0784000015258789
90.0,14:59:32.016932900,2025-07-30,literal{minecrafter256},"(101.89307599378546, 72.0, 161.93604956589067)",20.0,"[{'name': ' None', 'count': 0, 'meta': ''}, {'name': ' None', 'count': 0, 'meta': ''}, {'name': ' None', 'count': 0, 'meta': ''}, {'name': ' None', 'count': 0, 'meta': ''}, {'name': ' None', 'count': 0, 'meta': ''}, {'name': ' None', 'count': 0, 'meta': ''}, {'name': ' None', 'count': 0, 'meta': ''}, {'name': ' None', 'count': 0, 'meta': ''}, {'name': ' None', 'count': 0, 'meta': ''}, {'name': ' None', 'count': 0, 'meta': ''}, {'name': ' None', 'count': 0, 'meta': ''}, {'name': ' None', 'count': 0, 'meta': ''}, {'name': ' None', 'count': 0, 'meta': ''}, {'name': ' None', 'count': 0, 'meta': ''}, {'name': ' None', 'count': 0, 'meta': ''}, {'name': ' None', 'count': 0, 'meta': ''}, {'name': ' None', 'count': 0, 'meta': ''}, {'name': ' None', 'count': 0, 'meta': ''}, {'name': ' None', 'count': 0, 'meta': ''}, {'name': ' None', 'count': 0, 'meta': ''}, {'name': ' None', 'count': 0, 'meta': ''}, {'name': ' None', 'count': 0, 'meta': ''}, {'name': ' None', 'count': 0, 'meta': ''}, {'name': ' None', 'count': 0, 'meta': ''}, {'name': ' None', 'count': 0, 'meta': ''}, {'name': ' None', 'count': 0, 'meta': ''}, {'name': ' None', 'count': 0, 'meta': ''}, {'name': ' None', 'count': 0, 'meta': ''}, {'name': ' None', 'count': 0, 'meta': ''}, {'name': ' None', 'count': 0, 'meta': ''}, {'name': ' None', 'count': 0, 'meta': ''}, {'name': ' None', 'count': 0, 'meta': ''}, {'name': ' None', 'count': 0, 'meta': ''}, {'name': ' None', 'count': 0, 'meta': ''}, {'name': ' None', 'count': 0, 'meta': ''}, {'name': ' None', 'count': 0, 'meta': ''}]","Armor Slot 0: None, Count: 0; Armor Slot 1: None, Count: 0; Armor Slot 2: None, Count: 0; Armor Slot 3: None, Count: 0; ","Offhand: None, Count: 0; ",[],20.0,20.0,"[0.678792159777926, 0.0026188676989921823, 0.7343257760394862]",east,6,0 minecraft:air,False,Player is not currently riding anything,0.0784000015258789
117.0,14:59:36.700297200,2025-07-30,literal{minecrafter256},"(101.89307599378546, 72.0, 161.93604956589067)",20.0,"[{'name': ' None', 'count': 0, 'meta': ''}, {'name': ' None', 'count': 0, 'meta': ''}, {'name': ' None', 'count': 0, 'meta': ''}, {'name': ' None', 'count': 0, 'meta': ''}, {'name': ' None', 'count': 0, 'meta': ''}, {'name': ' None', 'count': 0, 'meta': ''}, {'name': ' None', 'count': 0, 'meta': ''}, {'name': ' None', 'count': 0, 'meta': ''}, {'name': ' None', 'count': 0, 'meta': ''}, {'name': ' None', 'count': 0, 'meta': ''}, {'name': ' None', 'count': 0, 'meta': ''}, {'name': ' None', 'count': 0, 'meta': ''}, {'name': ' None', 'count': 0, 'meta': ''}, {'name': ' None', 'count': 0, 'meta': ''}, {'name': ' None', 'count': 0, 'meta': ''}, {'name': ' None', 'count': 0, 'meta': ''}, {'name': ' None', 'count': 0, 'meta': ''}, {'name': ' None', 'count': 0, 'meta': ''}, {'name': ' None', 'count': 0, 'meta': ''}, {'name': ' None', 'count': 0, 'meta': ''}, {'name': ' None', 'count': 0, 'meta': ''}, {'name': ' None', 'count': 0, 'meta': ''}, {'name': ' None', 'count': 0, 'meta': ''}, {'name': ' None', 'count': 0, 'meta': ''}, {'name': ' None', 'count': 0, 'meta': ''}, {'name': ' None', 'count': 0, 'meta': ''}, {'name': ' None', 'count': 0, 'meta': ''}, {'name': ' None', 'count': 0, 'meta': ''}, {'name': ' None', 'count': 0, 'meta': ''}, {'name': ' None', 'count': 0, 'meta': ''}, {'name': ' None', 'count': 0, 'meta': ''}, {'name': ' None', 'count': 0, 'meta': ''}, {'name': ' None', 'count': 0, 'meta': ''}, {'name': ' None', 'count': 0, 'meta': ''}, {'name': ' None', 'count': 0, 'meta': ''}, {'name': ' None', 'count': 0, 'meta': ''}]","Armor Slot 0: None, Count: 0; Armor Slot 1: None, Count: 0; Armor Slot 2: None, Count: 0; Armor Slot 3: None, Count: 0; ","Offhand: None, Count: 0; ",[],20.0,20.0,"[0.678792159777926, 0.0026188676989921823, 0.7343257760394862]",east,6,0 minecraft:air,False,Player is not currently riding anything,0.0784000015258789
117.0,14:59:36.750794700,2025-07-30,literal{minecrafter256},"(101.89307599378546, 72.0, 161.93604956589067)",20.0,"[{'name': ' None', 'count': 0, 'meta': ''}, {'name': ' None', 'count': 0, 'meta': ''}, {'name': ' None', 'count': 0, 'meta': ''}, {'name': ' None', 'count': 0, 'meta': ''}, {'name': ' None', 'count': 0, 'meta': ''}, {'name': ' None', 'count': 0, 'meta': ''}, {'name': ' None', 'count': 0, 'meta': ''}, {'name': ' None', 'count': 0, 'meta': ''}, {'name': ' None', 'count': 0, 'meta': ''}, {'name': ' None', 'count': 0, 'meta': ''}, {'name': ' None', 'count': 0, 'meta': ''}, {'name': ' None', 'count': 0, 'meta': ''}, {'name': ' None', 'count': 0, 'meta': ''}, {'name': ' None', 'count': 0, 'meta': ''}, {'name': ' None', 'count': 0, 'meta': ''}, {'name': ' None', 'count': 0, 'meta': ''}, {'name': ' None', 'count': 0, 'meta': ''}, {'name': ' None', 'count': 0, 'meta': ''}, {'name': ' None', 'count': 0, 'meta': ''}, {'name': ' None', 'count': 0, 'meta': ''}, {'name': ' None', 'count': 0, 'meta': ''}, {'name': ' None', 'count': 0, 'meta': ''}, {'name': ' None', 'count': 0, 'meta': ''}, {'name': ' None', 'count': 0, 'meta': ''}, {'name': ' None', 'count': 0, 'meta': ''}, {'name': ' None', 'count': 0, 'meta': ''}, {'name': ' None', 'count': 0, 'meta': ''}, {'name': ' None', 'count': 0, 'meta': ''}, {'name': ' None', 'count': 0, 'meta': ''}, {'name': ' None', 'count': 0, 'meta': ''}, {'name': ' None', 'count': 0, 'meta': ''}, {'name': ' None', 'count': 0, 'meta': ''}, {'name': ' None', 'count': 0, 'meta': ''}, {'name': ' None', 'count': 0, 'meta': ''}, {'name': ' None', 'count': 0, 'meta': ''}, {'name': ' None', 'count': 0, 'meta': ''}]","Armor Slot 0: None, Count: 0; Armor Slot 1: None, Count: 0; Armor Slot 2: None, Count: 0; Armor Slot 3: None, Count: 0; ","Offhand: None, Count: 0; ",[],20.0,20.0,"[0.6612239998597951, 0.015708196878688796, 0.7500240493212429]",east,6,0 minecraft:air,False,Player is not currently riding anything,0.0784000015258789
117.0,14:59:36.785882100,2025-07-30,literal{minecrafter256},"(101.89307599378546, 72.0, 161.93604956589067)",20.0,"[{'name': ' None', 'count': 0, 'meta': ''}, {'name': ' None', 'count': 0, 'meta': ''}, {'name': ' None', 'count': 0, 'meta': ''}, {'name': ' None', 'count': 0, 'meta': ''}, {'name': ' None', 'count': 0, 'meta': ''}, {'name': ' None', 'count': 0, 'meta': ''}, {'name': ' None', 'count': 0, 'meta': ''}, {'name': ' None', 'count': 0, 'meta': ''}, {'name': ' None', 'count': 0, 'meta': ''}, {'name': ' None', 'count': 0, 'meta': ''}, {'name': ' None', 'count': 0, 'meta': ''}, {'name': ' None', 'count': 0, 'meta': ''}, {'name': ' None', 'count': 0, 'meta': ''}, {'name': ' None', 'count': 0, 'meta': ''}, {'name': ' None', 'count': 0, 'meta': ''}, {'name': ' None', 'count': 0, 'meta': ''}, {'name': ' None', 'count': 0, 'meta': ''}, {'name': ' None', 'count': 0, 'meta': ''}, {'name': ' None', 'count': 0, 'meta': ''}, {'name': ' None', 'count': 0, 'meta': ''}, {'name': ' None', 'count': 0, 'meta': ''}, {'name': ' None', 'count': 0, 'meta': ''}, {'name': ' None', 'count': 0, 'meta': ''}, {'name': ' None', 'count': 0, 'meta': ''}, {'name': ' None', 'count': 0, 'meta': ''}, {'name': ' None', 'count': 0, 'meta': ''}, {'name': ' None', 'count': 0, 'meta': ''}, {'name': ' None', 'count': 0, 'meta': ''}, {'name': ' None', 'count': 0, 'meta': ''}, {'name': ' None', 'count': 0, 'meta': ''}, {'name': ' None', 'count': 0, 'meta': ''}, {'name': ' None', 'count': 0, 'meta': ''}, {'name': ' None', 'count': 0, 'meta': ''}, {'name': ' None', 'count': 0, 'meta': ''}, {'name': ' None', 'count': 0, 'meta': ''}, {'name': ' None', 'count': 0, 'meta': ''}]","Armor Slot 0: None, Count: 0; Armor Slot 1: None, Count: 0; Armor Slot 2: None, Count: 0; Armor Slot 3: None, Count: 0; ","Offhand: None, Count: 0; ",[],20.0,20.0,"[0.653232811529242, 0.023560643016817068, 0.7567904531917907]",east,6,0 minecraft:air,False,Player is not currently riding anything,0.0784000015258789
117.0,14:59:36.836532600,2025-07-30,literal{minecrafter256},"(101.89307599378546, 72.0, 161.93604956589067)",20.0,"[{'name': ' None', 'count': 0, 'meta': ''}, {'name': ' None', 'count': 0, 'meta': ''}, {'name': ' None', 'count': 0, 'meta': ''}, {'name': ' None', 'count': 0, 'meta': ''}, {'name': ' None', 'count': 0, 'meta': ''}, {'name': ' None', 'count': 0, 'meta': ''}, {'name': ' None', 'count': 0, 'meta': ''}, {'name': ' None', 'count': 0, 'meta': ''}, {'name': ' None', 'count': 0, 'meta': ''}, {'name': ' None', 'count': 0, 'meta': ''}, {'name': ' None', 'count': 0, 'meta': ''}, {'name': ' None', 'count': 0, 'meta': ''}, {'name': ' None', 'count': 0, 'meta': ''}, {'name': ' None', 'count': 0, 'meta': ''}, {'name': ' None', 'count': 0, 'meta': ''}, {'name': ' None', 'count': 0, 'meta': ''}, {'name': ' None', 'count': 0, 'meta': ''}, {'name': ' None', 'count': 0, 'meta': ''}, {'name': ' None', 'count': 0, 'meta': ''}, {'name': ' None', 'count': 0, 'meta': ''}, {'name': ' None', 'count': 0, 'meta': ''}, {'name': ' None', 'count': 0, 'meta': ''}, {'name': ' None', 'count': 0, 'meta': ''}, {'name': ' None', 'count': 0, 'meta': ''}, {'name': ' None', 'count': 0, 'meta': ''}, {'name': ' None', 'count': 0, 'meta': ''}, {'name': ' None', 'count': 0, 'meta': ''}, {'name': ' None', 'count': 0, 'meta': ''}, {'name': ' None', 'count': 0, 'meta': ''}, {'name': ' None', 'count': 0, 'meta': ''}, {'name': ' None', 'count': 0, 'meta': ''}, {'name': ' None', 'count': 0, 'meta': ''}, {'name': ' None', 'count': 0, 'meta': ''}, {'name': ' None', 'count': 0, 'meta': ''}, {'name': ' None', 'count': 0, 'meta': ''}, {'name': ' None', 'count': 0, 'meta': ''}]","Armor Slot 0: None, Count: 0; Armor Slot 1: None, Count: 0; Armor Slot 2: None, Count: 0; Armor Slot 3: None, Count: 0; ","Offhand: None, Count: 0; ",[],20.0,20.0,"[0.6452299430405031, 0.026177826017912534, 0.7635398103759392]",east,6,0 minecraft:air,False,Player is not currently riding anything,0.0784000015258789
117.0,14:59:36.895292,2025-07-30,literal{minecrafter256},"(101.89307599378546, 72.0, 161.93604956589067)",20.0,"[{'name': ' None', 'count': 0, 'meta': ''}, {'name': ' None', 'count': 0, 'meta': ''}, {'name': ' None', 'count': 0, 'meta': ''}, {'name': ' None', 'count': 0, 'meta': ''}, {'name': ' None', 'count': 0, 'meta': ''}, {'name': ' None', 'count': 0, 'meta': ''}, {'name': ' None', 'count': 0, 'meta': ''}, {'name': ' None', 'count': 0, 'meta': ''}, {'name': ' None', 'count': 0, 'meta': ''}, {'name': ' None', 'count': 0, 'meta': ''}, {'name': ' None', 'count': 0, 'meta': ''}, {'name': ' None', 'count': 0, 'meta': ''}, {'name': ' None', 'count': 0, 'meta': ''}, {'name': ' None', 'count': 0, 'meta': ''}, {'name': ' None', 'count': 0, 'meta': ''}, {'name': ' None', 'count': 0, 'meta': ''}, {'name': ' None', 'count': 0, 'meta': ''}, {'name': ' None', 'count': 0, 'meta': ''}, {'name': ' None', 'count': 0, 'meta': ''}, {'name': ' None', 'count': 0, 'meta': ''}, {'name': ' None', 'count': 0, 'meta': ''}, {'name': ' None', 'count': 0, 'meta': ''}, {'name': ' None', 'count': 0, 'meta': ''}, {'name': ' None', 'count': 0, 'meta': ''}, {'name': ' None', 'count': 0, 'meta': ''}, {'name': ' None', 'count': 0, 'meta': ''}, {'name': ' None', 'count': 0, 'meta': ''}, {'name': ' None', 'count': 0, 'meta': ''}, {'name': ' None', 'count': 0, 'meta': ''}, {'name': ' None', 'count': 0, 'meta': ''}, {'name': ' None', 'count': 0, 'meta': ''}, {'name': ' None', 'count': 0, 'meta': ''}, {'name': ' None', 'count': 0, 'meta': ''}, {'name': ' None', 'count': 0, 'meta': ''}, {'name': ' None', 'count': 0, 'meta': ''}, {'name': ' None', 'count': 0, 'meta': ''}]","Armor Slot 0: None, Count: 0; Armor Slot 1: None, Count: 0; Armor Slot 2: None, Count: 0; Armor Slot 3: None, Count: 0; ","Offhand: None, Count: 0; ",[],20.0,20.0,"[0.6267268676368062, 0.041876532632956216, 0.7781129669892402]",east,6,0 minecraft:air,False,Player is not currently riding anything,0.0784000015258789
117.0,14:59:36.929348100,2025-07-30,literal{minecrafter256},"(101.89307599378546, 72.0, 161.93604956589067)",20.0,"[{'name': ' None', 'count': 0, 'meta': ''}, {'name': ' None', 'count': 0, 'meta': ''}, {'name': ' None', 'count': 0, 'meta': ''}, {'name': ' None', 'count': 0, 'meta': ''}, {'name': ' None', 'count': 0, 'meta': ''}, {'name': ' None', 'count': 0, 'meta': ''}, {'name': ' None', 'count': 0, 'meta': ''}, {'name': ' None', 'count': 0, 'meta': ''}, {'name': ' None', 'count': 0, 'meta': ''}, {'name': ' None', 'count': 0, 'meta': ''}, {'name': ' None', 'count': 0, 'meta': ''}, {'name': ' None', 'count': 0, 'meta': ''}, {'name': ' None', 'count': 0, 'meta': ''}, {'name': ' None', 'count': 0, 'meta': ''}, {'name': ' None', 'count': 0, 'meta': ''}, {'name': ' None', 'count': 0, 'meta': ''}, {'name': ' None', 'count': 0, 'meta': ''}, {'name': ' None', 'count': 0, 'meta': ''}, {'name': ' None', 'count': 0, 'meta': ''}, {'name': ' None', 'count': 0, 'meta': ''}, {'name': ' None', 'count': 0, 'meta': ''}, {'name': ' None', 'count': 0, 'meta': ''}, {'name': ' None', 'count': 0, 'meta': ''}, {'name': ' None', 'count': 0, 'meta': ''}, {'name': ' None', 'count': 0, 'meta': ''}, {'name': ' None', 'count': 0, 'meta': ''}, {'name': ' None', 'count': 0, 'meta': ''}, {'name': ' None', 'count': 0, 'meta': ''}, {'name': ' None', 'count': 0, 'meta': ''}, {'name': ' None', 'count': 0, 'meta': ''}, {'name': ' None', 'count': 0, 'meta': ''}, {'name': ' None', 'count': 0, 'meta': ''}, {'name': ' None', 'count': 0, 'meta': ''}, {'name': ' None', 'count': 0, 'meta': ''}, {'name': ' None', 'count': 0, 'meta': ''}, {'name': ' None', 'count': 0, 'meta': ''}]","Armor Slot 0: None, Count: 0; Armor Slot 1: None, Count: 0; Armor Slot 2: None, Count: 0; Armor Slot 3: None, Count: 0; ","Offhand: None, Count: 0; ",[],20.0,20.0,"[0.5864174065743405, 0.06801617245508929, 0.807148329336798]",east,6,0 minecraft:air,False,Player is not currently riding anything,0.0784000015258789
117.0,14:59:36.981565800,2025-07-30,literal{minecrafter256},"(101.89307599378546, 72.0, 161.93604956589067)",20.0,"[{'name': ' None', 'count': 0, 'meta': ''}, {'name': ' None', 'count': 0, 'meta': ''}, {'name': ' None', 'count': 0, 'meta': ''}, {'name': ' None', 'count': 0, 'meta': ''}, {'name': ' None', 'count': 0, 'meta': ''}, {'name': ' None', 'count': 0, 'meta': ''}, {'name': ' None', 'count': 0, 'meta': ''}, {'name': ' None', 'count': 0, 'meta': ''}, {'name': ' None', 'count': 0, 'meta': ''}, {'name': ' None', 'count': 0, 'meta': ''}, {'name': ' None', 'count': 0, 'meta': ''}, {'name': ' None', 'count': 0, 'meta': ''}, {'name': ' None', 'count': 0, 'meta': ''}, {'name': ' None', 'count': 0, 'meta': ''}, {'name': ' None', 'count': 0, 'meta': ''}, {'name': ' None', 'count': 0, 'meta': ''}, {'name': ' None', 'count': 0, 'meta': ''}, {'name': ' None', 'count': 0, 'meta': ''}, {'name': ' None', 'count': 0, 'meta': ''}, {'name': ' None', 'count': 0, 'meta': ''}, {'name': ' None', 'count': 0, 'meta': ''}, {'name': ' None', 'count': 0, 'meta': ''}, {'name': ' None', 'count': 0, 'meta': ''}, {'name': ' None', 'count': 0, 'meta': ''}, {'name': ' None', 'count': 0, 'meta': ''}, {'name': ' None', 'count': 0, 'meta': ''}, {'name': ' None', 'count': 0, 'meta': ''}, {'name': ' None', 'count': 0, 'meta': ''}, {'name': ' None', 'count': 0, 'meta': ''}, {'name': ' None', 'count': 0, 'meta': ''}, {'name': ' None', 'count': 0, 'meta': ''}, {'name': ' None', 'count': 0, 'meta': ''}, {'name': ' None', 'count': 0, 'meta': ''}, {'name': ' None', 'count': 0, 'meta': ''}, {'name': ' None', 'count': 0, 'meta': ''}, {'name': ' None', 'count': 0, 'meta': ''}]","Armor Slot 0: None, Count: 0; Armor Slot 1: None, Count: 0; Armor Slot 2: None, Count: 0; Armor Slot 3: None, Count: 0; ","Offhand: None, Count: 0; ",[],20.0,20.0,"[0.5690626623539851, 0.07584979262724531, 0.8187884313258206]",east,6,0 minecraft:air,False,Player is not currently riding anything,0.0784000015258789
117.0,14:59:37.033029100,2025-07-30,literal{minecrafter256},"(101.89307599378546, 72.0, 161.93604956589067)",20.0,"[{'name': ' None', 'count': 0, 'meta': ''}, {'name': ' None', 'count': 0, 'meta': ''}, {'name': ' None', 'count': 0, 'meta': ''}, {'name': ' None', 'count': 0, 'meta': ''}, {'name': ' None', 'count': 0, 'meta': ''}, {'name': ' None', 'count': 0, 'meta': ''}, {'name': ' None', 'count': 0, 'meta': ''}, {'name': ' None', 'count': 0, 'meta': ''}, {'name': ' None', 'count': 0, 'meta': ''}, {'name': ' None', 'count': 0, 'meta': ''}, {'name': ' None', 'count': 0, 'meta': ''}, {'name': ' None', 'count': 0, 'meta': ''}, {'name': ' None', 'count': 0, 'meta': ''}, {'name': ' None', 'count': 0, 'meta': ''}, {'name': ' None', 'count': 0, 'meta': ''}, {'name': ' None', 'count': 0, 'meta': ''}, {'name': ' None', 'count': 0, 'meta': ''}, {'name': ' None', 'count': 0, 'meta': ''}, {'name': ' None', 'count': 0, 'meta': ''}, {'name': ' None', 'count': 0, 'meta': ''}, {'name': ' None', 'count': 0, 'meta': ''}, {'name': ' None', 'count': 0, 'meta': ''}, {'name': ' None', 'count': 0, 'meta': ''}, {'name': ' None', 'count': 0, 'meta': ''}, {'name': ' None', 'count': 0, 'meta': ''}, {'name': ' None', 'count': 0, 'meta': ''}, {'name': ' None', 'count': 0, 'meta': ''}, {'name': ' None', 'count': 0, 'meta': ''}, {'name': ' None', 'count': 0, 'meta': ''}, {'name': ' None', 'count': 0, 'meta': ''}, {'name': ' None', 'count': 0, 'meta': ''}, {'name': ' None', 'count': 0, 'meta': ''}, {'name': ' None', 'count': 0, 'meta': ''}, {'name': ' None', 'count': 0, 'meta': ''}, {'name': ' None', 'count': 0, 'meta': ''}, {'name': ' None', 'count': 0, 'meta': ''}]","Armor Slot 0: None, Count: 0; Armor Slot 1: None, Count: 0; Armor Slot 2: None, Count: 0; Armor Slot 3: None, Count: 0; ","Offhand: None, Count: 0; ",[],20.0,20.0,"[0.4596390726241612, 0.07584979262724531, 0.8848608545277641]",east,6,0 minecraft:air,False,Player is not currently riding anything,0.0784000015258789
117.0,14:59:37.078125600,2025-07-30,literal{minecrafter256},"(101.89307599378546, 72.0, 161.93604956589067)",20.0,"[{'name': ' None', 'count': 0, 'meta': ''}, {'name': ' None', 'count': 0, 'meta': ''}, {'name': ' None', 'count': 0, 'meta': ''}, {'name': ' None', 'count': 0, 'meta': ''}, {'name': ' None', 'count': 0, 'meta': ''}, {'name': ' None', 'count': 0, 'meta': ''}, {'name': ' None', 'count': 0, 'meta': ''}, {'name': ' None', 'count': 0, 'meta': ''}, {'name': ' None', 'count': 0, 'meta': ''}, {'name': ' None', 'count': 0, 'meta': ''}, {'name': ' None', 'count': 0, 'meta': ''}, {'name': ' None', 'count': 0, 'meta': ''}, {'name': ' None', 'count': 0, 'meta': ''}, {'name': ' None', 'count': 0, 'meta': ''}, {'name': ' None', 'count': 0, 'meta': ''}, {'name': ' None', 'count': 0, 'meta': ''}, {'name': ' None', 'count': 0, 'meta': ''}, {'name': ' None', 'count': 0, 'meta': ''}, {'name': ' None', 'count': 0, 'meta': ''}, {'name': ' None', 'count': 0, 'meta': ''}, {'name': ' None', 'count': 0, 'meta': ''}, {'name': ' None', 'count': 0, 'meta': ''}, {'name': ' None', 'count': 0, 'meta': ''}, {'name': ' None', 'count': 0, 'meta': ''}, {'name': ' None', 'count': 0, 'meta': ''}, {'name': ' None', 'count': 0, 'meta': ''}, {'name': ' None', 'count': 0, 'meta': ''}, {'name': ' None', 'count': 0, 'meta': ''}, {'name': ' None', 'count': 0, 'meta': ''}, {'name': ' None', 'count': 0, 'meta': ''}, {'name': ' None', 'count': 0, 'meta': ''}, {'name': ' None', 'count': 0, 'meta': ''}, {'name': ' None', 'count': 0, 'meta': ''}, {'name': ' None', 'count': 0, 'meta': ''}, {'name': ' None', 'count': 0, 'meta': ''}, {'name': ' None', 'count': 0, 'meta': ''}]","Armor Slot 0: None, Count: 0; Armor Slot 1: None, Count: 0; Armor Slot 2: None, Count: 0; Armor Slot 3: None, Count: 0; ","Offhand: None, Count: 0; ",[],20.0,20.0,"[0.19496911673729064, 0.03402823299515708, 0.9802189157927468]",east,6,0 minecraft:air,False,Player is not currently riding anything,0.0784000015258789
117.0,14:59:37.127129700,2025-07-30,literal{minecrafter256},"(101.89307599378546, 72.0, 161.93604956589067)",20.0,"[{'name': ' None', 'count': 0, 'meta': ''}, {'name': ' None', 'count': 0, 'meta': ''}, {'name': ' None', 'count': 0, 'meta': ''}, {'name': ' None', 'count': 0, 'meta': ''}, {'name': ' None', 'count': 0, 'meta': ''}, {'name': ' None', 'count': 0, 'meta': ''}, {'name': ' None', 'count': 0, 'meta': ''}, {'name': ' None', 'count': 0, 'meta': ''}, {'name': ' None', 'count': 0, 'meta': ''}, {'name': ' None', 'count': 0, 'meta': ''}, {'name': ' None', 'count': 0, 'meta': ''}, {'name': ' None', 'count': 0, 'meta': ''}, {'name': ' None', 'count': 0, 'meta': ''}, {'name': ' None', 'count': 0, 'meta': ''}, {'name': ' None', 'count': 0, 'meta': ''}, {'name': ' None', 'count': 0, 'meta': ''}, {'name': ' None', 'count': 0, 'meta': ''}, {'name': ' None', 'count': 0, 'meta': ''}, {'name': ' None', 'count': 0, 'meta': ''}, {'name': ' None', 'count': 0, 'meta': ''}, {'name': ' None', 'count': 0, 'meta': ''}, {'name': ' None', 'count': 0, 'meta': ''}, {'name': ' None', 'count': 0, 'meta': ''}, {'name': ' None', 'count': 0, 'meta': ''}, {'name': ' None', 'count': 0, 'meta': ''}, {'name': ' None', 'count': 0, 'meta': ''}, {'name': ' None', 'count': 0, 'meta': ''}, {'name': ' None', 'count': 0, 'meta': ''}, {'name': ' None', 'count': 0, 'meta': ''}, {'name': ' None', 'count': 0, 'meta': ''}, {'name': ' None', 'count': 0, 'meta': ''}, {'name': ' None', 'count': 0, 'meta': ''}, {'name': ' None', 'count': 0, 'meta': ''}, {'name': ' None', 'count': 0, 'meta': ''}, {'name': ' None', 'count': 0, 'meta': ''}, {'name': ' None', 'count': 0, 'meta': ''}]","Armor Slot 0: None, Count: 0; Armor Slot 1: None, Count: 0; Armor Slot 2: None, Count: 0; Armor Slot 3: None, Count: 0; ","Offhand: None, Count: 0; ",[],20.0,20.0,"[0.15376393951962072, 0.031411642062669214, 0.9876082014879854]",east,6,0 minecraft:air,False,Player is not currently riding anything,0.0784000015258789
117.0,14:59:37.180248400,2025-07-30,literal{minecrafter256},"(101.89307599378546, 72.0, 161.93604956589067)",20.0,"[{'name': ' None', 'count': 0, 'meta': ''}, {'name': ' None', 'count': 0, 'meta': ''}, {'name': ' None', 'count': 0, 'meta': ''}, {'name': ' None', 'count': 0, 'meta': ''}, {'name': ' None', 'count': 0, 'meta': ''}, {'name': ' None', 'count': 0, 'meta': ''}, {'name': ' None', 'count': 0, 'meta': ''}, {'name': ' None', 'count': 0, 'meta': ''}, {'name': ' None', 'count': 0, 'meta': ''}, {'name': ' None', 'count': 0, 'meta': ''}, {'name': ' None', 'count': 0, 'meta': ''}, {'name': ' None', 'count': 0, 'meta': ''}, {'name': ' None', 'count': 0, 'meta': ''}, {'name': ' None', 'count': 0, 'meta': ''}, {'name': ' None', 'count': 0, 'meta': ''}, {'name': ' None', 'count': 0, 'meta': ''}, {'name': ' None', 'count': 0, 'meta': ''}, {'name': ' None', 'count': 0, 'meta': ''}, {'name': ' None', 'count': 0, 'meta': ''}, {'name': ' None', 'count': 0, 'meta': ''}, {'name': ' None', 'count': 0, 'meta': ''}, {'name': ' None', 'count': 0, 'meta': ''}, {'name': ' None', 'count': 0, 'meta': ''}, {'name': ' None', 'count': 0, 'meta': ''}, {'name': ' None', 'count': 0, 'meta': ''}, {'name': ' None', 'count': 0, 'meta': ''}, {'name': ' None', 'count': 0, 'meta': ''}, {'name': ' None', 'count': 0, 'meta': ''}, {'name': ' None', 'count': 0, 'meta': ''}, {'name': ' None', 'count': 0, 'meta': ''}, {'name': ' None', 'count': 0, 'meta': ''}, {'name': ' None', 'count': 0, 'meta': ''}, {'name': ' None', 'count': 0, 'meta': ''}, {'name': ' None', 'count': 0, 'meta': ''}, {'name': ' None', 'count': 0, 'meta': ''}, {'name': ' None', 'count': 0, 'meta': ''}]","Armor Slot 0: None, Count: 0; Armor Slot 1: None, Count: 0; Armor Slot 2: None, Count: 0; Armor Slot 3: None, Count: 0; ","Offhand: None, Count: 0; ",[],20.0,20.0,"[0.21798852056070345, 0.036644592781217455, 0.9752631330690473]",east,6,0 minecraft:air,False,Player is not currently riding anything,0.0784000015258789
117.0,14:59:37.250463800,2025-07-30,literal{minecrafter256},"(101.89307599378546, 72.0, 161.93604956589067)",20.0,"[{'name': ' None', 'count': 0, 'meta': ''}, {'name': ' None', 'count': 0, 'meta': ''}, {'name': ' None', 'count': 0, 'meta': ''}, {'name': ' None', 'count': 0, 'meta': ''}, {'name': ' None', 'count': 0, 'meta': ''}, {'name': ' None', 'count': 0, 'meta': ''}, {'name': ' None', 'count': 0, 'meta': ''}, {'name': ' None', 'count': 0, 'meta': ''}, {'name': ' None', 'count': 0, 'meta': ''}, {'name': ' None', 'count': 0, 'meta': ''}, {'name': ' None', 'count': 0, 'meta': ''}, {'name': ' None', 'count': 0, 'meta': ''}, {'name': ' None', 'count': 0, 'meta': ''}, {'name': ' None', 'count': 0, 'meta': ''}, {'name': ' None', 'count': 0, 'meta': ''}, {'name': ' None', 'count': 0, 'meta': ''}, {'name': ' None', 'count': 0, 'meta': ''}, {'name': ' None', 'count': 0, 'meta': ''}, {'name': ' None', 'count': 0, 'meta': ''}, {'name': ' None', 'count': 0, 'meta': ''}, {'name': ' None', 'count': 0, 'meta': ''}, {'name': ' None', 'count': 0, 'meta': ''}, {'name': ' None', 'count': 0, 'meta': ''}, {'name': ' None', 'count': 0, 'meta': ''}, {'name': ' None', 'count': 0, 'meta': ''}, {'name': ' None', 'count': 0, 'meta': ''}, {'name': ' None', 'count': 0, 'meta': ''}, {'name': ' None', 'count': 0, 'meta': ''}, {'name': ' None', 'count': 0, 'meta': ''}, {'name': ' None', 'count': 0, 'meta': ''}, {'name': ' None', 'count': 0, 'meta': ''}, {'name': ' None', 'count': 0, 'meta': ''}, {'name': ' None', 'count': 0, 'meta': ''}, {'name': ' None', 'count': 0, 'meta': ''}, {'name': ' None', 'count': 0, 'meta': ''}, {'name': ' None', 'count': 0, 'meta': ''}]","Armor Slot 0: None, Count: 0; Armor Slot 1: None, Count: 0; Armor Slot 2: None, Count: 0; Armor Slot 3: None, Count: 0; ","Offhand: None, Count: 0; ",[],20.0,20.0,"[0.2712983047217125, 0.031411644142237106, 0.9619826081938312]",east,6,0 minecraft:air,False,Player is not currently riding anything,0.0784000015258789
117.0,14:59:37.281694600,2025-07-30,literal{minecrafter256},"(101.89307599378546, 72.0, 161.93604956589067)",20.0,"[{'name': ' None', 'count': 0, 'meta': ''}, {'name': ' None', 'count': 0, 'meta': ''}, {'name': ' None', 'count': 0, 'meta': ''}, {'name': ' None', 'count': 0, 'meta': ''}, {'name': ' None', 'count': 0, 'meta': ''}, {'name': ' None', 'count': 0, 'meta': ''}, {'name': ' None', 'count': 0, 'meta': ''}, {'name': ' None', 'count': 0, 'meta': ''}, {'name': ' None', 'count': 0, 'meta': ''}, {'name': ' None', 'count': 0, 'meta': ''}, {'name': ' None', 'count': 0, 'meta': ''}, {'name': ' None', 'count': 0, 'meta': ''}, {'name': ' None', 'count': 0, 'meta': ''}, {'name': ' None', 'count': 0, 'meta': ''}, {'name': ' None', 'count': 0, 'meta': ''}, {'name': ' None', 'count': 0, 'meta': ''}, {'name': ' None', 'count': 0, 'meta': ''}, {'name': ' None', 'count': 0, 'meta': ''}, {'name': ' None', 'count': 0, 'meta': ''}, {'name': ' None', 'count': 0, 'meta': ''}, {'name': ' None', 'count': 0, 'meta': ''}, {'name': ' None', 'count': 0, 'meta': ''}, {'name': ' None', 'count': 0, 'meta': ''}, {'name': ' None', 'count': 0, 'meta': ''}, {'name': ' None', 'count': 0, 'meta': ''}, {'name': ' None', 'count': 0, 'meta': ''}, {'name': ' None', 'count': 0, 'meta': ''}, {'name': ' None', 'count': 0, 'meta': ''}, {'name': ' None', 'count': 0, 'meta': ''}, {'name': ' None', 'count': 0, 'meta': ''}, {'name': ' None', 'count': 0, 'meta': ''}, {'name': ' None', 'count': 0, 'meta': ''}, {'name': ' None', 'count': 0, 'meta': ''}, {'name': ' None', 'count': 0, 'meta': ''}, {'name': ' None', 'count': 0, 'meta': ''}, {'name': ' None', 'count': 0, 'meta': ''}]","Armor Slot 0: None, Count: 0; Armor Slot 1: None, Count: 0; Armor Slot 2: None, Count: 0; Armor Slot 3: None, Count: 0; ","Offhand: None, Count: 0; ",[],20.0,20.0,"[0.29894967684190865, 0.023560649256868214, 0.9539779801036884]",east,6,0 minecraft:air,False,Player is not currently riding anything,0.0784000015258789
117.0,14:59:37.328814900,2025-07-30,literal{minecrafter256},"(101.89307599378546, 72.0, 161.93604956589067)",20.0,"[{'name': ' None', 'count': 0, 'meta': ''}, {'name': ' None', 'count': 0, 'meta': ''}, {'name': ' None', 'count': 0, 'meta': ''}, {'name': ' None', 'count': 0, 'meta': ''}, {'name': ' None', 'count': 0, 'meta': ''}, {'name': ' None', 'count': 0, 'meta': ''}, {'name': ' None', 'count': 0, 'meta': ''}, {'name': ' None', 'count': 0, 'meta': ''}, {'name': ' None', 'count': 0, 'meta': ''}, {'name': ' None', 'count': 0, 'meta': ''}, {'name': ' None', 'count': 0, 'meta': ''}, {'name': ' None', 'count': 0, 'meta': ''}, {'name': ' None', 'count': 0, 'meta': ''}, {'name': ' None', 'count': 0, 'meta': ''}, {'name': ' None', 'count': 0, 'meta': ''}, {'name': ' None', 'count': 0, 'meta': ''}, {'name': ' None', 'count': 0, 'meta': ''}, {'name': ' None', 'count': 0, 'meta': ''}, {'name': ' None', 'count': 0, 'meta': ''}, {'name': ' None', 'count': 0, 'meta': ''}, {'name': ' None', 'count': 0, 'meta': ''}, {'name': ' None', 'count': 0, 'meta': ''}, {'name': ' None', 'count': 0, 'meta': ''}, {'name': ' None', 'count': 0, 'meta': ''}, {'name': ' None', 'count': 0, 'meta': ''}, {'name': ' None', 'count': 0, 'meta': ''}, {'name': ' None', 'count': 0, 'meta': ''}, {'name': ' None', 'count': 0, 'meta': ''}, {'name': ' None', 'count': 0, 'meta': ''}, {'name': ' None', 'count': 0, 'meta': ''}, {'name': ' None', 'count': 0, 'meta': ''}, {'name': ' None', 'count': 0, 'meta': ''}, {'name': ' None', 'count': 0, 'meta': ''}, {'name': ' None', 'count': 0, 'meta': ''}, {'name': ' None', 'count': 0, 'meta': ''}, {'name': ' None', 'count': 0, 'meta': ''}]","Armor Slot 0: None, Count: 0; Armor Slot 1: None, Count: 0; Armor Slot 2: None, Count: 0; Armor Slot 3: None, Count: 0; ","Offhand: None, Count: 0; ",[],20.0,20.0,"[0.31644184255590563, 0.013090478708080774, 0.9485215862841587]",east,6,0 minecraft:air,False,Player is not currently riding anything,0.0784000015258789
117.0,14:59:37.373664100,2025-07-30,literal{minecrafter256},"(101.89307599378546, 72.0, 161.93604956589067)",20.0,"[{'name': ' None', 'count': 0, 'meta': ''}, {'name': ' None', 'count': 0, 'meta': ''}, {'name': ' None', 'count': 0, 'meta': ''}, {'name': ' None', 'count': 0, 'meta': ''}, {'name': ' None', 'count': 0, 'meta': ''}, {'name': ' None', 'count': 0, 'meta': ''}, {'name': ' None', 'count': 0, 'meta': ''}, {'name': ' None', 'count': 0, 'meta': ''}, {'name': ' None', 'count': 0, 'meta': ''}, {'name': ' None', 'count': 0, 'meta': ''}, {'name': ' None', 'count': 0, 'meta': ''}, {'name': ' None', 'count': 0, 'meta': ''}, {'name': ' None', 'count': 0, 'meta': ''}, {'name': ' None', 'count': 0, 'meta': ''}, {'name': ' None', 'count': 0, 'meta': ''}, {'name': ' None', 'count': 0, 'meta': ''}, {'name': ' None', 'count': 0, 'meta': ''}, {'name': ' None', 'count': 0, 'meta': ''}, {'name': ' None', 'count': 0, 'meta': ''}, {'name': ' None', 'count': 0, 'meta': ''}, {'name': ' None', 'count': 0, 'meta': ''}, {'name': ' None', 'count': 0, 'meta': ''}, {'name': ' None', 'count': 0, 'meta': ''}, {'name': ' None', 'count': 0, 'meta': ''}, {'name': ' None', 'count': 0, 'meta': ''}, {'name': ' None', 'count': 0, 'meta': ''}, {'name': ' None', 'count': 0, 'meta': ''}, {'name': ' None', 'count': 0, 'meta': ''}, {'name': ' None', 'count': 0, 'meta': ''}, {'name': ' None', 'count': 0, 'meta': ''}, {'name': ' None', 'count': 0, 'meta': ''}, {'name': ' None', 'count': 0, 'meta': ''}, {'name': ' None', 'count': 0, 'meta': ''}, {'name': ' None', 'count': 0, 'meta': ''}, {'name': ' None', 'count': 0, 'meta': ''}, {'name': ' None', 'count': 0, 'meta': ''}]","Armor Slot 0: None, Count: 0; Armor Slot 1: None, Count: 0; Armor Slot 2: None, Count: 0; Armor Slot 3: None, Count: 0; ","Offhand: None, Count: 0; ",[],20.0,20.0,"[0.388376276706437, -0.08889342481830256, 0.9172032635766829]",east,6,0 minecraft:air,False,Player is not currently riding anything,0.0784000015258789
117.0,14:59:37.420332800,2025-07-30,literal{minecrafter256},"(101.89307599378546, 72.0, 161.93604956589067)",20.0,"[{'name': ' None', 'count': 0, 'meta': ''}, {'name': ' None', 'count': 0, 'meta': ''}, {'name': ' None', 'count': 0, 'meta': ''}, {'name': ' None', 'count': 0, 'meta': ''}, {'name': ' None', 'count': 0, 'meta': ''}, {'name': ' None', 'count': 0, 'meta': ''}, {'name': ' None', 'count': 0, 'meta': ''}, {'name': ' None', 'count': 0, 'meta': ''}, {'name': ' None', 'count': 0, 'meta': ''}, {'name': ' None', 'count': 0, 'meta': ''}, {'name': ' None', 'count': 0, 'meta': ''}, {'name': ' None', 'count': 0, 'meta': ''}, {'name': ' None', 'count': 0, 'meta': ''}, {'name': ' None', 'count': 0, 'meta': ''}, {'name': ' None', 'count': 0, 'meta': ''}, {'name': ' None', 'count': 0, 'meta': ''}, {'name': ' None', 'count': 0, 'meta': ''}, {'name': ' None', 'count': 0, 'meta': ''}, {'name': ' None', 'count': 0, 'meta': ''}, {'name': ' None', 'count': 0, 'meta': ''}, {'name': ' None', 'count': 0, 'meta': ''}, {'name': ' None', 'count': 0, 'meta': ''}, {'name': ' None', 'count': 0, 'meta': ''}, {'name': ' None', 'count': 0, 'meta': ''}, {'name': ' None', 'count': 0, 'meta': ''}, {'name': ' None', 'count': 0, 'meta': ''}, {'name': ' None', 'count': 0, 'meta': ''}, {'name': ' None', 'count': 0, 'meta': ''}, {'name': ' None', 'count': 0, 'meta': ''}, {'name': ' None', 'count': 0, 'meta': ''}, {'name': ' None', 'count': 0, 'meta': ''}, {'name': ' None', 'count': 0, 'meta': ''}, {'name': ' None', 'count': 0, 'meta': ''}, {'name': ' None', 'count': 0, 'meta': ''}, {'name': ' None', 'count': 0, 'meta': ''}, {'name': ' None', 'count': 0, 'meta': ''}]","Armor Slot 0: None, Count: 0; Armor Slot 1: None, Count: 0; Armor Slot 2: None, Count: 0; Armor Slot 3: None, Count: 0; ","Offhand: None, Count: 0; ",[],20.0,20.0,"[0.45257969706507584, -0.27143961683363815, 0.84940694147016]",east,6,0 minecraft:air,False,Player is not currently riding anything,0.0784000015258789
117.0,14:59:37.480552300,2025-07-30,literal{minecrafter256},"(101.89307599378546, 72.0, 161.93604956589067)",20.0,"[{'name': ' None', 'count': 0, 'meta': ''}, {'name': ' None', 'count': 0, 'meta': ''}, {'name': ' None', 'count': 0, 'meta': ''}, {'name': ' None', 'count': 0, 'meta': ''}, {'name': ' None', 'count': 0, 'meta': ''}, {'name': ' None', 'count': 0, 'meta': ''}, {'name': ' None', 'count': 0, 'meta': ''}, {'name': ' None', 'count': 0, 'meta': ''}, {'name': ' None', 'count': 0, 'meta': ''}, {'name': ' None', 'count': 0, 'meta': ''}, {'name': ' None', 'count': 0, 'meta': ''}, {'name': ' None', 'count': 0, 'meta': ''}, {'name': ' None', 'count': 0, 'meta': ''}, {'name': ' None', 'count': 0, 'meta': ''}, {'name': ' None', 'count': 0, 'meta': ''}, {'name': ' None', 'count': 0, 'meta': ''}, {'name': ' None', 'count': 0, 'meta': ''}, {'name': ' None', 'count': 0, 'meta': ''}, {'name': ' None', 'count': 0, 'meta': ''}, {'name': ' None', 'count': 0, 'meta': ''}, {'name': ' None', 'count': 0, 'meta': ''}, {'name': ' None', 'count': 0, 'meta': ''}, {'name': ' None', 'count': 0, 'meta': ''}, {'name': ' None', 'count': 0, 'meta': ''}, {'name': ' None', 'count': 0, 'meta': ''}, {'name': ' None', 'count': 0, 'meta': ''}, {'name': ' None', 'count': 0, 'meta': ''}, {'name': ' None', 'count': 0, 'meta': ''}, {'name': ' None', 'count': 0, 'meta': ''}, {'name': ' None', 'count': 0, 'meta': ''}, {'name': ' None', 'count': 0, 'meta': ''}, {'name': ' None', 'count': 0, 'meta': ''}, {'name': ' None', 'count': 0, 'meta': ''}, {'name': ' None', 'count': 0, 'meta': ''}, {'name': ' None', 'count': 0, 'meta': ''}, {'name': ' None', 'count': 0, 'meta': ''}]","Armor Slot 0: None, Count: 0; Armor Slot 1: None, Count: 0; Armor Slot 2: None, Count: 0; Armor Slot 3: None, Count: 0; ","Offhand: None, Count: 0; ",[],20.0,20.0,"[0.469608654369942, -0.33133707810867397, 0.8183418921277701]",east,6,0 minecraft:air,False,Player is not currently riding anything,0.0784000015258789
117.0,14:59:37.524404,2025-07-30,literal{minecrafter256},"(101.89307599378546, 72.0, 161.93604956589067)",20.0,"[{'name': ' None', 'count': 0, 'meta': ''}, {'name': ' None', 'count': 0, 'meta': ''}, {'name': ' None', 'count': 0, 'meta': ''}, {'name': ' None', 'count': 0, 'meta': ''}, {'name': ' None', 'count': 0, 'meta': ''}, {'name': ' None', 'count': 0, 'meta': ''}, {'name': ' None', 'count': 0, 'meta': ''}, {'name': ' None', 'count': 0, 'meta': ''}, {'name': ' None', 'count': 0, 'meta': ''}, {'name': ' None', 'count': 0, 'meta': ''}, {'name': ' None', 'count': 0, 'meta': ''}, {'name': ' None', 'count': 0, 'meta': ''}, {'name': ' None', 'count': 0, 'meta': ''}, {'name': ' None', 'count': 0, 'meta': ''}, {'name': ' None', 'count': 0, 'meta': ''}, {'name': ' None', 'count': 0, 'meta': ''}, {'name': ' None', 'count': 0, 'meta': ''}, {'name': ' None', 'count': 0, 'meta': ''}, {'name': ' None', 'count': 0, 'meta': ''}, {'name': ' None', 'count': 0, 'meta': ''}, {'name': ' None', 'count': 0, 'meta': ''}, {'name': ' None', 'count': 0, 'meta': ''}, {'name': ' None', 'count': 0, 'meta': ''}, {'name': ' None', 'count': 0, 'meta': ''}, {'name': ' None', 'count': 0, 'meta': ''}, {'name': ' None', 'count': 0, 'meta': ''}, {'name': ' None', 'count': 0, 'meta': ''}, {'name': ' None', 'count': 0, 'meta': ''}, {'name': ' None', 'count': 0, 'meta': ''}, {'name': ' None', 'count': 0, 'meta': ''}, {'name': ' None', 'count': 0, 'meta': ''}, {'name': ' None', 'count': 0, 'meta': ''}, {'name': ' None', 'count': 0, 'meta': ''}, {'name': ' None', 'count': 0, 'meta': ''}, {'name': ' None', 'count': 0, 'meta': ''}, {'name': ' None', 'count': 0, 'meta': ''}]","Armor Slot 0: None, Count: 0; Armor Slot 1: None, Count: 0; Armor Slot 2: None, Count: 0; Armor Slot 3: None, Count: 0; ","Offhand: None, Count: 0; ",[],20.0,20.0,"[0.4768189620409653, -0.33873709335853264, 0.8111108796096802]",east,6,0 minecraft:air,False,Player is not currently riding anything,0.0784000015258789
117.0,14:59:37.571365300,2025-07-30,literal{minecrafter256},"(101.9760970731984, 72.0, 161.88397749028402)",20.0,"[{'name': ' None', 'count': 0, 'meta': ''}, {'name': ' None', 'count': 0, 'meta': ''}, {'name': ' None', 'count': 0, 'meta': ''}, {'name': ' None', 'count': 0, 'meta': ''}, {'name': ' None', 'count': 0, 'meta': ''}, {'name': ' None', 'count': 0, 'meta': ''}, {'name': ' None', 'count': 0, 'meta': ''}, {'name': ' None', 'count': 0, 'meta': ''}, {'name': ' None', 'count': 0, 'meta': ''}, {'name': ' None', 'count': 0, 'meta': ''}, {'name': ' None', 'count': 0, 'meta': ''}, {'name': ' None', 'count': 0, 'meta': ''}, {'name': ' None', 'count': 0, 'meta': ''}, {'name': ' None', 'count': 0, 'meta': ''}, {'name': ' None', 'count': 0, 'meta': ''}, {'name': ' None', 'count': 0, 'meta': ''}, {'name': ' None', 'count': 0, 'meta': ''}, {'name': ' None', 'count': 0, 'meta': ''}, {'name': ' None', 'count': 0, 'meta': ''}, {'name': ' None', 'count': 0, 'meta': ''}, {'name': ' None', 'count': 0, 'meta': ''}, {'name': ' None', 'count': 0, 'meta': ''}, {'name': ' None', 'count': 0, 'meta': ''}, {'name': ' None', 'count': 0, 'meta': ''}, {'name': ' None', 'count': 0, 'meta': ''}, {'name': ' None', 'count': 0, 'meta': ''}, {'name': ' None', 'count': 0, 'meta': ''}, {'name': ' None', 'count': 0, 'meta': ''}, {'name': ' None', 'count': 0, 'meta': ''}, {'name': ' None', 'count': 0, 'meta': ''}, {'name': ' None', 'count': 0, 'meta': ''}, {'name': ' None', 'count': 0, 'meta': ''}, {'name': ' None', 'count': 0, 'meta': ''}, {'name': ' None', 'count': 0, 'meta': ''}, {'name': ' None', 'count': 0, 'meta': ''}, {'name': ' None', 'count': 0, 'meta': ''}]","Armor Slot 0: None, Count: 0; Armor Slot 1: None, Count: 0; Armor Slot 2: None, Count: 0; Armor Slot 3: None, Count: 0; ","Offhand: None, Count: 0; ",[],20.0,20.0,"[0.4965938900364999, -0.35592178265269714, 0.7916528235355085]",east,6,0 minecraft:air,False,Player is not currently riding anything,0.0784000015258789
79.0,14:59:37.622584200,2025-07-30,literal{minecrafter256},"(102.10444766723596, 72.0, 161.80347405809377)",20.0,"[{'name': ' None', 'count': 0, 'meta': ''}, {'name': ' None', 'count': 0, 'meta': ''}, {'name': ' None', 'count': 0, 'meta': ''}, {'name': ' None', 'count': 0, 'meta': ''}, {'name': ' None', 'count': 0, 'meta': ''}, {'name': ' None', 'count': 0, 'meta': ''}, {'name': ' None', 'count': 0, 'meta': ''}, {'name': ' None', 'count': 0, 'meta': ''}, {'name': ' None', 'count': 0, 'meta': ''}, {'name': ' None', 'count': 0, 'meta': ''}, {'name': ' None', 'count': 0, 'meta': ''}, {'name': ' None', 'count': 0, 'meta': ''}, {'name': ' None', 'count': 0, 'meta': ''}, {'name': ' None', 'count': 0, 'meta': ''}, {'name': ' None', 'count': 0, 'meta': ''}, {'name': ' None', 'count': 0, 'meta': ''}, {'name': ' None', 'count': 0, 'meta': ''}, {'name': ' None', 'count': 0, 'meta': ''}, {'name': ' None', 'count': 0, 'meta': ''}, {'name': ' None', 'count': 0, 'meta': ''}, {'name': ' None', 'count': 0, 'meta': ''}, {'name': ' None', 'count': 0, 'meta': ''}, {'name': ' None', 'count': 0, 'meta': ''}, {'name': ' None', 'count': 0, 'meta': ''}, {'name': ' None', 'count': 0, 'meta': ''}, {'name': ' None', 'count': 0, 'meta': ''}, {'name': ' None', 'count': 0, 'meta': ''}, {'name': ' None', 'count': 0, 'meta': ''}, {'name': ' None', 'count': 0, 'meta': ''}, {'name': ' None', 'count': 0, 'meta': ''}, {'name': ' None', 'count': 0, 'meta': ''}, {'name': ' None', 'count': 0, 'meta': ''}, {'name': ' None', 'count': 0, 'meta': ''}, {'name': ' None', 'count': 0, 'meta': ''}, {'name': ' None', 'count': 0, 'meta': ''}, {'name': ' None', 'count': 0, 'meta': ''}]","Armor Slot 0: None, Count: 0; Armor Slot 1: None, Count: 0; Armor Slot 2: None, Count: 0; Armor Slot 3: None, Count: 0; ","Offhand: None, Count: 0; ",[],20.0,20.0,"[0.4965938900364999, -0.35592178265269714, 0.7916528235355085]",east,6,0 minecraft:air,False,Player is not currently riding anything,0.0784000015258789
79.0,14:59:37.675011400,2025-07-30,literal{minecrafter256},"(102.2544116586398, 72.0, 161.70275248060858)",20.0,"[{'name': ' None', 'count': 0, 'meta': ''}, {'name': ' None', 'count': 0, 'meta': ''}, {'name': ' None', 'count': 0, 'meta': ''}, {'name': ' None', 'count': 0, 'meta': ''}, {'name': ' None', 'count': 0, 'meta': ''}, {'name': ' None', 'count': 0, 'meta': ''}, {'name': ' None', 'count': 0, 'meta': ''}, {'name': ' None', 'count': 0, 'meta': ''}, {'name': ' None', 'count': 0, 'meta': ''}, {'name': ' None', 'count': 0, 'meta': ''}, {'name': ' None', 'count': 0, 'meta': ''}, {'name': ' None', 'count': 0, 'meta': ''}, {'name': ' None', 'count': 0, 'meta': ''}, {'name': ' None', 'count': 0, 'meta': ''}, {'name': ' None', 'count': 0, 'meta': ''}, {'name': ' None', 'count': 0, 'meta': ''}, {'name': ' None', 'count': 0, 'meta': ''}, {'name': ' None', 'count': 0, 'meta': ''}, {'name': ' None', 'count': 0, 'meta': ''}, {'name': ' None', 'count': 0, 'meta': ''}, {'name': ' None', 'count': 0, 'meta': ''}, {'name': ' None', 'count': 0, 'meta': ''}, {'name': ' None', 'count': 0, 'meta': ''}, {'name': ' None', 'count': 0, 'meta': ''}, {'name': ' None', 'count': 0, 'meta': ''}, {'name': ' None', 'count': 0, 'meta': ''}, {'name': ' None', 'count': 0, 'meta': ''}, {'name': ' None', 'count': 0, 'meta': ''}, {'name': ' None', 'count': 0, 'meta': ''}, {'name': ' None', 'count': 0, 'meta': ''}, {'name': ' None', 'count': 0, 'meta': ''}, {'name': ' None', 'count': 0, 'meta': ''}, {'name': ' None', 'count': 0, 'meta': ''}, {'name': ' None', 'count': 0, 'meta': ''}, {'name': ' None', 'count': 0, 'meta': ''}, {'name': ' None', 'count': 0, 'meta': ''}]","Armor Slot 0: None, Count: 0; Armor Slot 1: None, Count: 0; Armor Slot 2: None, Count: 0; Armor Slot 3: None, Count: 0; ","Offhand: None, Count: 0; ",[],20.0,20.0,"[0.5328294078966864, -0.3923362959764101, 0.7497766687087412]",east,6,0 minecraft:air,False,Player is not currently riding anything,0.0784000015258789
79.0,14:59:37.726836,2025-07-30,literal{minecrafter256},"(102.4132542330354, 72.0, 161.5870887611195)",20.0,"[{'name': ' None', 'count': 0, 'meta': ''}, {'name': ' None', 'count': 0, 'meta': ''}, {'name': ' None', 'count': 0, 'meta': ''}, {'name': ' None', 'count': 0, 'meta': ''}, {'name': ' None', 'count': 0, 'meta': ''}, {'name': ' None', 'count': 0, 'meta': ''}, {'name': ' None', 'count': 0, 'meta': ''}, {'name': ' None', 'count': 0, 'meta': ''}, {'name': ' None', 'count': 0, 'meta': ''}, {'name': ' None', 'count': 0, 'meta': ''}, {'name': ' None', 'count': 0, 'meta': ''}, {'name': ' None', 'count': 0, 'meta': ''}, {'name': ' None', 'count': 0, 'meta': ''}, {'name': ' None', 'count': 0, 'meta': ''}, {'name': ' None', 'count': 0, 'meta': ''}, {'name': ' None', 'count': 0, 'meta': ''}, {'name': ' None', 'count': 0, 'meta': ''}, {'name': ' None', 'count': 0, 'meta': ''}, {'name': ' None', 'count': 0, 'meta': ''}, {'name': ' None', 'count': 0, 'meta': ''}, {'name': ' None', 'count': 0, 'meta': ''}, {'name': ' None', 'count': 0, 'meta': ''}, {'name': ' None', 'count': 0, 'meta': ''}, {'name': ' None', 'count': 0, 'meta': ''}, {'name': ' None', 'count': 0, 'meta': ''}, {'name': ' None', 'count': 0, 'meta': ''}, {'name': ' None', 'count': 0, 'meta': ''}, {'name': ' None', 'count': 0, 'meta': ''}, {'name': ' None', 'count': 0, 'meta': ''}, {'name': ' None', 'count': 0, 'meta': ''}, {'name': ' None', 'count': 0, 'meta': ''}, {'name': ' None', 'count': 0, 'meta': ''}, {'name': ' None', 'count': 0, 'meta': ''}, {'name': ' None', 'count': 0, 'meta': ''}, {'name': ' None', 'count': 0, 'meta': ''}, {'name': ' None', 'count': 0, 'meta': ''}]","Armor Slot 0: None, Count: 0; Armor Slot 1: None, Count: 0; Armor Slot 2: None, Count: 0; Armor Slot 3: None, Count: 0; ","Offhand: None, Count: 0; ",[],20.0,20.0,"[0.5635696785236772, -0.41389815744523883, 0.7148968685846618]",east,6,0 minecraft:air,False,Player is not currently riding anything,0.0784000015258789
79.0,14:59:37.783070300,2025-07-30,literal{minecrafter256},"(102.57332915690357, 72.0, 161.45894222711806)",20.0,"[{'name': ' None', 'count': 0, 'meta': ''}, {'name': ' None', 'count': 0, 'meta': ''}, {'name': ' None', 'count': 0, 'meta': ''}, {'name': ' None', 'count': 0, 'meta': ''}, {'name': ' None', 'count': 0, 'meta': ''}, {'name': ' None', 'count': 0, 'meta': ''}, {'name': ' None', 'count': 0, 'meta': ''}, {'name': ' None', 'count': 0, 'meta': ''}, {'name': ' None', 'count': 0, 'meta': ''}, {'name': ' None', 'count': 0, 'meta': ''}, {'name': ' None', 'count': 0, 'meta': ''}, {'name': ' None', 'count': 0, 'meta': ''}, {'name': ' None', 'count': 0, 'meta': ''}, {'name': ' None', 'count': 0, 'meta': ''}, {'name': ' None', 'count': 0, 'meta': ''}, {'name': ' None', 'count': 0, 'meta': ''}, {'name': ' None', 'count': 0, 'meta': ''}, {'name': ' None', 'count': 0, 'meta': ''}, {'name': ' None', 'count': 0, 'meta': ''}, {'name': ' None', 'count': 0, 'meta': ''}, {'name': ' None', 'count': 0, 'meta': ''}, {'name': ' None', 'count': 0, 'meta': ''}, {'name': ' None', 'count': 0, 'meta': ''}, {'name': ' None', 'count': 0, 'meta': ''}, {'name': ' None', 'count': 0, 'meta': ''}, {'name': ' None', 'count': 0, 'meta': ''}, {'name': ' None', 'count': 0, 'meta': ''}, {'name': ' None', 'count': 0, 'meta': ''}, {'name': ' None', 'count': 0, 'meta': ''}, {'name': ' None', 'count': 0, 'meta': ''}, {'name': ' None', 'count': 0, 'meta': ''}, {'name': ' None', 'count': 0, 'meta': ''}, {'name': ' None', 'count': 0, 'meta': ''}, {'name': ' None', 'count': 0, 'meta': ''}, {'name': ' None', 'count': 0, 'meta': ''}, {'name': ' None', 'count': 0, 'meta': ''}]","Armor Slot 0: None, Count: 0; Armor Slot 1: None, Count: 0; Armor Slot 2: None, Count: 0; Armor Slot 3: None, Count: 0; ","Offhand: None, Count: 0; ",[],20.0,20.0,"[0.5971520440480382, -0.43523024819079115, 0.6737833979470199]",east,6,0 minecraft:air,False,Player is not currently riding anything,0.0784000015258789
79.0,14:59:37.821791200,2025-07-30,literal{minecrafter256},"(102.72744274369543, 72.0, 161.31718688250427)",20.0,"[{'name': ' None', 'count': 0, 'meta': ''}, {'name': ' None', 'count': 0, 'meta': ''}, {'name': ' None', 'count': 0, 'meta': ''}, {'name': ' None', 'count': 0, 'meta': ''}, {'name': ' None', 'count': 0, 'meta': ''}, {'name': ' None', 'count': 0, 'meta': ''}, {'name': ' None', 'count': 0, 'meta': ''}, {'name': ' None', 'count': 0, 'meta': ''}, {'name': ' None', 'count': 0, 'meta': ''}, {'name': ' None', 'count': 0, 'meta': ''}, {'name': ' None', 'count': 0, 'meta': ''}, {'name': ' None', 'count': 0, 'meta': ''}, {'name': ' None', 'count': 0, 'meta': ''}, {'name': ' None', 'count': 0, 'meta': ''}, {'name': ' None', 'count': 0, 'meta': ''}, {'name': ' None', 'count': 0, 'meta': ''}, {'name': ' None', 'count': 0, 'meta': ''}, {'name': ' None', 'count': 0, 'meta': ''}, {'name': ' None', 'count': 0, 'meta': ''}, {'name': ' None', 'count': 0, 'meta': ''}, {'name': ' None', 'count': 0, 'meta': ''}, {'name': ' None', 'count': 0, 'meta': ''}, {'name': ' None', 'count': 0, 'meta': ''}, {'name': ' None', 'count': 0, 'meta': ''}, {'name': ' None', 'count': 0, 'meta': ''}, {'name': ' None', 'count': 0, 'meta': ''}, {'name': ' None', 'count': 0, 'meta': ''}, {'name': ' None', 'count': 0, 'meta': ''}, {'name': ' None', 'count': 0, 'meta': ''}, {'name': ' None', 'count': 0, 'meta': ''}, {'name': ' None', 'count': 0, 'meta': ''}, {'name': ' None', 'count': 0, 'meta': ''}, {'name': ' None', 'count': 0, 'meta': ''}, {'name': ' None', 'count': 0, 'meta': ''}, {'name': ' None', 'count': 0, 'meta': ''}, {'name': ' None', 'count': 0, 'meta': ''}]","Armor Slot 0: None, Count: 0; Armor Slot 1: None, Count: 0; Armor Slot 2: None, Count: 0; Armor Slot 3: None, Count: 0; ","Offhand: None, Count: 0; ",[],20.0,20.0,"[0.6455878548192643, -0.4725499551355481, 0.5999273802813571]",north,6,0 minecraft:air,False,Player is not currently riding anything,0.0784000015258789
79.0,14:59:37.871510300,2025-07-30,literal{minecrafter256},"(102.87811538439892, 72.0, 161.16782867505026)",20.0,"[{'name': ' None', 'count': 0, 'meta': ''}, {'name': ' None', 'count': 0, 'meta': ''}, {'name': ' None', 'count': 0, 'meta': ''}, {'name': ' None', 'count': 0, 'meta': ''}, {'name': ' None', 'count': 0, 'meta': ''}, {'name': ' None', 'count': 0, 'meta': ''}, {'name': ' None', 'count': 0, 'meta': ''}, {'name': ' None', 'count': 0, 'meta': ''}, {'name': ' None', 'count': 0, 'meta': ''}, {'name': ' None', 'count': 0, 'meta': ''}, {'name': ' None', 'count': 0, 'meta': ''}, {'name': ' None', 'count': 0, 'meta': ''}, {'name': ' None', 'count': 0, 'meta': ''}, {'name': ' None', 'count': 0, 'meta': ''}, {'name': ' None', 'count': 0, 'meta': ''}, {'name': ' None', 'count': 0, 'meta': ''}, {'name': ' None', 'count': 0, 'meta': ''}, {'name': ' None', 'count': 0, 'meta': ''}, {'name': ' None', 'count': 0, 'meta': ''}, {'name': ' None', 'count': 0, 'meta': ''}, {'name': ' None', 'count': 0, 'meta': ''}, {'name': ' None', 'count': 0, 'meta': ''}, {'name': ' None', 'count': 0, 'meta': ''}, {'name': ' None', 'count': 0, 'meta': ''}, {'name': ' None', 'count': 0, 'meta': ''}, {'name': ' None', 'count': 0, 'meta': ''}, {'name': ' None', 'count': 0, 'meta': ''}, {'name': ' None', 'count': 0, 'meta': ''}, {'name': ' None', 'count': 0, 'meta': ''}, {'name': ' None', 'count': 0, 'meta': ''}, {'name': ' None', 'count': 0, 'meta': ''}, {'name': ' None', 'count': 0, 'meta': ''}, {'name': ' None', 'count': 0, 'meta': ''}, {'name': ' None', 'count': 0, 'meta': ''}, {'name': ' None', 'count': 0, 'meta': ''}, {'name': ' None', 'count': 0, 'meta': ''}]","Armor Slot 0: None, Count: 0; Armor Slot 1: None, Count: 0; Armor Slot 2: None, Count: 0; Armor Slot 3: None, Count: 0; ","Offhand: None, Count: 0; ",[],20.0,20.0,"[0.6471561831126481, -0.4725499551355481, 0.598235250182117]",north,6,0 minecraft:air,False,Player is not currently riding anything,0.0784000015258789
79.0,14:59:37.921418100,2025-07-30,literal{minecrafter256},"(103.02652889745154, 72.0, 161.01396950626562)",20.0,"[{'name': ' None', 'count': 0, 'meta': ''}, {'name': ' None', 'count': 0, 'meta': ''}, {'name': ' None', 'count': 0, 'meta': ''}, {'name': ' None', 'count': 0, 'meta': ''}, {'name': ' None', 'count': 0, 'meta': ''}, {'name': ' None', 'count': 0, 'meta': ''}, {'name': ' None', 'count': 0, 'meta': ''}, {'name': ' None', 'count': 0, 'meta': ''}, {'name': ' None', 'count': 0, 'meta': ''}, {'name': ' None', 'count': 0, 'meta': ''}, {'name': ' None', 'count': 0, 'meta': ''}, {'name': ' None', 'count': 0, 'meta': ''}, {'name': ' None', 'count': 0, 'meta': ''}, {'name': ' None', 'count': 0, 'meta': ''}, {'name': ' None', 'count': 0, 'meta': ''}, {'name': ' None', 'count': 0, 'meta': ''}, {'name': ' None', 'count': 0, 'meta': ''}, {'name': ' None', 'count': 0, 'meta': ''}, {'name': ' None', 'count': 0, 'meta': ''}, {'name': ' None', 'count': 0, 'meta': ''}, {'name': ' None', 'count': 0, 'meta': ''}, {'name': ' None', 'count': 0, 'meta': ''}, {'name': ' None', 'count': 0, 'meta': ''}, {'name': ' None', 'count': 0, 'meta': ''}, {'name': ' None', 'count': 0, 'meta': ''}, {'name': ' None', 'count': 0, 'meta': ''}, {'name': ' None', 'count': 0, 'meta': ''}, {'name': ' None', 'count': 0, 'meta': ''}, {'name': ' None', 'count': 0, 'meta': ''}, {'name': ' None', 'count': 0, 'meta': ''}, {'name': ' None', 'count': 0, 'meta': ''}, {'name': ' None', 'count': 0, 'meta': ''}, {'name': ' None', 'count': 0, 'meta': ''}, {'name': ' None', 'count': 0, 'meta': ''}, {'name': ' None', 'count': 0, 'meta': ''}, {'name': ' None', 'count': 0, 'meta': ''}]","Armor Slot 0: None, Count: 0; Armor Slot 1: None, Count: 0; Armor Slot 2: None, Count: 0; Armor Slot 3: None, Count: 0; ","Offhand: None, Count: 0; ",[],20.0,20.0,"[0.6556760632193994, -0.45864874394731214, 0.5997751493657126]",north,6,0 minecraft:air,False,Player is not currently riding anything,0.0784000015258789
79.0,14:59:37.972091900,2025-07-30,literal{minecrafter256},"(103.17082337570777, 72.0, 160.8551153125556)",20.0,"[{'name': ' None', 'count': 0, 'meta': ''}, {'name': ' None', 'count': 0, 'meta': ''}, {'name': ' None', 'count': 0, 'meta': ''}, {'name': ' None', 'count': 0, 'meta': ''}, {'name': ' None', 'count': 0, 'meta': ''}, {'name': ' None', 'count': 0, 'meta': ''}, {'name': ' None', 'count': 0, 'meta': ''}, {'name': ' None', 'count': 0, 'meta': ''}, {'name': ' None', 'count': 0, 'meta': ''}, {'name': ' None', 'count': 0, 'meta': ''}, {'name': ' None', 'count': 0, 'meta': ''}, {'name': ' None', 'count': 0, 'meta': ''}, {'name': ' None', 'count': 0, 'meta': ''}, {'name': ' None', 'count': 0, 'meta': ''}, {'name': ' None', 'count': 0, 'meta': ''}, {'name': ' None', 'count': 0, 'meta': ''}, {'name': ' None', 'count': 0, 'meta': ''}, {'name': ' None', 'count': 0, 'meta': ''}, {'name': ' None', 'count': 0, 'meta': ''}, {'name': ' None', 'count': 0, 'meta': ''}, {'name': ' None', 'count': 0, 'meta': ''}, {'name': ' None', 'count': 0, 'meta': ''}, {'name': ' None', 'count': 0, 'meta': ''}, {'name': ' None', 'count': 0, 'meta': ''}, {'name': ' None', 'count': 0, 'meta': ''}, {'name': ' None', 'count': 0, 'meta': ''}, {'name': ' None', 'count': 0, 'meta': ''}, {'name': ' None', 'count': 0, 'meta': ''}, {'name': ' None', 'count': 0, 'meta': ''}, {'name': ' None', 'count': 0, 'meta': ''}, {'name': ' None', 'count': 0, 'meta': ''}, {'name': ' None', 'count': 0, 'meta': ''}, {'name': ' None', 'count': 0, 'meta': ''}, {'name': ' None', 'count': 0, 'meta': ''}, {'name': ' None', 'count': 0, 'meta': ''}, {'name': ' None', 'count': 0, 'meta': ''}]","Armor Slot 0: None, Count: 0; Armor Slot 1: None, Count: 0; Armor Slot 2: None, Count: 0; Armor Slot 3: None, Count: 0; ","Offhand: None, Count: 0; ",[],20.0,20.0,"[0.6936313273544344, -0.4186588910511985, 0.586174303988418]",north,6,0 minecraft:air,False,Player is not currently riding anything,0.0784000015258789
79.0,14:59:38.018469800,2025-07-30,literal{minecrafter256},"(103.31286886070393, 72.0, 160.69353383491955)",20.0,"[{'name': ' None', 'count': 0, 'meta': ''}, {'name': ' None', 'count': 0, 'meta': ''}, {'name': ' None', 'count': 0, 'meta': ''}, {'name': ' None', 'count': 0, 'meta': ''}, {'name': ' None', 'count': 0, 'meta': ''}, {'name': ' None', 'count': 0, 'meta': ''}, {'name': ' None', 'count': 0, 'meta': ''}, {'name': ' None', 'count': 0, 'meta': ''}, {'name': ' None', 'count': 0, 'meta': ''}, {'name': ' None', 'count': 0, 'meta': ''}, {'name': ' None', 'count': 0, 'meta': ''}, {'name': ' None', 'count': 0, 'meta': ''}, {'name': ' None', 'count': 0, 'meta': ''}, {'name': ' None', 'count': 0, 'meta': ''}, {'name': ' None', 'count': 0, 'meta': ''}, {'name': ' None', 'count': 0, 'meta': ''}, {'name': ' None', 'count': 0, 'meta': ''}, {'name': ' None', 'count': 0, 'meta': ''}, {'name': ' None', 'count': 0, 'meta': ''}, {'name': ' None', 'count': 0, 'meta': ''}, {'name': ' None', 'count': 0, 'meta': ''}, {'name': ' None', 'count': 0, 'meta': ''}, {'name': ' None', 'count': 0, 'meta': ''}, {'name': ' None', 'count': 0, 'meta': ''}, {'name': ' None', 'count': 0, 'meta': ''}, {'name': ' None', 'count': 0, 'meta': ''}, {'name': ' None', 'count': 0, 'meta': ''}, {'name': ' None', 'count': 0, 'meta': ''}, {'name': ' None', 'count': 0, 'meta': ''}, {'name': ' None', 'count': 0, 'meta': ''}, {'name': ' None', 'count': 0, 'meta': ''}, {'name': ' None', 'count': 0, 'meta': ''}, {'name': ' None', 'count': 0, 'meta': ''}, {'name': ' None', 'count': 0, 'meta': ''}, {'name': ' None', 'count': 0, 'meta': ''}, {'name': ' None', 'count': 0, 'meta': ''}]","Armor Slot 0: None, Count: 0; Armor Slot 1: None, Count: 0; Armor Slot 2: None, Count: 0; Armor Slot 3: None, Count: 0; ","Offhand: None, Count: 0; ",[],20.0,20.0,"[0.6936313273544344, -0.4186588910511985, 0.586174303988418]",north,6,0 minecraft:air,False,Player is not currently riding anything,0.0784000015258789
79.0,14:59:38.068389700,2025-07-30,literal{minecrafter256},"(103.45368639523747, 72.0, 160.53046326008692)",20.0,"[{'name': ' None', 'count': 0, 'meta': ''}, {'name': ' None', 'count': 0, 'meta': ''}, {'name': ' None', 'count': 0, 'meta': ''}, {'name': ' None', 'count': 0, 'meta': ''}, {'name': ' None', 'count': 0, 'meta': ''}, {'name': ' None', 'count': 0, 'meta': ''}, {'name': ' None', 'count': 0, 'meta': ''}, {'name': ' None', 'count': 0, 'meta': ''}, {'name': ' None', 'count': 0, 'meta': ''}, {'name': ' None', 'count': 0, 'meta': ''}, {'name': ' None', 'count': 0, 'meta': ''}, {'name': ' None', 'count': 0, 'meta': ''}, {'name': ' None', 'count': 0, 'meta': ''}, {'name': ' None', 'count': 0, 'meta': ''}, {'name': ' None', 'count': 0, 'meta': ''}, {'name': ' None', 'count': 0, 'meta': ''}, {'name': ' None', 'count': 0, 'meta': ''}, {'name': ' None', 'count': 0, 'meta': ''}, {'name': ' None', 'count': 0, 'meta': ''}, {'name': ' None', 'count': 0, 'meta': ''}, {'name': ' None', 'count': 0, 'meta': ''}, {'name': ' None', 'count': 0, 'meta': ''}, {'name': ' None', 'count': 0, 'meta': ''}, {'name': ' None', 'count': 0, 'meta': ''}, {'name': ' None', 'count': 0, 'meta': ''}, {'name': ' None', 'count': 0, 'meta': ''}, {'name': ' None', 'count': 0, 'meta': ''}, {'name': ' None', 'count': 0, 'meta': ''}, {'name': ' None', 'count': 0, 'meta': ''}, {'name': ' None', 'count': 0, 'meta': ''}, {'name': ' None', 'count': 0, 'meta': ''}, {'name': ' None', 'count': 0, 'meta': ''}, {'name': ' None', 'count': 0, 'meta': ''}, {'name': ' None', 'count': 0, 'meta': ''}, {'name': ' None', 'count': 0, 'meta': ''}, {'name': ' None', 'count': 0, 'meta': ''}]","Armor Slot 0: None, Count: 0; Armor Slot 1: None, Count: 0; Armor Slot 2: None, Count: 0; Armor Slot 3: None, Count: 0; ","Offhand: None, Count: 0; ",[],20.0,20.0,"[0.6944660969638077, -0.4162799508090489, 0.5868797515013371]",north,6,0 minecraft:air,False,Player is not currently riding anything,0.0784000015258789
79.0,14:59:38.118589,2025-07-30,literal{minecrafter256},"(103.59402700705533, 72.0, 160.36674364301805)",20.0,"[{'name': ' None', 'count': 0, 'meta': ''}, {'name': ' None', 'count': 0, 'meta': ''}, {'name': ' None', 'count': 0, 'meta': ''}, {'name': ' None', 'count': 0, 'meta': ''}, {'name': ' None', 'count': 0, 'meta': ''}, {'name': ' None', 'count': 0, 'meta': ''}, {'name': ' None', 'count': 0, 'meta': ''}, {'name': ' None', 'count': 0, 'meta': ''}, {'name': ' None', 'count': 0, 'meta': ''}, {'name': ' None', 'count': 0, 'meta': ''}, {'name': ' None', 'count': 0, 'meta': ''}, {'name': ' None', 'count': 0, 'meta': ''}, {'name': ' None', 'count': 0, 'meta': ''}, {'name': ' None', 'count': 0, 'meta': ''}, {'name': ' None', 'count': 0, 'meta': ''}, {'name': ' None', 'count': 0, 'meta': ''}, {'name': ' None', 'count': 0, 'meta': ''}, {'name': ' None', 'count': 0, 'meta': ''}, {'name': ' None', 'count': 0, 'meta': ''}, {'name': ' None', 'count': 0, 'meta': ''}, {'name': ' None', 'count': 0, 'meta': ''}, {'name': ' None', 'count': 0, 'meta': ''}, {'name': ' None', 'count': 0, 'meta': ''}, {'name': ' None', 'count': 0, 'meta': ''}, {'name': ' None', 'count': 0, 'meta': ''}, {'name': ' None', 'count': 0, 'meta': ''}, {'name': ' None', 'count': 0, 'meta': ''}, {'name': ' None', 'count': 0, 'meta': ''}, {'name': ' None', 'count': 0, 'meta': ''}, {'name': ' None', 'count': 0, 'meta': ''}, {'name': ' None', 'count': 0, 'meta': ''}, {'name': ' None', 'count': 0, 'meta': ''}, {'name': ' None', 'count': 0, 'meta': ''}, {'name': ' None', 'count': 0, 'meta': ''}, {'name': ' None', 'count': 0, 'meta': ''}, {'name': ' None', 'count': 0, 'meta': ''}]","Armor Slot 0: None, Count: 0; Armor Slot 1: None, Count: 0; Armor Slot 2: None, Count: 0; Armor Slot 3: None, Count: 0; ","Offhand: None, Count: 0; ",[],20.0,20.0,"[0.7017747822290742, -0.38992687237838436, 0.5962123692314231]",north,6,0 minecraft:air,False,Player is not currently riding anything,0.0784000015258789
79.0,14:59:38.160307700,2025-07-30,literal{minecrafter256},"(103.7350826561188, 72.0, 160.20350951622936)",20.0,"[{'name': ' None', 'count': 0, 'meta': ''}, {'name': ' None', 'count': 0, 'meta': ''}, {'name': ' None', 'count': 0, 'meta': ''}, {'name': ' None', 'count': 0, 'meta': ''}, {'name': ' None', 'count': 0, 'meta': ''}, {'name': ' None', 'count': 0, 'meta': ''}, {'name': ' None', 'count': 0, 'meta': ''}, {'name': ' None', 'count': 0, 'meta': ''}, {'name': ' None', 'count': 0, 'meta': ''}, {'name': ' None', 'count': 0, 'meta': ''}, {'name': ' None', 'count': 0, 'meta': ''}, {'name': ' None', 'count': 0, 'meta': ''}, {'name': ' None', 'count': 0, 'meta': ''}, {'name': ' None', 'count': 0, 'meta': ''}, {'name': ' None', 'count': 0, 'meta': ''}, {'name': ' None', 'count': 0, 'meta': ''}, {'name': ' None', 'count': 0, 'meta': ''}, {'name': ' None', 'count': 0, 'meta': ''}, {'name': ' None', 'count': 0, 'meta': ''}, {'name': ' None', 'count': 0, 'meta': ''}, {'name': ' None', 'count': 0, 'meta': ''}, {'name': ' None', 'count': 0, 'meta': ''}, {'name': ' None', 'count': 0, 'meta': ''}, {'name': ' None', 'count': 0, 'meta': ''}, {'name': ' None', 'count': 0, 'meta': ''}, {'name': ' None', 'count': 0, 'meta': ''}, {'name': ' None', 'count': 0, 'meta': ''}, {'name': ' None', 'count': 0, 'meta': ''}, {'name': ' None', 'count': 0, 'meta': ''}, {'name': ' None', 'count': 0, 'meta': ''}, {'name': ' None', 'count': 0, 'meta': ''}, {'name': ' None', 'count': 0, 'meta': ''}, {'name': ' None', 'count': 0, 'meta': ''}, {'name': ' None', 'count': 0, 'meta': ''}, {'name': ' None', 'count': 0, 'meta': ''}, {'name': ' None', 'count': 0, 'meta': ''}]","Armor Slot 0: None, Count: 0; Armor Slot 1: None, Count: 0; Armor Slot 2: None, Count: 0; Armor Slot 3: None, Count: 0; ","Offhand: None, Count: 0; ",[],20.0,20.0,"[0.6976973316601176, -0.3778399977807248, 0.608650449331481]",north,6,0 minecraft:air,False,Player is not currently riding anything,0.0784000015258789
79.0,14:59:38.211723800,2025-07-30,literal{minecrafter256},"(103.87900418702618, 72.0, 160.04277568779273)",20.0,"[{'name': ' None', 'count': 0, 'meta': ''}, {'name': ' None', 'count': 0, 'meta': ''}, {'name': ' None', 'count': 0, 'meta': ''}, {'name': ' None', 'count': 0, 'meta': ''}, {'name': ' None', 'count': 0, 'meta': ''}, {'name': ' None', 'count': 0, 'meta': ''}, {'name': ' None', 'count': 0, 'meta': ''}, {'name': ' None', 'count': 0, 'meta': ''}, {'name': ' None', 'count': 0, 'meta': ''}, {'name': ' None', 'count': 0, 'meta': ''}, {'name': ' None', 'count': 0, 'meta': ''}, {'name': ' None', 'count': 0, 'meta': ''}, {'name': ' None', 'count': 0, 'meta': ''}, {'name': ' None', 'count': 0, 'meta': ''}, {'name': ' None', 'count': 0, 'meta': ''}, {'name': ' None', 'count': 0, 'meta': ''}, {'name': ' None', 'count': 0, 'meta': ''}, {'name': ' None', 'count': 0, 'meta': ''}, {'name': ' None', 'count': 0, 'meta': ''}, {'name': ' None', 'count': 0, 'meta': ''}, {'name': ' None', 'count': 0, 'meta': ''}, {'name': ' None', 'count': 0, 'meta': ''}, {'name': ' None', 'count': 0, 'meta': ''}, {'name': ' None', 'count': 0, 'meta': ''}, {'name': ' None', 'count': 0, 'meta': ''}, {'name': ' None', 'count': 0, 'meta': ''}, {'name': ' None', 'count': 0, 'meta': ''}, {'name': ' None', 'count': 0, 'meta': ''}, {'name': ' None', 'count': 0, 'meta': ''}, {'name': ' None', 'count': 0, 'meta': ''}, {'name': ' None', 'count': 0, 'meta': ''}, {'name': ' None', 'count': 0, 'meta': ''}, {'name': ' None', 'count': 0, 'meta': ''}, {'name': ' None', 'count': 0, 'meta': ''}, {'name': ' None', 'count': 0, 'meta': ''}, {'name': ' None', 'count': 0, 'meta': ''}]","Armor Slot 0: None, Count: 0; Armor Slot 1: None, Count: 0; Armor Slot 2: None, Count: 0; Armor Slot 3: None, Count: 0; ","Offhand: None, Count: 0; ",[],20.0,20.0,"[0.6808361675496202, -0.3632504736934918, 0.6360119545400066]",north,6,0 minecraft:air,False,Player is not currently riding anything,0.0784000015258789
79.0,14:59:38.265715300,2025-07-30,literal{minecrafter256},"(104.02523514452153, 72.0, 159.88411009343724)",20.0,"[{'name': ' None', 'count': 0, 'meta': ''}, {'name': ' None', 'count': 0, 'meta': ''}, {'name': ' None', 'count': 0, 'meta': ''}, {'name': ' None', 'count': 0, 'meta': ''}, {'name': ' None', 'count': 0, 'meta': ''}, {'name': ' None', 'count': 0, 'meta': ''}, {'name': ' None', 'count': 0, 'meta': ''}, {'name': ' None', 'count': 0, 'meta': ''}, {'name': ' None', 'count': 0, 'meta': ''}, {'name': ' None', 'count': 0, 'meta': ''}, {'name': ' None', 'count': 0, 'meta': ''}, {'name': ' None', 'count': 0, 'meta': ''}, {'name': ' None', 'count': 0, 'meta': ''}, {'name': ' None', 'count': 0, 'meta': ''}, {'name': ' None', 'count': 0, 'meta': ''}, {'name': ' None', 'count': 0, 'meta': ''}, {'name': ' None', 'count': 0, 'meta': ''}, {'name': ' None', 'count': 0, 'meta': ''}, {'name': ' None', 'count': 0, 'meta': ''}, {'name': ' None', 'count': 0, 'meta': ''}, {'name': ' None', 'count': 0, 'meta': ''}, {'name': ' None', 'count': 0, 'meta': ''}, {'name': ' None', 'count': 0, 'meta': ''}, {'name': ' None', 'count': 0, 'meta': ''}, {'name': ' None', 'count': 0, 'meta': ''}, {'name': ' None', 'count': 0, 'meta': ''}, {'name': ' None', 'count': 0, 'meta': ''}, {'name': ' None', 'count': 0, 'meta': ''}, {'name': ' None', 'count': 0, 'meta': ''}, {'name': ' None', 'count': 0, 'meta': ''}, {'name': ' None', 'count': 0, 'meta': ''}, {'name': ' None', 'count': 0, 'meta': ''}, {'name': ' None', 'count': 0, 'meta': ''}, {'name': ' None', 'count': 0, 'meta': ''}, {'name': ' None', 'count': 0, 'meta': ''}, {'name': ' None', 'count': 0, 'meta': ''}]","Armor Slot 0: None, Count: 0; Armor Slot 1: None, Count: 0; Armor Slot 2: None, Count: 0; Armor Slot 3: None, Count: 0; ","Offhand: None, Count: 0; ",[],20.0,20.0,"[0.6748245476417056, -0.3608100751477175, 0.6437607626844509]",north,6,0 minecraft:air,False,Player is not currently riding anything,0.0784000015258789
79.0,14:59:38.311794700,2025-07-30,literal{minecrafter256},"(104.18009993420333, 72.0, 159.7344263240367)",20.0,"[{'name': ' None', 'count': 0, 'meta': ''}, {'name': ' None', 'count': 0, 'meta': ''}, {'name': ' None', 'count': 0, 'meta': ''}, {'name': ' None', 'count': 0, 'meta': ''}, {'name': ' None', 'count': 0, 'meta': ''}, {'name': ' None', 'count': 0, 'meta': ''}, {'name': ' None', 'count': 0, 'meta': ''}, {'name': ' None', 'count': 0, 'meta': ''}, {'name': ' None', 'count': 0, 'meta': ''}, {'name': ' None', 'count': 0, 'meta': ''}, {'name': ' None', 'count': 0, 'meta': ''}, {'name': ' None', 'count': 0, 'meta': ''}, {'name': ' None', 'count': 0, 'meta': ''}, {'name': ' None', 'count': 0, 'meta': ''}, {'name': ' None', 'count': 0, 'meta': ''}, {'name': ' None', 'count': 0, 'meta': ''}, {'name': ' None', 'count': 0, 'meta': ''}, {'name': ' None', 'count': 0, 'meta': ''}, {'name': ' None', 'count': 0, 'meta': ''}, {'name': ' None', 'count': 0, 'meta': ''}, {'name': ' None', 'count': 0, 'meta': ''}, {'name': ' None', 'count': 0, 'meta': ''}, {'name': ' None', 'count': 0, 'meta': ''}, {'name': ' None', 'count': 0, 'meta': ''}, {'name': ' None', 'count': 0, 'meta': ''}, {'name': ' None', 'count': 0, 'meta': ''}, {'name': ' None', 'count': 0, 'meta': ''}, {'name': ' None', 'count': 0, 'meta': ''}, {'name': ' None', 'count': 0, 'meta': ''}, {'name': ' None', 'count': 0, 'meta': ''}, {'name': ' None', 'count': 0, 'meta': ''}, {'name': ' None', 'count': 0, 'meta': ''}, {'name': ' None', 'count': 0, 'meta': ''}, {'name': ' None', 'count': 0, 'meta': ''}, {'name': ' None', 'count': 0, 'meta': ''}, {'name': ' None', 'count': 0, 'meta': ''}]","Armor Slot 0: None, Count: 0; Armor Slot 1: None, Count: 0; Armor Slot 2: None, Count: 0; Armor Slot 3: None, Count: 0; ","Offhand: None, Count: 0; ",[],20.0,20.0,"[0.6019112528710364, -0.3534741088638953, 0.7160718525609663]",east,6,0 minecraft:air,False,Player is not currently riding anything,0.0784000015258789
79.0,14:59:38.358888400,2025-07-30,literal{minecrafter256},"(104.34726526743269, 72.0, 159.59997583451886)",20.0,"[{'name': ' None', 'count': 0, 'meta': ''}, {'name': ' None', 'count': 0, 'meta': ''}, {'name': ' None', 'count': 0, 'meta': ''}, {'name': ' None', 'count': 0, 'meta': ''}, {'name': ' None', 'count': 0, 'meta': ''}, {'name': ' None', 'count': 0, 'meta': ''}, {'name': ' None', 'count': 0, 'meta': ''}, {'name': ' None', 'count': 0, 'meta': ''}, {'name': ' None', 'count': 0, 'meta': ''}, {'name': ' None', 'count': 0, 'meta': ''}, {'name': ' None', 'count': 0, 'meta': ''}, {'name': ' None', 'count': 0, 'meta': ''}, {'name': ' None', 'count': 0, 'meta': ''}, {'name': ' None', 'count': 0, 'meta': ''}, {'name': ' None', 'count': 0, 'meta': ''}, {'name': ' None', 'count': 0, 'meta': ''}, {'name': ' None', 'count': 0, 'meta': ''}, {'name': ' None', 'count': 0, 'meta': ''}, {'name': ' None', 'count': 0, 'meta': ''}, {'name': ' None', 'count': 0, 'meta': ''}, {'name': ' None', 'count': 0, 'meta': ''}, {'name': ' None', 'count': 0, 'meta': ''}, {'name': ' None', 'count': 0, 'meta': ''}, {'name': ' None', 'count': 0, 'meta': ''}, {'name': ' None', 'count': 0, 'meta': ''}, {'name': ' None', 'count': 0, 'meta': ''}, {'name': ' None', 'count': 0, 'meta': ''}, {'name': ' None', 'count': 0, 'meta': ''}, {'name': ' None', 'count': 0, 'meta': ''}, {'name': ' None', 'count': 0, 'meta': ''}, {'name': ' None', 'count': 0, 'meta': ''}, {'name': ' None', 'count': 0, 'meta': ''}, {'name': ' None', 'count': 0, 'meta': ''}, {'name': ' None', 'count': 0, 'meta': ''}, {'name': ' None', 'count': 0, 'meta': ''}, {'name': ' None', 'count': 0, 'meta': ''}]","Armor Slot 0: None, Count: 0; Armor Slot 1: None, Count: 0; Armor Slot 2: None, Count: 0; Armor Slot 3: None, Count: 0; ","Offhand: None, Count: 0; ",[],20.0,20.0,"[0.5027960756442873, -0.3559218759814196, 0.7877282047220164]",east,6,0 minecraft:air,False,Player is not currently riding anything,0.0784000015258789
79.0,14:59:38.411411300,2025-07-30,literal{minecrafter256},"(104.46061602095553, 72.0, 159.42903360331528)",20.0,"[{'name': ' None', 'count': 0, 'meta': ''}, {'name': ' None', 'count': 0, 'meta': ''}, {'name': ' None', 'count': 0, 'meta': ''}, {'name': ' None', 'count': 0, 'meta': ''}, {'name': ' None', 'count': 0, 'meta': ''}, {'name': ' None', 'count': 0, 'meta': ''}, {'name': ' None', 'count': 0, 'meta': ''}, {'name': ' None', 'count': 0, 'meta': ''}, {'name': ' None', 'count': 0, 'meta': ''}, {'name': ' None', 'count': 0, 'meta': ''}, {'name': ' None', 'count': 0, 'meta': ''}, {'name': ' None', 'count': 0, 'meta': ''}, {'name': ' None', 'count': 0, 'meta': ''}, {'name': ' None', 'count': 0, 'meta': ''}, {'name': ' None', 'count': 0, 'meta': ''}, {'name': ' None', 'count': 0, 'meta': ''}, {'name': ' None', 'count': 0, 'meta': ''}, {'name': ' None', 'count': 0, 'meta': ''}, {'name': ' None', 'count': 0, 'meta': ''}, {'name': ' None', 'count': 0, 'meta': ''}, {'name': ' None', 'count': 0, 'meta': ''}, {'name': ' None', 'count': 0, 'meta': ''}, {'name': ' None', 'count': 0, 'meta': ''}, {'name': ' None', 'count': 0, 'meta': ''}, {'name': ' None', 'count': 0, 'meta': ''}, {'name': ' None', 'count': 0, 'meta': ''}, {'name': ' None', 'count': 0, 'meta': ''}, {'name': ' None', 'count': 0, 'meta': ''}, {'name': ' None', 'count': 0, 'meta': ''}, {'name': ' None', 'count': 0, 'meta': ''}, {'name': ' None', 'count': 0, 'meta': ''}, {'name': ' None', 'count': 0, 'meta': ''}, {'name': ' None', 'count': 0, 'meta': ''}, {'name': ' None', 'count': 0, 'meta': ''}, {'name': ' None', 'count': 0, 'meta': ''}, {'name': ' None', 'count': 0, 'meta': ''}]","Armor Slot 0: None, Count: 0; Armor Slot 1: None, Count: 0; Armor Slot 2: None, Count: 0; Armor Slot 3: None, Count: 0; ","Offhand: None, Count: 0; ",[],20.0,20.0,"[0.49916013042461643, -0.3534741088638953, 0.7911353983720832]",east,6,0 minecraft:air,False,Player is not currently riding anything,0.0784000015258789
79.0,14:59:38.466791700,2025-07-30,literal{minecrafter256},"(104.54763036794273, 72.0, 159.2389068679261)",20.0,"[{'name': ' None', 'count': 0, 'meta': ''}, {'name': ' None', 'count': 0, 'meta': ''}, {'name': ' None', 'count': 0, 'meta': ''}, {'name': ' None', 'count': 0, 'meta': ''}, {'name': ' None', 'count': 0, 'meta': ''}, {'name': ' None', 'count': 0, 'meta': ''}, {'name': ' None', 'count': 0, 'meta': ''}, {'name': ' None', 'count': 0, 'meta': ''}, {'name': ' None', 'count': 0, 'meta': ''}, {'name': ' None', 'count': 0, 'meta': ''}, {'name': ' None', 'count': 0, 'meta': ''}, {'name': ' None', 'count': 0, 'meta': ''}, {'name': ' None', 'count': 0, 'meta': ''}, {'name': ' None', 'count': 0, 'meta': ''}, {'name': ' None', 'count': 0, 'meta': ''}, {'name': ' None', 'count': 0, 'meta': ''}, {'name': ' None', 'count': 0, 'meta': ''}, {'name': ' None', 'count': 0, 'meta': ''}, {'name': ' None', 'count': 0, 'meta': ''}, {'name': ' None', 'count': 0, 'meta': ''}, {'name': ' None', 'count': 0, 'meta': ''}, {'name': ' None', 'count': 0, 'meta': ''}, {'name': ' None', 'count': 0, 'meta': ''}, {'name': ' None', 'count': 0, 'meta': ''}, {'name': ' None', 'count': 0, 'meta': ''}, {'name': ' None', 'count': 0, 'meta': ''}, {'name': ' None', 'count': 0, 'meta': ''}, {'name': ' None', 'count': 0, 'meta': ''}, {'name': ' None', 'count': 0, 'meta': ''}, {'name': ' None', 'count': 0, 'meta': ''}, {'name': ' None', 'count': 0, 'meta': ''}, {'name': ' None', 'count': 0, 'meta': ''}, {'name': ' None', 'count': 0, 'meta': ''}, {'name': ' None', 'count': 0, 'meta': ''}, {'name': ' None', 'count': 0, 'meta': ''}, {'name': ' None', 'count': 0, 'meta': ''}]","Armor Slot 0: None, Count: 0; Armor Slot 1: None, Count: 0; Armor Slot 2: None, Count: 0; Armor Slot 3: None, Count: 0; ","Offhand: None, Count: 0; ",[],20.0,20.0,"[0.47359302597783903, -0.3559218759814196, 0.8056235249438914]",east,6,0 minecraft:air,False,Player is not currently riding anything,0.0784000015258789
79.0,14:59:38.515615100,2025-07-30,literal{minecrafter256},"(104.62304741854274, 72.0, 159.03907064394534)",20.0,"[{'name': ' None', 'count': 0, 'meta': ''}, {'name': ' None', 'count': 0, 'meta': ''}, {'name': ' None', 'count': 0, 'meta': ''}, {'name': ' None', 'count': 0, 'meta': ''}, {'name': ' None', 'count': 0, 'meta': ''}, {'name': ' None', 'count': 0, 'meta': ''}, {'name': ' None', 'count': 0, 'meta': ''}, {'name': ' None', 'count': 0, 'meta': ''}, {'name': ' None', 'count': 0, 'meta': ''}, {'name': ' None', 'count': 0, 'meta': ''}, {'name': ' None', 'count': 0, 'meta': ''}, {'name': ' None', 'count': 0, 'meta': ''}, {'name': ' None', 'count': 0, 'meta': ''}, {'name': ' None', 'count': 0, 'meta': ''}, {'name': ' None', 'count': 0, 'meta': ''}, {'name': ' None', 'count': 0, 'meta': ''}, {'name': ' None', 'count': 0, 'meta': ''}, {'name': ' None', 'count': 0, 'meta': ''}, {'name': ' None', 'count': 0, 'meta': ''}, {'name': ' None', 'count': 0, 'meta': ''}, {'name': ' None', 'count': 0, 'meta': ''}, {'name': ' None', 'count': 0, 'meta': ''}, {'name': ' None', 'count': 0, 'meta': ''}, {'name': ' None', 'count': 0, 'meta': ''}, {'name': ' None', 'count': 0, 'meta': ''}, {'name': ' None', 'count': 0, 'meta': ''}, {'name': ' None', 'count': 0, 'meta': ''}, {'name': ' None', 'count': 0, 'meta': ''}, {'name': ' None', 'count': 0, 'meta': ''}, {'name': ' None', 'count': 0, 'meta': ''}, {'name': ' None', 'count': 0, 'meta': ''}, {'name': ' None', 'count': 0, 'meta': ''}, {'name': ' None', 'count': 0, 'meta': ''}, {'name': ' None', 'count': 0, 'meta': ''}, {'name': ' None', 'count': 0, 'meta': ''}, {'name': ' None', 'count': 0, 'meta': ''}]","Armor Slot 0: None, Count: 0; Armor Slot 1: None, Count: 0; Armor Slot 2: None, Count: 0; Armor Slot 3: None, Count: 0; ","Offhand: None, Count: 0; ",[],20.0,20.0,"[0.4492956034461029, -0.3608100751477175, 0.8172818059860997]",east,6,0 minecraft:air,False,Player is not currently riding anything,0.0784000015258789
79.0,14:59:38.559951100,2025-07-30,literal{minecrafter256},"(104.69213234457985, 72.0, 158.8339330385778)",20.0,"[{'name': ' None', 'count': 0, 'meta': ''}, {'name': ' None', 'count': 0, 'meta': ''}, {'name': ' None', 'count': 0, 'meta': ''}, {'name': ' None', 'count': 0, 'meta': ''}, {'name': ' None', 'count': 0, 'meta': ''}, {'name': ' None', 'count': 0, 'meta': ''}, {'name': ' None', 'count': 0, 'meta': ''}, {'name': ' None', 'count': 0, 'meta': ''}, {'name': ' None', 'count': 0, 'meta': ''}, {'name': ' None', 'count': 0, 'meta': ''}, {'name': ' None', 'count': 0, 'meta': ''}, {'name': ' None', 'count': 0, 'meta': ''}, {'name': ' None', 'count': 0, 'meta': ''}, {'name': ' None', 'count': 0, 'meta': ''}, {'name': ' None', 'count': 0, 'meta': ''}, {'name': ' None', 'count': 0, 'meta': ''}, {'name': ' None', 'count': 0, 'meta': ''}, {'name': ' None', 'count': 0, 'meta': ''}, {'name': ' None', 'count': 0, 'meta': ''}, {'name': ' None', 'count': 0, 'meta': ''}, {'name': ' None', 'count': 0, 'meta': ''}, {'name': ' None', 'count': 0, 'meta': ''}, {'name': ' None', 'count': 0, 'meta': ''}, {'name': ' None', 'count': 0, 'meta': ''}, {'name': ' None', 'count': 0, 'meta': ''}, {'name': ' None', 'count': 0, 'meta': ''}, {'name': ' None', 'count': 0, 'meta': ''}, {'name': ' None', 'count': 0, 'meta': ''}, {'name': ' None', 'count': 0, 'meta': ''}, {'name': ' None', 'count': 0, 'meta': ''}, {'name': ' None', 'count': 0, 'meta': ''}, {'name': ' None', 'count': 0, 'meta': ''}, {'name': ' None', 'count': 0, 'meta': ''}, {'name': ' None', 'count': 0, 'meta': ''}, {'name': ' None', 'count': 0, 'meta': ''}, {'name': ' None', 'count': 0, 'meta': ''}]","Armor Slot 0: None, Count: 0; Armor Slot 1: None, Count: 0; Armor Slot 2: None, Count: 0; Armor Slot 3: None, Count: 0; ","Offhand: None, Count: 0; ",[],20.0,20.0,"[0.4492956034461029, -0.3608100751477175, 0.8172818059860997]",east,6,0 minecraft:air,False,Player is not currently riding anything,0.0784000015258789
111.0,14:59:38.608739200,2025-07-30,literal{minecrafter256},"(104.69999998807907, 72.0, 158.6749457471864)",20.0,"[{'name': ' None', 'count': 0, 'meta': ''}, {'name': ' None', 'count': 0, 'meta': ''}, {'name': ' None', 'count': 0, 'meta': ''}, {'name': ' None', 'count': 0, 'meta': ''}, {'name': ' None', 'count': 0, 'meta': ''}, {'name': ' None', 'count': 0, 'meta': ''}, {'name': ' None', 'count': 0, 'meta': ''}, {'name': ' None', 'count': 0, 'meta': ''}, {'name': ' None', 'count': 0, 'meta': ''}, {'name': ' None', 'count': 0, 'meta': ''}, {'name': ' None', 'count': 0, 'meta': ''}, {'name': ' None', 'count': 0, 'meta': ''}, {'name': ' None', 'count': 0, 'meta': ''}, {'name': ' None', 'count': 0, 'meta': ''}, {'name': ' None', 'count': 0, 'meta': ''}, {'name': ' None', 'count': 0, 'meta': ''}, {'name': ' None', 'count': 0, 'meta': ''}, {'name': ' None', 'count': 0, 'meta': ''}, {'name': ' None', 'count': 0, 'meta': ''}, {'name': ' None', 'count': 0, 'meta': ''}, {'name': ' None', 'count': 0, 'meta': ''}, {'name': ' None', 'count': 0, 'meta': ''}, {'name': ' None', 'count': 0, 'meta': ''}, {'name': ' None', 'count': 0, 'meta': ''}, {'name': ' None', 'count': 0, 'meta': ''}, {'name': ' None', 'count': 0, 'meta': ''}, {'name': ' None', 'count': 0, 'meta': ''}, {'name': ' None', 'count': 0, 'meta': ''}, {'name': ' None', 'count': 0, 'meta': ''}, {'name': ' None', 'count': 0, 'meta': ''}, {'name': ' None', 'count': 0, 'meta': ''}, {'name': ' None', 'count': 0, 'meta': ''}, {'name': ' None', 'count': 0, 'meta': ''}, {'name': ' None', 'count': 0, 'meta': ''}, {'name': ' None', 'count': 0, 'meta': ''}, {'name': ' None', 'count': 0, 'meta': ''}]","Armor Slot 0: None, Count: 0; Armor Slot 1: None, Count: 0; Armor Slot 2: None, Count: 0; Armor Slot 3: None, Count: 0; ","Offhand: None, Count: 0; ",[],20.0,20.0,"[0.446242506056926, -0.36568838257385544, 0.8167861609004843]",east,6,0 minecraft:air,False,Player is not currently riding anything,0.0784000015258789
111.0,14:59:38.658486700,2025-07-30,literal{minecrafter256},"(104.69999998807907, 72.0, 158.55326376153013)",20.0,"[{'name': ' None', 'count': 0, 'meta': ''}, {'name': ' None', 'count': 0, 'meta': ''}, {'name': ' None', 'count': 0, 'meta': ''}, {'name': ' None', 'count': 0, 'meta': ''}, {'name': ' None', 'count': 0, 'meta': ''}, {'name': ' None', 'count': 0, 'meta': ''}, {'name': ' None', 'count': 0, 'meta': ''}, {'name': ' None', 'count': 0, 'meta': ''}, {'name': ' None', 'count': 0, 'meta': ''}, {'name': ' None', 'count': 0, 'meta': ''}, {'name': ' None', 'count': 0, 'meta': ''}, {'name': ' None', 'count': 0, 'meta': ''}, {'name': ' None', 'count': 0, 'meta': ''}, {'name': ' None', 'count': 0, 'meta': ''}, {'name': ' None', 'count': 0, 'meta': ''}, {'name': ' None', 'count': 0, 'meta': ''}, {'name': ' None', 'count': 0, 'meta': ''}, {'name': ' None', 'count': 0, 'meta': ''}, {'name': ' None', 'count': 0, 'meta': ''}, {'name': ' None', 'count': 0, 'meta': ''}, {'name': ' None', 'count': 0, 'meta': ''}, {'name': ' None', 'count': 0, 'meta': ''}, {'name': ' None', 'count': 0, 'meta': ''}, {'name': ' None', 'count': 0, 'meta': ''}, {'name': ' None', 'count': 0, 'meta': ''}, {'name': ' None', 'count': 0, 'meta': ''}, {'name': ' None', 'count': 0, 'meta': ''}, {'name': ' None', 'count': 0, 'meta': ''}, {'name': ' None', 'count': 0, 'meta': ''}, {'name': ' None', 'count': 0, 'meta': ''}, {'name': ' None', 'count': 0, 'meta': ''}, {'name': ' None', 'count': 0, 'meta': ''}, {'name': ' None', 'count': 0, 'meta': ''}, {'name': ' None', 'count': 0, 'meta': ''}, {'name': ' None', 'count': 0, 'meta': ''}, {'name': ' None', 'count': 0, 'meta': ''}]","Armor Slot 0: None, Count: 0; Armor Slot 1: None, Count: 0; Armor Slot 2: None, Count: 0; Armor Slot 3: None, Count: 0; ","Offhand: None, Count: 0; ",[],20.0,20.0,"[0.329178027416134, -0.3802626799609218, 0.8643159841720854]",east,6,0 minecraft:air,False,Player is not currently riding anything,0.0784000015258789
111.0,14:59:38.711698300,2025-07-30,literal{minecrafter256},"(104.69999998807907, 72.0, 158.45339473724852)",20.0,"[{'name': ' None', 'count': 0, 'meta': ''}, {'name': ' None', 'count': 0, 'meta': ''}, {'name': ' None', 'count': 0, 'meta': ''}, {'name': ' None', 'count': 0, 'meta': ''}, {'name': ' None', 'count': 0, 'meta': ''}, {'name': ' None', 'count': 0, 'meta': ''}, {'name': ' None', 'count': 0, 'meta': ''}, {'name': ' None', 'count': 0, 'meta': ''}, {'name': ' None', 'count': 0, 'meta': ''}, {'name': ' None', 'count': 0, 'meta': ''}, {'name': ' None', 'count': 0, 'meta': ''}, {'name': ' None', 'count': 0, 'meta': ''}, {'name': ' None', 'count': 0, 'meta': ''}, {'name': ' None', 'count': 0, 'meta': ''}, {'name': ' None', 'count': 0, 'meta': ''}, {'name': ' None', 'count': 0, 'meta': ''}, {'name': ' None', 'count': 0, 'meta': ''}, {'name': ' None', 'count': 0, 'meta': ''}, {'name': ' None', 'count': 0, 'meta': ''}, {'name': ' None', 'count': 0, 'meta': ''}, {'name': ' None', 'count': 0, 'meta': ''}, {'name': ' None', 'count': 0, 'meta': ''}, {'name': ' None', 'count': 0, 'meta': ''}, {'name': ' None', 'count': 0, 'meta': ''}, {'name': ' None', 'count': 0, 'meta': ''}, {'name': ' None', 'count': 0, 'meta': ''}, {'name': ' None', 'count': 0, 'meta': ''}, {'name': ' None', 'count': 0, 'meta': ''}, {'name': ' None', 'count': 0, 'meta': ''}, {'name': ' None', 'count': 0, 'meta': ''}, {'name': ' None', 'count': 0, 'meta': ''}, {'name': ' None', 'count': 0, 'meta': ''}, {'name': ' None', 'count': 0, 'meta': ''}, {'name': ' None', 'count': 0, 'meta': ''}, {'name': ' None', 'count': 0, 'meta': ''}, {'name': ' None', 'count': 0, 'meta': ''}]","Armor Slot 0: None, Count: 0; Armor Slot 1: None, Count: 0; Armor Slot 2: None, Count: 0; Armor Slot 3: None, Count: 0; ","Offhand: None, Count: 0; ",[],20.0,20.0,"[0.3169026401673302, -0.3705567263585075, 0.8730752712140241]",east,6,0 minecraft:air,False,Player is not currently riding anything,0.0784000015258789
111.0,14:59:38.760116500,2025-07-30,literal{minecrafter256},"(104.69999998807907, 72.0, 158.39886624365712)",20.0,"[{'name': ' None', 'count': 0, 'meta': ''}, {'name': ' None', 'count': 0, 'meta': ''}, {'name': ' None', 'count': 0, 'meta': ''}, {'name': ' None', 'count': 0, 'meta': ''}, {'name': ' None', 'count': 0, 'meta': ''}, {'name': ' None', 'count': 0, 'meta': ''}, {'name': ' None', 'count': 0, 'meta': ''}, {'name': ' None', 'count': 0, 'meta': ''}, {'name': ' None', 'count': 0, 'meta': ''}, {'name': ' None', 'count': 0, 'meta': ''}, {'name': ' None', 'count': 0, 'meta': ''}, {'name': ' None', 'count': 0, 'meta': ''}, {'name': ' None', 'count': 0, 'meta': ''}, {'name': ' None', 'count': 0, 'meta': ''}, {'name': ' None', 'count': 0, 'meta': ''}, {'name': ' None', 'count': 0, 'meta': ''}, {'name': ' None', 'count': 0, 'meta': ''}, {'name': ' None', 'count': 0, 'meta': ''}, {'name': ' None', 'count': 0, 'meta': ''}, {'name': ' None', 'count': 0, 'meta': ''}, {'name': ' None', 'count': 0, 'meta': ''}, {'name': ' None', 'count': 0, 'meta': ''}, {'name': ' None', 'count': 0, 'meta': ''}, {'name': ' None', 'count': 0, 'meta': ''}, {'name': ' None', 'count': 0, 'meta': ''}, {'name': ' None', 'count': 0, 'meta': ''}, {'name': ' None', 'count': 0, 'meta': ''}, {'name': ' None', 'count': 0, 'meta': ''}, {'name': ' None', 'count': 0, 'meta': ''}, {'name': ' None', 'count': 0, 'meta': ''}, {'name': ' None', 'count': 0, 'meta': ''}, {'name': ' None', 'count': 0, 'meta': ''}, {'name': ' None', 'count': 0, 'meta': ''}, {'name': ' None', 'count': 0, 'meta': ''}, {'name': ' None', 'count': 0, 'meta': ''}, {'name': ' None', 'count': 0, 'meta': ''}]","Armor Slot 0: None, Count: 0; Armor Slot 1: None, Count: 0; Armor Slot 2: None, Count: 0; Armor Slot 3: None, Count: 0; ","Offhand: None, Count: 0; ",[],20.0,20.0,"[0.30742003342408686, -0.37298706599224896, 0.8754276507239345]",east,6,0 minecraft:air,False,Player is not currently riding anything,0.0784000015258789
111.0,14:59:38.810776800,2025-07-30,literal{minecrafter256},"(104.69999998807907, 72.0, 158.36909368269806)",20.0,"[{'name': ' None', 'count': 0, 'meta': ''}, {'name': ' None', 'count': 0, 'meta': ''}, {'name': ' None', 'count': 0, 'meta': ''}, {'name': ' None', 'count': 0, 'meta': ''}, {'name': ' None', 'count': 0, 'meta': ''}, {'name': ' None', 'count': 0, 'meta': ''}, {'name': ' None', 'count': 0, 'meta': ''}, {'name': ' None', 'count': 0, 'meta': ''}, {'name': ' None', 'count': 0, 'meta': ''}, {'name': ' None', 'count': 0, 'meta': ''}, {'name': ' None', 'count': 0, 'meta': ''}, {'name': ' None', 'count': 0, 'meta': ''}, {'name': ' None', 'count': 0, 'meta': ''}, {'name': ' None', 'count': 0, 'meta': ''}, {'name': ' None', 'count': 0, 'meta': ''}, {'name': ' None', 'count': 0, 'meta': ''}, {'name': ' None', 'count': 0, 'meta': ''}, {'name': ' None', 'count': 0, 'meta': ''}, {'name': ' None', 'count': 0, 'meta': ''}, {'name': ' None', 'count': 0, 'meta': ''}, {'name': ' None', 'count': 0, 'meta': ''}, {'name': ' None', 'count': 0, 'meta': ''}, {'name': ' None', 'count': 0, 'meta': ''}, {'name': ' None', 'count': 0, 'meta': ''}, {'name': ' None', 'count': 0, 'meta': ''}, {'name': ' None', 'count': 0, 'meta': ''}, {'name': ' None', 'count': 0, 'meta': ''}, {'name': ' None', 'count': 0, 'meta': ''}, {'name': ' None', 'count': 0, 'meta': ''}, {'name': ' None', 'count': 0, 'meta': ''}, {'name': ' None', 'count': 0, 'meta': ''}, {'name': ' None', 'count': 0, 'meta': ''}, {'name': ' None', 'count': 0, 'meta': ''}, {'name': ' None', 'count': 0, 'meta': ''}, {'name': ' None', 'count': 0, 'meta': ''}, {'name': ' None', 'count': 0, 'meta': ''}]","Armor Slot 0: None, Count: 0; Armor Slot 1: None, Count: 0; Armor Slot 2: None, Count: 0; Armor Slot 3: None, Count: 0; ","Offhand: None, Count: 0; ",[],20.0,20.0,"[0.30021764064630546, -0.37541484922740587, 0.8768882820658114]",east,6,0 minecraft:air,False,Player is not currently riding anything,0.0784000015258789
111.0,14:59:38.857204600,2025-07-30,literal{minecrafter256},"(104.69999998807907, 72.0, 158.35283786252626)",20.0,"[{'name': ' None', 'count': 0, 'meta': ''}, {'name': ' None', 'count': 0, 'meta': ''}, {'name': ' None', 'count': 0, 'meta': ''}, {'name': ' None', 'count': 0, 'meta': ''}, {'name': ' None', 'count': 0, 'meta': ''}, {'name': ' None', 'count': 0, 'meta': ''}, {'name': ' None', 'count': 0, 'meta': ''}, {'name': ' None', 'count': 0, 'meta': ''}, {'name': ' None', 'count': 0, 'meta': ''}, {'name': ' None', 'count': 0, 'meta': ''}, {'name': ' None', 'count': 0, 'meta': ''}, {'name': ' None', 'count': 0, 'meta': ''}, {'name': ' None', 'count': 0, 'meta': ''}, {'name': ' None', 'count': 0, 'meta': ''}, {'name': ' None', 'count': 0, 'meta': ''}, {'name': ' None', 'count': 0, 'meta': ''}, {'name': ' None', 'count': 0, 'meta': ''}, {'name': ' None', 'count': 0, 'meta': ''}, {'name': ' None', 'count': 0, 'meta': ''}, {'name': ' None', 'count': 0, 'meta': ''}, {'name': ' None', 'count': 0, 'meta': ''}, {'name': ' None', 'count': 0, 'meta': ''}, {'name': ' None', 'count': 0, 'meta': ''}, {'name': ' None', 'count': 0, 'meta': ''}, {'name': ' None', 'count': 0, 'meta': ''}, {'name': ' None', 'count': 0, 'meta': ''}, {'name': ' None', 'count': 0, 'meta': ''}, {'name': ' None', 'count': 0, 'meta': ''}, {'name': ' None', 'count': 0, 'meta': ''}, {'name': ' None', 'count': 0, 'meta': ''}, {'name': ' None', 'count': 0, 'meta': ''}, {'name': ' None', 'count': 0, 'meta': ''}, {'name': ' None', 'count': 0, 'meta': ''}, {'name': ' None', 'count': 0, 'meta': ''}, {'name': ' None', 'count': 0, 'meta': ''}, {'name': ' None', 'count': 0, 'meta': ''}]","Armor Slot 0: None, Count: 0; Armor Slot 1: None, Count: 0; Armor Slot 2: None, Count: 0; Armor Slot 3: None, Count: 0; ","Offhand: None, Count: 0; ",[],20.0,20.0,"[0.29989826391568014, -0.3778400594243083, 0.8759554331098108]",east,6,0 minecraft:air,False,Player is not currently riding anything,0.0784000015258789
111.0,14:59:38.907545300,2025-07-30,literal{minecrafter256},"(104.69999998807907, 72.0, 158.34396218368153)",20.0,"[{'name': ' None', 'count': 0, 'meta': ''}, {'name': ' None', 'count': 0, 'meta': ''}, {'name': ' None', 'count': 0, 'meta': ''}, {'name': ' None', 'count': 0, 'meta': ''}, {'name': ' None', 'count': 0, 'meta': ''}, {'name': ' None', 'count': 0, 'meta': ''}, {'name': ' None', 'count': 0, 'meta': ''}, {'name': ' None', 'count': 0, 'meta': ''}, {'name': ' None', 'count': 0, 'meta': ''}, {'name': ' None', 'count': 0, 'meta': ''}, {'name': ' None', 'count': 0, 'meta': ''}, {'name': ' None', 'count': 0, 'meta': ''}, {'name': ' None', 'count': 0, 'meta': ''}, {'name': ' None', 'count': 0, 'meta': ''}, {'name': ' None', 'count': 0, 'meta': ''}, {'name': ' None', 'count': 0, 'meta': ''}, {'name': ' None', 'count': 0, 'meta': ''}, {'name': ' None', 'count': 0, 'meta': ''}, {'name': ' None', 'count': 0, 'meta': ''}, {'name': ' None', 'count': 0, 'meta': ''}, {'name': ' None', 'count': 0, 'meta': ''}, {'name': ' None', 'count': 0, 'meta': ''}, {'name': ' None', 'count': 0, 'meta': ''}, {'name': ' None', 'count': 0, 'meta': ''}, {'name': ' None', 'count': 0, 'meta': ''}, {'name': ' None', 'count': 0, 'meta': ''}, {'name': ' None', 'count': 0, 'meta': ''}, {'name': ' None', 'count': 0, 'meta': ''}, {'name': ' None', 'count': 0, 'meta': ''}, {'name': ' None', 'count': 0, 'meta': ''}, {'name': ' None', 'count': 0, 'meta': ''}, {'name': ' None', 'count': 0, 'meta': ''}, {'name': ' None', 'count': 0, 'meta': ''}, {'name': ' None', 'count': 0, 'meta': ''}, {'name': ' None', 'count': 0, 'meta': ''}, {'name': ' None', 'count': 0, 'meta': ''}]","Armor Slot 0: None, Count: 0; Armor Slot 1: None, Count: 0; Armor Slot 2: None, Count: 0; Armor Slot 3: None, Count: 0; ","Offhand: None, Count: 0; ",[],20.0,20.0,"[0.26267213699811337, -0.3802626799609218, 0.8867940249425353]",east,6,0 minecraft:air,False,Player is not currently riding anything,0.0784000015258789
111.0,14:59:38.962936600,2025-07-30,literal{minecrafter256},"(104.69999998807907, 72.0, 158.3391160624694)",20.0,"[{'name': ' None', 'count': 0, 'meta': ''}, {'name': ' None', 'count': 0, 'meta': ''}, {'name': ' None', 'count': 0, 'meta': ''}, {'name': ' None', 'count': 0, 'meta': ''}, {'name': ' None', 'count': 0, 'meta': ''}, {'name': ' None', 'count': 0, 'meta': ''}, {'name': ' None', 'count': 0, 'meta': ''}, {'name': ' None', 'count': 0, 'meta': ''}, {'name': ' None', 'count': 0, 'meta': ''}, {'name': ' None', 'count': 0, 'meta': ''}, {'name': ' None', 'count': 0, 'meta': ''}, {'name': ' None', 'count': 0, 'meta': ''}, {'name': ' None', 'count': 0, 'meta': ''}, {'name': ' None', 'count': 0, 'meta': ''}, {'name': ' None', 'count': 0, 'meta': ''}, {'name': ' None', 'count': 0, 'meta': ''}, {'name': ' None', 'count': 0, 'meta': ''}, {'name': ' None', 'count': 0, 'meta': ''}, {'name': ' None', 'count': 0, 'meta': ''}, {'name': ' None', 'count': 0, 'meta': ''}, {'name': ' None', 'count': 0, 'meta': ''}, {'name': ' None', 'count': 0, 'meta': ''}, {'name': ' None', 'count': 0, 'meta': ''}, {'name': ' None', 'count': 0, 'meta': ''}, {'name': ' None', 'count': 0, 'meta': ''}, {'name': ' None', 'count': 0, 'meta': ''}, {'name': ' None', 'count': 0, 'meta': ''}, {'name': ' None', 'count': 0, 'meta': ''}, {'name': ' None', 'count': 0, 'meta': ''}, {'name': ' None', 'count': 0, 'meta': ''}, {'name': ' None', 'count': 0, 'meta': ''}, {'name': ' None', 'count': 0, 'meta': ''}, {'name': ' None', 'count': 0, 'meta': ''}, {'name': ' None', 'count': 0, 'meta': ''}, {'name': ' None', 'count': 0, 'meta': ''}, {'name': ' None', 'count': 0, 'meta': ''}]","Armor Slot 0: None, Count: 0; Armor Slot 1: None, Count: 0; Armor Slot 2: None, Count: 0; Armor Slot 3: None, Count: 0; ","Offhand: None, Count: 0; ",[],20.0,20.0,"[0.20230838403202372, -0.399548458265913, 0.8941098071532843]",east,6,0 minecraft:air,False,Player is not currently riding anything,0.0784000015258789
111.0,14:59:39.010169500,2025-07-30,literal{minecrafter256},"(104.69999998807907, 72.0, 158.3391160624694)",20.0,"[{'name': ' None', 'count': 0, 'meta': ''}, {'name': ' None', 'count': 0, 'meta': ''}, {'name': ' None', 'count': 0, 'meta': ''}, {'name': ' None', 'count': 0, 'meta': ''}, {'name': ' None', 'count': 0, 'meta': ''}, {'name': ' None', 'count': 0, 'meta': ''}, {'name': ' None', 'count': 0, 'meta': ''}, {'name': ' None', 'count': 0, 'meta': ''}, {'name': ' None', 'count': 0, 'meta': ''}, {'name': ' None', 'count': 0, 'meta': ''}, {'name': ' None', 'count': 0, 'meta': ''}, {'name': ' None', 'count': 0, 'meta': ''}, {'name': ' None', 'count': 0, 'meta': ''}, {'name': ' None', 'count': 0, 'meta': ''}, {'name': ' None', 'count': 0, 'meta': ''}, {'name': ' None', 'count': 0, 'meta': ''}, {'name': ' None', 'count': 0, 'meta': ''}, {'name': ' None', 'count': 0, 'meta': ''}, {'name': ' None', 'count': 0, 'meta': ''}, {'name': ' None', 'count': 0, 'meta': ''}, {'name': ' None', 'count': 0, 'meta': ''}, {'name': ' None', 'count': 0, 'meta': ''}, {'name': ' None', 'count': 0, 'meta': ''}, {'name': ' None', 'count': 0, 'meta': ''}, {'name': ' None', 'count': 0, 'meta': ''}, {'name': ' None', 'count': 0, 'meta': ''}, {'name': ' None', 'count': 0, 'meta': ''}, {'name': ' None', 'count': 0, 'meta': ''}, {'name': ' None', 'count': 0, 'meta': ''}, {'name': ' None', 'count': 0, 'meta': ''}, {'name': ' None', 'count': 0, 'meta': ''}, {'name': ' None', 'count': 0, 'meta': ''}, {'name': ' None', 'count': 0, 'meta': ''}, {'name': ' None', 'count': 0, 'meta': ''}, {'name': ' None', 'count': 0, 'meta': ''}, {'name': ' None', 'count': 0, 'meta': ''}]","Armor Slot 0: None, Count: 0; Armor Slot 1: None, Count: 0; Armor Slot 2: None, Count: 0; Armor Slot 3: None, Count: 0; ","Offhand: None, Count: 0; ",[],20.0,20.0,"[0.06836672709599727, -0.4328718553024153, 0.8988592478876914]",east,6,0 minecraft:air,False,Player is not currently riding anything,0.0784000015258789
111.0,14:59:39.059499,2025-07-30,literal{minecrafter256},"(104.69999998807907, 72.0, 158.3391160624694)",20.0,"[{'name': ' None', 'count': 0, 'meta': ''}, {'name': ' None', 'count': 0, 'meta': ''}, {'name': ' None', 'count': 0, 'meta': ''}, {'name': ' None', 'count': 0, 'meta': ''}, {'name': ' None', 'count': 0, 'meta': ''}, {'name': ' None', 'count': 0, 'meta': ''}, {'name': ' None', 'count': 0, 'meta': ''}, {'name': ' None', 'count': 0, 'meta': ''}, {'name': ' None', 'count': 0, 'meta': ''}, {'name': ' None', 'count': 0, 'meta': ''}, {'name': ' None', 'count': 0, 'meta': ''}, {'name': ' None', 'count': 0, 'meta': ''}, {'name': ' None', 'count': 0, 'meta': ''}, {'name': ' None', 'count': 0, 'meta': ''}, {'name': ' None', 'count': 0, 'meta': ''}, {'name': ' None', 'count': 0, 'meta': ''}, {'name': ' None', 'count': 0, 'meta': ''}, {'name': ' None', 'count': 0, 'meta': ''}, {'name': ' None', 'count': 0, 'meta': ''}, {'name': ' None', 'count': 0, 'meta': ''}, {'name': ' None', 'count': 0, 'meta': ''}, {'name': ' None', 'count': 0, 'meta': ''}, {'name': ' None', 'count': 0, 'meta': ''}, {'name': ' None', 'count': 0, 'meta': ''}, {'name': ' None', 'count': 0, 'meta': ''}, {'name': ' None', 'count': 0, 'meta': ''}, {'name': ' None', 'count': 0, 'meta': ''}, {'name': ' None', 'count': 0, 'meta': ''}, {'name': ' None', 'count': 0, 'meta': ''}, {'name': ' None', 'count': 0, 'meta': ''}, {'name': ' None', 'count': 0, 'meta': ''}, {'name': ' None', 'count': 0, 'meta': ''}, {'name': ' None', 'count': 0, 'meta': ''}, {'name': ' None', 'count': 0, 'meta': ''}, {'name': ' None', 'count': 0, 'meta': ''}, {'name': ' None', 'count': 0, 'meta': ''}]","Armor Slot 0: None, Count: 0; Armor Slot 1: None, Count: 0; Armor Slot 2: None, Count: 0; Armor Slot 3: None, Count: 0; ","Offhand: None, Count: 0; ",[],20.0,20.0,"[-0.07082372043852347, -0.4305103756891548, 0.8998026545011015]",east,6,0 minecraft:air,False,Player is not currently riding anything,0.0784000015258789
111.0,14:59:39.108960600,2025-07-30,literal{minecrafter256},"(104.69999998807907, 72.0, 158.3391160624694)",20.0,"[{'name': ' None', 'count': 0, 'meta': ''}, {'name': ' None', 'count': 0, 'meta': ''}, {'name': ' None', 'count': 0, 'meta': ''}, {'name': ' None', 'count': 0, 'meta': ''}, {'name': ' None', 'count': 0, 'meta': ''}, {'name': ' None', 'count': 0, 'meta': ''}, {'name': ' None', 'count': 0, 'meta': ''}, {'name': ' None', 'count': 0, 'meta': ''}, {'name': ' None', 'count': 0, 'meta': ''}, {'name': ' None', 'count': 0, 'meta': ''}, {'name': ' None', 'count': 0, 'meta': ''}, {'name': ' None', 'count': 0, 'meta': ''}, {'name': ' None', 'count': 0, 'meta': ''}, {'name': ' None', 'count': 0, 'meta': ''}, {'name': ' None', 'count': 0, 'meta': ''}, {'name': ' None', 'count': 0, 'meta': ''}, {'name': ' None', 'count': 0, 'meta': ''}, {'name': ' None', 'count': 0, 'meta': ''}, {'name': ' None', 'count': 0, 'meta': ''}, {'name': ' None', 'count': 0, 'meta': ''}, {'name': ' None', 'count': 0, 'meta': ''}, {'name': ' None', 'count': 0, 'meta': ''}, {'name': ' None', 'count': 0, 'meta': ''}, {'name': ' None', 'count': 0, 'meta': ''}, {'name': ' None', 'count': 0, 'meta': ''}, {'name': ' None', 'count': 0, 'meta': ''}, {'name': ' None', 'count': 0, 'meta': ''}, {'name': ' None', 'count': 0, 'meta': ''}, {'name': ' None', 'count': 0, 'meta': ''}, {'name': ' None', 'count': 0, 'meta': ''}, {'name': ' None', 'count': 0, 'meta': ''}, {'name': ' None', 'count': 0, 'meta': ''}, {'name': ' None', 'count': 0, 'meta': ''}, {'name': ' None', 'count': 0, 'meta': ''}, {'name': ' None', 'count': 0, 'meta': ''}, {'name': ' None', 'count': 0, 'meta': ''}]","Armor Slot 0: None, Count: 0; Armor Slot 1: None, Count: 0; Armor Slot 2: None, Count: 0; Armor Slot 3: None, Count: 0; ","Offhand: None, Count: 0; ",[],20.0,20.0,"[-0.10214774129587854, -0.4162800718812079, 0.9034803488193458]",east,6,0 minecraft:air,False,Player is not currently riding anything,0.0784000015258789
111.0,14:59:39.157388500,2025-07-30,literal{minecrafter256},"(104.69999998807907, 72.0, 158.3391160624694)",20.0,"[{'name': ' None', 'count': 0, 'meta': ''}, {'name': ' None', 'count': 0, 'meta': ''}, {'name': ' None', 'count': 0, 'meta': ''}, {'name': ' None', 'count': 0, 'meta': ''}, {'name': ' None', 'count': 0, 'meta': ''}, {'name': ' None', 'count': 0, 'meta': ''}, {'name': ' None', 'count': 0, 'meta': ''}, {'name': ' None', 'count': 0, 'meta': ''}, {'name': ' None', 'count': 0, 'meta': ''}, {'name': ' None', 'count': 0, 'meta': ''}, {'name': ' None', 'count': 0, 'meta': ''}, {'name': ' None', 'count': 0, 'meta': ''}, {'name': ' None', 'count': 0, 'meta': ''}, {'name': ' None', 'count': 0, 'meta': ''}, {'name': ' None', 'count': 0, 'meta': ''}, {'name': ' None', 'count': 0, 'meta': ''}, {'name': ' None', 'count': 0, 'meta': ''}, {'name': ' None', 'count': 0, 'meta': ''}, {'name': ' None', 'count': 0, 'meta': ''}, {'name': ' None', 'count': 0, 'meta': ''}, {'name': ' None', 'count': 0, 'meta': ''}, {'name': ' None', 'count': 0, 'meta': ''}, {'name': ' None', 'count': 0, 'meta': ''}, {'name': ' None', 'count': 0, 'meta': ''}, {'name': ' None', 'count': 0, 'meta': ''}, {'name': ' None', 'count': 0, 'meta': ''}, {'name': ' None', 'count': 0, 'meta': ''}, {'name': ' None', 'count': 0, 'meta': ''}, {'name': ' None', 'count': 0, 'meta': ''}, {'name': ' None', 'count': 0, 'meta': ''}, {'name': ' None', 'count': 0, 'meta': ''}, {'name': ' None', 'count': 0, 'meta': ''}, {'name': ' None', 'count': 0, 'meta': ''}, {'name': ' None', 'count': 0, 'meta': ''}, {'name': ' None', 'count': 0, 'meta': ''}, {'name': ' None', 'count': 0, 'meta': ''}]","Armor Slot 0: None, Count: 0; Armor Slot 1: None, Count: 0; Armor Slot 2: None, Count: 0; Armor Slot 3: None, Count: 0; ","Offhand: None, Count: 0; ",[],20.0,20.0,"[-0.10214774129587854, -0.4162800718812079, 0.9034803488193458]",east,6,0 minecraft:air,False,Player is not currently riding anything,0.0784000015258789
111.0,14:59:39.210359900,2025-07-30,literal{minecrafter256},"(104.69999998807907, 72.0, 158.3391160624694)",20.0,"[{'name': ' None', 'count': 0, 'meta': ''}, {'name': ' None', 'count': 0, 'meta': ''}, {'name': ' None', 'count': 0, 'meta': ''}, {'name': ' None', 'count': 0, 'meta': ''}, {'name': ' None', 'count': 0, 'meta': ''}, {'name': ' None', 'count': 0, 'meta': ''}, {'name': ' None', 'count': 0, 'meta': ''}, {'name': ' None', 'count': 0, 'meta': ''}, {'name': ' None', 'count': 0, 'meta': ''}, {'name': ' None', 'count': 0, 'meta': ''}, {'name': ' None', 'count': 0, 'meta': ''}, {'name': ' None', 'count': 0, 'meta': ''}, {'name': ' None', 'count': 0, 'meta': ''}, {'name': ' None', 'count': 0, 'meta': ''}, {'name': ' None', 'count': 0, 'meta': ''}, {'name': ' None', 'count': 0, 'meta': ''}, {'name': ' None', 'count': 0, 'meta': ''}, {'name': ' None', 'count': 0, 'meta': ''}, {'name': ' None', 'count': 0, 'meta': ''}, {'name': ' None', 'count': 0, 'meta': ''}, {'name': ' None', 'count': 0, 'meta': ''}, {'name': ' None', 'count': 0, 'meta': ''}, {'name': ' None', 'count': 0, 'meta': ''}, {'name': ' None', 'count': 0, 'meta': ''}, {'name': ' None', 'count': 0, 'meta': ''}, {'name': ' None', 'count': 0, 'meta': ''}, {'name': ' None', 'count': 0, 'meta': ''}, {'name': ' None', 'count': 0, 'meta': ''}, {'name': ' None', 'count': 0, 'meta': ''}, {'name': ' None', 'count': 0, 'meta': ''}, {'name': ' None', 'count': 0, 'meta': ''}, {'name': ' None', 'count': 0, 'meta': ''}, {'name': ' None', 'count': 0, 'meta': ''}, {'name': ' None', 'count': 0, 'meta': ''}, {'name': ' None', 'count': 0, 'meta': ''}, {'name': ' None', 'count': 0, 'meta': ''}]","Armor Slot 0: None, Count: 0; Armor Slot 1: None, Count: 0; Armor Slot 2: None, Count: 0; Armor Slot 3: None, Count: 0; ","Offhand: None, Count: 0; ",[],20.0,20.0,"[-0.10214774129587854, -0.4162800718812079, 0.9034803488193458]",east,6,0 minecraft:air,False,Player is not currently riding anything,0.0784000015258789
111.0,14:59:39.256643100,2025-07-30,literal{minecrafter256},"(104.69999998807907, 72.0, 158.3391160624694)",20.0,"[{'name': ' None', 'count': 0, 'meta': ''}, {'name': ' None', 'count': 0, 'meta': ''}, {'name': ' None', 'count': 0, 'meta': ''}, {'name': ' None', 'count': 0, 'meta': ''}, {'name': ' None', 'count': 0, 'meta': ''}, {'name': ' None', 'count': 0, 'meta': ''}, {'name': ' None', 'count': 0, 'meta': ''}, {'name': ' None', 'count': 0, 'meta': ''}, {'name': ' None', 'count': 0, 'meta': ''}, {'name': ' None', 'count': 0, 'meta': ''}, {'name': ' None', 'count': 0, 'meta': ''}, {'name': ' None', 'count': 0, 'meta': ''}, {'name': ' None', 'count': 0, 'meta': ''}, {'name': ' None', 'count': 0, 'meta': ''}, {'name': ' None', 'count': 0, 'meta': ''}, {'name': ' None', 'count': 0, 'meta': ''}, {'name': ' None', 'count': 0, 'meta': ''}, {'name': ' None', 'count': 0, 'meta': ''}, {'name': ' None', 'count': 0, 'meta': ''}, {'name': ' None', 'count': 0, 'meta': ''}, {'name': ' None', 'count': 0, 'meta': ''}, {'name': ' None', 'count': 0, 'meta': ''}, {'name': ' None', 'count': 0, 'meta': ''}, {'name': ' None', 'count': 0, 'meta': ''}, {'name': ' None', 'count': 0, 'meta': ''}, {'name': ' None', 'count': 0, 'meta': ''}, {'name': ' None', 'count': 0, 'meta': ''}, {'name': ' None', 'count': 0, 'meta': ''}, {'name': ' None', 'count': 0, 'meta': ''}, {'name': ' None', 'count': 0, 'meta': ''}, {'name': ' None', 'count': 0, 'meta': ''}, {'name': ' None', 'count': 0, 'meta': ''}, {'name': ' None', 'count': 0, 'meta': ''}, {'name': ' None', 'count': 0, 'meta': ''}, {'name': ' None', 'count': 0, 'meta': ''}, {'name': ' None', 'count': 0, 'meta': ''}]","Armor Slot 0: None, Count: 0; Armor Slot 1: None, Count: 0; Armor Slot 2: None, Count: 0; Armor Slot 3: None, Count: 0; ","Offhand: None, Count: 0; ",[],20.0,20.0,"[-0.10451271861539072, -0.4162800718812079, 0.9032098280035469]",east,6,0 minecraft:air,False,Player is not currently riding anything,0.0784000015258789
111.0,14:59:39.308355600,2025-07-30,literal{minecrafter256},"(104.69999998807907, 72.0, 158.3391160624694)",20.0,"[{'name': ' None', 'count': 0, 'meta': ''}, {'name': ' None', 'count': 0, 'meta': ''}, {'name': ' None', 'count': 0, 'meta': ''}, {'name': ' None', 'count': 0, 'meta': ''}, {'name': ' None', 'count': 0, 'meta': ''}, {'name': ' None', 'count': 0, 'meta': ''}, {'name': ' None', 'count': 0, 'meta': ''}, {'name': ' None', 'count': 0, 'meta': ''}, {'name': ' None', 'count': 0, 'meta': ''}, {'name': ' None', 'count': 0, 'meta': ''}, {'name': ' None', 'count': 0, 'meta': ''}, {'name': ' None', 'count': 0, 'meta': ''}, {'name': ' None', 'count': 0, 'meta': ''}, {'name': ' None', 'count': 0, 'meta': ''}, {'name': ' None', 'count': 0, 'meta': ''}, {'name': ' None', 'count': 0, 'meta': ''}, {'name': ' None', 'count': 0, 'meta': ''}, {'name': ' None', 'count': 0, 'meta': ''}, {'name': ' None', 'count': 0, 'meta': ''}, {'name': ' None', 'count': 0, 'meta': ''}, {'name': ' None', 'count': 0, 'meta': ''}, {'name': ' None', 'count': 0, 'meta': ''}, {'name': ' None', 'count': 0, 'meta': ''}, {'name': ' None', 'count': 0, 'meta': ''}, {'name': ' None', 'count': 0, 'meta': ''}, {'name': ' None', 'count': 0, 'meta': ''}, {'name': ' None', 'count': 0, 'meta': ''}, {'name': ' None', 'count': 0, 'meta': ''}, {'name': ' None', 'count': 0, 'meta': ''}, {'name': ' None', 'count': 0, 'meta': ''}, {'name': ' None', 'count': 0, 'meta': ''}, {'name': ' None', 'count': 0, 'meta': ''}, {'name': ' None', 'count': 0, 'meta': ''}, {'name': ' None', 'count': 0, 'meta': ''}, {'name': ' None', 'count': 0, 'meta': ''}, {'name': ' None', 'count': 0, 'meta': ''}]","Armor Slot 0: None, Count: 0; Armor Slot 1: None, Count: 0; Armor Slot 2: None, Count: 0; Armor Slot 3: None, Count: 0; ","Offhand: None, Count: 0; ",[],20.0,20.0,"[-0.10451271861539072, -0.4162800718812079, 0.9032098280035469]",east,6,0 minecraft:air,False,Player is not currently riding anything,0.0784000015258789
111.0,14:59:39.359585300,2025-07-30,literal{minecrafter256},"(104.69999998807907, 72.0, 158.3391160624694)",20.0,"[{'name': ' None', 'count': 0, 'meta': ''}, {'name': ' None', 'count': 0, 'meta': ''}, {'name': ' None', 'count': 0, 'meta': ''}, {'name': ' None', 'count': 0, 'meta': ''}, {'name': ' None', 'count': 0, 'meta': ''}, {'name': ' None', 'count': 0, 'meta': ''}, {'name': ' None', 'count': 0, 'meta': ''}, {'name': ' None', 'count': 0, 'meta': ''}, {'name': ' None', 'count': 0, 'meta': ''}, {'name': ' None', 'count': 0, 'meta': ''}, {'name': ' None', 'count': 0, 'meta': ''}, {'name': ' None', 'count': 0, 'meta': ''}, {'name': ' None', 'count': 0, 'meta': ''}, {'name': ' None', 'count': 0, 'meta': ''}, {'name': ' None', 'count': 0, 'meta': ''}, {'name': ' None', 'count': 0, 'meta': ''}, {'name': ' None', 'count': 0, 'meta': ''}, {'name': ' None', 'count': 0, 'meta': ''}, {'name': ' None', 'count': 0, 'meta': ''}, {'name': ' None', 'count': 0, 'meta': ''}, {'name': ' None', 'count': 0, 'meta': ''}, {'name': ' None', 'count': 0, 'meta': ''}, {'name': ' None', 'count': 0, 'meta': ''}, {'name': ' None', 'count': 0, 'meta': ''}, {'name': ' None', 'count': 0, 'meta': ''}, {'name': ' None', 'count': 0, 'meta': ''}, {'name': ' None', 'count': 0, 'meta': ''}, {'name': ' None', 'count': 0, 'meta': ''}, {'name': ' None', 'count': 0, 'meta': ''}, {'name': ' None', 'count': 0, 'meta': ''}, {'name': ' None', 'count': 0, 'meta': ''}, {'name': ' None', 'count': 0, 'meta': ''}, {'name': ' None', 'count': 0, 'meta': ''}, {'name': ' None', 'count': 0, 'meta': ''}, {'name': ' None', 'count': 0, 'meta': ''}, {'name': ' None', 'count': 0, 'meta': ''}]","Armor Slot 0: None, Count: 0; Armor Slot 1: None, Count: 0; Armor Slot 2: None, Count: 0; Armor Slot 3: None, Count: 0; ","Offhand: None, Count: 0; ",[],20.0,20.0,"[-0.10451271861539072, -0.4162800718812079, 0.9032098280035469]",east,6,0 minecraft:air,False,Player is not currently riding anything,0.0784000015258789
111.0,14:59:39.408817800,2025-07-30,literal{minecrafter256},"(104.69999998807907, 72.0, 158.3391160624694)",20.0,"[{'name': ' None', 'count': 0, 'meta': ''}, {'name': ' None', 'count': 0, 'meta': ''}, {'name': ' None', 'count': 0, 'meta': ''}, {'name': ' None', 'count': 0, 'meta': ''}, {'name': ' None', 'count': 0, 'meta': ''}, {'name': ' None', 'count': 0, 'meta': ''}, {'name': ' None', 'count': 0, 'meta': ''}, {'name': ' None', 'count': 0, 'meta': ''}, {'name': ' None', 'count': 0, 'meta': ''}, {'name': ' None', 'count': 0, 'meta': ''}, {'name': ' None', 'count': 0, 'meta': ''}, {'name': ' None', 'count': 0, 'meta': ''}, {'name': ' None', 'count': 0, 'meta': ''}, {'name': ' None', 'count': 0, 'meta': ''}, {'name': ' None', 'count': 0, 'meta': ''}, {'name': ' None', 'count': 0, 'meta': ''}, {'name': ' None', 'count': 0, 'meta': ''}, {'name': ' None', 'count': 0, 'meta': ''}, {'name': ' None', 'count': 0, 'meta': ''}, {'name': ' None', 'count': 0, 'meta': ''}, {'name': ' None', 'count': 0, 'meta': ''}, {'name': ' None', 'count': 0, 'meta': ''}, {'name': ' None', 'count': 0, 'meta': ''}, {'name': ' None', 'count': 0, 'meta': ''}, {'name': ' None', 'count': 0, 'meta': ''}, {'name': ' None', 'count': 0, 'meta': ''}, {'name': ' None', 'count': 0, 'meta': ''}, {'name': ' None', 'count': 0, 'meta': ''}, {'name': ' None', 'count': 0, 'meta': ''}, {'name': ' None', 'count': 0, 'meta': ''}, {'name': ' None', 'count': 0, 'meta': ''}, {'name': ' None', 'count': 0, 'meta': ''}, {'name': ' None', 'count': 0, 'meta': ''}, {'name': ' None', 'count': 0, 'meta': ''}, {'name': ' None', 'count': 0, 'meta': ''}, {'name': ' None', 'count': 0, 'meta': ''}]","Armor Slot 0: None, Count: 0; Armor Slot 1: None, Count: 0; Armor Slot 2: None, Count: 0; Armor Slot 3: None, Count: 0; ","Offhand: None, Count: 0; ",[],20.0,20.0,"[-0.10451271861539072, -0.4162800718812079, 0.9032098280035469]",east,6,0 minecraft:air,False,Player is not currently riding anything,0.0784000015258789
111.0,14:59:39.459740300,2025-07-30,literal{minecrafter256},"(104.69999998807907, 72.0, 158.3391160624694)",20.0,"[{'name': ' None', 'count': 0, 'meta': ''}, {'name': ' None', 'count': 0, 'meta': ''}, {'name': ' None', 'count': 0, 'meta': ''}, {'name': ' None', 'count': 0, 'meta': ''}, {'name': ' None', 'count': 0, 'meta': ''}, {'name': ' None', 'count': 0, 'meta': ''}, {'name': ' None', 'count': 0, 'meta': ''}, {'name': ' None', 'count': 0, 'meta': ''}, {'name': ' None', 'count': 0, 'meta': ''}, {'name': ' None', 'count': 0, 'meta': ''}, {'name': ' None', 'count': 0, 'meta': ''}, {'name': ' None', 'count': 0, 'meta': ''}, {'name': ' None', 'count': 0, 'meta': ''}, {'name': ' None', 'count': 0, 'meta': ''}, {'name': ' None', 'count': 0, 'meta': ''}, {'name': ' None', 'count': 0, 'meta': ''}, {'name': ' None', 'count': 0, 'meta': ''}, {'name': ' None', 'count': 0, 'meta': ''}, {'name': ' None', 'count': 0, 'meta': ''}, {'name': ' None', 'count': 0, 'meta': ''}, {'name': ' None', 'count': 0, 'meta': ''}, {'name': ' None', 'count': 0, 'meta': ''}, {'name': ' None', 'count': 0, 'meta': ''}, {'name': ' None', 'count': 0, 'meta': ''}, {'name': ' None', 'count': 0, 'meta': ''}, {'name': ' None', 'count': 0, 'meta': ''}, {'name': ' None', 'count': 0, 'meta': ''}, {'name': ' None', 'count': 0, 'meta': ''}, {'name': ' None', 'count': 0, 'meta': ''}, {'name': ' None', 'count': 0, 'meta': ''}, {'name': ' None', 'count': 0, 'meta': ''}, {'name': ' None', 'count': 0, 'meta': ''}, {'name': ' None', 'count': 0, 'meta': ''}, {'name': ' None', 'count': 0, 'meta': ''}, {'name': ' None', 'count': 0, 'meta': ''}, {'name': ' None', 'count': 0, 'meta': ''}]","Armor Slot 0: None, Count: 0; Armor Slot 1: None, Count: 0; Armor Slot 2: None, Count: 0; Armor Slot 3: None, Count: 0; ","Offhand: None, Count: 0; ",[],20.0,20.0,"[-0.10451271861539072, -0.4162800718812079, 0.9032098280035469]",east,6,0 minecraft:air,False,Player is not currently riding anything,0.0784000015258789
111.0,14:59:39.508167900,2025-07-30,literal{minecrafter256},"(104.69999998807907, 72.0, 158.3391160624694)",20.0,"[{'name': ' None', 'count': 0, 'meta': ''}, {'name': ' None', 'count': 0, 'meta': ''}, {'name': ' None', 'count': 0, 'meta': ''}, {'name': ' None', 'count': 0, 'meta': ''}, {'name': ' None', 'count': 0, 'meta': ''}, {'name': ' None', 'count': 0, 'meta': ''}, {'name': ' None', 'count': 0, 'meta': ''}, {'name': ' None', 'count': 0, 'meta': ''}, {'name': ' None', 'count': 0, 'meta': ''}, {'name': ' None', 'count': 0, 'meta': ''}, {'name': ' None', 'count': 0, 'meta': ''}, {'name': ' None', 'count': 0, 'meta': ''}, {'name': ' None', 'count': 0, 'meta': ''}, {'name': ' None', 'count': 0, 'meta': ''}, {'name': ' None', 'count': 0, 'meta': ''}, {'name': ' None', 'count': 0, 'meta': ''}, {'name': ' None', 'count': 0, 'meta': ''}, {'name': ' None', 'count': 0, 'meta': ''}, {'name': ' None', 'count': 0, 'meta': ''}, {'name': ' None', 'count': 0, 'meta': ''}, {'name': ' None', 'count': 0, 'meta': ''}, {'name': ' None', 'count': 0, 'meta': ''}, {'name': ' None', 'count': 0, 'meta': ''}, {'name': ' None', 'count': 0, 'meta': ''}, {'name': ' None', 'count': 0, 'meta': ''}, {'name': ' None', 'count': 0, 'meta': ''}, {'name': ' None', 'count': 0, 'meta': ''}, {'name': ' None', 'count': 0, 'meta': ''}, {'name': ' None', 'count': 0, 'meta': ''}, {'name': ' None', 'count': 0, 'meta': ''}, {'name': ' None', 'count': 0, 'meta': ''}, {'name': ' None', 'count': 0, 'meta': ''}, {'name': ' None', 'count': 0, 'meta': ''}, {'name': ' None', 'count': 0, 'meta': ''}, {'name': ' None', 'count': 0, 'meta': ''}, {'name': ' None', 'count': 0, 'meta': ''}]","Armor Slot 0: None, Count: 0; Armor Slot 1: None, Count: 0; Armor Slot 2: None, Count: 0; Armor Slot 3: None, Count: 0; ","Offhand: None, Count: 0; ",[],20.0,20.0,"[-0.10451271861539072, -0.4162800718812079, 0.9032098280035469]",east,6,0 minecraft:air,False,Player is not currently riding anything,0.0784000015258789
111.0,14:59:39.557402400,2025-07-30,literal{minecrafter256},"(104.69999998807907, 72.0, 158.3391160624694)",20.0,"[{'name': ' None', 'count': 0, 'meta': ''}, {'name': ' None', 'count': 0, 'meta': ''}, {'name': ' None', 'count': 0, 'meta': ''}, {'name': ' None', 'count': 0, 'meta': ''}, {'name': ' None', 'count': 0, 'meta': ''}, {'name': ' None', 'count': 0, 'meta': ''}, {'name': ' None', 'count': 0, 'meta': ''}, {'name': ' None', 'count': 0, 'meta': ''}, {'name': ' None', 'count': 0, 'meta': ''}, {'name': ' None', 'count': 0, 'meta': ''}, {'name': ' None', 'count': 0, 'meta': ''}, {'name': ' None', 'count': 0, 'meta': ''}, {'name': ' None', 'count': 0, 'meta': ''}, {'name': ' None', 'count': 0, 'meta': ''}, {'name': ' None', 'count': 0, 'meta': ''}, {'name': ' None', 'count': 0, 'meta': ''}, {'name': ' None', 'count': 0, 'meta': ''}, {'name': ' None', 'count': 0, 'meta': ''}, {'name': ' None', 'count': 0, 'meta': ''}, {'name': ' None', 'count': 0, 'meta': ''}, {'name': ' None', 'count': 0, 'meta': ''}, {'name': ' None', 'count': 0, 'meta': ''}, {'name': ' None', 'count': 0, 'meta': ''}, {'name': ' None', 'count': 0, 'meta': ''}, {'name': ' None', 'count': 0, 'meta': ''}, {'name': ' None', 'count': 0, 'meta': ''}, {'name': ' None', 'count': 0, 'meta': ''}, {'name': ' None', 'count': 0, 'meta': ''}, {'name': ' None', 'count': 0, 'meta': ''}, {'name': ' None', 'count': 0, 'meta': ''}, {'name': ' None', 'count': 0, 'meta': ''}, {'name': ' None', 'count': 0, 'meta': ''}, {'name': ' None', 'count': 0, 'meta': ''}, {'name': ' None', 'count': 0, 'meta': ''}, {'name': ' None', 'count': 0, 'meta': ''}, {'name': ' None', 'count': 0, 'meta': ''}]","Armor Slot 0: None, Count: 0; Armor Slot 1: None, Count: 0; Armor Slot 2: None, Count: 0; Armor Slot 3: None, Count: 0; ","Offhand: None, Count: 0; ",[],20.0,20.0,"[-0.10451271861539072, -0.4162800718812079, 0.9032098280035469]",east,6,0 minecraft:air,False,Player is not currently riding anything,0.0784000015258789
118.0,14:59:39.607125900,2025-07-30,literal{minecrafter256},"(104.69999998807907, 72.0, 158.3391160624694)",20.0,"[{'name': ' None', 'count': 0, 'meta': ''}, {'name': ' None', 'count': 0, 'meta': ''}, {'name': ' None', 'count': 0, 'meta': ''}, {'name': ' None', 'count': 0, 'meta': ''}, {'name': ' None', 'count': 0, 'meta': ''}, {'name': ' None', 'count': 0, 'meta': ''}, {'name': ' None', 'count': 0, 'meta': ''}, {'name': ' None', 'count': 0, 'meta': ''}, {'name': ' None', 'count': 0, 'meta': ''}, {'name': ' None', 'count': 0, 'meta': ''}, {'name': ' None', 'count': 0, 'meta': ''}, {'name': ' None', 'count': 0, 'meta': ''}, {'name': ' None', 'count': 0, 'meta': ''}, {'name': ' None', 'count': 0, 'meta': ''}, {'name': ' None', 'count': 0, 'meta': ''}, {'name': ' None', 'count': 0, 'meta': ''}, {'name': ' None', 'count': 0, 'meta': ''}, {'name': ' None', 'count': 0, 'meta': ''}, {'name': ' None', 'count': 0, 'meta': ''}, {'name': ' None', 'count': 0, 'meta': ''}, {'name': ' None', 'count': 0, 'meta': ''}, {'name': ' None', 'count': 0, 'meta': ''}, {'name': ' None', 'count': 0, 'meta': ''}, {'name': ' None', 'count': 0, 'meta': ''}, {'name': ' None', 'count': 0, 'meta': ''}, {'name': ' None', 'count': 0, 'meta': ''}, {'name': ' None', 'count': 0, 'meta': ''}, {'name': ' None', 'count': 0, 'meta': ''}, {'name': ' None', 'count': 0, 'meta': ''}, {'name': ' None', 'count': 0, 'meta': ''}, {'name': ' None', 'count': 0, 'meta': ''}, {'name': ' None', 'count': 0, 'meta': ''}, {'name': ' None', 'count': 0, 'meta': ''}, {'name': ' None', 'count': 0, 'meta': ''}, {'name': ' None', 'count': 0, 'meta': ''}, {'name': ' None', 'count': 0, 'meta': ''}]","Armor Slot 0: None, Count: 0; Armor Slot 1: None, Count: 0; Armor Slot 2: None, Count: 0; Armor Slot 3: None, Count: 0; ","Offhand: None, Count: 0; ",[],20.0,20.0,"[-0.10451271861539072, -0.4162800718812079, 0.9032098280035469]",east,6,0 minecraft:air,False,Player is not currently riding anything,0.0784000015258789
118.0,14:59:39.659639400,2025-07-30,literal{minecrafter256},"(104.69999998807907, 72.0, 158.3391160624694)",20.0,"[{'name': ' None', 'count': 0, 'meta': ''}, {'name': ' None', 'count': 0, 'meta': ''}, {'name': ' None', 'count': 0, 'meta': ''}, {'name': ' None', 'count': 0, 'meta': ''}, {'name': ' None', 'count': 0, 'meta': ''}, {'name': ' None', 'count': 0, 'meta': ''}, {'name': ' None', 'count': 0, 'meta': ''}, {'name': ' None', 'count': 0, 'meta': ''}, {'name': ' None', 'count': 0, 'meta': ''}, {'name': ' None', 'count': 0, 'meta': ''}, {'name': ' None', 'count': 0, 'meta': ''}, {'name': ' None', 'count': 0, 'meta': ''}, {'name': ' None', 'count': 0, 'meta': ''}, {'name': ' None', 'count': 0, 'meta': ''}, {'name': ' None', 'count': 0, 'meta': ''}, {'name': ' None', 'count': 0, 'meta': ''}, {'name': ' None', 'count': 0, 'meta': ''}, {'name': ' None', 'count': 0, 'meta': ''}, {'name': ' None', 'count': 0, 'meta': ''}, {'name': ' None', 'count': 0, 'meta': ''}, {'name': ' None', 'count': 0, 'meta': ''}, {'name': ' None', 'count': 0, 'meta': ''}, {'name': ' None', 'count': 0, 'meta': ''}, {'name': ' None', 'count': 0, 'meta': ''}, {'name': ' None', 'count': 0, 'meta': ''}, {'name': ' None', 'count': 0, 'meta': ''}, {'name': ' None', 'count': 0, 'meta': ''}, {'name': ' None', 'count': 0, 'meta': ''}, {'name': ' None', 'count': 0, 'meta': ''}, {'name': ' None', 'count': 0, 'meta': ''}, {'name': ' None', 'count': 0, 'meta': ''}, {'name': ' None', 'count': 0, 'meta': ''}, {'name': ' None', 'count': 0, 'meta': ''}, {'name': ' None', 'count': 0, 'meta': ''}, {'name': ' None', 'count': 0, 'meta': ''}, {'name': ' None', 'count': 0, 'meta': ''}]","Armor Slot 0: None, Count: 0; Armor Slot 1: None, Count: 0; Armor Slot 2: None, Count: 0; Armor Slot 3: None, Count: 0; ","Offhand: None, Count: 0; ",[],20.0,20.0,"[-0.10451271861539072, -0.4162800718812079, 0.9032098280035469]",east,6,0 minecraft:air,False,Player is not currently riding anything,0.0784000015258789
118.0,14:59:39.712756300,2025-07-30,literal{minecrafter256},"(104.69999998807907, 72.0, 158.3391160624694)",20.0,"[{'name': ' None', 'count': 0, 'meta': ''}, {'name': ' None', 'count': 0, 'meta': ''}, {'name': ' None', 'count': 0, 'meta': ''}, {'name': ' None', 'count': 0, 'meta': ''}, {'name': ' None', 'count': 0, 'meta': ''}, {'name': ' None', 'count': 0, 'meta': ''}, {'name': ' None', 'count': 0, 'meta': ''}, {'name': ' None', 'count': 0, 'meta': ''}, {'name': ' None', 'count': 0, 'meta': ''}, {'name': ' None', 'count': 0, 'meta': ''}, {'name': ' None', 'count': 0, 'meta': ''}, {'name': ' None', 'count': 0, 'meta': ''}, {'name': ' None', 'count': 0, 'meta': ''}, {'name': ' None', 'count': 0, 'meta': ''}, {'name': ' None', 'count': 0, 'meta': ''}, {'name': ' None', 'count': 0, 'meta': ''}, {'name': ' None', 'count': 0, 'meta': ''}, {'name': ' None', 'count': 0, 'meta': ''}, {'name': ' None', 'count': 0, 'meta': ''}, {'name': ' None', 'count': 0, 'meta': ''}, {'name': ' None', 'count': 0, 'meta': ''}, {'name': ' None', 'count': 0, 'meta': ''}, {'name': ' None', 'count': 0, 'meta': ''}, {'name': ' None', 'count': 0, 'meta': ''}, {'name': ' None', 'count': 0, 'meta': ''}, {'name': ' None', 'count': 0, 'meta': ''}, {'name': ' None', 'count': 0, 'meta': ''}, {'name': ' None', 'count': 0, 'meta': ''}, {'name': ' None', 'count': 0, 'meta': ''}, {'name': ' None', 'count': 0, 'meta': ''}, {'name': ' None', 'count': 0, 'meta': ''}, {'name': ' None', 'count': 0, 'meta': ''}, {'name': ' None', 'count': 0, 'meta': ''}, {'name': ' None', 'count': 0, 'meta': ''}, {'name': ' None', 'count': 0, 'meta': ''}, {'name': ' None', 'count': 0, 'meta': ''}]","Armor Slot 0: None, Count: 0; Armor Slot 1: None, Count: 0; Armor Slot 2: None, Count: 0; Armor Slot 3: None, Count: 0; ","Offhand: None, Count: 0; ",[],20.0,20.0,"[-0.12325681189261725, -0.41865901197782507, 0.8997401791694196]",east,6,0 minecraft:air,False,Player is not currently riding anything,0.0784000015258789
118.0,14:59:39.757870100,2025-07-30,literal{minecrafter256},"(104.69999998807907, 72.0, 158.3391160624694)",20.0,"[{'name': ' None', 'count': 0, 'meta': ''}, {'name': ' None', 'count': 0, 'meta': ''}, {'name': ' None', 'count': 0, 'meta': ''}, {'name': ' None', 'count': 0, 'meta': ''}, {'name': ' None', 'count': 0, 'meta': ''}, {'name': ' None', 'count': 0, 'meta': ''}, {'name': ' None', 'count': 0, 'meta': ''}, {'name': ' None', 'count': 0, 'meta': ''}, {'name': ' None', 'count': 0, 'meta': ''}, {'name': ' None', 'count': 0, 'meta': ''}, {'name': ' None', 'count': 0, 'meta': ''}, {'name': ' None', 'count': 0, 'meta': ''}, {'name': ' None', 'count': 0, 'meta': ''}, {'name': ' None', 'count': 0, 'meta': ''}, {'name': ' None', 'count': 0, 'meta': ''}, {'name': ' None', 'count': 0, 'meta': ''}, {'name': ' None', 'count': 0, 'meta': ''}, {'name': ' None', 'count': 0, 'meta': ''}, {'name': ' None', 'count': 0, 'meta': ''}, {'name': ' None', 'count': 0, 'meta': ''}, {'name': ' None', 'count': 0, 'meta': ''}, {'name': ' None', 'count': 0, 'meta': ''}, {'name': ' None', 'count': 0, 'meta': ''}, {'name': ' None', 'count': 0, 'meta': ''}, {'name': ' None', 'count': 0, 'meta': ''}, {'name': ' None', 'count': 0, 'meta': ''}, {'name': ' None', 'count': 0, 'meta': ''}, {'name': ' None', 'count': 0, 'meta': ''}, {'name': ' None', 'count': 0, 'meta': ''}, {'name': ' None', 'count': 0, 'meta': ''}, {'name': ' None', 'count': 0, 'meta': ''}, {'name': ' None', 'count': 0, 'meta': ''}, {'name': ' None', 'count': 0, 'meta': ''}, {'name': ' None', 'count': 0, 'meta': ''}, {'name': ' None', 'count': 0, 'meta': ''}, {'name': ' None', 'count': 0, 'meta': ''}]","Armor Slot 0: None, Count: 0; Armor Slot 1: None, Count: 0; Armor Slot 2: None, Count: 0; Armor Slot 3: None, Count: 0; ","Offhand: None, Count: 0; ",[],20.0,20.0,"[-0.1256119250413872, -0.41865901197782507, 0.8994144072546028]",east,6,0 minecraft:air,False,Player is not currently riding anything,0.0784000015258789
118.0,14:59:39.807182700,2025-07-30,literal{minecrafter256},"(104.69999998807907, 72.0, 158.3391160624694)",20.0,"[{'name': ' None', 'count': 0, 'meta': ''}, {'name': ' None', 'count': 0, 'meta': ''}, {'name': ' None', 'count': 0, 'meta': ''}, {'name': ' None', 'count': 0, 'meta': ''}, {'name': ' None', 'count': 0, 'meta': ''}, {'name': ' None', 'count': 0, 'meta': ''}, {'name': ' None', 'count': 0, 'meta': ''}, {'name': ' None', 'count': 0, 'meta': ''}, {'name': ' None', 'count': 0, 'meta': ''}, {'name': ' None', 'count': 0, 'meta': ''}, {'name': ' None', 'count': 0, 'meta': ''}, {'name': ' None', 'count': 0, 'meta': ''}, {'name': ' None', 'count': 0, 'meta': ''}, {'name': ' None', 'count': 0, 'meta': ''}, {'name': ' None', 'count': 0, 'meta': ''}, {'name': ' None', 'count': 0, 'meta': ''}, {'name': ' None', 'count': 0, 'meta': ''}, {'name': ' None', 'count': 0, 'meta': ''}, {'name': ' None', 'count': 0, 'meta': ''}, {'name': ' None', 'count': 0, 'meta': ''}, {'name': ' None', 'count': 0, 'meta': ''}, {'name': ' None', 'count': 0, 'meta': ''}, {'name': ' None', 'count': 0, 'meta': ''}, {'name': ' None', 'count': 0, 'meta': ''}, {'name': ' None', 'count': 0, 'meta': ''}, {'name': ' None', 'count': 0, 'meta': ''}, {'name': ' None', 'count': 0, 'meta': ''}, {'name': ' None', 'count': 0, 'meta': ''}, {'name': ' None', 'count': 0, 'meta': ''}, {'name': ' None', 'count': 0, 'meta': ''}, {'name': ' None', 'count': 0, 'meta': ''}, {'name': ' None', 'count': 0, 'meta': ''}, {'name': ' None', 'count': 0, 'meta': ''}, {'name': ' None', 'count': 0, 'meta': ''}, {'name': ' None', 'count': 0, 'meta': ''}, {'name': ' None', 'count': 0, 'meta': ''}]","Armor Slot 0: None, Count: 0; Armor Slot 1: None, Count: 0; Armor Slot 2: None, Count: 0; Armor Slot 3: None, Count: 0; ","Offhand: None, Count: 0; ",[],20.0,20.0,"[-0.13670354247985012, -0.4281459153369378, 0.8933102577793202]",east,6,0 minecraft:air,False,Player is not currently riding anything,0.0784000015258789
118.0,14:59:39.857438700,2025-07-30,literal{minecrafter256},"(104.69999998807907, 72.0, 158.3391160624694)",20.0,"[{'name': ' None', 'count': 0, 'meta': ''}, {'name': ' None', 'count': 0, 'meta': ''}, {'name': ' None', 'count': 0, 'meta': ''}, {'name': ' None', 'count': 0, 'meta': ''}, {'name': ' None', 'count': 0, 'meta': ''}, {'name': ' None', 'count': 0, 'meta': ''}, {'name': ' None', 'count': 0, 'meta': ''}, {'name': ' None', 'count': 0, 'meta': ''}, {'name': ' None', 'count': 0, 'meta': ''}, {'name': ' None', 'count': 0, 'meta': ''}, {'name': ' None', 'count': 0, 'meta': ''}, {'name': ' None', 'count': 0, 'meta': ''}, {'name': ' None', 'count': 0, 'meta': ''}, {'name': ' None', 'count': 0, 'meta': ''}, {'name': ' None', 'count': 0, 'meta': ''}, {'name': ' None', 'count': 0, 'meta': ''}, {'name': ' None', 'count': 0, 'meta': ''}, {'name': ' None', 'count': 0, 'meta': ''}, {'name': ' None', 'count': 0, 'meta': ''}, {'name': ' None', 'count': 0, 'meta': ''}, {'name': ' None', 'count': 0, 'meta': ''}, {'name': ' None', 'count': 0, 'meta': ''}, {'name': ' None', 'count': 0, 'meta': ''}, {'name': ' None', 'count': 0, 'meta': ''}, {'name': ' None', 'count': 0, 'meta': ''}, {'name': ' None', 'count': 0, 'meta': ''}, {'name': ' None', 'count': 0, 'meta': ''}, {'name': ' None', 'count': 0, 'meta': ''}, {'name': ' None', 'count': 0, 'meta': ''}, {'name': ' None', 'count': 0, 'meta': ''}, {'name': ' None', 'count': 0, 'meta': ''}, {'name': ' None', 'count': 0, 'meta': ''}, {'name': ' None', 'count': 0, 'meta': ''}, {'name': ' None', 'count': 0, 'meta': ''}, {'name': ' None', 'count': 0, 'meta': ''}, {'name': ' None', 'count': 0, 'meta': ''}]","Armor Slot 0: None, Count: 0; Armor Slot 1: None, Count: 0; Armor Slot 2: None, Count: 0; Armor Slot 3: None, Count: 0; ","Offhand: None, Count: 0; ",[],20.0,20.0,"[-0.13904177589964517, -0.4281459153369378, 0.8929493041236823]",east,6,0 minecraft:air,False,Player is not currently riding anything,0.0784000015258789
118.0,14:59:39.905627800,2025-07-30,literal{minecrafter256},"(104.69999998807907, 72.0, 158.3391160624694)",20.0,"[{'name': ' None', 'count': 0, 'meta': ''}, {'name': ' None', 'count': 0, 'meta': ''}, {'name': ' None', 'count': 0, 'meta': ''}, {'name': ' None', 'count': 0, 'meta': ''}, {'name': ' None', 'count': 0, 'meta': ''}, {'name': ' None', 'count': 0, 'meta': ''}, {'name': ' None', 'count': 0, 'meta': ''}, {'name': ' None', 'count': 0, 'meta': ''}, {'name': ' None', 'count': 0, 'meta': ''}, {'name': ' None', 'count': 0, 'meta': ''}, {'name': ' None', 'count': 0, 'meta': ''}, {'name': ' None', 'count': 0, 'meta': ''}, {'name': ' None', 'count': 0, 'meta': ''}, {'name': ' None', 'count': 0, 'meta': ''}, {'name': ' None', 'count': 0, 'meta': ''}, {'name': ' None', 'count': 0, 'meta': ''}, {'name': ' None', 'count': 0, 'meta': ''}, {'name': ' None', 'count': 0, 'meta': ''}, {'name': ' None', 'count': 0, 'meta': ''}, {'name': ' None', 'count': 0, 'meta': ''}, {'name': ' None', 'count': 0, 'meta': ''}, {'name': ' None', 'count': 0, 'meta': ''}, {'name': ' None', 'count': 0, 'meta': ''}, {'name': ' None', 'count': 0, 'meta': ''}, {'name': ' None', 'count': 0, 'meta': ''}, {'name': ' None', 'count': 0, 'meta': ''}, {'name': ' None', 'count': 0, 'meta': ''}, {'name': ' None', 'count': 0, 'meta': ''}, {'name': ' None', 'count': 0, 'meta': ''}, {'name': ' None', 'count': 0, 'meta': ''}, {'name': ' None', 'count': 0, 'meta': ''}, {'name': ' None', 'count': 0, 'meta': ''}, {'name': ' None', 'count': 0, 'meta': ''}, {'name': ' None', 'count': 0, 'meta': ''}, {'name': ' None', 'count': 0, 'meta': ''}, {'name': ' None', 'count': 0, 'meta': ''}]","Armor Slot 0: None, Count: 0; Armor Slot 1: None, Count: 0; Armor Slot 2: None, Count: 0; Armor Slot 3: None, Count: 0; ","Offhand: None, Count: 0; ",[],20.0,20.0,"[-0.13904177589964517, -0.4281459153369378, 0.8929493041236823]",east,6,0 minecraft:air,False,Player is not currently riding anything,0.0784000015258789
118.0,14:59:39.959929400,2025-07-30,literal{minecrafter256},"(104.69999998807907, 72.0, 158.3391160624694)",20.0,"[{'name': ' None', 'count': 0, 'meta': ''}, {'name': ' None', 'count': 0, 'meta': ''}, {'name': ' None', 'count': 0, 'meta': ''}, {'name': ' None', 'count': 0, 'meta': ''}, {'name': ' None', 'count': 0, 'meta': ''}, {'name': ' None', 'count': 0, 'meta': ''}, {'name': ' None', 'count': 0, 'meta': ''}, {'name': ' None', 'count': 0, 'meta': ''}, {'name': ' None', 'count': 0, 'meta': ''}, {'name': ' None', 'count': 0, 'meta': ''}, {'name': ' None', 'count': 0, 'meta': ''}, {'name': ' None', 'count': 0, 'meta': ''}, {'name': ' None', 'count': 0, 'meta': ''}, {'name': ' None', 'count': 0, 'meta': ''}, {'name': ' None', 'count': 0, 'meta': ''}, {'name': ' None', 'count': 0, 'meta': ''}, {'name': ' None', 'count': 0, 'meta': ''}, {'name': ' None', 'count': 0, 'meta': ''}, {'name': ' None', 'count': 0, 'meta': ''}, {'name': ' None', 'count': 0, 'meta': ''}, {'name': ' None', 'count': 0, 'meta': ''}, {'name': ' None', 'count': 0, 'meta': ''}, {'name': ' None', 'count': 0, 'meta': ''}, {'name': ' None', 'count': 0, 'meta': ''}, {'name': ' None', 'count': 0, 'meta': ''}, {'name': ' None', 'count': 0, 'meta': ''}, {'name': ' None', 'count': 0, 'meta': ''}, {'name': ' None', 'count': 0, 'meta': ''}, {'name': ' None', 'count': 0, 'meta': ''}, {'name': ' None', 'count': 0, 'meta': ''}, {'name': ' None', 'count': 0, 'meta': ''}, {'name': ' None', 'count': 0, 'meta': ''}, {'name': ' None', 'count': 0, 'meta': ''}, {'name': ' None', 'count': 0, 'meta': ''}, {'name': ' None', 'count': 0, 'meta': ''}, {'name': ' None', 'count': 0, 'meta': ''}]","Armor Slot 0: None, Count: 0; Armor Slot 1: None, Count: 0; Armor Slot 2: None, Count: 0; Armor Slot 3: None, Count: 0; ","Offhand: None, Count: 0; ",[],20.0,20.0,"[-0.13904177589964517, -0.4281459153369378, 0.8929493041236823]",east,6,0 minecraft:air,False,Player is not currently riding anything,0.0784000015258789
118.0,14:59:40.008796200,2025-07-30,literal{minecrafter256},"(104.69999998807907, 72.0, 158.3391160624694)",20.0,"[{'name': ' None', 'count': 0, 'meta': ''}, {'name': ' None', 'count': 0, 'meta': ''}, {'name': ' None', 'count': 0, 'meta': ''}, {'name': ' None', 'count': 0, 'meta': ''}, {'name': ' None', 'count': 0, 'meta': ''}, {'name': ' None', 'count': 0, 'meta': ''}, {'name': ' None', 'count': 0, 'meta': ''}, {'name': ' None', 'count': 0, 'meta': ''}, {'name': ' None', 'count': 0, 'meta': ''}, {'name': ' None', 'count': 0, 'meta': ''}, {'name': ' None', 'count': 0, 'meta': ''}, {'name': ' None', 'count': 0, 'meta': ''}, {'name': ' None', 'count': 0, 'meta': ''}, {'name': ' None', 'count': 0, 'meta': ''}, {'name': ' None', 'count': 0, 'meta': ''}, {'name': ' None', 'count': 0, 'meta': ''}, {'name': ' None', 'count': 0, 'meta': ''}, {'name': ' None', 'count': 0, 'meta': ''}, {'name': ' None', 'count': 0, 'meta': ''}, {'name': ' None', 'count': 0, 'meta': ''}, {'name': ' None', 'count': 0, 'meta': ''}, {'name': ' None', 'count': 0, 'meta': ''}, {'name': ' None', 'count': 0, 'meta': ''}, {'name': ' None', 'count': 0, 'meta': ''}, {'name': ' None', 'count': 0, 'meta': ''}, {'name': ' None', 'count': 0, 'meta': ''}, {'name': ' None', 'count': 0, 'meta': ''}, {'name': ' None', 'count': 0, 'meta': ''}, {'name': ' None', 'count': 0, 'meta': ''}, {'name': ' None', 'count': 0, 'meta': ''}, {'name': ' None', 'count': 0, 'meta': ''}, {'name': ' None', 'count': 0, 'meta': ''}, {'name': ' None', 'count': 0, 'meta': ''}, {'name': ' None', 'count': 0, 'meta': ''}, {'name': ' None', 'count': 0, 'meta': ''}, {'name': ' None', 'count': 0, 'meta': ''}]","Armor Slot 0: None, Count: 0; Armor Slot 1: None, Count: 0; Armor Slot 2: None, Count: 0; Armor Slot 3: None, Count: 0; ","Offhand: None, Count: 0; ",[],20.0,20.0,"[-0.13904177589964517, -0.4281459153369378, 0.8929493041236823]",east,6,0 minecraft:air,False,Player is not currently riding anything,0.0784000015258789
118.0,14:59:40.057232,2025-07-30,literal{minecrafter256},"(104.69999998807907, 72.0, 158.3391160624694)",20.0,"[{'name': ' None', 'count': 0, 'meta': ''}, {'name': ' None', 'count': 0, 'meta': ''}, {'name': ' None', 'count': 0, 'meta': ''}, {'name': ' None', 'count': 0, 'meta': ''}, {'name': ' None', 'count': 0, 'meta': ''}, {'name': ' None', 'count': 0, 'meta': ''}, {'name': ' None', 'count': 0, 'meta': ''}, {'name': ' None', 'count': 0, 'meta': ''}, {'name': ' None', 'count': 0, 'meta': ''}, {'name': ' None', 'count': 0, 'meta': ''}, {'name': ' None', 'count': 0, 'meta': ''}, {'name': ' None', 'count': 0, 'meta': ''}, {'name': ' None', 'count': 0, 'meta': ''}, {'name': ' None', 'count': 0, 'meta': ''}, {'name': ' None', 'count': 0, 'meta': ''}, {'name': ' None', 'count': 0, 'meta': ''}, {'name': ' None', 'count': 0, 'meta': ''}, {'name': ' None', 'count': 0, 'meta': ''}, {'name': ' None', 'count': 0, 'meta': ''}, {'name': ' None', 'count': 0, 'meta': ''}, {'name': ' None', 'count': 0, 'meta': ''}, {'name': ' None', 'count': 0, 'meta': ''}, {'name': ' None', 'count': 0, 'meta': ''}, {'name': ' None', 'count': 0, 'meta': ''}, {'name': ' None', 'count': 0, 'meta': ''}, {'name': ' None', 'count': 0, 'meta': ''}, {'name': ' None', 'count': 0, 'meta': ''}, {'name': ' None', 'count': 0, 'meta': ''}, {'name': ' None', 'count': 0, 'meta': ''}, {'name': ' None', 'count': 0, 'meta': ''}, {'name': ' None', 'count': 0, 'meta': ''}, {'name': ' None', 'count': 0, 'meta': ''}, {'name': ' None', 'count': 0, 'meta': ''}, {'name': ' None', 'count': 0, 'meta': ''}, {'name': ' None', 'count': 0, 'meta': ''}, {'name': ' None', 'count': 0, 'meta': ''}]","Armor Slot 0: None, Count: 0; Armor Slot 1: None, Count: 0; Armor Slot 2: None, Count: 0; Armor Slot 3: None, Count: 0; ","Offhand: None, Count: 0; ",[],20.0,20.0,"[-0.13904177589964517, -0.4281459153369378, 0.8929493041236823]",east,6,0 minecraft:air,False,Player is not currently riding anything,0.0784000015258789
118.0,14:59:40.107126300,2025-07-30,literal{minecrafter256},"(104.69999998807907, 72.0, 158.3391160624694)",20.0,"[{'name': ' None', 'count': 0, 'meta': ''}, {'name': ' None', 'count': 0, 'meta': ''}, {'name': ' None', 'count': 0, 'meta': ''}, {'name': ' None', 'count': 0, 'meta': ''}, {'name': ' None', 'count': 0, 'meta': ''}, {'name': ' None', 'count': 0, 'meta': ''}, {'name': ' None', 'count': 0, 'meta': ''}, {'name': ' None', 'count': 0, 'meta': ''}, {'name': ' None', 'count': 0, 'meta': ''}, {'name': ' None', 'count': 0, 'meta': ''}, {'name': ' None', 'count': 0, 'meta': ''}, {'name': ' None', 'count': 0, 'meta': ''}, {'name': ' None', 'count': 0, 'meta': ''}, {'name': ' None', 'count': 0, 'meta': ''}, {'name': ' None', 'count': 0, 'meta': ''}, {'name': ' None', 'count': 0, 'meta': ''}, {'name': ' None', 'count': 0, 'meta': ''}, {'name': ' None', 'count': 0, 'meta': ''}, {'name': ' None', 'count': 0, 'meta': ''}, {'name': ' None', 'count': 0, 'meta': ''}, {'name': ' None', 'count': 0, 'meta': ''}, {'name': ' None', 'count': 0, 'meta': ''}, {'name': ' None', 'count': 0, 'meta': ''}, {'name': ' None', 'count': 0, 'meta': ''}, {'name': ' None', 'count': 0, 'meta': ''}, {'name': ' None', 'count': 0, 'meta': ''}, {'name': ' None', 'count': 0, 'meta': ''}, {'name': ' None', 'count': 0, 'meta': ''}, {'name': ' None', 'count': 0, 'meta': ''}, {'name': ' None', 'count': 0, 'meta': ''}, {'name': ' None', 'count': 0, 'meta': ''}, {'name': ' None', 'count': 0, 'meta': ''}, {'name': ' None', 'count': 0, 'meta': ''}, {'name': ' None', 'count': 0, 'meta': ''}, {'name': ' None', 'count': 0, 'meta': ''}, {'name': ' None', 'count': 0, 'meta': ''}]","Armor Slot 0: None, Count: 0; Armor Slot 1: None, Count: 0; Armor Slot 2: None, Count: 0; Armor Slot 3: None, Count: 0; ","Offhand: None, Count: 0; ",[],20.0,20.0,"[-0.13904177589964517, -0.4281459153369378, 0.8929493041236823]",east,6,0 minecraft:air,False,Player is not currently riding anything,0.0784000015258789
118.0,14:59:40.158565300,2025-07-30,literal{minecrafter256},"(104.69999998807907, 72.0, 158.3391160624694)",20.0,"[{'name': ' None', 'count': 0, 'meta': ''}, {'name': ' None', 'count': 0, 'meta': ''}, {'name': ' None', 'count': 0, 'meta': ''}, {'name': ' None', 'count': 0, 'meta': ''}, {'name': ' None', 'count': 0, 'meta': ''}, {'name': ' None', 'count': 0, 'meta': ''}, {'name': ' None', 'count': 0, 'meta': ''}, {'name': ' None', 'count': 0, 'meta': ''}, {'name': ' None', 'count': 0, 'meta': ''}, {'name': ' None', 'count': 0, 'meta': ''}, {'name': ' None', 'count': 0, 'meta': ''}, {'name': ' None', 'count': 0, 'meta': ''}, {'name': ' None', 'count': 0, 'meta': ''}, {'name': ' None', 'count': 0, 'meta': ''}, {'name': ' None', 'count': 0, 'meta': ''}, {'name': ' None', 'count': 0, 'meta': ''}, {'name': ' None', 'count': 0, 'meta': ''}, {'name': ' None', 'count': 0, 'meta': ''}, {'name': ' None', 'count': 0, 'meta': ''}, {'name': ' None', 'count': 0, 'meta': ''}, {'name': ' None', 'count': 0, 'meta': ''}, {'name': ' None', 'count': 0, 'meta': ''}, {'name': ' None', 'count': 0, 'meta': ''}, {'name': ' None', 'count': 0, 'meta': ''}, {'name': ' None', 'count': 0, 'meta': ''}, {'name': ' None', 'count': 0, 'meta': ''}, {'name': ' None', 'count': 0, 'meta': ''}, {'name': ' None', 'count': 0, 'meta': ''}, {'name': ' None', 'count': 0, 'meta': ''}, {'name': ' None', 'count': 0, 'meta': ''}, {'name': ' None', 'count': 0, 'meta': ''}, {'name': ' None', 'count': 0, 'meta': ''}, {'name': ' None', 'count': 0, 'meta': ''}, {'name': ' None', 'count': 0, 'meta': ''}, {'name': ' None', 'count': 0, 'meta': ''}, {'name': ' None', 'count': 0, 'meta': ''}]","Armor Slot 0: None, Count: 0; Armor Slot 1: None, Count: 0; Armor Slot 2: None, Count: 0; Armor Slot 3: None, Count: 0; ","Offhand: None, Count: 0; ",[],20.0,20.0,"[-0.13904177589964517, -0.4281459153369378, 0.8929493041236823]",east,6,0 minecraft:air,False,Player is not currently riding anything,0.0784000015258789
118.0,14:59:40.210502900,2025-07-30,literal{minecrafter256},"(104.69999998807907, 72.0, 158.3391160624694)",20.0,"[{'name': ' None', 'count': 0, 'meta': ''}, {'name': ' None', 'count': 0, 'meta': ''}, {'name': ' None', 'count': 0, 'meta': ''}, {'name': ' None', 'count': 0, 'meta': ''}, {'name': ' None', 'count': 0, 'meta': ''}, {'name': ' None', 'count': 0, 'meta': ''}, {'name': ' None', 'count': 0, 'meta': ''}, {'name': ' None', 'count': 0, 'meta': ''}, {'name': ' None', 'count': 0, 'meta': ''}, {'name': ' None', 'count': 0, 'meta': ''}, {'name': ' None', 'count': 0, 'meta': ''}, {'name': ' None', 'count': 0, 'meta': ''}, {'name': ' None', 'count': 0, 'meta': ''}, {'name': ' None', 'count': 0, 'meta': ''}, {'name': ' None', 'count': 0, 'meta': ''}, {'name': ' None', 'count': 0, 'meta': ''}, {'name': ' None', 'count': 0, 'meta': ''}, {'name': ' None', 'count': 0, 'meta': ''}, {'name': ' None', 'count': 0, 'meta': ''}, {'name': ' None', 'count': 0, 'meta': ''}, {'name': ' None', 'count': 0, 'meta': ''}, {'name': ' None', 'count': 0, 'meta': ''}, {'name': ' None', 'count': 0, 'meta': ''}, {'name': ' None', 'count': 0, 'meta': ''}, {'name': ' None', 'count': 0, 'meta': ''}, {'name': ' None', 'count': 0, 'meta': ''}, {'name': ' None', 'count': 0, 'meta': ''}, {'name': ' None', 'count': 0, 'meta': ''}, {'name': ' None', 'count': 0, 'meta': ''}, {'name': ' None', 'count': 0, 'meta': ''}, {'name': ' None', 'count': 0, 'meta': ''}, {'name': ' None', 'count': 0, 'meta': ''}, {'name': ' None', 'count': 0, 'meta': ''}, {'name': ' None', 'count': 0, 'meta': ''}, {'name': ' None', 'count': 0, 'meta': ''}, {'name': ' None', 'count': 0, 'meta': ''}]","Armor Slot 0: None, Count: 0; Armor Slot 1: None, Count: 0; Armor Slot 2: None, Count: 0; Armor Slot 3: None, Count: 0; ","Offhand: None, Count: 0; ",[],20.0,20.0,"[-0.13904177589964517, -0.4281459153369378, 0.8929493041236823]",east,6,0 minecraft:air,False,Player is not currently riding anything,0.0784000015258789
118.0,14:59:40.258272400,2025-07-30,literal{minecrafter256},"(104.69999998807907, 72.0, 158.3391160624694)",20.0,"[{'name': ' None', 'count': 0, 'meta': ''}, {'name': ' None', 'count': 0, 'meta': ''}, {'name': ' None', 'count': 0, 'meta': ''}, {'name': ' None', 'count': 0, 'meta': ''}, {'name': ' None', 'count': 0, 'meta': ''}, {'name': ' None', 'count': 0, 'meta': ''}, {'name': ' None', 'count': 0, 'meta': ''}, {'name': ' None', 'count': 0, 'meta': ''}, {'name': ' None', 'count': 0, 'meta': ''}, {'name': ' None', 'count': 0, 'meta': ''}, {'name': ' None', 'count': 0, 'meta': ''}, {'name': ' None', 'count': 0, 'meta': ''}, {'name': ' None', 'count': 0, 'meta': ''}, {'name': ' None', 'count': 0, 'meta': ''}, {'name': ' None', 'count': 0, 'meta': ''}, {'name': ' None', 'count': 0, 'meta': ''}, {'name': ' None', 'count': 0, 'meta': ''}, {'name': ' None', 'count': 0, 'meta': ''}, {'name': ' None', 'count': 0, 'meta': ''}, {'name': ' None', 'count': 0, 'meta': ''}, {'name': ' None', 'count': 0, 'meta': ''}, {'name': ' None', 'count': 0, 'meta': ''}, {'name': ' None', 'count': 0, 'meta': ''}, {'name': ' None', 'count': 0, 'meta': ''}, {'name': ' None', 'count': 0, 'meta': ''}, {'name': ' None', 'count': 0, 'meta': ''}, {'name': ' None', 'count': 0, 'meta': ''}, {'name': ' None', 'count': 0, 'meta': ''}, {'name': ' None', 'count': 0, 'meta': ''}, {'name': ' None', 'count': 0, 'meta': ''}, {'name': ' None', 'count': 0, 'meta': ''}, {'name': ' None', 'count': 0, 'meta': ''}, {'name': ' None', 'count': 0, 'meta': ''}, {'name': ' None', 'count': 0, 'meta': ''}, {'name': ' None', 'count': 0, 'meta': ''}, {'name': ' None', 'count': 0, 'meta': ''}]","Armor Slot 0: None, Count: 0; Armor Slot 1: None, Count: 0; Armor Slot 2: None, Count: 0; Armor Slot 3: None, Count: 0; ","Offhand: None, Count: 0; ",[],20.0,20.0,"[-0.13886884463525223, -0.430510345642518, 0.891838710913823]",east,6,0 minecraft:air,False,Player is not currently riding anything,0.0784000015258789
118.0,14:59:40.307407300,2025-07-30,literal{minecrafter256},"(104.69999998807907, 72.0, 158.3391160624694)",20.0,"[{'name': ' None', 'count': 0, 'meta': ''}, {'name': ' None', 'count': 0, 'meta': ''}, {'name': ' None', 'count': 0, 'meta': ''}, {'name': ' None', 'count': 0, 'meta': ''}, {'name': ' None', 'count': 0, 'meta': ''}, {'name': ' None', 'count': 0, 'meta': ''}, {'name': ' None', 'count': 0, 'meta': ''}, {'name': ' None', 'count': 0, 'meta': ''}, {'name': ' None', 'count': 0, 'meta': ''}, {'name': ' None', 'count': 0, 'meta': ''}, {'name': ' None', 'count': 0, 'meta': ''}, {'name': ' None', 'count': 0, 'meta': ''}, {'name': ' None', 'count': 0, 'meta': ''}, {'name': ' None', 'count': 0, 'meta': ''}, {'name': ' None', 'count': 0, 'meta': ''}, {'name': ' None', 'count': 0, 'meta': ''}, {'name': ' None', 'count': 0, 'meta': ''}, {'name': ' None', 'count': 0, 'meta': ''}, {'name': ' None', 'count': 0, 'meta': ''}, {'name': ' None', 'count': 0, 'meta': ''}, {'name': ' None', 'count': 0, 'meta': ''}, {'name': ' None', 'count': 0, 'meta': ''}, {'name': ' None', 'count': 0, 'meta': ''}, {'name': ' None', 'count': 0, 'meta': ''}, {'name': ' None', 'count': 0, 'meta': ''}, {'name': ' None', 'count': 0, 'meta': ''}, {'name': ' None', 'count': 0, 'meta': ''}, {'name': ' None', 'count': 0, 'meta': ''}, {'name': ' None', 'count': 0, 'meta': ''}, {'name': ' None', 'count': 0, 'meta': ''}, {'name': ' None', 'count': 0, 'meta': ''}, {'name': ' None', 'count': 0, 'meta': ''}, {'name': ' None', 'count': 0, 'meta': ''}, {'name': ' None', 'count': 0, 'meta': ''}, {'name': ' None', 'count': 0, 'meta': ''}, {'name': ' None', 'count': 0, 'meta': ''}]","Armor Slot 0: None, Count: 0; Armor Slot 1: None, Count: 0; Armor Slot 2: None, Count: 0; Armor Slot 3: None, Count: 0; ","Offhand: None, Count: 0; ",[],20.0,20.0,"[-0.13886884463525223, -0.430510345642518, 0.891838710913823]",east,6,0 minecraft:air,False,Player is not currently riding anything,0.0784000015258789
118.0,14:59:40.355458100,2025-07-30,literal{minecrafter256},"(104.69999998807907, 72.0, 158.3391160624694)",20.0,"[{'name': ' None', 'count': 0, 'meta': ''}, {'name': ' None', 'count': 0, 'meta': ''}, {'name': ' None', 'count': 0, 'meta': ''}, {'name': ' None', 'count': 0, 'meta': ''}, {'name': ' None', 'count': 0, 'meta': ''}, {'name': ' None', 'count': 0, 'meta': ''}, {'name': ' None', 'count': 0, 'meta': ''}, {'name': ' None', 'count': 0, 'meta': ''}, {'name': ' None', 'count': 0, 'meta': ''}, {'name': ' None', 'count': 0, 'meta': ''}, {'name': ' None', 'count': 0, 'meta': ''}, {'name': ' None', 'count': 0, 'meta': ''}, {'name': ' None', 'count': 0, 'meta': ''}, {'name': ' None', 'count': 0, 'meta': ''}, {'name': ' None', 'count': 0, 'meta': ''}, {'name': ' None', 'count': 0, 'meta': ''}, {'name': ' None', 'count': 0, 'meta': ''}, {'name': ' None', 'count': 0, 'meta': ''}, {'name': ' None', 'count': 0, 'meta': ''}, {'name': ' None', 'count': 0, 'meta': ''}, {'name': ' None', 'count': 0, 'meta': ''}, {'name': ' None', 'count': 0, 'meta': ''}, {'name': ' None', 'count': 0, 'meta': ''}, {'name': ' None', 'count': 0, 'meta': ''}, {'name': ' None', 'count': 0, 'meta': ''}, {'name': ' None', 'count': 0, 'meta': ''}, {'name': ' None', 'count': 0, 'meta': ''}, {'name': ' None', 'count': 0, 'meta': ''}, {'name': ' None', 'count': 0, 'meta': ''}, {'name': ' None', 'count': 0, 'meta': ''}, {'name': ' None', 'count': 0, 'meta': ''}, {'name': ' None', 'count': 0, 'meta': ''}, {'name': ' None', 'count': 0, 'meta': ''}, {'name': ' None', 'count': 0, 'meta': ''}, {'name': ' None', 'count': 0, 'meta': ''}, {'name': ' None', 'count': 0, 'meta': ''}]","Armor Slot 0: None, Count: 0; Armor Slot 1: None, Count: 0; Armor Slot 2: None, Count: 0; Armor Slot 3: None, Count: 0; ","Offhand: None, Count: 0; ",[],20.0,20.0,"[-0.13886884463525223, -0.430510345642518, 0.891838710913823]",east,6,0 minecraft:air,False,Player is not currently riding anything,0.0784000015258789
118.0,14:59:40.406794200,2025-07-30,literal{minecrafter256},"(104.69999998807907, 72.0, 158.3391160624694)",20.0,"[{'name': ' None', 'count': 0, 'meta': ''}, {'name': ' None', 'count': 0, 'meta': ''}, {'name': ' None', 'count': 0, 'meta': ''}, {'name': ' None', 'count': 0, 'meta': ''}, {'name': ' None', 'count': 0, 'meta': ''}, {'name': ' None', 'count': 0, 'meta': ''}, {'name': ' None', 'count': 0, 'meta': ''}, {'name': ' None', 'count': 0, 'meta': ''}, {'name': ' None', 'count': 0, 'meta': ''}, {'name': ' None', 'count': 0, 'meta': ''}, {'name': ' None', 'count': 0, 'meta': ''}, {'name': ' None', 'count': 0, 'meta': ''}, {'name': ' None', 'count': 0, 'meta': ''}, {'name': ' None', 'count': 0, 'meta': ''}, {'name': ' None', 'count': 0, 'meta': ''}, {'name': ' None', 'count': 0, 'meta': ''}, {'name': ' None', 'count': 0, 'meta': ''}, {'name': ' None', 'count': 0, 'meta': ''}, {'name': ' None', 'count': 0, 'meta': ''}, {'name': ' None', 'count': 0, 'meta': ''}, {'name': ' None', 'count': 0, 'meta': ''}, {'name': ' None', 'count': 0, 'meta': ''}, {'name': ' None', 'count': 0, 'meta': ''}, {'name': ' None', 'count': 0, 'meta': ''}, {'name': ' None', 'count': 0, 'meta': ''}, {'name': ' None', 'count': 0, 'meta': ''}, {'name': ' None', 'count': 0, 'meta': ''}, {'name': ' None', 'count': 0, 'meta': ''}, {'name': ' None', 'count': 0, 'meta': ''}, {'name': ' None', 'count': 0, 'meta': ''}, {'name': ' None', 'count': 0, 'meta': ''}, {'name': ' None', 'count': 0, 'meta': ''}, {'name': ' None', 'count': 0, 'meta': ''}, {'name': ' None', 'count': 0, 'meta': ''}, {'name': ' None', 'count': 0, 'meta': ''}, {'name': ' None', 'count': 0, 'meta': ''}]","Armor Slot 0: None, Count: 0; Armor Slot 1: None, Count: 0; Armor Slot 2: None, Count: 0; Armor Slot 3: None, Count: 0; ","Offhand: None, Count: 0; ",[],20.0,20.0,"[-0.14102641208869432, -0.43287182529340107, 0.8903558468166248]",east,6,0 minecraft:air,False,Player is not currently riding anything,0.0784000015258789
118.0,14:59:40.459664200,2025-07-30,literal{minecrafter256},"(104.69999998807907, 72.0, 158.3391160624694)",20.0,"[{'name': ' None', 'count': 0, 'meta': ''}, {'name': ' None', 'count': 0, 'meta': ''}, {'name': ' None', 'count': 0, 'meta': ''}, {'name': ' None', 'count': 0, 'meta': ''}, {'name': ' None', 'count': 0, 'meta': ''}, {'name': ' None', 'count': 0, 'meta': ''}, {'name': ' None', 'count': 0, 'meta': ''}, {'name': ' None', 'count': 0, 'meta': ''}, {'name': ' None', 'count': 0, 'meta': ''}, {'name': ' None', 'count': 0, 'meta': ''}, {'name': ' None', 'count': 0, 'meta': ''}, {'name': ' None', 'count': 0, 'meta': ''}, {'name': ' None', 'count': 0, 'meta': ''}, {'name': ' None', 'count': 0, 'meta': ''}, {'name': ' None', 'count': 0, 'meta': ''}, {'name': ' None', 'count': 0, 'meta': ''}, {'name': ' None', 'count': 0, 'meta': ''}, {'name': ' None', 'count': 0, 'meta': ''}, {'name': ' None', 'count': 0, 'meta': ''}, {'name': ' None', 'count': 0, 'meta': ''}, {'name': ' None', 'count': 0, 'meta': ''}, {'name': ' None', 'count': 0, 'meta': ''}, {'name': ' None', 'count': 0, 'meta': ''}, {'name': ' None', 'count': 0, 'meta': ''}, {'name': ' None', 'count': 0, 'meta': ''}, {'name': ' None', 'count': 0, 'meta': ''}, {'name': ' None', 'count': 0, 'meta': ''}, {'name': ' None', 'count': 0, 'meta': ''}, {'name': ' None', 'count': 0, 'meta': ''}, {'name': ' None', 'count': 0, 'meta': ''}, {'name': ' None', 'count': 0, 'meta': ''}, {'name': ' None', 'count': 0, 'meta': ''}, {'name': ' None', 'count': 0, 'meta': ''}, {'name': ' None', 'count': 0, 'meta': ''}, {'name': ' None', 'count': 0, 'meta': ''}, {'name': ' None', 'count': 0, 'meta': ''}]","Armor Slot 0: None, Count: 0; Armor Slot 1: None, Count: 0; Armor Slot 2: None, Count: 0; Armor Slot 3: None, Count: 0; ","Offhand: None, Count: 0; ",[],20.0,20.0,"[-0.1445695807989447, -0.4469778642854795, 0.8827856054254672]",east,6,0 minecraft:air,False,Player is not currently riding anything,0.0784000015258789
118.0,14:59:40.507240800,2025-07-30,literal{minecrafter256},"(104.69999998807907, 72.0, 158.3391160624694)",20.0,"[{'name': ' None', 'count': 0, 'meta': ''}, {'name': ' None', 'count': 0, 'meta': ''}, {'name': ' None', 'count': 0, 'meta': ''}, {'name': ' None', 'count': 0, 'meta': ''}, {'name': ' None', 'count': 0, 'meta': ''}, {'name': ' None', 'count': 0, 'meta': ''}, {'name': ' None', 'count': 0, 'meta': ''}, {'name': ' None', 'count': 0, 'meta': ''}, {'name': ' None', 'count': 0, 'meta': ''}, {'name': ' None', 'count': 0, 'meta': ''}, {'name': ' None', 'count': 0, 'meta': ''}, {'name': ' None', 'count': 0, 'meta': ''}, {'name': ' None', 'count': 0, 'meta': ''}, {'name': ' None', 'count': 0, 'meta': ''}, {'name': ' None', 'count': 0, 'meta': ''}, {'name': ' None', 'count': 0, 'meta': ''}, {'name': ' None', 'count': 0, 'meta': ''}, {'name': ' None', 'count': 0, 'meta': ''}, {'name': ' None', 'count': 0, 'meta': ''}, {'name': ' None', 'count': 0, 'meta': ''}, {'name': ' None', 'count': 0, 'meta': ''}, {'name': ' None', 'count': 0, 'meta': ''}, {'name': ' None', 'count': 0, 'meta': ''}, {'name': ' None', 'count': 0, 'meta': ''}, {'name': ' None', 'count': 0, 'meta': ''}, {'name': ' None', 'count': 0, 'meta': ''}, {'name': ' None', 'count': 0, 'meta': ''}, {'name': ' None', 'count': 0, 'meta': ''}, {'name': ' None', 'count': 0, 'meta': ''}, {'name': ' None', 'count': 0, 'meta': ''}, {'name': ' None', 'count': 0, 'meta': ''}, {'name': ' None', 'count': 0, 'meta': ''}, {'name': ' None', 'count': 0, 'meta': ''}, {'name': ' None', 'count': 0, 'meta': ''}, {'name': ' None', 'count': 0, 'meta': ''}, {'name': ' None', 'count': 0, 'meta': ''}]","Armor Slot 0: None, Count: 0; Armor Slot 1: None, Count: 0; Armor Slot 2: None, Count: 0; Armor Slot 3: None, Count: 0; ","Offhand: None, Count: 0; ",[],20.0,20.0,"[-0.14688023353747523, -0.4469778642854795, 0.8824040944118335]",east,6,0 minecraft:air,False,Player is not currently riding anything,0.0784000015258789
118.0,14:59:40.557988500,2025-07-30,literal{minecrafter256},"(104.69999998807907, 72.0, 158.3391160624694)",20.0,"[{'name': ' None', 'count': 0, 'meta': ''}, {'name': ' None', 'count': 0, 'meta': ''}, {'name': ' None', 'count': 0, 'meta': ''}, {'name': ' None', 'count': 0, 'meta': ''}, {'name': ' None', 'count': 0, 'meta': ''}, {'name': ' None', 'count': 0, 'meta': ''}, {'name': ' None', 'count': 0, 'meta': ''}, {'name': ' None', 'count': 0, 'meta': ''}, {'name': ' None', 'count': 0, 'meta': ''}, {'name': ' None', 'count': 0, 'meta': ''}, {'name': ' None', 'count': 0, 'meta': ''}, {'name': ' None', 'count': 0, 'meta': ''}, {'name': ' None', 'count': 0, 'meta': ''}, {'name': ' None', 'count': 0, 'meta': ''}, {'name': ' None', 'count': 0, 'meta': ''}, {'name': ' None', 'count': 0, 'meta': ''}, {'name': ' None', 'count': 0, 'meta': ''}, {'name': ' None', 'count': 0, 'meta': ''}, {'name': ' None', 'count': 0, 'meta': ''}, {'name': ' None', 'count': 0, 'meta': ''}, {'name': ' None', 'count': 0, 'meta': ''}, {'name': ' None', 'count': 0, 'meta': ''}, {'name': ' None', 'count': 0, 'meta': ''}, {'name': ' None', 'count': 0, 'meta': ''}, {'name': ' None', 'count': 0, 'meta': ''}, {'name': ' None', 'count': 0, 'meta': ''}, {'name': ' None', 'count': 0, 'meta': ''}, {'name': ' None', 'count': 0, 'meta': ''}, {'name': ' None', 'count': 0, 'meta': ''}, {'name': ' None', 'count': 0, 'meta': ''}, {'name': ' None', 'count': 0, 'meta': ''}, {'name': ' None', 'count': 0, 'meta': ''}, {'name': ' None', 'count': 0, 'meta': ''}, {'name': ' None', 'count': 0, 'meta': ''}, {'name': ' None', 'count': 0, 'meta': ''}, {'name': ' None', 'count': 0, 'meta': ''}]","Armor Slot 0: None, Count: 0; Armor Slot 1: None, Count: 0; Armor Slot 2: None, Count: 0; Armor Slot 3: None, Count: 0; ","Offhand: None, Count: 0; ",[],20.0,20.0,"[-0.14688023353747523, -0.4469778642854795, 0.8824040944118335]",east,6,0 minecraft:air,False,Player is not currently riding anything,0.0784000015258789
118.0,14:59:40.606231400,2025-07-30,literal{minecrafter256},"(104.69999998807907, 72.0, 158.3391160624694)",20.0,"[{'name': ' None', 'count': 0, 'meta': ''}, {'name': ' None', 'count': 0, 'meta': ''}, {'name': ' None', 'count': 0, 'meta': ''}, {'name': ' None', 'count': 0, 'meta': ''}, {'name': ' None', 'count': 0, 'meta': ''}, {'name': ' None', 'count': 0, 'meta': ''}, {'name': ' None', 'count': 0, 'meta': ''}, {'name': ' None', 'count': 0, 'meta': ''}, {'name': ' None', 'count': 0, 'meta': ''}, {'name': ' None', 'count': 0, 'meta': ''}, {'name': ' None', 'count': 0, 'meta': ''}, {'name': ' None', 'count': 0, 'meta': ''}, {'name': ' None', 'count': 0, 'meta': ''}, {'name': ' None', 'count': 0, 'meta': ''}, {'name': ' None', 'count': 0, 'meta': ''}, {'name': ' None', 'count': 0, 'meta': ''}, {'name': ' None', 'count': 0, 'meta': ''}, {'name': ' None', 'count': 0, 'meta': ''}, {'name': ' None', 'count': 0, 'meta': ''}, {'name': ' None', 'count': 0, 'meta': ''}, {'name': ' None', 'count': 0, 'meta': ''}, {'name': ' None', 'count': 0, 'meta': ''}, {'name': ' None', 'count': 0, 'meta': ''}, {'name': ' None', 'count': 0, 'meta': ''}, {'name': ' None', 'count': 0, 'meta': ''}, {'name': ' None', 'count': 0, 'meta': ''}, {'name': ' None', 'count': 0, 'meta': ''}, {'name': ' None', 'count': 0, 'meta': ''}, {'name': ' None', 'count': 0, 'meta': ''}, {'name': ' None', 'count': 0, 'meta': ''}, {'name': ' None', 'count': 0, 'meta': ''}, {'name': ' None', 'count': 0, 'meta': ''}, {'name': ' None', 'count': 0, 'meta': ''}, {'name': ' None', 'count': 0, 'meta': ''}, {'name': ' None', 'count': 0, 'meta': ''}, {'name': ' None', 'count': 0, 'meta': ''}]","Armor Slot 0: None, Count: 0; Armor Slot 1: None, Count: 0; Armor Slot 2: None, Count: 0; Armor Slot 3: None, Count: 0; ","Offhand: None, Count: 0; ",[],20.0,20.0,"[-0.14688023353747523, -0.4469778642854795, 0.8824040944118335]",east,6,0 minecraft:air,False,Player is not currently riding anything,0.0784000015258789
118.0,14:59:40.657608600,2025-07-30,literal{minecrafter256},"(104.69999998807907, 72.0, 158.3391160624694)",20.0,"[{'name': ' None', 'count': 0, 'meta': ''}, {'name': ' None', 'count': 0, 'meta': ''}, {'name': ' None', 'count': 0, 'meta': ''}, {'name': ' None', 'count': 0, 'meta': ''}, {'name': ' None', 'count': 0, 'meta': ''}, {'name': ' None', 'count': 0, 'meta': ''}, {'name': ' None', 'count': 0, 'meta': ''}, {'name': ' None', 'count': 0, 'meta': ''}, {'name': ' None', 'count': 0, 'meta': ''}, {'name': ' None', 'count': 0, 'meta': ''}, {'name': ' None', 'count': 0, 'meta': ''}, {'name': ' None', 'count': 0, 'meta': ''}, {'name': ' None', 'count': 0, 'meta': ''}, {'name': ' None', 'count': 0, 'meta': ''}, {'name': ' None', 'count': 0, 'meta': ''}, {'name': ' None', 'count': 0, 'meta': ''}, {'name': ' None', 'count': 0, 'meta': ''}, {'name': ' None', 'count': 0, 'meta': ''}, {'name': ' None', 'count': 0, 'meta': ''}, {'name': ' None', 'count': 0, 'meta': ''}, {'name': ' None', 'count': 0, 'meta': ''}, {'name': ' None', 'count': 0, 'meta': ''}, {'name': ' None', 'count': 0, 'meta': ''}, {'name': ' None', 'count': 0, 'meta': ''}, {'name': ' None', 'count': 0, 'meta': ''}, {'name': ' None', 'count': 0, 'meta': ''}, {'name': ' None', 'count': 0, 'meta': ''}, {'name': ' None', 'count': 0, 'meta': ''}, {'name': ' None', 'count': 0, 'meta': ''}, {'name': ' None', 'count': 0, 'meta': ''}, {'name': ' None', 'count': 0, 'meta': ''}, {'name': ' None', 'count': 0, 'meta': ''}, {'name': ' None', 'count': 0, 'meta': ''}, {'name': ' None', 'count': 0, 'meta': ''}, {'name': ' None', 'count': 0, 'meta': ''}, {'name': ' None', 'count': 0, 'meta': ''}]","Armor Slot 0: None, Count: 0; Armor Slot 1: None, Count: 0; Armor Slot 2: None, Count: 0; Armor Slot 3: None, Count: 0; ","Offhand: None, Count: 0; ",[],20.0,20.0,"[-0.14688023353747523, -0.4469778642854795, 0.8824040944118335]",east,6,0 minecraft:air,False,Player is not currently riding anything,0.0784000015258789
118.0,14:59:40.709113,2025-07-30,literal{minecrafter256},"(104.69999998807907, 72.0, 158.3391160624694)",20.0,"[{'name': ' None', 'count': 0, 'meta': ''}, {'name': ' None', 'count': 0, 'meta': ''}, {'name': ' None', 'count': 0, 'meta': ''}, {'name': ' None', 'count': 0, 'meta': ''}, {'name': ' None', 'count': 0, 'meta': ''}, {'name': ' None', 'count': 0, 'meta': ''}, {'name': ' None', 'count': 0, 'meta': ''}, {'name': ' None', 'count': 0, 'meta': ''}, {'name': ' None', 'count': 0, 'meta': ''}, {'name': ' None', 'count': 0, 'meta': ''}, {'name': ' None', 'count': 0, 'meta': ''}, {'name': ' None', 'count': 0, 'meta': ''}, {'name': ' None', 'count': 0, 'meta': ''}, {'name': ' None', 'count': 0, 'meta': ''}, {'name': ' None', 'count': 0, 'meta': ''}, {'name': ' None', 'count': 0, 'meta': ''}, {'name': ' None', 'count': 0, 'meta': ''}, {'name': ' None', 'count': 0, 'meta': ''}, {'name': ' None', 'count': 0, 'meta': ''}, {'name': ' None', 'count': 0, 'meta': ''}, {'name': ' None', 'count': 0, 'meta': ''}, {'name': ' None', 'count': 0, 'meta': ''}, {'name': ' None', 'count': 0, 'meta': ''}, {'name': ' None', 'count': 0, 'meta': ''}, {'name': ' None', 'count': 0, 'meta': ''}, {'name': ' None', 'count': 0, 'meta': ''}, {'name': ' None', 'count': 0, 'meta': ''}, {'name': ' None', 'count': 0, 'meta': ''}, {'name': ' None', 'count': 0, 'meta': ''}, {'name': ' None', 'count': 0, 'meta': ''}, {'name': ' None', 'count': 0, 'meta': ''}, {'name': ' None', 'count': 0, 'meta': ''}, {'name': ' None', 'count': 0, 'meta': ''}, {'name': ' None', 'count': 0, 'meta': ''}, {'name': ' None', 'count': 0, 'meta': ''}, {'name': ' None', 'count': 0, 'meta': ''}]","Armor Slot 0: None, Count: 0; Armor Slot 1: None, Count: 0; Armor Slot 2: None, Count: 0; Armor Slot 3: None, Count: 0; ","Offhand: None, Count: 0; ",[],20.0,20.0,"[-0.14918987955484958, -0.4469778642854795, 0.8820165353762938]",east,6,0 minecraft:air,False,Player is not currently riding anything,0.0784000015258789
118.0,14:59:40.759094,2025-07-30,literal{minecrafter256},"(104.69999998807907, 72.0, 158.3391160624694)",20.0,"[{'name': ' None', 'count': 0, 'meta': ''}, {'name': ' None', 'count': 0, 'meta': ''}, {'name': ' None', 'count': 0, 'meta': ''}, {'name': ' None', 'count': 0, 'meta': ''}, {'name': ' None', 'count': 0, 'meta': ''}, {'name': ' None', 'count': 0, 'meta': ''}, {'name': ' None', 'count': 0, 'meta': ''}, {'name': ' None', 'count': 0, 'meta': ''}, {'name': ' None', 'count': 0, 'meta': ''}, {'name': ' None', 'count': 0, 'meta': ''}, {'name': ' None', 'count': 0, 'meta': ''}, {'name': ' None', 'count': 0, 'meta': ''}, {'name': ' None', 'count': 0, 'meta': ''}, {'name': ' None', 'count': 0, 'meta': ''}, {'name': ' None', 'count': 0, 'meta': ''}, {'name': ' None', 'count': 0, 'meta': ''}, {'name': ' None', 'count': 0, 'meta': ''}, {'name': ' None', 'count': 0, 'meta': ''}, {'name': ' None', 'count': 0, 'meta': ''}, {'name': ' None', 'count': 0, 'meta': ''}, {'name': ' None', 'count': 0, 'meta': ''}, {'name': ' None', 'count': 0, 'meta': ''}, {'name': ' None', 'count': 0, 'meta': ''}, {'name': ' None', 'count': 0, 'meta': ''}, {'name': ' None', 'count': 0, 'meta': ''}, {'name': ' None', 'count': 0, 'meta': ''}, {'name': ' None', 'count': 0, 'meta': ''}, {'name': ' None', 'count': 0, 'meta': ''}, {'name': ' None', 'count': 0, 'meta': ''}, {'name': ' None', 'count': 0, 'meta': ''}, {'name': ' None', 'count': 0, 'meta': ''}, {'name': ' None', 'count': 0, 'meta': ''}, {'name': ' None', 'count': 0, 'meta': ''}, {'name': ' None', 'count': 0, 'meta': ''}, {'name': ' None', 'count': 0, 'meta': ''}, {'name': ' None', 'count': 0, 'meta': ''}]","Armor Slot 0: None, Count: 0; Armor Slot 1: None, Count: 0; Armor Slot 2: None, Count: 0; Armor Slot 3: None, Count: 0; ","Offhand: None, Count: 0; ",[],20.0,20.0,"[-0.15692090758386829, -0.43758589784362306, 0.8853781174003824]",east,6,0 minecraft:air,False,Player is not currently riding anything,0.0784000015258789
118.0,14:59:40.807291900,2025-07-30,literal{minecrafter256},"(104.69999998807907, 72.0, 158.3391160624694)",20.0,"[{'name': ' None', 'count': 0, 'meta': ''}, {'name': ' None', 'count': 0, 'meta': ''}, {'name': ' None', 'count': 0, 'meta': ''}, {'name': ' None', 'count': 0, 'meta': ''}, {'name': ' None', 'count': 0, 'meta': ''}, {'name': ' None', 'count': 0, 'meta': ''}, {'name': ' None', 'count': 0, 'meta': ''}, {'name': ' None', 'count': 0, 'meta': ''}, {'name': ' None', 'count': 0, 'meta': ''}, {'name': ' None', 'count': 0, 'meta': ''}, {'name': ' None', 'count': 0, 'meta': ''}, {'name': ' None', 'count': 0, 'meta': ''}, {'name': ' None', 'count': 0, 'meta': ''}, {'name': ' None', 'count': 0, 'meta': ''}, {'name': ' None', 'count': 0, 'meta': ''}, {'name': ' None', 'count': 0, 'meta': ''}, {'name': ' None', 'count': 0, 'meta': ''}, {'name': ' None', 'count': 0, 'meta': ''}, {'name': ' None', 'count': 0, 'meta': ''}, {'name': ' None', 'count': 0, 'meta': ''}, {'name': ' None', 'count': 0, 'meta': ''}, {'name': ' None', 'count': 0, 'meta': ''}, {'name': ' None', 'count': 0, 'meta': ''}, {'name': ' None', 'count': 0, 'meta': ''}, {'name': ' None', 'count': 0, 'meta': ''}, {'name': ' None', 'count': 0, 'meta': ''}, {'name': ' None', 'count': 0, 'meta': ''}, {'name': ' None', 'count': 0, 'meta': ''}, {'name': ' None', 'count': 0, 'meta': ''}, {'name': ' None', 'count': 0, 'meta': ''}, {'name': ' None', 'count': 0, 'meta': ''}, {'name': ' None', 'count': 0, 'meta': ''}, {'name': ' None', 'count': 0, 'meta': ''}, {'name': ' None', 'count': 0, 'meta': ''}, {'name': ' None', 'count': 0, 'meta': ''}, {'name': ' None', 'count': 0, 'meta': ''}]","Armor Slot 0: None, Count: 0; Armor Slot 1: None, Count: 0; Armor Slot 2: None, Count: 0; Armor Slot 3: None, Count: 0; ","Offhand: None, Count: 0; ",[],20.0,20.0,"[-0.19831009793939908, -0.39233638783767394, 0.8981899931716855]",east,6,0 minecraft:air,False,Player is not currently riding anything,0.0784000015258789
118.0,14:59:40.855360600,2025-07-30,literal{minecrafter256},"(104.69999998807907, 72.0, 158.3391160624694)",20.0,"[{'name': ' None', 'count': 0, 'meta': ''}, {'name': ' None', 'count': 0, 'meta': ''}, {'name': ' None', 'count': 0, 'meta': ''}, {'name': ' None', 'count': 0, 'meta': ''}, {'name': ' None', 'count': 0, 'meta': ''}, {'name': ' None', 'count': 0, 'meta': ''}, {'name': ' None', 'count': 0, 'meta': ''}, {'name': ' None', 'count': 0, 'meta': ''}, {'name': ' None', 'count': 0, 'meta': ''}, {'name': ' None', 'count': 0, 'meta': ''}, {'name': ' None', 'count': 0, 'meta': ''}, {'name': ' None', 'count': 0, 'meta': ''}, {'name': ' None', 'count': 0, 'meta': ''}, {'name': ' None', 'count': 0, 'meta': ''}, {'name': ' None', 'count': 0, 'meta': ''}, {'name': ' None', 'count': 0, 'meta': ''}, {'name': ' None', 'count': 0, 'meta': ''}, {'name': ' None', 'count': 0, 'meta': ''}, {'name': ' None', 'count': 0, 'meta': ''}, {'name': ' None', 'count': 0, 'meta': ''}, {'name': ' None', 'count': 0, 'meta': ''}, {'name': ' None', 'count': 0, 'meta': ''}, {'name': ' None', 'count': 0, 'meta': ''}, {'name': ' None', 'count': 0, 'meta': ''}, {'name': ' None', 'count': 0, 'meta': ''}, {'name': ' None', 'count': 0, 'meta': ''}, {'name': ' None', 'count': 0, 'meta': ''}, {'name': ' None', 'count': 0, 'meta': ''}, {'name': ' None', 'count': 0, 'meta': ''}, {'name': ' None', 'count': 0, 'meta': ''}, {'name': ' None', 'count': 0, 'meta': ''}, {'name': ' None', 'count': 0, 'meta': ''}, {'name': ' None', 'count': 0, 'meta': ''}, {'name': ' None', 'count': 0, 'meta': ''}, {'name': ' None', 'count': 0, 'meta': ''}, {'name': ' None', 'count': 0, 'meta': ''}]","Armor Slot 0: None, Count: 0; Armor Slot 1: None, Count: 0; Armor Slot 2: None, Count: 0; Armor Slot 3: None, Count: 0; ","Offhand: None, Count: 0; ",[],20.0,20.0,"[-0.22889545665724287, -0.28150342982038856, 0.9318598011079938]",east,6,0 minecraft:air,False,Player is not currently riding anything,0.0784000015258789
118.0,14:59:40.906832,2025-07-30,literal{minecrafter256},"(104.69999998807907, 72.0, 158.3391160624694)",20.0,"[{'name': ' None', 'count': 0, 'meta': ''}, {'name': ' None', 'count': 0, 'meta': ''}, {'name': ' None', 'count': 0, 'meta': ''}, {'name': ' None', 'count': 0, 'meta': ''}, {'name': ' None', 'count': 0, 'meta': ''}, {'name': ' None', 'count': 0, 'meta': ''}, {'name': ' None', 'count': 0, 'meta': ''}, {'name': ' None', 'count': 0, 'meta': ''}, {'name': ' None', 'count': 0, 'meta': ''}, {'name': ' None', 'count': 0, 'meta': ''}, {'name': ' None', 'count': 0, 'meta': ''}, {'name': ' None', 'count': 0, 'meta': ''}, {'name': ' None', 'count': 0, 'meta': ''}, {'name': ' None', 'count': 0, 'meta': ''}, {'name': ' None', 'count': 0, 'meta': ''}, {'name': ' None', 'count': 0, 'meta': ''}, {'name': ' None', 'count': 0, 'meta': ''}, {'name': ' None', 'count': 0, 'meta': ''}, {'name': ' None', 'count': 0, 'meta': ''}, {'name': ' None', 'count': 0, 'meta': ''}, {'name': ' None', 'count': 0, 'meta': ''}, {'name': ' None', 'count': 0, 'meta': ''}, {'name': ' None', 'count': 0, 'meta': ''}, {'name': ' None', 'count': 0, 'meta': ''}, {'name': ' None', 'count': 0, 'meta': ''}, {'name': ' None', 'count': 0, 'meta': ''}, {'name': ' None', 'count': 0, 'meta': ''}, {'name': ' None', 'count': 0, 'meta': ''}, {'name': ' None', 'count': 0, 'meta': ''}, {'name': ' None', 'count': 0, 'meta': ''}, {'name': ' None', 'count': 0, 'meta': ''}, {'name': ' None', 'count': 0, 'meta': ''}, {'name': ' None', 'count': 0, 'meta': ''}, {'name': ' None', 'count': 0, 'meta': ''}, {'name': ' None', 'count': 0, 'meta': ''}, {'name': ' None', 'count': 0, 'meta': ''}]","Armor Slot 0: None, Count: 0; Armor Slot 1: None, Count: 0; Armor Slot 2: None, Count: 0; Armor Slot 3: None, Count: 0; ","Offhand: None, Count: 0; ",[],20.0,20.0,"[-0.2310478538839528, -0.24868912298997994, 0.9406224584402045]",east,6,0 minecraft:air,False,Player is not currently riding anything,0.0784000015258789
118.0,14:59:40.958758900,2025-07-30,literal{minecrafter256},"(104.69999998807907, 72.0, 158.3391160624694)",20.0,"[{'name': ' None', 'count': 0, 'meta': ''}, {'name': ' None', 'count': 0, 'meta': ''}, {'name': ' None', 'count': 0, 'meta': ''}, {'name': ' None', 'count': 0, 'meta': ''}, {'name': ' None', 'count': 0, 'meta': ''}, {'name': ' None', 'count': 0, 'meta': ''}, {'name': ' None', 'count': 0, 'meta': ''}, {'name': ' None', 'count': 0, 'meta': ''}, {'name': ' None', 'count': 0, 'meta': ''}, {'name': ' None', 'count': 0, 'meta': ''}, {'name': ' None', 'count': 0, 'meta': ''}, {'name': ' None', 'count': 0, 'meta': ''}, {'name': ' None', 'count': 0, 'meta': ''}, {'name': ' None', 'count': 0, 'meta': ''}, {'name': ' None', 'count': 0, 'meta': ''}, {'name': ' None', 'count': 0, 'meta': ''}, {'name': ' None', 'count': 0, 'meta': ''}, {'name': ' None', 'count': 0, 'meta': ''}, {'name': ' None', 'count': 0, 'meta': ''}, {'name': ' None', 'count': 0, 'meta': ''}, {'name': ' None', 'count': 0, 'meta': ''}, {'name': ' None', 'count': 0, 'meta': ''}, {'name': ' None', 'count': 0, 'meta': ''}, {'name': ' None', 'count': 0, 'meta': ''}, {'name': ' None', 'count': 0, 'meta': ''}, {'name': ' None', 'count': 0, 'meta': ''}, {'name': ' None', 'count': 0, 'meta': ''}, {'name': ' None', 'count': 0, 'meta': ''}, {'name': ' None', 'count': 0, 'meta': ''}, {'name': ' None', 'count': 0, 'meta': ''}, {'name': ' None', 'count': 0, 'meta': ''}, {'name': ' None', 'count': 0, 'meta': ''}, {'name': ' None', 'count': 0, 'meta': ''}, {'name': ' None', 'count': 0, 'meta': ''}, {'name': ' None', 'count': 0, 'meta': ''}, {'name': ' None', 'count': 0, 'meta': ''}]","Armor Slot 0: None, Count: 0; Armor Slot 1: None, Count: 0; Armor Slot 2: None, Count: 0; Armor Slot 3: None, Count: 0; ","Offhand: None, Count: 0; ",[],20.0,20.0,"[-0.2310478538839528, -0.24868912298997994, 0.9406224584402045]",east,6,0 minecraft:air,False,Player is not currently riding anything,0.0784000015258789
118.0,14:59:41.006079600,2025-07-30,literal{minecrafter256},"(104.69999998807907, 72.0, 158.3391160624694)",20.0,"[{'name': ' None', 'count': 0, 'meta': ''}, {'name': ' None', 'count': 0, 'meta': ''}, {'name': ' None', 'count': 0, 'meta': ''}, {'name': ' None', 'count': 0, 'meta': ''}, {'name': ' None', 'count': 0, 'meta': ''}, {'name': ' None', 'count': 0, 'meta': ''}, {'name': ' None', 'count': 0, 'meta': ''}, {'name': ' None', 'count': 0, 'meta': ''}, {'name': ' None', 'count': 0, 'meta': ''}, {'name': ' None', 'count': 0, 'meta': ''}, {'name': ' None', 'count': 0, 'meta': ''}, {'name': ' None', 'count': 0, 'meta': ''}, {'name': ' None', 'count': 0, 'meta': ''}, {'name': ' None', 'count': 0, 'meta': ''}, {'name': ' None', 'count': 0, 'meta': ''}, {'name': ' None', 'count': 0, 'meta': ''}, {'name': ' None', 'count': 0, 'meta': ''}, {'name': ' None', 'count': 0, 'meta': ''}, {'name': ' None', 'count': 0, 'meta': ''}, {'name': ' None', 'count': 0, 'meta': ''}, {'name': ' None', 'count': 0, 'meta': ''}, {'name': ' None', 'count': 0, 'meta': ''}, {'name': ' None', 'count': 0, 'meta': ''}, {'name': ' None', 'count': 0, 'meta': ''}, {'name': ' None', 'count': 0, 'meta': ''}, {'name': ' None', 'count': 0, 'meta': ''}, {'name': ' None', 'count': 0, 'meta': ''}, {'name': ' None', 'count': 0, 'meta': ''}, {'name': ' None', 'count': 0, 'meta': ''}, {'name': ' None', 'count': 0, 'meta': ''}, {'name': ' None', 'count': 0, 'meta': ''}, {'name': ' None', 'count': 0, 'meta': ''}, {'name': ' None', 'count': 0, 'meta': ''}, {'name': ' None', 'count': 0, 'meta': ''}, {'name': ' None', 'count': 0, 'meta': ''}, {'name': ' None', 'count': 0, 'meta': ''}]","Armor Slot 0: None, Count: 0; Armor Slot 1: None, Count: 0; Armor Slot 2: None, Count: 0; Armor Slot 3: None, Count: 0; ","Offhand: None, Count: 0; ",[],20.0,20.0,"[-0.2310478538839528, -0.24868912298997994, 0.9406224584402045]",east,6,0 minecraft:air,False,Player is not currently riding anything,0.0784000015258789
118.0,14:59:41.057355600,2025-07-30,literal{minecrafter256},"(104.69999998807907, 72.0, 158.3391160624694)",20.0,"[{'name': ' None', 'count': 0, 'meta': ''}, {'name': ' None', 'count': 0, 'meta': ''}, {'name': ' None', 'count': 0, 'meta': ''}, {'name': ' None', 'count': 0, 'meta': ''}, {'name': ' None', 'count': 0, 'meta': ''}, {'name': ' None', 'count': 0, 'meta': ''}, {'name': ' None', 'count': 0, 'meta': ''}, {'name': ' None', 'count': 0, 'meta': ''}, {'name': ' None', 'count': 0, 'meta': ''}, {'name': ' None', 'count': 0, 'meta': ''}, {'name': ' None', 'count': 0, 'meta': ''}, {'name': ' None', 'count': 0, 'meta': ''}, {'name': ' None', 'count': 0, 'meta': ''}, {'name': ' None', 'count': 0, 'meta': ''}, {'name': ' None', 'count': 0, 'meta': ''}, {'name': ' None', 'count': 0, 'meta': ''}, {'name': ' None', 'count': 0, 'meta': ''}, {'name': ' None', 'count': 0, 'meta': ''}, {'name': ' None', 'count': 0, 'meta': ''}, {'name': ' None', 'count': 0, 'meta': ''}, {'name': ' None', 'count': 0, 'meta': ''}, {'name': ' None', 'count': 0, 'meta': ''}, {'name': ' None', 'count': 0, 'meta': ''}, {'name': ' None', 'count': 0, 'meta': ''}, {'name': ' None', 'count': 0, 'meta': ''}, {'name': ' None', 'count': 0, 'meta': ''}, {'name': ' None', 'count': 0, 'meta': ''}, {'name': ' None', 'count': 0, 'meta': ''}, {'name': ' None', 'count': 0, 'meta': ''}, {'name': ' None', 'count': 0, 'meta': ''}, {'name': ' None', 'count': 0, 'meta': ''}, {'name': ' None', 'count': 0, 'meta': ''}, {'name': ' None', 'count': 0, 'meta': ''}, {'name': ' None', 'count': 0, 'meta': ''}, {'name': ' None', 'count': 0, 'meta': ''}, {'name': ' None', 'count': 0, 'meta': ''}]","Armor Slot 0: None, Count: 0; Armor Slot 1: None, Count: 0; Armor Slot 2: None, Count: 0; Armor Slot 3: None, Count: 0; ","Offhand: None, Count: 0; ",[],20.0,20.0,"[-0.2310478538839528, -0.24868912298997994, 0.9406224584402045]",east,6,0 minecraft:air,False,Player is not currently riding anything,0.0784000015258789
118.0,14:59:41.108600400,2025-07-30,literal{minecrafter256},"(104.69999998807907, 72.0, 158.3391160624694)",20.0,"[{'name': ' None', 'count': 0, 'meta': ''}, {'name': ' None', 'count': 0, 'meta': ''}, {'name': ' None', 'count': 0, 'meta': ''}, {'name': ' None', 'count': 0, 'meta': ''}, {'name': ' None', 'count': 0, 'meta': ''}, {'name': ' None', 'count': 0, 'meta': ''}, {'name': ' None', 'count': 0, 'meta': ''}, {'name': ' None', 'count': 0, 'meta': ''}, {'name': ' None', 'count': 0, 'meta': ''}, {'name': ' None', 'count': 0, 'meta': ''}, {'name': ' None', 'count': 0, 'meta': ''}, {'name': ' None', 'count': 0, 'meta': ''}, {'name': ' None', 'count': 0, 'meta': ''}, {'name': ' None', 'count': 0, 'meta': ''}, {'name': ' None', 'count': 0, 'meta': ''}, {'name': ' None', 'count': 0, 'meta': ''}, {'name': ' None', 'count': 0, 'meta': ''}, {'name': ' None', 'count': 0, 'meta': ''}, {'name': ' None', 'count': 0, 'meta': ''}, {'name': ' None', 'count': 0, 'meta': ''}, {'name': ' None', 'count': 0, 'meta': ''}, {'name': ' None', 'count': 0, 'meta': ''}, {'name': ' None', 'count': 0, 'meta': ''}, {'name': ' None', 'count': 0, 'meta': ''}, {'name': ' None', 'count': 0, 'meta': ''}, {'name': ' None', 'count': 0, 'meta': ''}, {'name': ' None', 'count': 0, 'meta': ''}, {'name': ' None', 'count': 0, 'meta': ''}, {'name': ' None', 'count': 0, 'meta': ''}, {'name': ' None', 'count': 0, 'meta': ''}, {'name': ' None', 'count': 0, 'meta': ''}, {'name': ' None', 'count': 0, 'meta': ''}, {'name': ' None', 'count': 0, 'meta': ''}, {'name': ' None', 'count': 0, 'meta': ''}, {'name': ' None', 'count': 0, 'meta': ''}, {'name': ' None', 'count': 0, 'meta': ''}]","Armor Slot 0: None, Count: 0; Armor Slot 1: None, Count: 0; Armor Slot 2: None, Count: 0; Armor Slot 3: None, Count: 0; ","Offhand: None, Count: 0; ",[],20.0,20.0,"[-0.2310478538839528, -0.24868912298997994, 0.9406224584402045]",east,6,0 minecraft:air,False,Player is not currently riding anything,0.0784000015258789
118.0,14:59:41.155462700,2025-07-30,literal{minecrafter256},"(104.69999998807907, 72.0, 158.3391160624694)",20.0,"[{'name': ' None', 'count': 0, 'meta': ''}, {'name': ' None', 'count': 0, 'meta': ''}, {'name': ' None', 'count': 0, 'meta': ''}, {'name': ' None', 'count': 0, 'meta': ''}, {'name': ' None', 'count': 0, 'meta': ''}, {'name': ' None', 'count': 0, 'meta': ''}, {'name': ' None', 'count': 0, 'meta': ''}, {'name': ' None', 'count': 0, 'meta': ''}, {'name': ' None', 'count': 0, 'meta': ''}, {'name': ' None', 'count': 0, 'meta': ''}, {'name': ' None', 'count': 0, 'meta': ''}, {'name': ' None', 'count': 0, 'meta': ''}, {'name': ' None', 'count': 0, 'meta': ''}, {'name': ' None', 'count': 0, 'meta': ''}, {'name': ' None', 'count': 0, 'meta': ''}, {'name': ' None', 'count': 0, 'meta': ''}, {'name': ' None', 'count': 0, 'meta': ''}, {'name': ' None', 'count': 0, 'meta': ''}, {'name': ' None', 'count': 0, 'meta': ''}, {'name': ' None', 'count': 0, 'meta': ''}, {'name': ' None', 'count': 0, 'meta': ''}, {'name': ' None', 'count': 0, 'meta': ''}, {'name': ' None', 'count': 0, 'meta': ''}, {'name': ' None', 'count': 0, 'meta': ''}, {'name': ' None', 'count': 0, 'meta': ''}, {'name': ' None', 'count': 0, 'meta': ''}, {'name': ' None', 'count': 0, 'meta': ''}, {'name': ' None', 'count': 0, 'meta': ''}, {'name': ' None', 'count': 0, 'meta': ''}, {'name': ' None', 'count': 0, 'meta': ''}, {'name': ' None', 'count': 0, 'meta': ''}, {'name': ' None', 'count': 0, 'meta': ''}, {'name': ' None', 'count': 0, 'meta': ''}, {'name': ' None', 'count': 0, 'meta': ''}, {'name': ' None', 'count': 0, 'meta': ''}, {'name': ' None', 'count': 0, 'meta': ''}]","Armor Slot 0: None, Count: 0; Armor Slot 1: None, Count: 0; Armor Slot 2: None, Count: 0; Armor Slot 3: None, Count: 0; ","Offhand: None, Count: 0; ",[],20.0,20.0,"[-0.2310478538839528, -0.24868912298997994, 0.9406224584402045]",east,6,0 minecraft:air,False,Player is not currently riding anything,0.0784000015258789
118.0,14:59:41.208258400,2025-07-30,literal{minecrafter256},"(104.69999998807907, 72.0, 158.3391160624694)",20.0,"[{'name': ' None', 'count': 0, 'meta': ''}, {'name': ' None', 'count': 0, 'meta': ''}, {'name': ' None', 'count': 0, 'meta': ''}, {'name': ' None', 'count': 0, 'meta': ''}, {'name': ' None', 'count': 0, 'meta': ''}, {'name': ' None', 'count': 0, 'meta': ''}, {'name': ' None', 'count': 0, 'meta': ''}, {'name': ' None', 'count': 0, 'meta': ''}, {'name': ' None', 'count': 0, 'meta': ''}, {'name': ' None', 'count': 0, 'meta': ''}, {'name': ' None', 'count': 0, 'meta': ''}, {'name': ' None', 'count': 0, 'meta': ''}, {'name': ' None', 'count': 0, 'meta': ''}, {'name': ' None', 'count': 0, 'meta': ''}, {'name': ' None', 'count': 0, 'meta': ''}, {'name': ' None', 'count': 0, 'meta': ''}, {'name': ' None', 'count': 0, 'meta': ''}, {'name': ' None', 'count': 0, 'meta': ''}, {'name': ' None', 'count': 0, 'meta': ''}, {'name': ' None', 'count': 0, 'meta': ''}, {'name': ' None', 'count': 0, 'meta': ''}, {'name': ' None', 'count': 0, 'meta': ''}, {'name': ' None', 'count': 0, 'meta': ''}, {'name': ' None', 'count': 0, 'meta': ''}, {'name': ' None', 'count': 0, 'meta': ''}, {'name': ' None', 'count': 0, 'meta': ''}, {'name': ' None', 'count': 0, 'meta': ''}, {'name': ' None', 'count': 0, 'meta': ''}, {'name': ' None', 'count': 0, 'meta': ''}, {'name': ' None', 'count': 0, 'meta': ''}, {'name': ' None', 'count': 0, 'meta': ''}, {'name': ' None', 'count': 0, 'meta': ''}, {'name': ' None', 'count': 0, 'meta': ''}, {'name': ' None', 'count': 0, 'meta': ''}, {'name': ' None', 'count': 0, 'meta': ''}, {'name': ' None', 'count': 0, 'meta': ''}]","Armor Slot 0: None, Count: 0; Armor Slot 1: None, Count: 0; Armor Slot 2: None, Count: 0; Armor Slot 3: None, Count: 0; ","Offhand: None, Count: 0; ",[],20.0,20.0,"[-0.23120236828547852, -0.24615253479611668, 0.9412515043879783]",east,6,0 minecraft:air,False,Player is not currently riding anything,0.0784000015258789
118.0,14:59:41.257635100,2025-07-30,literal{minecrafter256},"(104.69999998807907, 72.0, 158.3391160624694)",20.0,"[{'name': ' None', 'count': 0, 'meta': ''}, {'name': ' None', 'count': 0, 'meta': ''}, {'name': ' None', 'count': 0, 'meta': ''}, {'name': ' None', 'count': 0, 'meta': ''}, {'name': ' None', 'count': 0, 'meta': ''}, {'name': ' None', 'count': 0, 'meta': ''}, {'name': ' None', 'count': 0, 'meta': ''}, {'name': ' None', 'count': 0, 'meta': ''}, {'name': ' None', 'count': 0, 'meta': ''}, {'name': ' None', 'count': 0, 'meta': ''}, {'name': ' None', 'count': 0, 'meta': ''}, {'name': ' None', 'count': 0, 'meta': ''}, {'name': ' None', 'count': 0, 'meta': ''}, {'name': ' None', 'count': 0, 'meta': ''}, {'name': ' None', 'count': 0, 'meta': ''}, {'name': ' None', 'count': 0, 'meta': ''}, {'name': ' None', 'count': 0, 'meta': ''}, {'name': ' None', 'count': 0, 'meta': ''}, {'name': ' None', 'count': 0, 'meta': ''}, {'name': ' None', 'count': 0, 'meta': ''}, {'name': ' None', 'count': 0, 'meta': ''}, {'name': ' None', 'count': 0, 'meta': ''}, {'name': ' None', 'count': 0, 'meta': ''}, {'name': ' None', 'count': 0, 'meta': ''}, {'name': ' None', 'count': 0, 'meta': ''}, {'name': ' None', 'count': 0, 'meta': ''}, {'name': ' None', 'count': 0, 'meta': ''}, {'name': ' None', 'count': 0, 'meta': ''}, {'name': ' None', 'count': 0, 'meta': ''}, {'name': ' None', 'count': 0, 'meta': ''}, {'name': ' None', 'count': 0, 'meta': ''}, {'name': ' None', 'count': 0, 'meta': ''}, {'name': ' None', 'count': 0, 'meta': ''}, {'name': ' None', 'count': 0, 'meta': ''}, {'name': ' None', 'count': 0, 'meta': ''}, {'name': ' None', 'count': 0, 'meta': ''}]","Armor Slot 0: None, Count: 0; Armor Slot 1: None, Count: 0; Armor Slot 2: None, Count: 0; Armor Slot 3: None, Count: 0; ","Offhand: None, Count: 0; ",[],20.0,20.0,"[-0.23031521051643178, -0.2181424844308687, 0.9483505471560082]",east,6,0 minecraft:air,False,Player is not currently riding anything,0.0784000015258789
118.0,14:59:41.306964200,2025-07-30,literal{minecrafter256},"(104.69999998807907, 72.0, 158.3391160624694)",20.0,"[{'name': ' None', 'count': 0, 'meta': ''}, {'name': ' None', 'count': 0, 'meta': ''}, {'name': ' None', 'count': 0, 'meta': ''}, {'name': ' None', 'count': 0, 'meta': ''}, {'name': ' None', 'count': 0, 'meta': ''}, {'name': ' None', 'count': 0, 'meta': ''}, {'name': ' None', 'count': 0, 'meta': ''}, {'name': ' None', 'count': 0, 'meta': ''}, {'name': ' None', 'count': 0, 'meta': ''}, {'name': ' None', 'count': 0, 'meta': ''}, {'name': ' None', 'count': 0, 'meta': ''}, {'name': ' None', 'count': 0, 'meta': ''}, {'name': ' None', 'count': 0, 'meta': ''}, {'name': ' None', 'count': 0, 'meta': ''}, {'name': ' None', 'count': 0, 'meta': ''}, {'name': ' None', 'count': 0, 'meta': ''}, {'name': ' None', 'count': 0, 'meta': ''}, {'name': ' None', 'count': 0, 'meta': ''}, {'name': ' None', 'count': 0, 'meta': ''}, {'name': ' None', 'count': 0, 'meta': ''}, {'name': ' None', 'count': 0, 'meta': ''}, {'name': ' None', 'count': 0, 'meta': ''}, {'name': ' None', 'count': 0, 'meta': ''}, {'name': ' None', 'count': 0, 'meta': ''}, {'name': ' None', 'count': 0, 'meta': ''}, {'name': ' None', 'count': 0, 'meta': ''}, {'name': ' None', 'count': 0, 'meta': ''}, {'name': ' None', 'count': 0, 'meta': ''}, {'name': ' None', 'count': 0, 'meta': ''}, {'name': ' None', 'count': 0, 'meta': ''}, {'name': ' None', 'count': 0, 'meta': ''}, {'name': ' None', 'count': 0, 'meta': ''}, {'name': ' None', 'count': 0, 'meta': ''}, {'name': ' None', 'count': 0, 'meta': ''}, {'name': ' None', 'count': 0, 'meta': ''}, {'name': ' None', 'count': 0, 'meta': ''}]","Armor Slot 0: None, Count: 0; Armor Slot 1: None, Count: 0; Armor Slot 2: None, Count: 0; Armor Slot 3: None, Count: 0; ","Offhand: None, Count: 0; ",[],20.0,20.0,"[-0.23058160728932398, -0.2130296414438967, 0.9494474678707383]",east,6,0 minecraft:air,False,Player is not currently riding anything,0.0784000015258789
118.0,14:59:41.356135,2025-07-30,literal{minecrafter256},"(104.69999998807907, 72.0, 158.3391160624694)",20.0,"[{'name': ' None', 'count': 0, 'meta': ''}, {'name': ' None', 'count': 0, 'meta': ''}, {'name': ' None', 'count': 0, 'meta': ''}, {'name': ' None', 'count': 0, 'meta': ''}, {'name': ' None', 'count': 0, 'meta': ''}, {'name': ' None', 'count': 0, 'meta': ''}, {'name': ' None', 'count': 0, 'meta': ''}, {'name': ' None', 'count': 0, 'meta': ''}, {'name': ' None', 'count': 0, 'meta': ''}, {'name': ' None', 'count': 0, 'meta': ''}, {'name': ' None', 'count': 0, 'meta': ''}, {'name': ' None', 'count': 0, 'meta': ''}, {'name': ' None', 'count': 0, 'meta': ''}, {'name': ' None', 'count': 0, 'meta': ''}, {'name': ' None', 'count': 0, 'meta': ''}, {'name': ' None', 'count': 0, 'meta': ''}, {'name': ' None', 'count': 0, 'meta': ''}, {'name': ' None', 'count': 0, 'meta': ''}, {'name': ' None', 'count': 0, 'meta': ''}, {'name': ' None', 'count': 0, 'meta': ''}, {'name': ' None', 'count': 0, 'meta': ''}, {'name': ' None', 'count': 0, 'meta': ''}, {'name': ' None', 'count': 0, 'meta': ''}, {'name': ' None', 'count': 0, 'meta': ''}, {'name': ' None', 'count': 0, 'meta': ''}, {'name': ' None', 'count': 0, 'meta': ''}, {'name': ' None', 'count': 0, 'meta': ''}, {'name': ' None', 'count': 0, 'meta': ''}, {'name': ' None', 'count': 0, 'meta': ''}, {'name': ' None', 'count': 0, 'meta': ''}, {'name': ' None', 'count': 0, 'meta': ''}, {'name': ' None', 'count': 0, 'meta': ''}, {'name': ' None', 'count': 0, 'meta': ''}, {'name': ' None', 'count': 0, 'meta': ''}, {'name': ' None', 'count': 0, 'meta': ''}, {'name': ' None', 'count': 0, 'meta': ''}]","Armor Slot 0: None, Count: 0; Armor Slot 1: None, Count: 0; Armor Slot 2: None, Count: 0; Armor Slot 3: None, Count: 0; ","Offhand: None, Count: 0; ",[],20.0,20.0,"[-0.23058160728932398, -0.2130296414438967, 0.9494474678707383]",east,6,0 minecraft:air,False,Player is not currently riding anything,0.0784000015258789
118.0,14:59:41.406733900,2025-07-30,literal{minecrafter256},"(104.60470860988269, 72.0, 158.31624389829827)",20.0,"[{'name': ' None', 'count': 0, 'meta': ''}, {'name': ' None', 'count': 0, 'meta': ''}, {'name': ' None', 'count': 0, 'meta': ''}, {'name': ' None', 'count': 0, 'meta': ''}, {'name': ' None', 'count': 0, 'meta': ''}, {'name': ' None', 'count': 0, 'meta': ''}, {'name': ' None', 'count': 0, 'meta': ''}, {'name': ' None', 'count': 0, 'meta': ''}, {'name': ' None', 'count': 0, 'meta': ''}, {'name': ' None', 'count': 0, 'meta': ''}, {'name': ' None', 'count': 0, 'meta': ''}, {'name': ' None', 'count': 0, 'meta': ''}, {'name': ' None', 'count': 0, 'meta': ''}, {'name': ' None', 'count': 0, 'meta': ''}, {'name': ' None', 'count': 0, 'meta': ''}, {'name': ' None', 'count': 0, 'meta': ''}, {'name': ' None', 'count': 0, 'meta': ''}, {'name': ' None', 'count': 0, 'meta': ''}, {'name': ' None', 'count': 0, 'meta': ''}, {'name': ' None', 'count': 0, 'meta': ''}, {'name': ' None', 'count': 0, 'meta': ''}, {'name': ' None', 'count': 0, 'meta': ''}, {'name': ' None', 'count': 0, 'meta': ''}, {'name': ' None', 'count': 0, 'meta': ''}, {'name': ' None', 'count': 0, 'meta': ''}, {'name': ' None', 'count': 0, 'meta': ''}, {'name': ' None', 'count': 0, 'meta': ''}, {'name': ' None', 'count': 0, 'meta': ''}, {'name': ' None', 'count': 0, 'meta': ''}, {'name': ' None', 'count': 0, 'meta': ''}, {'name': ' None', 'count': 0, 'meta': ''}, {'name': ' None', 'count': 0, 'meta': ''}, {'name': ' None', 'count': 0, 'meta': ''}, {'name': ' None', 'count': 0, 'meta': ''}, {'name': ' None', 'count': 0, 'meta': ''}, {'name': ' None', 'count': 0, 'meta': ''}]","Armor Slot 0: None, Count: 0; Armor Slot 1: None, Count: 0; Armor Slot 2: None, Count: 0; Armor Slot 3: None, Count: 0; ","Offhand: None, Count: 0; ",[],20.0,20.0,"[-0.22809514697879169, -0.2130296414438967, 0.9500478807886518]",east,6,0 minecraft:air,False,Player is not currently riding anything,0.0784000015258789
118.0,14:59:41.458480,2025-07-30,literal{minecrafter256},"(104.45738813314777, 72.0, 158.28088353103917)",20.0,"[{'name': ' None', 'count': 0, 'meta': ''}, {'name': ' None', 'count': 0, 'meta': ''}, {'name': ' None', 'count': 0, 'meta': ''}, {'name': ' None', 'count': 0, 'meta': ''}, {'name': ' None', 'count': 0, 'meta': ''}, {'name': ' None', 'count': 0, 'meta': ''}, {'name': ' None', 'count': 0, 'meta': ''}, {'name': ' None', 'count': 0, 'meta': ''}, {'name': ' None', 'count': 0, 'meta': ''}, {'name': ' None', 'count': 0, 'meta': ''}, {'name': ' None', 'count': 0, 'meta': ''}, {'name': ' None', 'count': 0, 'meta': ''}, {'name': ' None', 'count': 0, 'meta': ''}, {'name': ' None', 'count': 0, 'meta': ''}, {'name': ' None', 'count': 0, 'meta': ''}, {'name': ' None', 'count': 0, 'meta': ''}, {'name': ' None', 'count': 0, 'meta': ''}, {'name': ' None', 'count': 0, 'meta': ''}, {'name': ' None', 'count': 0, 'meta': ''}, {'name': ' None', 'count': 0, 'meta': ''}, {'name': ' None', 'count': 0, 'meta': ''}, {'name': ' None', 'count': 0, 'meta': ''}, {'name': ' None', 'count': 0, 'meta': ''}, {'name': ' None', 'count': 0, 'meta': ''}, {'name': ' None', 'count': 0, 'meta': ''}, {'name': ' None', 'count': 0, 'meta': ''}, {'name': ' None', 'count': 0, 'meta': ''}, {'name': ' None', 'count': 0, 'meta': ''}, {'name': ' None', 'count': 0, 'meta': ''}, {'name': ' None', 'count': 0, 'meta': ''}, {'name': ' None', 'count': 0, 'meta': ''}, {'name': ' None', 'count': 0, 'meta': ''}, {'name': ' None', 'count': 0, 'meta': ''}, {'name': ' None', 'count': 0, 'meta': ''}, {'name': ' None', 'count': 0, 'meta': ''}, {'name': ' None', 'count': 0, 'meta': ''}]","Armor Slot 0: None, Count: 0; Armor Slot 1: None, Count: 0; Armor Slot 2: None, Count: 0; Armor Slot 3: None, Count: 0; ","Offhand: None, Count: 0; ",[],20.0,20.0,"[-0.22809514697879169, -0.2130296414438967, 0.9500478807886518]",east,6,0 minecraft:air,False,Player is not currently riding anything,0.0784000015258789
118.0,14:59:41.507619900,2025-07-30,literal{minecrafter256},"(104.28165976531116, 72.0, 158.23870460410203)",20.0,"[{'name': ' None', 'count': 0, 'meta': ''}, {'name': ' None', 'count': 0, 'meta': ''}, {'name': ' None', 'count': 0, 'meta': ''}, {'name': ' None', 'count': 0, 'meta': ''}, {'name': ' None', 'count': 0, 'meta': ''}, {'name': ' None', 'count': 0, 'meta': ''}, {'name': ' None', 'count': 0, 'meta': ''}, {'name': ' None', 'count': 0, 'meta': ''}, {'name': ' None', 'count': 0, 'meta': ''}, {'name': ' None', 'count': 0, 'meta': ''}, {'name': ' None', 'count': 0, 'meta': ''}, {'name': ' None', 'count': 0, 'meta': ''}, {'name': ' None', 'count': 0, 'meta': ''}, {'name': ' None', 'count': 0, 'meta': ''}, {'name': ' None', 'count': 0, 'meta': ''}, {'name': ' None', 'count': 0, 'meta': ''}, {'name': ' None', 'count': 0, 'meta': ''}, {'name': ' None', 'count': 0, 'meta': ''}, {'name': ' None', 'count': 0, 'meta': ''}, {'name': ' None', 'count': 0, 'meta': ''}, {'name': ' None', 'count': 0, 'meta': ''}, {'name': ' None', 'count': 0, 'meta': ''}, {'name': ' None', 'count': 0, 'meta': ''}, {'name': ' None', 'count': 0, 'meta': ''}, {'name': ' None', 'count': 0, 'meta': ''}, {'name': ' None', 'count': 0, 'meta': ''}, {'name': ' None', 'count': 0, 'meta': ''}, {'name': ' None', 'count': 0, 'meta': ''}, {'name': ' None', 'count': 0, 'meta': ''}, {'name': ' None', 'count': 0, 'meta': ''}, {'name': ' None', 'count': 0, 'meta': ''}, {'name': ' None', 'count': 0, 'meta': ''}, {'name': ' None', 'count': 0, 'meta': ''}, {'name': ' None', 'count': 0, 'meta': ''}, {'name': ' None', 'count': 0, 'meta': ''}, {'name': ' None', 'count': 0, 'meta': ''}]","Armor Slot 0: None, Count: 0; Armor Slot 1: None, Count: 0; Armor Slot 2: None, Count: 0; Armor Slot 3: None, Count: 0; ","Offhand: None, Count: 0; ",[],20.0,20.0,"[-0.22809514697879169, -0.2130296414438967, 0.9500478807886518]",east,6,0 minecraft:air,False,Player is not currently riding anything,0.0784000015258789
118.0,14:59:41.556630,2025-07-30,literal{minecrafter256},"(104.09042068713141, 72.0, 158.19280274314826)",20.0,"[{'name': ' None', 'count': 0, 'meta': ''}, {'name': ' None', 'count': 0, 'meta': ''}, {'name': ' None', 'count': 0, 'meta': ''}, {'name': ' None', 'count': 0, 'meta': ''}, {'name': ' None', 'count': 0, 'meta': ''}, {'name': ' None', 'count': 0, 'meta': ''}, {'name': ' None', 'count': 0, 'meta': ''}, {'name': ' None', 'count': 0, 'meta': ''}, {'name': ' None', 'count': 0, 'meta': ''}, {'name': ' None', 'count': 0, 'meta': ''}, {'name': ' None', 'count': 0, 'meta': ''}, {'name': ' None', 'count': 0, 'meta': ''}, {'name': ' None', 'count': 0, 'meta': ''}, {'name': ' None', 'count': 0, 'meta': ''}, {'name': ' None', 'count': 0, 'meta': ''}, {'name': ' None', 'count': 0, 'meta': ''}, {'name': ' None', 'count': 0, 'meta': ''}, {'name': ' None', 'count': 0, 'meta': ''}, {'name': ' None', 'count': 0, 'meta': ''}, {'name': ' None', 'count': 0, 'meta': ''}, {'name': ' None', 'count': 0, 'meta': ''}, {'name': ' None', 'count': 0, 'meta': ''}, {'name': ' None', 'count': 0, 'meta': ''}, {'name': ' None', 'count': 0, 'meta': ''}, {'name': ' None', 'count': 0, 'meta': ''}, {'name': ' None', 'count': 0, 'meta': ''}, {'name': ' None', 'count': 0, 'meta': ''}, {'name': ' None', 'count': 0, 'meta': ''}, {'name': ' None', 'count': 0, 'meta': ''}, {'name': ' None', 'count': 0, 'meta': ''}, {'name': ' None', 'count': 0, 'meta': ''}, {'name': ' None', 'count': 0, 'meta': ''}, {'name': ' None', 'count': 0, 'meta': ''}, {'name': ' None', 'count': 0, 'meta': ''}, {'name': ' None', 'count': 0, 'meta': ''}, {'name': ' None', 'count': 0, 'meta': ''}]","Armor Slot 0: None, Count: 0; Armor Slot 1: None, Count: 0; Armor Slot 2: None, Count: 0; Armor Slot 3: None, Count: 0; ","Offhand: None, Count: 0; ",[],20.0,20.0,"[-0.22809514697879169, -0.2130296414438967, 0.9500478807886518]",east,6,0 minecraft:air,False,Player is not currently riding anything,0.0784000015258789
119.0,14:59:41.607433600,2025-07-30,literal{minecrafter256},"(103.98600413831701, 72.0, 158.16774032415645)",20.0,"[{'name': ' None', 'count': 0, 'meta': ''}, {'name': ' None', 'count': 0, 'meta': ''}, {'name': ' None', 'count': 0, 'meta': ''}, {'name': ' None', 'count': 0, 'meta': ''}, {'name': ' None', 'count': 0, 'meta': ''}, {'name': ' None', 'count': 0, 'meta': ''}, {'name': ' None', 'count': 0, 'meta': ''}, {'name': ' None', 'count': 0, 'meta': ''}, {'name': ' None', 'count': 0, 'meta': ''}, {'name': ' None', 'count': 0, 'meta': ''}, {'name': ' None', 'count': 0, 'meta': ''}, {'name': ' None', 'count': 0, 'meta': ''}, {'name': ' None', 'count': 0, 'meta': ''}, {'name': ' None', 'count': 0, 'meta': ''}, {'name': ' None', 'count': 0, 'meta': ''}, {'name': ' None', 'count': 0, 'meta': ''}, {'name': ' None', 'count': 0, 'meta': ''}, {'name': ' None', 'count': 0, 'meta': ''}, {'name': ' None', 'count': 0, 'meta': ''}, {'name': ' None', 'count': 0, 'meta': ''}, {'name': ' None', 'count': 0, 'meta': ''}, {'name': ' None', 'count': 0, 'meta': ''}, {'name': ' None', 'count': 0, 'meta': ''}, {'name': ' None', 'count': 0, 'meta': ''}, {'name': ' None', 'count': 0, 'meta': ''}, {'name': ' None', 'count': 0, 'meta': ''}, {'name': ' None', 'count': 0, 'meta': ''}, {'name': ' None', 'count': 0, 'meta': ''}, {'name': ' None', 'count': 0, 'meta': ''}, {'name': ' None', 'count': 0, 'meta': ''}, {'name': ' None', 'count': 0, 'meta': ''}, {'name': ' None', 'count': 0, 'meta': ''}, {'name': ' None', 'count': 0, 'meta': ''}, {'name': ' None', 'count': 0, 'meta': ''}, {'name': ' None', 'count': 0, 'meta': ''}, {'name': ' None', 'count': 0, 'meta': ''}]","Armor Slot 0: None, Count: 0; Armor Slot 1: None, Count: 0; Armor Slot 2: None, Count: 0; Armor Slot 3: None, Count: 0; ","Offhand: None, Count: 0; ",[],20.0,20.0,"[-0.22809514697879169, -0.2130296414438967, 0.9500478807886518]",east,6,0 minecraft:air,False,Player is not currently riding anything,0.0784000015258789
119.0,14:59:41.656030400,2025-07-30,literal{minecrafter256},"(103.92899269604233, 72.0, 158.1540562417975)",20.0,"[{'name': ' None', 'count': 0, 'meta': ''}, {'name': ' None', 'count': 0, 'meta': ''}, {'name': ' None', 'count': 0, 'meta': ''}, {'name': ' None', 'count': 0, 'meta': ''}, {'name': ' None', 'count': 0, 'meta': ''}, {'name': ' None', 'count': 0, 'meta': ''}, {'name': ' None', 'count': 0, 'meta': ''}, {'name': ' None', 'count': 0, 'meta': ''}, {'name': ' None', 'count': 0, 'meta': ''}, {'name': ' None', 'count': 0, 'meta': ''}, {'name': ' None', 'count': 0, 'meta': ''}, {'name': ' None', 'count': 0, 'meta': ''}, {'name': ' None', 'count': 0, 'meta': ''}, {'name': ' None', 'count': 0, 'meta': ''}, {'name': ' None', 'count': 0, 'meta': ''}, {'name': ' None', 'count': 0, 'meta': ''}, {'name': ' None', 'count': 0, 'meta': ''}, {'name': ' None', 'count': 0, 'meta': ''}, {'name': ' None', 'count': 0, 'meta': ''}, {'name': ' None', 'count': 0, 'meta': ''}, {'name': ' None', 'count': 0, 'meta': ''}, {'name': ' None', 'count': 0, 'meta': ''}, {'name': ' None', 'count': 0, 'meta': ''}, {'name': ' None', 'count': 0, 'meta': ''}, {'name': ' None', 'count': 0, 'meta': ''}, {'name': ' None', 'count': 0, 'meta': ''}, {'name': ' None', 'count': 0, 'meta': ''}, {'name': ' None', 'count': 0, 'meta': ''}, {'name': ' None', 'count': 0, 'meta': ''}, {'name': ' None', 'count': 0, 'meta': ''}, {'name': ' None', 'count': 0, 'meta': ''}, {'name': ' None', 'count': 0, 'meta': ''}, {'name': ' None', 'count': 0, 'meta': ''}, {'name': ' None', 'count': 0, 'meta': ''}, {'name': ' None', 'count': 0, 'meta': ''}, {'name': ' None', 'count': 0, 'meta': ''}]","Armor Slot 0: None, Count: 0; Armor Slot 1: None, Count: 0; Armor Slot 2: None, Count: 0; Armor Slot 3: None, Count: 0; ","Offhand: None, Count: 0; ",[],20.0,20.0,"[-0.22809514697879169, -0.2130296414438967, 0.9500478807886518]",east,6,0 minecraft:air,False,Player is not currently riding anything,0.0784000015258789
119.0,14:59:41.710062400,2025-07-30,literal{minecrafter256},"(103.89786444494472, 72.0, 158.14658473196167)",20.0,"[{'name': ' None', 'count': 0, 'meta': ''}, {'name': ' None', 'count': 0, 'meta': ''}, {'name': ' None', 'count': 0, 'meta': ''}, {'name': ' None', 'count': 0, 'meta': ''}, {'name': ' None', 'count': 0, 'meta': ''}, {'name': ' None', 'count': 0, 'meta': ''}, {'name': ' None', 'count': 0, 'meta': ''}, {'name': ' None', 'count': 0, 'meta': ''}, {'name': ' None', 'count': 0, 'meta': ''}, {'name': ' None', 'count': 0, 'meta': ''}, {'name': ' None', 'count': 0, 'meta': ''}, {'name': ' None', 'count': 0, 'meta': ''}, {'name': ' None', 'count': 0, 'meta': ''}, {'name': ' None', 'count': 0, 'meta': ''}, {'name': ' None', 'count': 0, 'meta': ''}, {'name': ' None', 'count': 0, 'meta': ''}, {'name': ' None', 'count': 0, 'meta': ''}, {'name': ' None', 'count': 0, 'meta': ''}, {'name': ' None', 'count': 0, 'meta': ''}, {'name': ' None', 'count': 0, 'meta': ''}, {'name': ' None', 'count': 0, 'meta': ''}, {'name': ' None', 'count': 0, 'meta': ''}, {'name': ' None', 'count': 0, 'meta': ''}, {'name': ' None', 'count': 0, 'meta': ''}, {'name': ' None', 'count': 0, 'meta': ''}, {'name': ' None', 'count': 0, 'meta': ''}, {'name': ' None', 'count': 0, 'meta': ''}, {'name': ' None', 'count': 0, 'meta': ''}, {'name': ' None', 'count': 0, 'meta': ''}, {'name': ' None', 'count': 0, 'meta': ''}, {'name': ' None', 'count': 0, 'meta': ''}, {'name': ' None', 'count': 0, 'meta': ''}, {'name': ' None', 'count': 0, 'meta': ''}, {'name': ' None', 'count': 0, 'meta': ''}, {'name': ' None', 'count': 0, 'meta': ''}, {'name': ' None', 'count': 0, 'meta': ''}]","Armor Slot 0: None, Count: 0; Armor Slot 1: None, Count: 0; Armor Slot 2: None, Count: 0; Armor Slot 3: None, Count: 0; ","Offhand: None, Count: 0; ",[],20.0,20.0,"[-0.22809514697879169, -0.2130296414438967, 0.9500478807886518]",east,6,0 minecraft:air,False,Player is not currently riding anything,0.0784000015258789
119.0,14:59:41.755499,2025-07-30,literal{minecrafter256},"(103.88086841787128, 72.0, 158.14250528711747)",20.0,"[{'name': ' None', 'count': 0, 'meta': ''}, {'name': ' None', 'count': 0, 'meta': ''}, {'name': ' None', 'count': 0, 'meta': ''}, {'name': ' None', 'count': 0, 'meta': ''}, {'name': ' None', 'count': 0, 'meta': ''}, {'name': ' None', 'count': 0, 'meta': ''}, {'name': ' None', 'count': 0, 'meta': ''}, {'name': ' None', 'count': 0, 'meta': ''}, {'name': ' None', 'count': 0, 'meta': ''}, {'name': ' None', 'count': 0, 'meta': ''}, {'name': ' None', 'count': 0, 'meta': ''}, {'name': ' None', 'count': 0, 'meta': ''}, {'name': ' None', 'count': 0, 'meta': ''}, {'name': ' None', 'count': 0, 'meta': ''}, {'name': ' None', 'count': 0, 'meta': ''}, {'name': ' None', 'count': 0, 'meta': ''}, {'name': ' None', 'count': 0, 'meta': ''}, {'name': ' None', 'count': 0, 'meta': ''}, {'name': ' None', 'count': 0, 'meta': ''}, {'name': ' None', 'count': 0, 'meta': ''}, {'name': ' None', 'count': 0, 'meta': ''}, {'name': ' None', 'count': 0, 'meta': ''}, {'name': ' None', 'count': 0, 'meta': ''}, {'name': ' None', 'count': 0, 'meta': ''}, {'name': ' None', 'count': 0, 'meta': ''}, {'name': ' None', 'count': 0, 'meta': ''}, {'name': ' None', 'count': 0, 'meta': ''}, {'name': ' None', 'count': 0, 'meta': ''}, {'name': ' None', 'count': 0, 'meta': ''}, {'name': ' None', 'count': 0, 'meta': ''}, {'name': ' None', 'count': 0, 'meta': ''}, {'name': ' None', 'count': 0, 'meta': ''}, {'name': ' None', 'count': 0, 'meta': ''}, {'name': ' None', 'count': 0, 'meta': ''}, {'name': ' None', 'count': 0, 'meta': ''}, {'name': ' None', 'count': 0, 'meta': ''}]","Armor Slot 0: None, Count: 0; Armor Slot 1: None, Count: 0; Armor Slot 2: None, Count: 0; Armor Slot 3: None, Count: 0; ","Offhand: None, Count: 0; ",[],20.0,20.0,"[-0.22809514697879169, -0.2130296414438967, 0.9500478807886518]",east,6,0 minecraft:air,False,Player is not currently riding anything,0.0784000015258789
119.0,14:59:41.809395100,2025-07-30,literal{minecrafter256},"(103.87158858601131, 72.0, 158.14250528711747)",20.0,"[{'name': ' None', 'count': 0, 'meta': ''}, {'name': ' None', 'count': 0, 'meta': ''}, {'name': ' None', 'count': 0, 'meta': ''}, {'name': ' None', 'count': 0, 'meta': ''}, {'name': ' None', 'count': 0, 'meta': ''}, {'name': ' None', 'count': 0, 'meta': ''}, {'name': ' None', 'count': 0, 'meta': ''}, {'name': ' None', 'count': 0, 'meta': ''}, {'name': ' None', 'count': 0, 'meta': ''}, {'name': ' None', 'count': 0, 'meta': ''}, {'name': ' None', 'count': 0, 'meta': ''}, {'name': ' None', 'count': 0, 'meta': ''}, {'name': ' None', 'count': 0, 'meta': ''}, {'name': ' None', 'count': 0, 'meta': ''}, {'name': ' None', 'count': 0, 'meta': ''}, {'name': ' None', 'count': 0, 'meta': ''}, {'name': ' None', 'count': 0, 'meta': ''}, {'name': ' None', 'count': 0, 'meta': ''}, {'name': ' None', 'count': 0, 'meta': ''}, {'name': ' None', 'count': 0, 'meta': ''}, {'name': ' None', 'count': 0, 'meta': ''}, {'name': ' None', 'count': 0, 'meta': ''}, {'name': ' None', 'count': 0, 'meta': ''}, {'name': ' None', 'count': 0, 'meta': ''}, {'name': ' None', 'count': 0, 'meta': ''}, {'name': ' None', 'count': 0, 'meta': ''}, {'name': ' None', 'count': 0, 'meta': ''}, {'name': ' None', 'count': 0, 'meta': ''}, {'name': ' None', 'count': 0, 'meta': ''}, {'name': ' None', 'count': 0, 'meta': ''}, {'name': ' None', 'count': 0, 'meta': ''}, {'name': ' None', 'count': 0, 'meta': ''}, {'name': ' None', 'count': 0, 'meta': ''}, {'name': ' None', 'count': 0, 'meta': ''}, {'name': ' None', 'count': 0, 'meta': ''}, {'name': ' None', 'count': 0, 'meta': ''}]","Armor Slot 0: None, Count: 0; Armor Slot 1: None, Count: 0; Armor Slot 2: None, Count: 0; Armor Slot 3: None, Count: 0; ","Offhand: None, Count: 0; ",[],20.0,20.0,"[-0.22809514697879169, -0.2130296414438967, 0.9500478807886518]",east,6,0 minecraft:air,False,Player is not currently riding anything,0.0784000015258789
119.0,14:59:41.856798200,2025-07-30,literal{minecrafter256},"(103.86652179722725, 72.0, 158.14250528711747)",20.0,"[{'name': ' None', 'count': 0, 'meta': ''}, {'name': ' None', 'count': 0, 'meta': ''}, {'name': ' None', 'count': 0, 'meta': ''}, {'name': ' None', 'count': 0, 'meta': ''}, {'name': ' None', 'count': 0, 'meta': ''}, {'name': ' None', 'count': 0, 'meta': ''}, {'name': ' None', 'count': 0, 'meta': ''}, {'name': ' None', 'count': 0, 'meta': ''}, {'name': ' None', 'count': 0, 'meta': ''}, {'name': ' None', 'count': 0, 'meta': ''}, {'name': ' None', 'count': 0, 'meta': ''}, {'name': ' None', 'count': 0, 'meta': ''}, {'name': ' None', 'count': 0, 'meta': ''}, {'name': ' None', 'count': 0, 'meta': ''}, {'name': ' None', 'count': 0, 'meta': ''}, {'name': ' None', 'count': 0, 'meta': ''}, {'name': ' None', 'count': 0, 'meta': ''}, {'name': ' None', 'count': 0, 'meta': ''}, {'name': ' None', 'count': 0, 'meta': ''}, {'name': ' None', 'count': 0, 'meta': ''}, {'name': ' None', 'count': 0, 'meta': ''}, {'name': ' None', 'count': 0, 'meta': ''}, {'name': ' None', 'count': 0, 'meta': ''}, {'name': ' None', 'count': 0, 'meta': ''}, {'name': ' None', 'count': 0, 'meta': ''}, {'name': ' None', 'count': 0, 'meta': ''}, {'name': ' None', 'count': 0, 'meta': ''}, {'name': ' None', 'count': 0, 'meta': ''}, {'name': ' None', 'count': 0, 'meta': ''}, {'name': ' None', 'count': 0, 'meta': ''}, {'name': ' None', 'count': 0, 'meta': ''}, {'name': ' None', 'count': 0, 'meta': ''}, {'name': ' None', 'count': 0, 'meta': ''}, {'name': ' None', 'count': 0, 'meta': ''}, {'name': ' None', 'count': 0, 'meta': ''}, {'name': ' None', 'count': 0, 'meta': ''}]","Armor Slot 0: None, Count: 0; Armor Slot 1: None, Count: 0; Armor Slot 2: None, Count: 0; Armor Slot 3: None, Count: 0; ","Offhand: None, Count: 0; ",[],20.0,20.0,"[-0.22809514697879169, -0.2130296414438967, 0.9500478807886518]",east,6,0 minecraft:air,False,Player is not currently riding anything,0.0784000015258789
119.0,14:59:41.905606700,2025-07-30,literal{minecrafter256},"(103.86652179722725, 72.0, 158.14250528711747)",20.0,"[{'name': ' None', 'count': 0, 'meta': ''}, {'name': ' None', 'count': 0, 'meta': ''}, {'name': ' None', 'count': 0, 'meta': ''}, {'name': ' None', 'count': 0, 'meta': ''}, {'name': ' None', 'count': 0, 'meta': ''}, {'name': ' None', 'count': 0, 'meta': ''}, {'name': ' None', 'count': 0, 'meta': ''}, {'name': ' None', 'count': 0, 'meta': ''}, {'name': ' None', 'count': 0, 'meta': ''}, {'name': ' None', 'count': 0, 'meta': ''}, {'name': ' None', 'count': 0, 'meta': ''}, {'name': ' None', 'count': 0, 'meta': ''}, {'name': ' None', 'count': 0, 'meta': ''}, {'name': ' None', 'count': 0, 'meta': ''}, {'name': ' None', 'count': 0, 'meta': ''}, {'name': ' None', 'count': 0, 'meta': ''}, {'name': ' None', 'count': 0, 'meta': ''}, {'name': ' None', 'count': 0, 'meta': ''}, {'name': ' None', 'count': 0, 'meta': ''}, {'name': ' None', 'count': 0, 'meta': ''}, {'name': ' None', 'count': 0, 'meta': ''}, {'name': ' None', 'count': 0, 'meta': ''}, {'name': ' None', 'count': 0, 'meta': ''}, {'name': ' None', 'count': 0, 'meta': ''}, {'name': ' None', 'count': 0, 'meta': ''}, {'name': ' None', 'count': 0, 'meta': ''}, {'name': ' None', 'count': 0, 'meta': ''}, {'name': ' None', 'count': 0, 'meta': ''}, {'name': ' None', 'count': 0, 'meta': ''}, {'name': ' None', 'count': 0, 'meta': ''}, {'name': ' None', 'count': 0, 'meta': ''}, {'name': ' None', 'count': 0, 'meta': ''}, {'name': ' None', 'count': 0, 'meta': ''}, {'name': ' None', 'count': 0, 'meta': ''}, {'name': ' None', 'count': 0, 'meta': ''}, {'name': ' None', 'count': 0, 'meta': ''}]","Armor Slot 0: None, Count: 0; Armor Slot 1: None, Count: 0; Armor Slot 2: None, Count: 0; Armor Slot 3: None, Count: 0; ","Offhand: None, Count: 0; ",[],20.0,20.0,"[-0.21040386709256548, -0.2181424844308687, 0.9529659328637212]",east,6,0 minecraft:air,False,Player is not currently riding anything,0.0784000015258789
119.0,14:59:41.958316100,2025-07-30,literal{minecrafter256},"(103.86652179722725, 72.0, 158.14250528711747)",20.0,"[{'name': ' None', 'count': 0, 'meta': ''}, {'name': ' None', 'count': 0, 'meta': ''}, {'name': ' None', 'count': 0, 'meta': ''}, {'name': ' None', 'count': 0, 'meta': ''}, {'name': ' None', 'count': 0, 'meta': ''}, {'name': ' None', 'count': 0, 'meta': ''}, {'name': ' None', 'count': 0, 'meta': ''}, {'name': ' None', 'count': 0, 'meta': ''}, {'name': ' None', 'count': 0, 'meta': ''}, {'name': ' None', 'count': 0, 'meta': ''}, {'name': ' None', 'count': 0, 'meta': ''}, {'name': ' None', 'count': 0, 'meta': ''}, {'name': ' None', 'count': 0, 'meta': ''}, {'name': ' None', 'count': 0, 'meta': ''}, {'name': ' None', 'count': 0, 'meta': ''}, {'name': ' None', 'count': 0, 'meta': ''}, {'name': ' None', 'count': 0, 'meta': ''}, {'name': ' None', 'count': 0, 'meta': ''}, {'name': ' None', 'count': 0, 'meta': ''}, {'name': ' None', 'count': 0, 'meta': ''}, {'name': ' None', 'count': 0, 'meta': ''}, {'name': ' None', 'count': 0, 'meta': ''}, {'name': ' None', 'count': 0, 'meta': ''}, {'name': ' None', 'count': 0, 'meta': ''}, {'name': ' None', 'count': 0, 'meta': ''}, {'name': ' None', 'count': 0, 'meta': ''}, {'name': ' None', 'count': 0, 'meta': ''}, {'name': ' None', 'count': 0, 'meta': ''}, {'name': ' None', 'count': 0, 'meta': ''}, {'name': ' None', 'count': 0, 'meta': ''}, {'name': ' None', 'count': 0, 'meta': ''}, {'name': ' None', 'count': 0, 'meta': ''}, {'name': ' None', 'count': 0, 'meta': ''}, {'name': ' None', 'count': 0, 'meta': ''}, {'name': ' None', 'count': 0, 'meta': ''}, {'name': ' None', 'count': 0, 'meta': ''}]","Armor Slot 0: None, Count: 0; Armor Slot 1: None, Count: 0; Armor Slot 2: None, Count: 0; Armor Slot 3: None, Count: 0; ","Offhand: None, Count: 0; ",[],20.0,20.0,"[-0.19232438407241803, -0.23089812118490768, 0.953780576927652]",east,6,0 minecraft:air,False,Player is not currently riding anything,0.0784000015258789
119.0,14:59:42.006197400,2025-07-30,literal{minecrafter256},"(103.86652179722725, 72.0, 158.14250528711747)",20.0,"[{'name': ' None', 'count': 0, 'meta': ''}, {'name': ' None', 'count': 0, 'meta': ''}, {'name': ' None', 'count': 0, 'meta': ''}, {'name': ' None', 'count': 0, 'meta': ''}, {'name': ' None', 'count': 0, 'meta': ''}, {'name': ' None', 'count': 0, 'meta': ''}, {'name': ' None', 'count': 0, 'meta': ''}, {'name': ' None', 'count': 0, 'meta': ''}, {'name': ' None', 'count': 0, 'meta': ''}, {'name': ' None', 'count': 0, 'meta': ''}, {'name': ' None', 'count': 0, 'meta': ''}, {'name': ' None', 'count': 0, 'meta': ''}, {'name': ' None', 'count': 0, 'meta': ''}, {'name': ' None', 'count': 0, 'meta': ''}, {'name': ' None', 'count': 0, 'meta': ''}, {'name': ' None', 'count': 0, 'meta': ''}, {'name': ' None', 'count': 0, 'meta': ''}, {'name': ' None', 'count': 0, 'meta': ''}, {'name': ' None', 'count': 0, 'meta': ''}, {'name': ' None', 'count': 0, 'meta': ''}, {'name': ' None', 'count': 0, 'meta': ''}, {'name': ' None', 'count': 0, 'meta': ''}, {'name': ' None', 'count': 0, 'meta': ''}, {'name': ' None', 'count': 0, 'meta': ''}, {'name': ' None', 'count': 0, 'meta': ''}, {'name': ' None', 'count': 0, 'meta': ''}, {'name': ' None', 'count': 0, 'meta': ''}, {'name': ' None', 'count': 0, 'meta': ''}, {'name': ' None', 'count': 0, 'meta': ''}, {'name': ' None', 'count': 0, 'meta': ''}, {'name': ' None', 'count': 0, 'meta': ''}, {'name': ' None', 'count': 0, 'meta': ''}, {'name': ' None', 'count': 0, 'meta': ''}, {'name': ' None', 'count': 0, 'meta': ''}, {'name': ' None', 'count': 0, 'meta': ''}, {'name': ' None', 'count': 0, 'meta': ''}]","Armor Slot 0: None, Count: 0; Armor Slot 1: None, Count: 0; Armor Slot 2: None, Count: 0; Armor Slot 3: None, Count: 0; ","Offhand: None, Count: 0; ",[],20.0,20.0,"[-0.18471201566551806, -0.23344457079764577, 0.9546649169388621]",east,6,0 minecraft:air,False,Player is not currently riding anything,0.0784000015258789
119.0,14:59:42.058100500,2025-07-30,literal{minecrafter256},"(103.96283330394724, 72.0, 158.1606094345778)",20.0,"[{'name': ' None', 'count': 0, 'meta': ''}, {'name': ' None', 'count': 0, 'meta': ''}, {'name': ' None', 'count': 0, 'meta': ''}, {'name': ' None', 'count': 0, 'meta': ''}, {'name': ' None', 'count': 0, 'meta': ''}, {'name': ' None', 'count': 0, 'meta': ''}, {'name': ' None', 'count': 0, 'meta': ''}, {'name': ' None', 'count': 0, 'meta': ''}, {'name': ' None', 'count': 0, 'meta': ''}, {'name': ' None', 'count': 0, 'meta': ''}, {'name': ' None', 'count': 0, 'meta': ''}, {'name': ' None', 'count': 0, 'meta': ''}, {'name': ' None', 'count': 0, 'meta': ''}, {'name': ' None', 'count': 0, 'meta': ''}, {'name': ' None', 'count': 0, 'meta': ''}, {'name': ' None', 'count': 0, 'meta': ''}, {'name': ' None', 'count': 0, 'meta': ''}, {'name': ' None', 'count': 0, 'meta': ''}, {'name': ' None', 'count': 0, 'meta': ''}, {'name': ' None', 'count': 0, 'meta': ''}, {'name': ' None', 'count': 0, 'meta': ''}, {'name': ' None', 'count': 0, 'meta': ''}, {'name': ' None', 'count': 0, 'meta': ''}, {'name': ' None', 'count': 0, 'meta': ''}, {'name': ' None', 'count': 0, 'meta': ''}, {'name': ' None', 'count': 0, 'meta': ''}, {'name': ' None', 'count': 0, 'meta': ''}, {'name': ' None', 'count': 0, 'meta': ''}, {'name': ' None', 'count': 0, 'meta': ''}, {'name': ' None', 'count': 0, 'meta': ''}, {'name': ' None', 'count': 0, 'meta': ''}, {'name': ' None', 'count': 0, 'meta': ''}, {'name': ' None', 'count': 0, 'meta': ''}, {'name': ' None', 'count': 0, 'meta': ''}, {'name': ' None', 'count': 0, 'meta': ''}, {'name': ' None', 'count': 0, 'meta': ''}]","Armor Slot 0: None, Count: 0; Armor Slot 1: None, Count: 0; Armor Slot 2: None, Count: 0; Armor Slot 3: None, Count: 0; ","Offhand: None, Count: 0; ",[],20.0,20.0,"[-0.17924918839679277, -0.2436141949357741, 0.9531641267299592]",east,6,0 minecraft:air,False,Player is not currently riding anything,0.0784000015258789
119.0,14:59:42.105595400,2025-07-30,literal{minecrafter256},"(104.11177746593229, 72.0, 158.18834907136423)",20.0,"[{'name': ' None', 'count': 0, 'meta': ''}, {'name': ' None', 'count': 0, 'meta': ''}, {'name': ' None', 'count': 0, 'meta': ''}, {'name': ' None', 'count': 0, 'meta': ''}, {'name': ' None', 'count': 0, 'meta': ''}, {'name': ' None', 'count': 0, 'meta': ''}, {'name': ' None', 'count': 0, 'meta': ''}, {'name': ' None', 'count': 0, 'meta': ''}, {'name': ' None', 'count': 0, 'meta': ''}, {'name': ' None', 'count': 0, 'meta': ''}, {'name': ' None', 'count': 0, 'meta': ''}, {'name': ' None', 'count': 0, 'meta': ''}, {'name': ' None', 'count': 0, 'meta': ''}, {'name': ' None', 'count': 0, 'meta': ''}, {'name': ' None', 'count': 0, 'meta': ''}, {'name': ' None', 'count': 0, 'meta': ''}, {'name': ' None', 'count': 0, 'meta': ''}, {'name': ' None', 'count': 0, 'meta': ''}, {'name': ' None', 'count': 0, 'meta': ''}, {'name': ' None', 'count': 0, 'meta': ''}, {'name': ' None', 'count': 0, 'meta': ''}, {'name': ' None', 'count': 0, 'meta': ''}, {'name': ' None', 'count': 0, 'meta': ''}, {'name': ' None', 'count': 0, 'meta': ''}, {'name': ' None', 'count': 0, 'meta': ''}, {'name': ' None', 'count': 0, 'meta': ''}, {'name': ' None', 'count': 0, 'meta': ''}, {'name': ' None', 'count': 0, 'meta': ''}, {'name': ' None', 'count': 0, 'meta': ''}, {'name': ' None', 'count': 0, 'meta': ''}, {'name': ' None', 'count': 0, 'meta': ''}, {'name': ' None', 'count': 0, 'meta': ''}, {'name': ' None', 'count': 0, 'meta': ''}, {'name': ' None', 'count': 0, 'meta': ''}, {'name': ' None', 'count': 0, 'meta': ''}, {'name': ' None', 'count': 0, 'meta': ''}]","Armor Slot 0: None, Count: 0; Armor Slot 1: None, Count: 0; Armor Slot 2: None, Count: 0; Armor Slot 3: None, Count: 0; ","Offhand: None, Count: 0; ",[],20.0,20.0,"[-0.17603400878260178, -0.258818209067199, 0.9497500525965632]",east,6,0 minecraft:air,False,Player is not currently riding anything,0.0784000015258789
119.0,14:59:42.156292,2025-07-30,literal{minecrafter256},"(104.28945906103002, 72.0, 158.2213496859338)",20.0,"[{'name': ' None', 'count': 0, 'meta': ''}, {'name': ' None', 'count': 0, 'meta': ''}, {'name': ' None', 'count': 0, 'meta': ''}, {'name': ' None', 'count': 0, 'meta': ''}, {'name': ' None', 'count': 0, 'meta': ''}, {'name': ' None', 'count': 0, 'meta': ''}, {'name': ' None', 'count': 0, 'meta': ''}, {'name': ' None', 'count': 0, 'meta': ''}, {'name': ' None', 'count': 0, 'meta': ''}, {'name': ' None', 'count': 0, 'meta': ''}, {'name': ' None', 'count': 0, 'meta': ''}, {'name': ' None', 'count': 0, 'meta': ''}, {'name': ' None', 'count': 0, 'meta': ''}, {'name': ' None', 'count': 0, 'meta': ''}, {'name': ' None', 'count': 0, 'meta': ''}, {'name': ' None', 'count': 0, 'meta': ''}, {'name': ' None', 'count': 0, 'meta': ''}, {'name': ' None', 'count': 0, 'meta': ''}, {'name': ' None', 'count': 0, 'meta': ''}, {'name': ' None', 'count': 0, 'meta': ''}, {'name': ' None', 'count': 0, 'meta': ''}, {'name': ' None', 'count': 0, 'meta': ''}, {'name': ' None', 'count': 0, 'meta': ''}, {'name': ' None', 'count': 0, 'meta': ''}, {'name': ' None', 'count': 0, 'meta': ''}, {'name': ' None', 'count': 0, 'meta': ''}, {'name': ' None', 'count': 0, 'meta': ''}, {'name': ' None', 'count': 0, 'meta': ''}, {'name': ' None', 'count': 0, 'meta': ''}, {'name': ' None', 'count': 0, 'meta': ''}, {'name': ' None', 'count': 0, 'meta': ''}, {'name': ' None', 'count': 0, 'meta': ''}, {'name': ' None', 'count': 0, 'meta': ''}, {'name': ' None', 'count': 0, 'meta': ''}, {'name': ' None', 'count': 0, 'meta': ''}, {'name': ' None', 'count': 0, 'meta': ''}]","Armor Slot 0: None, Count: 0; Armor Slot 1: None, Count: 0; Armor Slot 2: None, Count: 0; Armor Slot 3: None, Count: 0; ","Offhand: None, Count: 0; ",[],20.0,20.0,"[-0.17590992042800882, -0.2613461012827927, 0.9490805630921412]",east,6,0 minecraft:air,False,Player is not currently riding anything,0.0784000015258789
119.0,14:59:42.206496400,2025-07-30,literal{minecrafter256},"(104.48283129642975, 72.0, 158.25722279470662)",20.0,"[{'name': ' None', 'count': 0, 'meta': ''}, {'name': ' None', 'count': 0, 'meta': ''}, {'name': ' None', 'count': 0, 'meta': ''}, {'name': ' None', 'count': 0, 'meta': ''}, {'name': ' None', 'count': 0, 'meta': ''}, {'name': ' None', 'count': 0, 'meta': ''}, {'name': ' None', 'count': 0, 'meta': ''}, {'name': ' None', 'count': 0, 'meta': ''}, {'name': ' None', 'count': 0, 'meta': ''}, {'name': ' None', 'count': 0, 'meta': ''}, {'name': ' None', 'count': 0, 'meta': ''}, {'name': ' None', 'count': 0, 'meta': ''}, {'name': ' None', 'count': 0, 'meta': ''}, {'name': ' None', 'count': 0, 'meta': ''}, {'name': ' None', 'count': 0, 'meta': ''}, {'name': ' None', 'count': 0, 'meta': ''}, {'name': ' None', 'count': 0, 'meta': ''}, {'name': ' None', 'count': 0, 'meta': ''}, {'name': ' None', 'count': 0, 'meta': ''}, {'name': ' None', 'count': 0, 'meta': ''}, {'name': ' None', 'count': 0, 'meta': ''}, {'name': ' None', 'count': 0, 'meta': ''}, {'name': ' None', 'count': 0, 'meta': ''}, {'name': ' None', 'count': 0, 'meta': ''}, {'name': ' None', 'count': 0, 'meta': ''}, {'name': ' None', 'count': 0, 'meta': ''}, {'name': ' None', 'count': 0, 'meta': ''}, {'name': ' None', 'count': 0, 'meta': ''}, {'name': ' None', 'count': 0, 'meta': ''}, {'name': ' None', 'count': 0, 'meta': ''}, {'name': ' None', 'count': 0, 'meta': ''}, {'name': ' None', 'count': 0, 'meta': ''}, {'name': ' None', 'count': 0, 'meta': ''}, {'name': ' None', 'count': 0, 'meta': ''}, {'name': ' None', 'count': 0, 'meta': ''}, {'name': ' None', 'count': 0, 'meta': ''}]","Armor Slot 0: None, Count: 0; Armor Slot 1: None, Count: 0; Armor Slot 2: None, Count: 0; Armor Slot 3: None, Count: 0; ","Offhand: None, Count: 0; ",[],20.0,20.0,"[-0.17590992042800882, -0.2613461012827927, 0.9490805630921412]",east,6,0 minecraft:air,False,Player is not currently riding anything,0.0784000015258789
119.0,14:59:42.256116800,2025-07-30,literal{minecrafter256},"(104.58841254922154, 72.0, 158.27680951437162)",20.0,"[{'name': ' None', 'count': 0, 'meta': ''}, {'name': ' None', 'count': 0, 'meta': ''}, {'name': ' None', 'count': 0, 'meta': ''}, {'name': ' None', 'count': 0, 'meta': ''}, {'name': ' None', 'count': 0, 'meta': ''}, {'name': ' None', 'count': 0, 'meta': ''}, {'name': ' None', 'count': 0, 'meta': ''}, {'name': ' None', 'count': 0, 'meta': ''}, {'name': ' None', 'count': 0, 'meta': ''}, {'name': ' None', 'count': 0, 'meta': ''}, {'name': ' None', 'count': 0, 'meta': ''}, {'name': ' None', 'count': 0, 'meta': ''}, {'name': ' None', 'count': 0, 'meta': ''}, {'name': ' None', 'count': 0, 'meta': ''}, {'name': ' None', 'count': 0, 'meta': ''}, {'name': ' None', 'count': 0, 'meta': ''}, {'name': ' None', 'count': 0, 'meta': ''}, {'name': ' None', 'count': 0, 'meta': ''}, {'name': ' None', 'count': 0, 'meta': ''}, {'name': ' None', 'count': 0, 'meta': ''}, {'name': ' None', 'count': 0, 'meta': ''}, {'name': ' None', 'count': 0, 'meta': ''}, {'name': ' None', 'count': 0, 'meta': ''}, {'name': ' None', 'count': 0, 'meta': ''}, {'name': ' None', 'count': 0, 'meta': ''}, {'name': ' None', 'count': 0, 'meta': ''}, {'name': ' None', 'count': 0, 'meta': ''}, {'name': ' None', 'count': 0, 'meta': ''}, {'name': ' None', 'count': 0, 'meta': ''}, {'name': ' None', 'count': 0, 'meta': ''}, {'name': ' None', 'count': 0, 'meta': ''}, {'name': ' None', 'count': 0, 'meta': ''}, {'name': ' None', 'count': 0, 'meta': ''}, {'name': ' None', 'count': 0, 'meta': ''}, {'name': ' None', 'count': 0, 'meta': ''}, {'name': ' None', 'count': 0, 'meta': ''}]","Armor Slot 0: None, Count: 0; Armor Slot 1: None, Count: 0; Armor Slot 2: None, Count: 0; Armor Slot 3: None, Count: 0; ","Offhand: None, Count: 0; ",[],20.0,20.0,"[-0.17590992042800882, -0.2613461012827927, 0.9490805630921412]",east,6,0 minecraft:air,False,Player is not currently riding anything,0.0784000015258789
119.0,14:59:42.306205,2025-07-30,literal{minecrafter256},"(104.64605991994176, 72.0, 158.2875038645509)",20.0,"[{'name': ' None', 'count': 0, 'meta': ''}, {'name': ' None', 'count': 0, 'meta': ''}, {'name': ' None', 'count': 0, 'meta': ''}, {'name': ' None', 'count': 0, 'meta': ''}, {'name': ' None', 'count': 0, 'meta': ''}, {'name': ' None', 'count': 0, 'meta': ''}, {'name': ' None', 'count': 0, 'meta': ''}, {'name': ' None', 'count': 0, 'meta': ''}, {'name': ' None', 'count': 0, 'meta': ''}, {'name': ' None', 'count': 0, 'meta': ''}, {'name': ' None', 'count': 0, 'meta': ''}, {'name': ' None', 'count': 0, 'meta': ''}, {'name': ' None', 'count': 0, 'meta': ''}, {'name': ' None', 'count': 0, 'meta': ''}, {'name': ' None', 'count': 0, 'meta': ''}, {'name': ' None', 'count': 0, 'meta': ''}, {'name': ' None', 'count': 0, 'meta': ''}, {'name': ' None', 'count': 0, 'meta': ''}, {'name': ' None', 'count': 0, 'meta': ''}, {'name': ' None', 'count': 0, 'meta': ''}, {'name': ' None', 'count': 0, 'meta': ''}, {'name': ' None', 'count': 0, 'meta': ''}, {'name': ' None', 'count': 0, 'meta': ''}, {'name': ' None', 'count': 0, 'meta': ''}, {'name': ' None', 'count': 0, 'meta': ''}, {'name': ' None', 'count': 0, 'meta': ''}, {'name': ' None', 'count': 0, 'meta': ''}, {'name': ' None', 'count': 0, 'meta': ''}, {'name': ' None', 'count': 0, 'meta': ''}, {'name': ' None', 'count': 0, 'meta': ''}, {'name': ' None', 'count': 0, 'meta': ''}, {'name': ' None', 'count': 0, 'meta': ''}, {'name': ' None', 'count': 0, 'meta': ''}, {'name': ' None', 'count': 0, 'meta': ''}, {'name': ' None', 'count': 0, 'meta': ''}, {'name': ' None', 'count': 0, 'meta': ''}]","Armor Slot 0: None, Count: 0; Armor Slot 1: None, Count: 0; Armor Slot 2: None, Count: 0; Armor Slot 3: None, Count: 0; ","Offhand: None, Count: 0; ",[],20.0,20.0,"[-0.17590992042800882, -0.2613461012827927, 0.9490805630921412]",east,6,0 minecraft:air,False,Player is not currently riding anything,0.0784000015258789
119.0,14:59:42.355840300,2025-07-30,literal{minecrafter256},"(104.67753538801097, 72.0, 158.293342980427)",20.0,"[{'name': ' None', 'count': 0, 'meta': ''}, {'name': ' None', 'count': 0, 'meta': ''}, {'name': ' None', 'count': 0, 'meta': ''}, {'name': ' None', 'count': 0, 'meta': ''}, {'name': ' None', 'count': 0, 'meta': ''}, {'name': ' None', 'count': 0, 'meta': ''}, {'name': ' None', 'count': 0, 'meta': ''}, {'name': ' None', 'count': 0, 'meta': ''}, {'name': ' None', 'count': 0, 'meta': ''}, {'name': ' None', 'count': 0, 'meta': ''}, {'name': ' None', 'count': 0, 'meta': ''}, {'name': ' None', 'count': 0, 'meta': ''}, {'name': ' None', 'count': 0, 'meta': ''}, {'name': ' None', 'count': 0, 'meta': ''}, {'name': ' None', 'count': 0, 'meta': ''}, {'name': ' None', 'count': 0, 'meta': ''}, {'name': ' None', 'count': 0, 'meta': ''}, {'name': ' None', 'count': 0, 'meta': ''}, {'name': ' None', 'count': 0, 'meta': ''}, {'name': ' None', 'count': 0, 'meta': ''}, {'name': ' None', 'count': 0, 'meta': ''}, {'name': ' None', 'count': 0, 'meta': ''}, {'name': ' None', 'count': 0, 'meta': ''}, {'name': ' None', 'count': 0, 'meta': ''}, {'name': ' None', 'count': 0, 'meta': ''}, {'name': ' None', 'count': 0, 'meta': ''}, {'name': ' None', 'count': 0, 'meta': ''}, {'name': ' None', 'count': 0, 'meta': ''}, {'name': ' None', 'count': 0, 'meta': ''}, {'name': ' None', 'count': 0, 'meta': ''}, {'name': ' None', 'count': 0, 'meta': ''}, {'name': ' None', 'count': 0, 'meta': ''}, {'name': ' None', 'count': 0, 'meta': ''}, {'name': ' None', 'count': 0, 'meta': ''}, {'name': ' None', 'count': 0, 'meta': ''}, {'name': ' None', 'count': 0, 'meta': ''}]","Armor Slot 0: None, Count: 0; Armor Slot 1: None, Count: 0; Armor Slot 2: None, Count: 0; Armor Slot 3: None, Count: 0; ","Offhand: None, Count: 0; ",[],20.0,20.0,"[-0.17590992042800882, -0.2613461012827927, 0.9490805630921412]",east,6,0 minecraft:air,False,Player is not currently riding anything,0.0784000015258789
119.0,14:59:42.405581400,2025-07-30,literal{minecrafter256},"(104.69472099557291, 72.0, 158.2965311380657)",20.0,"[{'name': ' None', 'count': 0, 'meta': ''}, {'name': ' None', 'count': 0, 'meta': ''}, {'name': ' None', 'count': 0, 'meta': ''}, {'name': ' None', 'count': 0, 'meta': ''}, {'name': ' None', 'count': 0, 'meta': ''}, {'name': ' None', 'count': 0, 'meta': ''}, {'name': ' None', 'count': 0, 'meta': ''}, {'name': ' None', 'count': 0, 'meta': ''}, {'name': ' None', 'count': 0, 'meta': ''}, {'name': ' None', 'count': 0, 'meta': ''}, {'name': ' None', 'count': 0, 'meta': ''}, {'name': ' None', 'count': 0, 'meta': ''}, {'name': ' None', 'count': 0, 'meta': ''}, {'name': ' None', 'count': 0, 'meta': ''}, {'name': ' None', 'count': 0, 'meta': ''}, {'name': ' None', 'count': 0, 'meta': ''}, {'name': ' None', 'count': 0, 'meta': ''}, {'name': ' None', 'count': 0, 'meta': ''}, {'name': ' None', 'count': 0, 'meta': ''}, {'name': ' None', 'count': 0, 'meta': ''}, {'name': ' None', 'count': 0, 'meta': ''}, {'name': ' None', 'count': 0, 'meta': ''}, {'name': ' None', 'count': 0, 'meta': ''}, {'name': ' None', 'count': 0, 'meta': ''}, {'name': ' None', 'count': 0, 'meta': ''}, {'name': ' None', 'count': 0, 'meta': ''}, {'name': ' None', 'count': 0, 'meta': ''}, {'name': ' None', 'count': 0, 'meta': ''}, {'name': ' None', 'count': 0, 'meta': ''}, {'name': ' None', 'count': 0, 'meta': ''}, {'name': ' None', 'count': 0, 'meta': ''}, {'name': ' None', 'count': 0, 'meta': ''}, {'name': ' None', 'count': 0, 'meta': ''}, {'name': ' None', 'count': 0, 'meta': ''}, {'name': ' None', 'count': 0, 'meta': ''}, {'name': ' None', 'count': 0, 'meta': ''}]","Armor Slot 0: None, Count: 0; Armor Slot 1: None, Count: 0; Armor Slot 2: None, Count: 0; Armor Slot 3: None, Count: 0; ","Offhand: None, Count: 0; ",[],20.0,20.0,"[-0.17590992042800882, -0.2613461012827927, 0.9490805630921412]",east,6,0 minecraft:air,False,Player is not currently riding anything,0.0784000015258789
119.0,14:59:42.457265400,2025-07-30,literal{minecrafter256},"(104.69999998807907, 72.0, 158.2965311380657)",20.0,"[{'name': ' None', 'count': 0, 'meta': ''}, {'name': ' None', 'count': 0, 'meta': ''}, {'name': ' None', 'count': 0, 'meta': ''}, {'name': ' None', 'count': 0, 'meta': ''}, {'name': ' None', 'count': 0, 'meta': ''}, {'name': ' None', 'count': 0, 'meta': ''}, {'name': ' None', 'count': 0, 'meta': ''}, {'name': ' None', 'count': 0, 'meta': ''}, {'name': ' None', 'count': 0, 'meta': ''}, {'name': ' None', 'count': 0, 'meta': ''}, {'name': ' None', 'count': 0, 'meta': ''}, {'name': ' None', 'count': 0, 'meta': ''}, {'name': ' None', 'count': 0, 'meta': ''}, {'name': ' None', 'count': 0, 'meta': ''}, {'name': ' None', 'count': 0, 'meta': ''}, {'name': ' None', 'count': 0, 'meta': ''}, {'name': ' None', 'count': 0, 'meta': ''}, {'name': ' None', 'count': 0, 'meta': ''}, {'name': ' None', 'count': 0, 'meta': ''}, {'name': ' None', 'count': 0, 'meta': ''}, {'name': ' None', 'count': 0, 'meta': ''}, {'name': ' None', 'count': 0, 'meta': ''}, {'name': ' None', 'count': 0, 'meta': ''}, {'name': ' None', 'count': 0, 'meta': ''}, {'name': ' None', 'count': 0, 'meta': ''}, {'name': ' None', 'count': 0, 'meta': ''}, {'name': ' None', 'count': 0, 'meta': ''}, {'name': ' None', 'count': 0, 'meta': ''}, {'name': ' None', 'count': 0, 'meta': ''}, {'name': ' None', 'count': 0, 'meta': ''}, {'name': ' None', 'count': 0, 'meta': ''}, {'name': ' None', 'count': 0, 'meta': ''}, {'name': ' None', 'count': 0, 'meta': ''}, {'name': ' None', 'count': 0, 'meta': ''}, {'name': ' None', 'count': 0, 'meta': ''}, {'name': ' None', 'count': 0, 'meta': ''}]","Armor Slot 0: None, Count: 0; Armor Slot 1: None, Count: 0; Armor Slot 2: None, Count: 0; Armor Slot 3: None, Count: 0; ","Offhand: None, Count: 0; ",[],20.0,20.0,"[-0.17590992042800882, -0.2613461012827927, 0.9490805630921412]",east,6,0 minecraft:air,False,Player is not currently riding anything,0.0784000015258789
119.0,14:59:42.506434300,2025-07-30,literal{minecrafter256},"(104.69999998807907, 72.0, 158.2965311380657)",20.0,"[{'name': ' None', 'count': 0, 'meta': ''}, {'name': ' None', 'count': 0, 'meta': ''}, {'name': ' None', 'count': 0, 'meta': ''}, {'name': ' None', 'count': 0, 'meta': ''}, {'name': ' None', 'count': 0, 'meta': ''}, {'name': ' None', 'count': 0, 'meta': ''}, {'name': ' None', 'count': 0, 'meta': ''}, {'name': ' None', 'count': 0, 'meta': ''}, {'name': ' None', 'count': 0, 'meta': ''}, {'name': ' None', 'count': 0, 'meta': ''}, {'name': ' None', 'count': 0, 'meta': ''}, {'name': ' None', 'count': 0, 'meta': ''}, {'name': ' None', 'count': 0, 'meta': ''}, {'name': ' None', 'count': 0, 'meta': ''}, {'name': ' None', 'count': 0, 'meta': ''}, {'name': ' None', 'count': 0, 'meta': ''}, {'name': ' None', 'count': 0, 'meta': ''}, {'name': ' None', 'count': 0, 'meta': ''}, {'name': ' None', 'count': 0, 'meta': ''}, {'name': ' None', 'count': 0, 'meta': ''}, {'name': ' None', 'count': 0, 'meta': ''}, {'name': ' None', 'count': 0, 'meta': ''}, {'name': ' None', 'count': 0, 'meta': ''}, {'name': ' None', 'count': 0, 'meta': ''}, {'name': ' None', 'count': 0, 'meta': ''}, {'name': ' None', 'count': 0, 'meta': ''}, {'name': ' None', 'count': 0, 'meta': ''}, {'name': ' None', 'count': 0, 'meta': ''}, {'name': ' None', 'count': 0, 'meta': ''}, {'name': ' None', 'count': 0, 'meta': ''}, {'name': ' None', 'count': 0, 'meta': ''}, {'name': ' None', 'count': 0, 'meta': ''}, {'name': ' None', 'count': 0, 'meta': ''}, {'name': ' None', 'count': 0, 'meta': ''}, {'name': ' None', 'count': 0, 'meta': ''}, {'name': ' None', 'count': 0, 'meta': ''}]","Armor Slot 0: None, Count: 0; Armor Slot 1: None, Count: 0; Armor Slot 2: None, Count: 0; Armor Slot 3: None, Count: 0; ","Offhand: None, Count: 0; ",[],20.0,20.0,"[-0.36432757890499834, -0.28652368521684196, 0.8860979590649006]",east,6,0 minecraft:air,False,Player is not currently riding anything,0.0784000015258789
119.0,14:59:42.557943900,2025-07-30,literal{minecrafter256},"(104.69999998807907, 72.0, 158.2965311380657)",20.0,"[{'name': ' None', 'count': 0, 'meta': ''}, {'name': ' None', 'count': 0, 'meta': ''}, {'name': ' None', 'count': 0, 'meta': ''}, {'name': ' None', 'count': 0, 'meta': ''}, {'name': ' None', 'count': 0, 'meta': ''}, {'name': ' None', 'count': 0, 'meta': ''}, {'name': ' None', 'count': 0, 'meta': ''}, {'name': ' None', 'count': 0, 'meta': ''}, {'name': ' None', 'count': 0, 'meta': ''}, {'name': ' None', 'count': 0, 'meta': ''}, {'name': ' None', 'count': 0, 'meta': ''}, {'name': ' None', 'count': 0, 'meta': ''}, {'name': ' None', 'count': 0, 'meta': ''}, {'name': ' None', 'count': 0, 'meta': ''}, {'name': ' None', 'count': 0, 'meta': ''}, {'name': ' None', 'count': 0, 'meta': ''}, {'name': ' None', 'count': 0, 'meta': ''}, {'name': ' None', 'count': 0, 'meta': ''}, {'name': ' None', 'count': 0, 'meta': ''}, {'name': ' None', 'count': 0, 'meta': ''}, {'name': ' None', 'count': 0, 'meta': ''}, {'name': ' None', 'count': 0, 'meta': ''}, {'name': ' None', 'count': 0, 'meta': ''}, {'name': ' None', 'count': 0, 'meta': ''}, {'name': ' None', 'count': 0, 'meta': ''}, {'name': ' None', 'count': 0, 'meta': ''}, {'name': ' None', 'count': 0, 'meta': ''}, {'name': ' None', 'count': 0, 'meta': ''}, {'name': ' None', 'count': 0, 'meta': ''}, {'name': ' None', 'count': 0, 'meta': ''}, {'name': ' None', 'count': 0, 'meta': ''}, {'name': ' None', 'count': 0, 'meta': ''}, {'name': ' None', 'count': 0, 'meta': ''}, {'name': ' None', 'count': 0, 'meta': ''}, {'name': ' None', 'count': 0, 'meta': ''}, {'name': ' None', 'count': 0, 'meta': ''}]","Armor Slot 0: None, Count: 0; Armor Slot 1: None, Count: 0; Armor Slot 2: None, Count: 0; Armor Slot 3: None, Count: 0; ","Offhand: None, Count: 0; ",[],20.0,20.0,"[-0.4169905162302907, -0.28652368521684196, 0.8625677290414682]",east,6,0 minecraft:air,False,Player is not currently riding anything,0.0784000015258789
118.0,14:59:42.606040100,2025-07-30,literal{minecrafter256},"(104.69999998807907, 72.0, 158.2965311380657)",20.0,"[{'name': ' None', 'count': 0, 'meta': ''}, {'name': ' None', 'count': 0, 'meta': ''}, {'name': ' None', 'count': 0, 'meta': ''}, {'name': ' None', 'count': 0, 'meta': ''}, {'name': ' None', 'count': 0, 'meta': ''}, {'name': ' None', 'count': 0, 'meta': ''}, {'name': ' None', 'count': 0, 'meta': ''}, {'name': ' None', 'count': 0, 'meta': ''}, {'name': ' None', 'count': 0, 'meta': ''}, {'name': ' None', 'count': 0, 'meta': ''}, {'name': ' None', 'count': 0, 'meta': ''}, {'name': ' None', 'count': 0, 'meta': ''}, {'name': ' None', 'count': 0, 'meta': ''}, {'name': ' None', 'count': 0, 'meta': ''}, {'name': ' None', 'count': 0, 'meta': ''}, {'name': ' None', 'count': 0, 'meta': ''}, {'name': ' None', 'count': 0, 'meta': ''}, {'name': ' None', 'count': 0, 'meta': ''}, {'name': ' None', 'count': 0, 'meta': ''}, {'name': ' None', 'count': 0, 'meta': ''}, {'name': ' None', 'count': 0, 'meta': ''}, {'name': ' None', 'count': 0, 'meta': ''}, {'name': ' None', 'count': 0, 'meta': ''}, {'name': ' None', 'count': 0, 'meta': ''}, {'name': ' None', 'count': 0, 'meta': ''}, {'name': ' None', 'count': 0, 'meta': ''}, {'name': ' None', 'count': 0, 'meta': ''}, {'name': ' None', 'count': 0, 'meta': ''}, {'name': ' None', 'count': 0, 'meta': ''}, {'name': ' None', 'count': 0, 'meta': ''}, {'name': ' None', 'count': 0, 'meta': ''}, {'name': ' None', 'count': 0, 'meta': ''}, {'name': ' None', 'count': 0, 'meta': ''}, {'name': ' None', 'count': 0, 'meta': ''}, {'name': ' None', 'count': 0, 'meta': ''}, {'name': ' None', 'count': 0, 'meta': ''}]","Armor Slot 0: None, Count: 0; Armor Slot 1: None, Count: 0; Armor Slot 2: None, Count: 0; Armor Slot 3: None, Count: 0; ","Offhand: None, Count: 0; ",[],20.0,20.0,"[-0.41731556608960824, -0.2840144829004569, 0.8632401124844093]",east,6,0 minecraft:air,False,Player is not currently riding anything,0.0784000015258789
118.0,14:59:42.655865,2025-07-30,literal{minecrafter256},"(104.69999998807907, 72.0, 158.2965311380657)",20.0,"[{'name': ' None', 'count': 0, 'meta': ''}, {'name': ' None', 'count': 0, 'meta': ''}, {'name': ' None', 'count': 0, 'meta': ''}, {'name': ' None', 'count': 0, 'meta': ''}, {'name': ' None', 'count': 0, 'meta': ''}, {'name': ' None', 'count': 0, 'meta': ''}, {'name': ' None', 'count': 0, 'meta': ''}, {'name': ' None', 'count': 0, 'meta': ''}, {'name': ' None', 'count': 0, 'meta': ''}, {'name': ' None', 'count': 0, 'meta': ''}, {'name': ' None', 'count': 0, 'meta': ''}, {'name': ' None', 'count': 0, 'meta': ''}, {'name': ' None', 'count': 0, 'meta': ''}, {'name': ' None', 'count': 0, 'meta': ''}, {'name': ' None', 'count': 0, 'meta': ''}, {'name': ' None', 'count': 0, 'meta': ''}, {'name': ' None', 'count': 0, 'meta': ''}, {'name': ' None', 'count': 0, 'meta': ''}, {'name': ' None', 'count': 0, 'meta': ''}, {'name': ' None', 'count': 0, 'meta': ''}, {'name': ' None', 'count': 0, 'meta': ''}, {'name': ' None', 'count': 0, 'meta': ''}, {'name': ' None', 'count': 0, 'meta': ''}, {'name': ' None', 'count': 0, 'meta': ''}, {'name': ' None', 'count': 0, 'meta': ''}, {'name': ' None', 'count': 0, 'meta': ''}, {'name': ' None', 'count': 0, 'meta': ''}, {'name': ' None', 'count': 0, 'meta': ''}, {'name': ' None', 'count': 0, 'meta': ''}, {'name': ' None', 'count': 0, 'meta': ''}, {'name': ' None', 'count': 0, 'meta': ''}, {'name': ' None', 'count': 0, 'meta': ''}, {'name': ' None', 'count': 0, 'meta': ''}, {'name': ' None', 'count': 0, 'meta': ''}, {'name': ' None', 'count': 0, 'meta': ''}, {'name': ' None', 'count': 0, 'meta': ''}]","Armor Slot 0: None, Count: 0; Armor Slot 1: None, Count: 0; Armor Slot 2: None, Count: 0; Armor Slot 3: None, Count: 0; ","Offhand: None, Count: 0; ",[],20.0,20.0,"[-0.41731556608960824, -0.2840144829004569, 0.8632401124844093]",east,6,0 minecraft:air,False,Player is not currently riding anything,0.0784000015258789
118.0,14:59:42.708038700,2025-07-30,literal{minecrafter256},"(104.69999998807907, 72.0, 158.2965311380657)",20.0,"[{'name': ' None', 'count': 0, 'meta': ''}, {'name': ' None', 'count': 0, 'meta': ''}, {'name': ' None', 'count': 0, 'meta': ''}, {'name': ' None', 'count': 0, 'meta': ''}, {'name': ' None', 'count': 0, 'meta': ''}, {'name': ' None', 'count': 0, 'meta': ''}, {'name': ' None', 'count': 0, 'meta': ''}, {'name': ' None', 'count': 0, 'meta': ''}, {'name': ' None', 'count': 0, 'meta': ''}, {'name': ' None', 'count': 0, 'meta': ''}, {'name': ' None', 'count': 0, 'meta': ''}, {'name': ' None', 'count': 0, 'meta': ''}, {'name': ' None', 'count': 0, 'meta': ''}, {'name': ' None', 'count': 0, 'meta': ''}, {'name': ' None', 'count': 0, 'meta': ''}, {'name': ' None', 'count': 0, 'meta': ''}, {'name': ' None', 'count': 0, 'meta': ''}, {'name': ' None', 'count': 0, 'meta': ''}, {'name': ' None', 'count': 0, 'meta': ''}, {'name': ' None', 'count': 0, 'meta': ''}, {'name': ' None', 'count': 0, 'meta': ''}, {'name': ' None', 'count': 0, 'meta': ''}, {'name': ' None', 'count': 0, 'meta': ''}, {'name': ' None', 'count': 0, 'meta': ''}, {'name': ' None', 'count': 0, 'meta': ''}, {'name': ' None', 'count': 0, 'meta': ''}, {'name': ' None', 'count': 0, 'meta': ''}, {'name': ' None', 'count': 0, 'meta': ''}, {'name': ' None', 'count': 0, 'meta': ''}, {'name': ' None', 'count': 0, 'meta': ''}, {'name': ' None', 'count': 0, 'meta': ''}, {'name': ' None', 'count': 0, 'meta': ''}, {'name': ' None', 'count': 0, 'meta': ''}, {'name': ' None', 'count': 0, 'meta': ''}, {'name': ' None', 'count': 0, 'meta': ''}, {'name': ' None', 'count': 0, 'meta': ''}]","Armor Slot 0: None, Count: 0; Armor Slot 1: None, Count: 0; Armor Slot 2: None, Count: 0; Armor Slot 3: None, Count: 0; ","Offhand: None, Count: 0; ",[],20.0,20.0,"[-0.41731556608960824, -0.2840144829004569, 0.8632401124844093]",east,6,0 minecraft:air,False,Player is not currently riding anything,0.0784000015258789
118.0,14:59:42.757001100,2025-07-30,literal{minecrafter256},"(104.69999998807907, 72.0, 158.2965311380657)",20.0,"[{'name': ' None', 'count': 0, 'meta': ''}, {'name': ' None', 'count': 0, 'meta': ''}, {'name': ' None', 'count': 0, 'meta': ''}, {'name': ' None', 'count': 0, 'meta': ''}, {'name': ' None', 'count': 0, 'meta': ''}, {'name': ' None', 'count': 0, 'meta': ''}, {'name': ' None', 'count': 0, 'meta': ''}, {'name': ' None', 'count': 0, 'meta': ''}, {'name': ' None', 'count': 0, 'meta': ''}, {'name': ' None', 'count': 0, 'meta': ''}, {'name': ' None', 'count': 0, 'meta': ''}, {'name': ' None', 'count': 0, 'meta': ''}, {'name': ' None', 'count': 0, 'meta': ''}, {'name': ' None', 'count': 0, 'meta': ''}, {'name': ' None', 'count': 0, 'meta': ''}, {'name': ' None', 'count': 0, 'meta': ''}, {'name': ' None', 'count': 0, 'meta': ''}, {'name': ' None', 'count': 0, 'meta': ''}, {'name': ' None', 'count': 0, 'meta': ''}, {'name': ' None', 'count': 0, 'meta': ''}, {'name': ' None', 'count': 0, 'meta': ''}, {'name': ' None', 'count': 0, 'meta': ''}, {'name': ' None', 'count': 0, 'meta': ''}, {'name': ' None', 'count': 0, 'meta': ''}, {'name': ' None', 'count': 0, 'meta': ''}, {'name': ' None', 'count': 0, 'meta': ''}, {'name': ' None', 'count': 0, 'meta': ''}, {'name': ' None', 'count': 0, 'meta': ''}, {'name': ' None', 'count': 0, 'meta': ''}, {'name': ' None', 'count': 0, 'meta': ''}, {'name': ' None', 'count': 0, 'meta': ''}, {'name': ' None', 'count': 0, 'meta': ''}, {'name': ' None', 'count': 0, 'meta': ''}, {'name': ' None', 'count': 0, 'meta': ''}, {'name': ' None', 'count': 0, 'meta': ''}, {'name': ' None', 'count': 0, 'meta': ''}]","Armor Slot 0: None, Count: 0; Armor Slot 1: None, Count: 0; Armor Slot 2: None, Count: 0; Armor Slot 3: None, Count: 0; ","Offhand: None, Count: 0; ",[],20.0,20.0,"[-0.41731556608960824, -0.2840144829004569, 0.8632401124844093]",east,6,0 minecraft:air,False,Player is not currently riding anything,0.0784000015258789
118.0,14:59:42.805507500,2025-07-30,literal{minecrafter256},"(104.69999998807907, 72.0, 158.2965311380657)",20.0,"[{'name': ' None', 'count': 0, 'meta': ''}, {'name': ' None', 'count': 0, 'meta': ''}, {'name': ' None', 'count': 0, 'meta': ''}, {'name': ' None', 'count': 0, 'meta': ''}, {'name': ' None', 'count': 0, 'meta': ''}, {'name': ' None', 'count': 0, 'meta': ''}, {'name': ' None', 'count': 0, 'meta': ''}, {'name': ' None', 'count': 0, 'meta': ''}, {'name': ' None', 'count': 0, 'meta': ''}, {'name': ' None', 'count': 0, 'meta': ''}, {'name': ' None', 'count': 0, 'meta': ''}, {'name': ' None', 'count': 0, 'meta': ''}, {'name': ' None', 'count': 0, 'meta': ''}, {'name': ' None', 'count': 0, 'meta': ''}, {'name': ' None', 'count': 0, 'meta': ''}, {'name': ' None', 'count': 0, 'meta': ''}, {'name': ' None', 'count': 0, 'meta': ''}, {'name': ' None', 'count': 0, 'meta': ''}, {'name': ' None', 'count': 0, 'meta': ''}, {'name': ' None', 'count': 0, 'meta': ''}, {'name': ' None', 'count': 0, 'meta': ''}, {'name': ' None', 'count': 0, 'meta': ''}, {'name': ' None', 'count': 0, 'meta': ''}, {'name': ' None', 'count': 0, 'meta': ''}, {'name': ' None', 'count': 0, 'meta': ''}, {'name': ' None', 'count': 0, 'meta': ''}, {'name': ' None', 'count': 0, 'meta': ''}, {'name': ' None', 'count': 0, 'meta': ''}, {'name': ' None', 'count': 0, 'meta': ''}, {'name': ' None', 'count': 0, 'meta': ''}, {'name': ' None', 'count': 0, 'meta': ''}, {'name': ' None', 'count': 0, 'meta': ''}, {'name': ' None', 'count': 0, 'meta': ''}, {'name': ' None', 'count': 0, 'meta': ''}, {'name': ' None', 'count': 0, 'meta': ''}, {'name': ' None', 'count': 0, 'meta': ''}]","Armor Slot 0: None, Count: 0; Armor Slot 1: None, Count: 0; Armor Slot 2: None, Count: 0; Armor Slot 3: None, Count: 0; ","Offhand: None, Count: 0; ",[],20.0,20.0,"[-0.41731556608960824, -0.2840144829004569, 0.8632401124844093]",east,6,0 minecraft:air,False,Player is not currently riding anything,0.0784000015258789
118.0,14:59:42.856747400,2025-07-30,literal{minecrafter256},"(104.69999998807907, 72.0, 158.2965311380657)",20.0,"[{'name': ' None', 'count': 0, 'meta': ''}, {'name': ' None', 'count': 0, 'meta': ''}, {'name': ' None', 'count': 0, 'meta': ''}, {'name': ' None', 'count': 0, 'meta': ''}, {'name': ' None', 'count': 0, 'meta': ''}, {'name': ' None', 'count': 0, 'meta': ''}, {'name': ' None', 'count': 0, 'meta': ''}, {'name': ' None', 'count': 0, 'meta': ''}, {'name': ' None', 'count': 0, 'meta': ''}, {'name': ' None', 'count': 0, 'meta': ''}, {'name': ' None', 'count': 0, 'meta': ''}, {'name': ' None', 'count': 0, 'meta': ''}, {'name': ' None', 'count': 0, 'meta': ''}, {'name': ' None', 'count': 0, 'meta': ''}, {'name': ' None', 'count': 0, 'meta': ''}, {'name': ' None', 'count': 0, 'meta': ''}, {'name': ' None', 'count': 0, 'meta': ''}, {'name': ' None', 'count': 0, 'meta': ''}, {'name': ' None', 'count': 0, 'meta': ''}, {'name': ' None', 'count': 0, 'meta': ''}, {'name': ' None', 'count': 0, 'meta': ''}, {'name': ' None', 'count': 0, 'meta': ''}, {'name': ' None', 'count': 0, 'meta': ''}, {'name': ' None', 'count': 0, 'meta': ''}, {'name': ' None', 'count': 0, 'meta': ''}, {'name': ' None', 'count': 0, 'meta': ''}, {'name': ' None', 'count': 0, 'meta': ''}, {'name': ' None', 'count': 0, 'meta': ''}, {'name': ' None', 'count': 0, 'meta': ''}, {'name': ' None', 'count': 0, 'meta': ''}, {'name': ' None', 'count': 0, 'meta': ''}, {'name': ' None', 'count': 0, 'meta': ''}, {'name': ' None', 'count': 0, 'meta': ''}, {'name': ' None', 'count': 0, 'meta': ''}, {'name': ' None', 'count': 0, 'meta': ''}, {'name': ' None', 'count': 0, 'meta': ''}]","Armor Slot 0: None, Count: 0; Armor Slot 1: None, Count: 0; Armor Slot 2: None, Count: 0; Armor Slot 3: None, Count: 0; ","Offhand: None, Count: 0; ",[],20.0,20.0,"[-0.41731556608960824, -0.2840144829004569, 0.8632401124844093]",east,6,0 minecraft:air,False,Player is not currently riding anything,0.0784000015258789
118.0,14:59:42.905164600,2025-07-30,literal{minecrafter256},"(104.69999998807907, 72.0, 158.2965311380657)",20.0,"[{'name': ' None', 'count': 0, 'meta': ''}, {'name': ' None', 'count': 0, 'meta': ''}, {'name': ' None', 'count': 0, 'meta': ''}, {'name': ' None', 'count': 0, 'meta': ''}, {'name': ' None', 'count': 0, 'meta': ''}, {'name': ' None', 'count': 0, 'meta': ''}, {'name': ' None', 'count': 0, 'meta': ''}, {'name': ' None', 'count': 0, 'meta': ''}, {'name': ' None', 'count': 0, 'meta': ''}, {'name': ' None', 'count': 0, 'meta': ''}, {'name': ' None', 'count': 0, 'meta': ''}, {'name': ' None', 'count': 0, 'meta': ''}, {'name': ' None', 'count': 0, 'meta': ''}, {'name': ' None', 'count': 0, 'meta': ''}, {'name': ' None', 'count': 0, 'meta': ''}, {'name': ' None', 'count': 0, 'meta': ''}, {'name': ' None', 'count': 0, 'meta': ''}, {'name': ' None', 'count': 0, 'meta': ''}, {'name': ' None', 'count': 0, 'meta': ''}, {'name': ' None', 'count': 0, 'meta': ''}, {'name': ' None', 'count': 0, 'meta': ''}, {'name': ' None', 'count': 0, 'meta': ''}, {'name': ' None', 'count': 0, 'meta': ''}, {'name': ' None', 'count': 0, 'meta': ''}, {'name': ' None', 'count': 0, 'meta': ''}, {'name': ' None', 'count': 0, 'meta': ''}, {'name': ' None', 'count': 0, 'meta': ''}, {'name': ' None', 'count': 0, 'meta': ''}, {'name': ' None', 'count': 0, 'meta': ''}, {'name': ' None', 'count': 0, 'meta': ''}, {'name': ' None', 'count': 0, 'meta': ''}, {'name': ' None', 'count': 0, 'meta': ''}, {'name': ' None', 'count': 0, 'meta': ''}, {'name': ' None', 'count': 0, 'meta': ''}, {'name': ' None', 'count': 0, 'meta': ''}, {'name': ' None', 'count': 0, 'meta': ''}]","Armor Slot 0: None, Count: 0; Armor Slot 1: None, Count: 0; Armor Slot 2: None, Count: 0; Armor Slot 3: None, Count: 0; ","Offhand: None, Count: 0; ",[],20.0,20.0,"[-0.393312582922363, -0.31150493226176307, 0.8650259471781951]",east,6,0 minecraft:air,False,Player is not currently riding anything,0.0784000015258789
118.0,14:59:42.959110900,2025-07-30,literal{minecrafter256},"(104.69999998807907, 72.0, 158.2965311380657)",20.0,"[{'name': ' None', 'count': 0, 'meta': ''}, {'name': ' None', 'count': 0, 'meta': ''}, {'name': ' None', 'count': 0, 'meta': ''}, {'name': ' None', 'count': 0, 'meta': ''}, {'name': ' None', 'count': 0, 'meta': ''}, {'name': ' None', 'count': 0, 'meta': ''}, {'name': ' None', 'count': 0, 'meta': ''}, {'name': ' None', 'count': 0, 'meta': ''}, {'name': ' None', 'count': 0, 'meta': ''}, {'name': ' None', 'count': 0, 'meta': ''}, {'name': ' None', 'count': 0, 'meta': ''}, {'name': ' None', 'count': 0, 'meta': ''}, {'name': ' None', 'count': 0, 'meta': ''}, {'name': ' None', 'count': 0, 'meta': ''}, {'name': ' None', 'count': 0, 'meta': ''}, {'name': ' None', 'count': 0, 'meta': ''}, {'name': ' None', 'count': 0, 'meta': ''}, {'name': ' None', 'count': 0, 'meta': ''}, {'name': ' None', 'count': 0, 'meta': ''}, {'name': ' None', 'count': 0, 'meta': ''}, {'name': ' None', 'count': 0, 'meta': ''}, {'name': ' None', 'count': 0, 'meta': ''}, {'name': ' None', 'count': 0, 'meta': ''}, {'name': ' None', 'count': 0, 'meta': ''}, {'name': ' None', 'count': 0, 'meta': ''}, {'name': ' None', 'count': 0, 'meta': ''}, {'name': ' None', 'count': 0, 'meta': ''}, {'name': ' None', 'count': 0, 'meta': ''}, {'name': ' None', 'count': 0, 'meta': ''}, {'name': ' None', 'count': 0, 'meta': ''}, {'name': ' None', 'count': 0, 'meta': ''}, {'name': ' None', 'count': 0, 'meta': ''}, {'name': ' None', 'count': 0, 'meta': ''}, {'name': ' None', 'count': 0, 'meta': ''}, {'name': ' None', 'count': 0, 'meta': ''}, {'name': ' None', 'count': 0, 'meta': ''}]","Armor Slot 0: None, Count: 0; Armor Slot 1: None, Count: 0; Armor Slot 2: None, Count: 0; Armor Slot 3: None, Count: 0; ","Offhand: None, Count: 0; ",[],20.0,20.0,"[-0.354295527766848, -0.3632504116623757, 0.8616982171453792]",east,6,0 minecraft:air,False,Player is not currently riding anything,0.0784000015258789
118.0,14:59:43.007205900,2025-07-30,literal{minecrafter256},"(104.69999998807907, 72.0, 158.2965311380657)",20.0,"[{'name': ' None', 'count': 0, 'meta': ''}, {'name': ' None', 'count': 0, 'meta': ''}, {'name': ' None', 'count': 0, 'meta': ''}, {'name': ' None', 'count': 0, 'meta': ''}, {'name': ' None', 'count': 0, 'meta': ''}, {'name': ' None', 'count': 0, 'meta': ''}, {'name': ' None', 'count': 0, 'meta': ''}, {'name': ' None', 'count': 0, 'meta': ''}, {'name': ' None', 'count': 0, 'meta': ''}, {'name': ' None', 'count': 0, 'meta': ''}, {'name': ' None', 'count': 0, 'meta': ''}, {'name': ' None', 'count': 0, 'meta': ''}, {'name': ' None', 'count': 0, 'meta': ''}, {'name': ' None', 'count': 0, 'meta': ''}, {'name': ' None', 'count': 0, 'meta': ''}, {'name': ' None', 'count': 0, 'meta': ''}, {'name': ' None', 'count': 0, 'meta': ''}, {'name': ' None', 'count': 0, 'meta': ''}, {'name': ' None', 'count': 0, 'meta': ''}, {'name': ' None', 'count': 0, 'meta': ''}, {'name': ' None', 'count': 0, 'meta': ''}, {'name': ' None', 'count': 0, 'meta': ''}, {'name': ' None', 'count': 0, 'meta': ''}, {'name': ' None', 'count': 0, 'meta': ''}, {'name': ' None', 'count': 0, 'meta': ''}, {'name': ' None', 'count': 0, 'meta': ''}, {'name': ' None', 'count': 0, 'meta': ''}, {'name': ' None', 'count': 0, 'meta': ''}, {'name': ' None', 'count': 0, 'meta': ''}, {'name': ' None', 'count': 0, 'meta': ''}, {'name': ' None', 'count': 0, 'meta': ''}, {'name': ' None', 'count': 0, 'meta': ''}, {'name': ' None', 'count': 0, 'meta': ''}, {'name': ' None', 'count': 0, 'meta': ''}, {'name': ' None', 'count': 0, 'meta': ''}, {'name': ' None', 'count': 0, 'meta': ''}]","Armor Slot 0: None, Count: 0; Armor Slot 1: None, Count: 0; Armor Slot 2: None, Count: 0; Armor Slot 3: None, Count: 0; ","Offhand: None, Count: 0; ",[],20.0,20.0,"[-0.354295527766848, -0.3632504116623757, 0.8616982171453792]",east,6,0 minecraft:air,False,Player is not currently riding anything,0.0784000015258789
118.0,14:59:43.055470500,2025-07-30,literal{minecrafter256},"(104.69999998807907, 72.0, 158.2965311380657)",20.0,"[{'name': ' None', 'count': 0, 'meta': ''}, {'name': ' None', 'count': 0, 'meta': ''}, {'name': ' None', 'count': 0, 'meta': ''}, {'name': ' None', 'count': 0, 'meta': ''}, {'name': ' None', 'count': 0, 'meta': ''}, {'name': ' None', 'count': 0, 'meta': ''}, {'name': ' None', 'count': 0, 'meta': ''}, {'name': ' None', 'count': 0, 'meta': ''}, {'name': ' None', 'count': 0, 'meta': ''}, {'name': ' None', 'count': 0, 'meta': ''}, {'name': ' None', 'count': 0, 'meta': ''}, {'name': ' None', 'count': 0, 'meta': ''}, {'name': ' None', 'count': 0, 'meta': ''}, {'name': ' None', 'count': 0, 'meta': ''}, {'name': ' None', 'count': 0, 'meta': ''}, {'name': ' None', 'count': 0, 'meta': ''}, {'name': ' None', 'count': 0, 'meta': ''}, {'name': ' None', 'count': 0, 'meta': ''}, {'name': ' None', 'count': 0, 'meta': ''}, {'name': ' None', 'count': 0, 'meta': ''}, {'name': ' None', 'count': 0, 'meta': ''}, {'name': ' None', 'count': 0, 'meta': ''}, {'name': ' None', 'count': 0, 'meta': ''}, {'name': ' None', 'count': 0, 'meta': ''}, {'name': ' None', 'count': 0, 'meta': ''}, {'name': ' None', 'count': 0, 'meta': ''}, {'name': ' None', 'count': 0, 'meta': ''}, {'name': ' None', 'count': 0, 'meta': ''}, {'name': ' None', 'count': 0, 'meta': ''}, {'name': ' None', 'count': 0, 'meta': ''}, {'name': ' None', 'count': 0, 'meta': ''}, {'name': ' None', 'count': 0, 'meta': ''}, {'name': ' None', 'count': 0, 'meta': ''}, {'name': ' None', 'count': 0, 'meta': ''}, {'name': ' None', 'count': 0, 'meta': ''}, {'name': ' None', 'count': 0, 'meta': ''}]","Armor Slot 0: None, Count: 0; Armor Slot 1: None, Count: 0; Armor Slot 2: None, Count: 0; Armor Slot 3: None, Count: 0; ","Offhand: None, Count: 0; ",[],20.0,20.0,"[-0.354295527766848, -0.3632504116623757, 0.8616982171453792]",east,6,0 minecraft:air,False,Player is not currently riding anything,0.0784000015258789
118.0,14:59:43.106683300,2025-07-30,literal{minecrafter256},"(104.69999998807907, 72.0, 158.2965311380657)",20.0,"[{'name': ' None', 'count': 0, 'meta': ''}, {'name': ' None', 'count': 0, 'meta': ''}, {'name': ' None', 'count': 0, 'meta': ''}, {'name': ' None', 'count': 0, 'meta': ''}, {'name': ' None', 'count': 0, 'meta': ''}, {'name': ' None', 'count': 0, 'meta': ''}, {'name': ' None', 'count': 0, 'meta': ''}, {'name': ' None', 'count': 0, 'meta': ''}, {'name': ' None', 'count': 0, 'meta': ''}, {'name': ' None', 'count': 0, 'meta': ''}, {'name': ' None', 'count': 0, 'meta': ''}, {'name': ' None', 'count': 0, 'meta': ''}, {'name': ' None', 'count': 0, 'meta': ''}, {'name': ' None', 'count': 0, 'meta': ''}, {'name': ' None', 'count': 0, 'meta': ''}, {'name': ' None', 'count': 0, 'meta': ''}, {'name': ' None', 'count': 0, 'meta': ''}, {'name': ' None', 'count': 0, 'meta': ''}, {'name': ' None', 'count': 0, 'meta': ''}, {'name': ' None', 'count': 0, 'meta': ''}, {'name': ' None', 'count': 0, 'meta': ''}, {'name': ' None', 'count': 0, 'meta': ''}, {'name': ' None', 'count': 0, 'meta': ''}, {'name': ' None', 'count': 0, 'meta': ''}, {'name': ' None', 'count': 0, 'meta': ''}, {'name': ' None', 'count': 0, 'meta': ''}, {'name': ' None', 'count': 0, 'meta': ''}, {'name': ' None', 'count': 0, 'meta': ''}, {'name': ' None', 'count': 0, 'meta': ''}, {'name': ' None', 'count': 0, 'meta': ''}, {'name': ' None', 'count': 0, 'meta': ''}, {'name': ' None', 'count': 0, 'meta': ''}, {'name': ' None', 'count': 0, 'meta': ''}, {'name': ' None', 'count': 0, 'meta': ''}, {'name': ' None', 'count': 0, 'meta': ''}, {'name': ' None', 'count': 0, 'meta': ''}]","Armor Slot 0: None, Count: 0; Armor Slot 1: None, Count: 0; Armor Slot 2: None, Count: 0; Armor Slot 3: None, Count: 0; ","Offhand: None, Count: 0; ",[],20.0,20.0,"[-0.354295527766848, -0.3632504116623757, 0.8616982171453792]",east,6,0 minecraft:air,False,Player is not currently riding anything,0.0784000015258789
118.0,14:59:43.155850800,2025-07-30,literal{minecrafter256},"(104.69999998807907, 72.0, 158.2965311380657)",20.0,"[{'name': ' None', 'count': 0, 'meta': ''}, {'name': ' None', 'count': 0, 'meta': ''}, {'name': ' None', 'count': 0, 'meta': ''}, {'name': ' None', 'count': 0, 'meta': ''}, {'name': ' None', 'count': 0, 'meta': ''}, {'name': ' None', 'count': 0, 'meta': ''}, {'name': ' None', 'count': 0, 'meta': ''}, {'name': ' None', 'count': 0, 'meta': ''}, {'name': ' None', 'count': 0, 'meta': ''}, {'name': ' None', 'count': 0, 'meta': ''}, {'name': ' None', 'count': 0, 'meta': ''}, {'name': ' None', 'count': 0, 'meta': ''}, {'name': ' None', 'count': 0, 'meta': ''}, {'name': ' None', 'count': 0, 'meta': ''}, {'name': ' None', 'count': 0, 'meta': ''}, {'name': ' None', 'count': 0, 'meta': ''}, {'name': ' None', 'count': 0, 'meta': ''}, {'name': ' None', 'count': 0, 'meta': ''}, {'name': ' None', 'count': 0, 'meta': ''}, {'name': ' None', 'count': 0, 'meta': ''}, {'name': ' None', 'count': 0, 'meta': ''}, {'name': ' None', 'count': 0, 'meta': ''}, {'name': ' None', 'count': 0, 'meta': ''}, {'name': ' None', 'count': 0, 'meta': ''}, {'name': ' None', 'count': 0, 'meta': ''}, {'name': ' None', 'count': 0, 'meta': ''}, {'name': ' None', 'count': 0, 'meta': ''}, {'name': ' None', 'count': 0, 'meta': ''}, {'name': ' None', 'count': 0, 'meta': ''}, {'name': ' None', 'count': 0, 'meta': ''}, {'name': ' None', 'count': 0, 'meta': ''}, {'name': ' None', 'count': 0, 'meta': ''}, {'name': ' None', 'count': 0, 'meta': ''}, {'name': ' None', 'count': 0, 'meta': ''}, {'name': ' None', 'count': 0, 'meta': ''}, {'name': ' None', 'count': 0, 'meta': ''}]","Armor Slot 0: None, Count: 0; Armor Slot 1: None, Count: 0; Armor Slot 2: None, Count: 0; Armor Slot 3: None, Count: 0; ","Offhand: None, Count: 0; ",[],20.0,20.0,"[-0.354295527766848, -0.3632504116623757, 0.8616982171453792]",east,6,0 minecraft:air,False,Player is not currently riding anything,0.0784000015258789
118.0,14:59:43.210300,2025-07-30,literal{minecrafter256},"(104.69999998807907, 72.0, 158.2965311380657)",20.0,"[{'name': ' None', 'count': 0, 'meta': ''}, {'name': ' None', 'count': 0, 'meta': ''}, {'name': ' None', 'count': 0, 'meta': ''}, {'name': ' None', 'count': 0, 'meta': ''}, {'name': ' None', 'count': 0, 'meta': ''}, {'name': ' None', 'count': 0, 'meta': ''}, {'name': ' None', 'count': 0, 'meta': ''}, {'name': ' None', 'count': 0, 'meta': ''}, {'name': ' None', 'count': 0, 'meta': ''}, {'name': ' None', 'count': 0, 'meta': ''}, {'name': ' None', 'count': 0, 'meta': ''}, {'name': ' None', 'count': 0, 'meta': ''}, {'name': ' None', 'count': 0, 'meta': ''}, {'name': ' None', 'count': 0, 'meta': ''}, {'name': ' None', 'count': 0, 'meta': ''}, {'name': ' None', 'count': 0, 'meta': ''}, {'name': ' None', 'count': 0, 'meta': ''}, {'name': ' None', 'count': 0, 'meta': ''}, {'name': ' None', 'count': 0, 'meta': ''}, {'name': ' None', 'count': 0, 'meta': ''}, {'name': ' None', 'count': 0, 'meta': ''}, {'name': ' None', 'count': 0, 'meta': ''}, {'name': ' None', 'count': 0, 'meta': ''}, {'name': ' None', 'count': 0, 'meta': ''}, {'name': ' None', 'count': 0, 'meta': ''}, {'name': ' None', 'count': 0, 'meta': ''}, {'name': ' None', 'count': 0, 'meta': ''}, {'name': ' None', 'count': 0, 'meta': ''}, {'name': ' None', 'count': 0, 'meta': ''}, {'name': ' None', 'count': 0, 'meta': ''}, {'name': ' None', 'count': 0, 'meta': ''}, {'name': ' None', 'count': 0, 'meta': ''}, {'name': ' None', 'count': 0, 'meta': ''}, {'name': ' None', 'count': 0, 'meta': ''}, {'name': ' None', 'count': 0, 'meta': ''}, {'name': ' None', 'count': 0, 'meta': ''}]","Armor Slot 0: None, Count: 0; Armor Slot 1: None, Count: 0; Armor Slot 2: None, Count: 0; Armor Slot 3: None, Count: 0; ","Offhand: None, Count: 0; ",[],20.0,20.0,"[-0.354295527766848, -0.3632504116623757, 0.8616982171453792]",east,6,0 minecraft:air,False,Player is not currently riding anything,0.0784000015258789
118.0,14:59:43.255594,2025-07-30,literal{minecrafter256},"(104.69999998807907, 72.0, 158.2965311380657)",20.0,"[{'name': ' None', 'count': 0, 'meta': ''}, {'name': ' None', 'count': 0, 'meta': ''}, {'name': ' None', 'count': 0, 'meta': ''}, {'name': ' None', 'count': 0, 'meta': ''}, {'name': ' None', 'count': 0, 'meta': ''}, {'name': ' None', 'count': 0, 'meta': ''}, {'name': ' None', 'count': 0, 'meta': ''}, {'name': ' None', 'count': 0, 'meta': ''}, {'name': ' None', 'count': 0, 'meta': ''}, {'name': ' None', 'count': 0, 'meta': ''}, {'name': ' None', 'count': 0, 'meta': ''}, {'name': ' None', 'count': 0, 'meta': ''}, {'name': ' None', 'count': 0, 'meta': ''}, {'name': ' None', 'count': 0, 'meta': ''}, {'name': ' None', 'count': 0, 'meta': ''}, {'name': ' None', 'count': 0, 'meta': ''}, {'name': ' None', 'count': 0, 'meta': ''}, {'name': ' None', 'count': 0, 'meta': ''}, {'name': ' None', 'count': 0, 'meta': ''}, {'name': ' None', 'count': 0, 'meta': ''}, {'name': ' None', 'count': 0, 'meta': ''}, {'name': ' None', 'count': 0, 'meta': ''}, {'name': ' None', 'count': 0, 'meta': ''}, {'name': ' None', 'count': 0, 'meta': ''}, {'name': ' None', 'count': 0, 'meta': ''}, {'name': ' None', 'count': 0, 'meta': ''}, {'name': ' None', 'count': 0, 'meta': ''}, {'name': ' None', 'count': 0, 'meta': ''}, {'name': ' None', 'count': 0, 'meta': ''}, {'name': ' None', 'count': 0, 'meta': ''}, {'name': ' None', 'count': 0, 'meta': ''}, {'name': ' None', 'count': 0, 'meta': ''}, {'name': ' None', 'count': 0, 'meta': ''}, {'name': ' None', 'count': 0, 'meta': ''}, {'name': ' None', 'count': 0, 'meta': ''}, {'name': ' None', 'count': 0, 'meta': ''}]","Armor Slot 0: None, Count: 0; Armor Slot 1: None, Count: 0; Armor Slot 2: None, Count: 0; Armor Slot 3: None, Count: 0; ","Offhand: None, Count: 0; ",[],20.0,20.0,"[-0.354295527766848, -0.3632504116623757, 0.8616982171453792]",east,6,0 minecraft:air,False,Player is not currently riding anything,0.0784000015258789
118.0,14:59:43.309271800,2025-07-30,literal{minecrafter256},"(104.69999998807907, 72.0, 158.2965311380657)",20.0,"[{'name': ' None', 'count': 0, 'meta': ''}, {'name': ' None', 'count': 0, 'meta': ''}, {'name': ' None', 'count': 0, 'meta': ''}, {'name': ' None', 'count': 0, 'meta': ''}, {'name': ' None', 'count': 0, 'meta': ''}, {'name': ' None', 'count': 0, 'meta': ''}, {'name': ' None', 'count': 0, 'meta': ''}, {'name': ' None', 'count': 0, 'meta': ''}, {'name': ' None', 'count': 0, 'meta': ''}, {'name': ' None', 'count': 0, 'meta': ''}, {'name': ' None', 'count': 0, 'meta': ''}, {'name': ' None', 'count': 0, 'meta': ''}, {'name': ' None', 'count': 0, 'meta': ''}, {'name': ' None', 'count': 0, 'meta': ''}, {'name': ' None', 'count': 0, 'meta': ''}, {'name': ' None', 'count': 0, 'meta': ''}, {'name': ' None', 'count': 0, 'meta': ''}, {'name': ' None', 'count': 0, 'meta': ''}, {'name': ' None', 'count': 0, 'meta': ''}, {'name': ' None', 'count': 0, 'meta': ''}, {'name': ' None', 'count': 0, 'meta': ''}, {'name': ' None', 'count': 0, 'meta': ''}, {'name': ' None', 'count': 0, 'meta': ''}, {'name': ' None', 'count': 0, 'meta': ''}, {'name': ' None', 'count': 0, 'meta': ''}, {'name': ' None', 'count': 0, 'meta': ''}, {'name': ' None', 'count': 0, 'meta': ''}, {'name': ' None', 'count': 0, 'meta': ''}, {'name': ' None', 'count': 0, 'meta': ''}, {'name': ' None', 'count': 0, 'meta': ''}, {'name': ' None', 'count': 0, 'meta': ''}, {'name': ' None', 'count': 0, 'meta': ''}, {'name': ' None', 'count': 0, 'meta': ''}, {'name': ' None', 'count': 0, 'meta': ''}, {'name': ' None', 'count': 0, 'meta': ''}, {'name': ' None', 'count': 0, 'meta': ''}]","Armor Slot 0: None, Count: 0; Armor Slot 1: None, Count: 0; Armor Slot 2: None, Count: 0; Armor Slot 3: None, Count: 0; ","Offhand: None, Count: 0; ",[],20.0,20.0,"[-0.354295527766848, -0.3632504116623757, 0.8616982171453792]",east,6,0 minecraft:air,False,Player is not currently riding anything,0.0784000015258789
118.0,14:59:43.355500100,2025-07-30,literal{minecrafter256},"(104.69999998807907, 72.0, 158.2965311380657)",20.0,"[{'name': ' None', 'count': 0, 'meta': ''}, {'name': ' None', 'count': 0, 'meta': ''}, {'name': ' None', 'count': 0, 'meta': ''}, {'name': ' None', 'count': 0, 'meta': ''}, {'name': ' None', 'count': 0, 'meta': ''}, {'name': ' None', 'count': 0, 'meta': ''}, {'name': ' None', 'count': 0, 'meta': ''}, {'name': ' None', 'count': 0, 'meta': ''}, {'name': ' None', 'count': 0, 'meta': ''}, {'name': ' None', 'count': 0, 'meta': ''}, {'name': ' None', 'count': 0, 'meta': ''}, {'name': ' None', 'count': 0, 'meta': ''}, {'name': ' None', 'count': 0, 'meta': ''}, {'name': ' None', 'count': 0, 'meta': ''}, {'name': ' None', 'count': 0, 'meta': ''}, {'name': ' None', 'count': 0, 'meta': ''}, {'name': ' None', 'count': 0, 'meta': ''}, {'name': ' None', 'count': 0, 'meta': ''}, {'name': ' None', 'count': 0, 'meta': ''}, {'name': ' None', 'count': 0, 'meta': ''}, {'name': ' None', 'count': 0, 'meta': ''}, {'name': ' None', 'count': 0, 'meta': ''}, {'name': ' None', 'count': 0, 'meta': ''}, {'name': ' None', 'count': 0, 'meta': ''}, {'name': ' None', 'count': 0, 'meta': ''}, {'name': ' None', 'count': 0, 'meta': ''}, {'name': ' None', 'count': 0, 'meta': ''}, {'name': ' None', 'count': 0, 'meta': ''}, {'name': ' None', 'count': 0, 'meta': ''}, {'name': ' None', 'count': 0, 'meta': ''}, {'name': ' None', 'count': 0, 'meta': ''}, {'name': ' None', 'count': 0, 'meta': ''}, {'name': ' None', 'count': 0, 'meta': ''}, {'name': ' None', 'count': 0, 'meta': ''}, {'name': ' None', 'count': 0, 'meta': ''}, {'name': ' None', 'count': 0, 'meta': ''}]","Armor Slot 0: None, Count: 0; Armor Slot 1: None, Count: 0; Armor Slot 2: None, Count: 0; Armor Slot 3: None, Count: 0; ","Offhand: None, Count: 0; ",[],20.0,20.0,"[-0.354295527766848, -0.3632504116623757, 0.8616982171453792]",east,6,0 minecraft:air,False,Player is not currently riding anything,0.0784000015258789
118.0,14:59:43.409283800,2025-07-30,literal{minecrafter256},"(104.69999998807907, 72.0, 158.2965311380657)",20.0,"[{'name': ' None', 'count': 0, 'meta': ''}, {'name': ' None', 'count': 0, 'meta': ''}, {'name': ' None', 'count': 0, 'meta': ''}, {'name': ' None', 'count': 0, 'meta': ''}, {'name': ' None', 'count': 0, 'meta': ''}, {'name': ' None', 'count': 0, 'meta': ''}, {'name': ' None', 'count': 0, 'meta': ''}, {'name': ' None', 'count': 0, 'meta': ''}, {'name': ' None', 'count': 0, 'meta': ''}, {'name': ' None', 'count': 0, 'meta': ''}, {'name': ' None', 'count': 0, 'meta': ''}, {'name': ' None', 'count': 0, 'meta': ''}, {'name': ' None', 'count': 0, 'meta': ''}, {'name': ' None', 'count': 0, 'meta': ''}, {'name': ' None', 'count': 0, 'meta': ''}, {'name': ' None', 'count': 0, 'meta': ''}, {'name': ' None', 'count': 0, 'meta': ''}, {'name': ' None', 'count': 0, 'meta': ''}, {'name': ' None', 'count': 0, 'meta': ''}, {'name': ' None', 'count': 0, 'meta': ''}, {'name': ' None', 'count': 0, 'meta': ''}, {'name': ' None', 'count': 0, 'meta': ''}, {'name': ' None', 'count': 0, 'meta': ''}, {'name': ' None', 'count': 0, 'meta': ''}, {'name': ' None', 'count': 0, 'meta': ''}, {'name': ' None', 'count': 0, 'meta': ''}, {'name': ' None', 'count': 0, 'meta': ''}, {'name': ' None', 'count': 0, 'meta': ''}, {'name': ' None', 'count': 0, 'meta': ''}, {'name': ' None', 'count': 0, 'meta': ''}, {'name': ' None', 'count': 0, 'meta': ''}, {'name': ' None', 'count': 0, 'meta': ''}, {'name': ' None', 'count': 0, 'meta': ''}, {'name': ' None', 'count': 0, 'meta': ''}, {'name': ' None', 'count': 0, 'meta': ''}, {'name': ' None', 'count': 0, 'meta': ''}]","Armor Slot 0: None, Count: 0; Armor Slot 1: None, Count: 0; Armor Slot 2: None, Count: 0; Armor Slot 3: None, Count: 0; ","Offhand: None, Count: 0; ",[],20.0,20.0,"[-0.354295527766848, -0.3632504116623757, 0.8616982171453792]",east,6,0 minecraft:air,False,Player is not currently riding anything,0.0784000015258789
118.0,14:59:43.456640600,2025-07-30,literal{minecrafter256},"(104.69999998807907, 72.0, 158.2965311380657)",20.0,"[{'name': ' None', 'count': 0, 'meta': ''}, {'name': ' None', 'count': 0, 'meta': ''}, {'name': ' None', 'count': 0, 'meta': ''}, {'name': ' None', 'count': 0, 'meta': ''}, {'name': ' None', 'count': 0, 'meta': ''}, {'name': ' None', 'count': 0, 'meta': ''}, {'name': ' None', 'count': 0, 'meta': ''}, {'name': ' None', 'count': 0, 'meta': ''}, {'name': ' None', 'count': 0, 'meta': ''}, {'name': ' None', 'count': 0, 'meta': ''}, {'name': ' None', 'count': 0, 'meta': ''}, {'name': ' None', 'count': 0, 'meta': ''}, {'name': ' None', 'count': 0, 'meta': ''}, {'name': ' None', 'count': 0, 'meta': ''}, {'name': ' None', 'count': 0, 'meta': ''}, {'name': ' None', 'count': 0, 'meta': ''}, {'name': ' None', 'count': 0, 'meta': ''}, {'name': ' None', 'count': 0, 'meta': ''}, {'name': ' None', 'count': 0, 'meta': ''}, {'name': ' None', 'count': 0, 'meta': ''}, {'name': ' None', 'count': 0, 'meta': ''}, {'name': ' None', 'count': 0, 'meta': ''}, {'name': ' None', 'count': 0, 'meta': ''}, {'name': ' None', 'count': 0, 'meta': ''}, {'name': ' None', 'count': 0, 'meta': ''}, {'name': ' None', 'count': 0, 'meta': ''}, {'name': ' None', 'count': 0, 'meta': ''}, {'name': ' None', 'count': 0, 'meta': ''}, {'name': ' None', 'count': 0, 'meta': ''}, {'name': ' None', 'count': 0, 'meta': ''}, {'name': ' None', 'count': 0, 'meta': ''}, {'name': ' None', 'count': 0, 'meta': ''}, {'name': ' None', 'count': 0, 'meta': ''}, {'name': ' None', 'count': 0, 'meta': ''}, {'name': ' None', 'count': 0, 'meta': ''}, {'name': ' None', 'count': 0, 'meta': ''}]","Armor Slot 0: None, Count: 0; Armor Slot 1: None, Count: 0; Armor Slot 2: None, Count: 0; Armor Slot 3: None, Count: 0; ","Offhand: None, Count: 0; ",[],20.0,20.0,"[-0.354295527766848, -0.3632504116623757, 0.8616982171453792]",east,6,0 minecraft:air,False,Player is not currently riding anything,0.0784000015258789
118.0,14:59:43.506447100,2025-07-30,literal{minecrafter256},"(104.69999998807907, 72.0, 158.2965311380657)",20.0,"[{'name': ' None', 'count': 0, 'meta': ''}, {'name': ' None', 'count': 0, 'meta': ''}, {'name': ' None', 'count': 0, 'meta': ''}, {'name': ' None', 'count': 0, 'meta': ''}, {'name': ' None', 'count': 0, 'meta': ''}, {'name': ' None', 'count': 0, 'meta': ''}, {'name': ' None', 'count': 0, 'meta': ''}, {'name': ' None', 'count': 0, 'meta': ''}, {'name': ' None', 'count': 0, 'meta': ''}, {'name': ' None', 'count': 0, 'meta': ''}, {'name': ' None', 'count': 0, 'meta': ''}, {'name': ' None', 'count': 0, 'meta': ''}, {'name': ' None', 'count': 0, 'meta': ''}, {'name': ' None', 'count': 0, 'meta': ''}, {'name': ' None', 'count': 0, 'meta': ''}, {'name': ' None', 'count': 0, 'meta': ''}, {'name': ' None', 'count': 0, 'meta': ''}, {'name': ' None', 'count': 0, 'meta': ''}, {'name': ' None', 'count': 0, 'meta': ''}, {'name': ' None', 'count': 0, 'meta': ''}, {'name': ' None', 'count': 0, 'meta': ''}, {'name': ' None', 'count': 0, 'meta': ''}, {'name': ' None', 'count': 0, 'meta': ''}, {'name': ' None', 'count': 0, 'meta': ''}, {'name': ' None', 'count': 0, 'meta': ''}, {'name': ' None', 'count': 0, 'meta': ''}, {'name': ' None', 'count': 0, 'meta': ''}, {'name': ' None', 'count': 0, 'meta': ''}, {'name': ' None', 'count': 0, 'meta': ''}, {'name': ' None', 'count': 0, 'meta': ''}, {'name': ' None', 'count': 0, 'meta': ''}, {'name': ' None', 'count': 0, 'meta': ''}, {'name': ' None', 'count': 0, 'meta': ''}, {'name': ' None', 'count': 0, 'meta': ''}, {'name': ' None', 'count': 0, 'meta': ''}, {'name': ' None', 'count': 0, 'meta': ''}]","Armor Slot 0: None, Count: 0; Armor Slot 1: None, Count: 0; Armor Slot 2: None, Count: 0; Armor Slot 3: None, Count: 0; ","Offhand: None, Count: 0; ",[],20.0,20.0,"[-0.3442282512211332, -0.38509999348783974, 0.8562738499317295]",east,6,0 minecraft:air,False,Player is not currently riding anything,0.0784000015258789
118.0,14:59:43.556469400,2025-07-30,literal{minecrafter256},"(104.69999998807907, 72.0, 158.2965311380657)",20.0,"[{'name': ' None', 'count': 0, 'meta': ''}, {'name': ' None', 'count': 0, 'meta': ''}, {'name': ' None', 'count': 0, 'meta': ''}, {'name': ' None', 'count': 0, 'meta': ''}, {'name': ' None', 'count': 0, 'meta': ''}, {'name': ' None', 'count': 0, 'meta': ''}, {'name': ' None', 'count': 0, 'meta': ''}, {'name': ' None', 'count': 0, 'meta': ''}, {'name': ' None', 'count': 0, 'meta': ''}, {'name': ' None', 'count': 0, 'meta': ''}, {'name': ' None', 'count': 0, 'meta': ''}, {'name': ' None', 'count': 0, 'meta': ''}, {'name': ' None', 'count': 0, 'meta': ''}, {'name': ' None', 'count': 0, 'meta': ''}, {'name': ' None', 'count': 0, 'meta': ''}, {'name': ' None', 'count': 0, 'meta': ''}, {'name': ' None', 'count': 0, 'meta': ''}, {'name': ' None', 'count': 0, 'meta': ''}, {'name': ' None', 'count': 0, 'meta': ''}, {'name': ' None', 'count': 0, 'meta': ''}, {'name': ' None', 'count': 0, 'meta': ''}, {'name': ' None', 'count': 0, 'meta': ''}, {'name': ' None', 'count': 0, 'meta': ''}, {'name': ' None', 'count': 0, 'meta': ''}, {'name': ' None', 'count': 0, 'meta': ''}, {'name': ' None', 'count': 0, 'meta': ''}, {'name': ' None', 'count': 0, 'meta': ''}, {'name': ' None', 'count': 0, 'meta': ''}, {'name': ' None', 'count': 0, 'meta': ''}, {'name': ' None', 'count': 0, 'meta': ''}, {'name': ' None', 'count': 0, 'meta': ''}, {'name': ' None', 'count': 0, 'meta': ''}, {'name': ' None', 'count': 0, 'meta': ''}, {'name': ' None', 'count': 0, 'meta': ''}, {'name': ' None', 'count': 0, 'meta': ''}, {'name': ' None', 'count': 0, 'meta': ''}]","Armor Slot 0: None, Count: 0; Armor Slot 1: None, Count: 0; Armor Slot 2: None, Count: 0; Armor Slot 3: None, Count: 0; ","Offhand: None, Count: 0; ",[],20.0,20.0,"[-0.3378552790537737, -0.3971470596309586, 0.8533041799042007]",east,6,0 minecraft:air,False,Player is not currently riding anything,0.0784000015258789
118.0,14:59:43.606504500,2025-07-30,literal{minecrafter256},"(104.69999998807907, 72.0, 158.2965311380657)",20.0,"[{'name': ' None', 'count': 0, 'meta': ''}, {'name': ' None', 'count': 0, 'meta': ''}, {'name': ' None', 'count': 0, 'meta': ''}, {'name': ' None', 'count': 0, 'meta': ''}, {'name': ' None', 'count': 0, 'meta': ''}, {'name': ' None', 'count': 0, 'meta': ''}, {'name': ' None', 'count': 0, 'meta': ''}, {'name': ' None', 'count': 0, 'meta': ''}, {'name': ' None', 'count': 0, 'meta': ''}, {'name': ' None', 'count': 0, 'meta': ''}, {'name': ' None', 'count': 0, 'meta': ''}, {'name': ' None', 'count': 0, 'meta': ''}, {'name': ' None', 'count': 0, 'meta': ''}, {'name': ' None', 'count': 0, 'meta': ''}, {'name': ' None', 'count': 0, 'meta': ''}, {'name': ' None', 'count': 0, 'meta': ''}, {'name': ' None', 'count': 0, 'meta': ''}, {'name': ' None', 'count': 0, 'meta': ''}, {'name': ' None', 'count': 0, 'meta': ''}, {'name': ' None', 'count': 0, 'meta': ''}, {'name': ' None', 'count': 0, 'meta': ''}, {'name': ' None', 'count': 0, 'meta': ''}, {'name': ' None', 'count': 0, 'meta': ''}, {'name': ' None', 'count': 0, 'meta': ''}, {'name': ' None', 'count': 0, 'meta': ''}, {'name': ' None', 'count': 0, 'meta': ''}, {'name': ' None', 'count': 0, 'meta': ''}, {'name': ' None', 'count': 0, 'meta': ''}, {'name': ' None', 'count': 0, 'meta': ''}, {'name': ' None', 'count': 0, 'meta': ''}, {'name': ' None', 'count': 0, 'meta': ''}, {'name': ' None', 'count': 0, 'meta': ''}, {'name': ' None', 'count': 0, 'meta': ''}, {'name': ' None', 'count': 0, 'meta': ''}, {'name': ' None', 'count': 0, 'meta': ''}, {'name': ' None', 'count': 0, 'meta': ''}]","Armor Slot 0: None, Count: 0; Armor Slot 1: None, Count: 0; Armor Slot 2: None, Count: 0; Armor Slot 3: None, Count: 0; ","Offhand: None, Count: 0; ",[],20.0,20.0,"[-0.3374713649601614, -0.3995483667152136, 0.8523345472800753]",east,6,0 minecraft:air,False,Player is not currently riding anything,0.0784000015258789
118.0,14:59:43.656448300,2025-07-30,literal{minecrafter256},"(104.69999998807907, 72.0, 158.2965311380657)",20.0,"[{'name': ' None', 'count': 0, 'meta': ''}, {'name': ' None', 'count': 0, 'meta': ''}, {'name': ' None', 'count': 0, 'meta': ''}, {'name': ' None', 'count': 0, 'meta': ''}, {'name': ' None', 'count': 0, 'meta': ''}, {'name': ' None', 'count': 0, 'meta': ''}, {'name': ' None', 'count': 0, 'meta': ''}, {'name': ' None', 'count': 0, 'meta': ''}, {'name': ' None', 'count': 0, 'meta': ''}, {'name': ' None', 'count': 0, 'meta': ''}, {'name': ' None', 'count': 0, 'meta': ''}, {'name': ' None', 'count': 0, 'meta': ''}, {'name': ' None', 'count': 0, 'meta': ''}, {'name': ' None', 'count': 0, 'meta': ''}, {'name': ' None', 'count': 0, 'meta': ''}, {'name': ' None', 'count': 0, 'meta': ''}, {'name': ' None', 'count': 0, 'meta': ''}, {'name': ' None', 'count': 0, 'meta': ''}, {'name': ' None', 'count': 0, 'meta': ''}, {'name': ' None', 'count': 0, 'meta': ''}, {'name': ' None', 'count': 0, 'meta': ''}, {'name': ' None', 'count': 0, 'meta': ''}, {'name': ' None', 'count': 0, 'meta': ''}, {'name': ' None', 'count': 0, 'meta': ''}, {'name': ' None', 'count': 0, 'meta': ''}, {'name': ' None', 'count': 0, 'meta': ''}, {'name': ' None', 'count': 0, 'meta': ''}, {'name': ' None', 'count': 0, 'meta': ''}, {'name': ' None', 'count': 0, 'meta': ''}, {'name': ' None', 'count': 0, 'meta': ''}, {'name': ' None', 'count': 0, 'meta': ''}, {'name': ' None', 'count': 0, 'meta': ''}, {'name': ' None', 'count': 0, 'meta': ''}, {'name': ' None', 'count': 0, 'meta': ''}, {'name': ' None', 'count': 0, 'meta': ''}, {'name': ' None', 'count': 0, 'meta': ''}]","Armor Slot 0: None, Count: 0; Armor Slot 1: None, Count: 0; Armor Slot 2: None, Count: 0; Armor Slot 3: None, Count: 0; ","Offhand: None, Count: 0; ",[],20.0,20.0,"[-0.3374713649601614, -0.3995483667152136, 0.8523345472800753]",east,6,0 minecraft:air,False,Player is not currently riding anything,0.0784000015258789
118.0,14:59:43.706988100,2025-07-30,literal{minecrafter256},"(104.69999998807907, 72.0, 158.2965311380657)",20.0,"[{'name': ' None', 'count': 0, 'meta': ''}, {'name': ' None', 'count': 0, 'meta': ''}, {'name': ' None', 'count': 0, 'meta': ''}, {'name': ' None', 'count': 0, 'meta': ''}, {'name': ' None', 'count': 0, 'meta': ''}, {'name': ' None', 'count': 0, 'meta': ''}, {'name': ' None', 'count': 0, 'meta': ''}, {'name': ' None', 'count': 0, 'meta': ''}, {'name': ' None', 'count': 0, 'meta': ''}, {'name': ' None', 'count': 0, 'meta': ''}, {'name': ' None', 'count': 0, 'meta': ''}, {'name': ' None', 'count': 0, 'meta': ''}, {'name': ' None', 'count': 0, 'meta': ''}, {'name': ' None', 'count': 0, 'meta': ''}, {'name': ' None', 'count': 0, 'meta': ''}, {'name': ' None', 'count': 0, 'meta': ''}, {'name': ' None', 'count': 0, 'meta': ''}, {'name': ' None', 'count': 0, 'meta': ''}, {'name': ' None', 'count': 0, 'meta': ''}, {'name': ' None', 'count': 0, 'meta': ''}, {'name': ' None', 'count': 0, 'meta': ''}, {'name': ' None', 'count': 0, 'meta': ''}, {'name': ' None', 'count': 0, 'meta': ''}, {'name': ' None', 'count': 0, 'meta': ''}, {'name': ' None', 'count': 0, 'meta': ''}, {'name': ' None', 'count': 0, 'meta': ''}, {'name': ' None', 'count': 0, 'meta': ''}, {'name': ' None', 'count': 0, 'meta': ''}, {'name': ' None', 'count': 0, 'meta': ''}, {'name': ' None', 'count': 0, 'meta': ''}, {'name': ' None', 'count': 0, 'meta': ''}, {'name': ' None', 'count': 0, 'meta': ''}, {'name': ' None', 'count': 0, 'meta': ''}, {'name': ' None', 'count': 0, 'meta': ''}, {'name': ' None', 'count': 0, 'meta': ''}, {'name': ' None', 'count': 0, 'meta': ''}]","Armor Slot 0: None, Count: 0; Armor Slot 1: None, Count: 0; Armor Slot 2: None, Count: 0; Armor Slot 3: None, Count: 0; ","Offhand: None, Count: 0; ",[],20.0,20.0,"[-0.3294920197161055, -0.42103496186678063, 0.8450825816624313]",east,6,0 minecraft:air,False,Player is not currently riding anything,0.0784000015258789
118.0,14:59:43.756445,2025-07-30,literal{minecrafter256},"(104.69999998807907, 72.0, 158.2965311380657)",20.0,"[{'name': ' None', 'count': 0, 'meta': ''}, {'name': ' None', 'count': 0, 'meta': ''}, {'name': ' None', 'count': 0, 'meta': ''}, {'name': ' None', 'count': 0, 'meta': ''}, {'name': ' None', 'count': 0, 'meta': ''}, {'name': ' None', 'count': 0, 'meta': ''}, {'name': ' None', 'count': 0, 'meta': ''}, {'name': ' None', 'count': 0, 'meta': ''}, {'name': ' None', 'count': 0, 'meta': ''}, {'name': ' None', 'count': 0, 'meta': ''}, {'name': ' None', 'count': 0, 'meta': ''}, {'name': ' None', 'count': 0, 'meta': ''}, {'name': ' None', 'count': 0, 'meta': ''}, {'name': ' None', 'count': 0, 'meta': ''}, {'name': ' None', 'count': 0, 'meta': ''}, {'name': ' None', 'count': 0, 'meta': ''}, {'name': ' None', 'count': 0, 'meta': ''}, {'name': ' None', 'count': 0, 'meta': ''}, {'name': ' None', 'count': 0, 'meta': ''}, {'name': ' None', 'count': 0, 'meta': ''}, {'name': ' None', 'count': 0, 'meta': ''}, {'name': ' None', 'count': 0, 'meta': ''}, {'name': ' None', 'count': 0, 'meta': ''}, {'name': ' None', 'count': 0, 'meta': ''}, {'name': ' None', 'count': 0, 'meta': ''}, {'name': ' None', 'count': 0, 'meta': ''}, {'name': ' None', 'count': 0, 'meta': ''}, {'name': ' None', 'count': 0, 'meta': ''}, {'name': ' None', 'count': 0, 'meta': ''}, {'name': ' None', 'count': 0, 'meta': ''}, {'name': ' None', 'count': 0, 'meta': ''}, {'name': ' None', 'count': 0, 'meta': ''}, {'name': ' None', 'count': 0, 'meta': ''}, {'name': ' None', 'count': 0, 'meta': ''}, {'name': ' None', 'count': 0, 'meta': ''}, {'name': ' None', 'count': 0, 'meta': ''}]","Armor Slot 0: None, Count: 0; Armor Slot 1: None, Count: 0; Armor Slot 2: None, Count: 0; Armor Slot 3: None, Count: 0; ","Offhand: None, Count: 0; ",[],20.0,20.0,"[-0.3244396289991171, -0.4375857481778564, 0.8386045791232845]",east,6,0 minecraft:air,False,Player is not currently riding anything,0.0784000015258789
118.0,14:59:43.806342800,2025-07-30,literal{minecrafter256},"(104.69999998807907, 72.0, 158.2965311380657)",20.0,"[{'name': ' None', 'count': 0, 'meta': ''}, {'name': ' None', 'count': 0, 'meta': ''}, {'name': ' None', 'count': 0, 'meta': ''}, {'name': ' None', 'count': 0, 'meta': ''}, {'name': ' None', 'count': 0, 'meta': ''}, {'name': ' None', 'count': 0, 'meta': ''}, {'name': ' None', 'count': 0, 'meta': ''}, {'name': ' None', 'count': 0, 'meta': ''}, {'name': ' None', 'count': 0, 'meta': ''}, {'name': ' None', 'count': 0, 'meta': ''}, {'name': ' None', 'count': 0, 'meta': ''}, {'name': ' None', 'count': 0, 'meta': ''}, {'name': ' None', 'count': 0, 'meta': ''}, {'name': ' None', 'count': 0, 'meta': ''}, {'name': ' None', 'count': 0, 'meta': ''}, {'name': ' None', 'count': 0, 'meta': ''}, {'name': ' None', 'count': 0, 'meta': ''}, {'name': ' None', 'count': 0, 'meta': ''}, {'name': ' None', 'count': 0, 'meta': ''}, {'name': ' None', 'count': 0, 'meta': ''}, {'name': ' None', 'count': 0, 'meta': ''}, {'name': ' None', 'count': 0, 'meta': ''}, {'name': ' None', 'count': 0, 'meta': ''}, {'name': ' None', 'count': 0, 'meta': ''}, {'name': ' None', 'count': 0, 'meta': ''}, {'name': ' None', 'count': 0, 'meta': ''}, {'name': ' None', 'count': 0, 'meta': ''}, {'name': ' None', 'count': 0, 'meta': ''}, {'name': ' None', 'count': 0, 'meta': ''}, {'name': ' None', 'count': 0, 'meta': ''}, {'name': ' None', 'count': 0, 'meta': ''}, {'name': ' None', 'count': 0, 'meta': ''}, {'name': ' None', 'count': 0, 'meta': ''}, {'name': ' None', 'count': 0, 'meta': ''}, {'name': ' None', 'count': 0, 'meta': ''}, {'name': ' None', 'count': 0, 'meta': ''}]","Armor Slot 0: None, Count: 0; Armor Slot 1: None, Count: 0; Armor Slot 2: None, Count: 0; Armor Slot 3: None, Count: 0; ","Offhand: None, Count: 0; ",[],20.0,20.0,"[-0.31583787614810016, -0.4725498671210126, 0.82276549458164]",east,6,0 minecraft:air,False,Player is not currently riding anything,0.0784000015258789
118.0,14:59:43.863149400,2025-07-30,literal{minecrafter256},"(104.69999998807907, 72.0, 158.2965311380657)",20.0,"[{'name': ' Birch Log', 'count': 1, 'meta': ''}, {'name': ' None', 'count': 0, 'meta': ''}, {'name': ' None', 'count': 0, 'meta': ''}, {'name': ' None', 'count': 0, 'meta': ''}, {'name': ' None', 'count': 0, 'meta': ''}, {'name': ' None', 'count': 0, 'meta': ''}, {'name': ' None', 'count': 0, 'meta': ''}, {'name': ' None', 'count': 0, 'meta': ''}, {'name': ' None', 'count': 0, 'meta': ''}, {'name': ' None', 'count': 0, 'meta': ''}, {'name': ' None', 'count': 0, 'meta': ''}, {'name': ' None', 'count': 0, 'meta': ''}, {'name': ' None', 'count': 0, 'meta': ''}, {'name': ' None', 'count': 0, 'meta': ''}, {'name': ' None', 'count': 0, 'meta': ''}, {'name': ' None', 'count': 0, 'meta': ''}, {'name': ' None', 'count': 0, 'meta': ''}, {'name': ' None', 'count': 0, 'meta': ''}, {'name': ' None', 'count': 0, 'meta': ''}, {'name': ' None', 'count': 0, 'meta': ''}, {'name': ' None', 'count': 0, 'meta': ''}, {'name': ' None', 'count': 0, 'meta': ''}, {'name': ' None', 'count': 0, 'meta': ''}, {'name': ' None', 'count': 0, 'meta': ''}, {'name': ' None', 'count': 0, 'meta': ''}, {'name': ' None', 'count': 0, 'meta': ''}, {'name': ' None', 'count': 0, 'meta': ''}, {'name': ' None', 'count': 0, 'meta': ''}, {'name': ' None', 'count': 0, 'meta': ''}, {'name': ' None', 'count': 0, 'meta': ''}, {'name': ' None', 'count': 0, 'meta': ''}, {'name': ' None', 'count': 0, 'meta': ''}, {'name': ' None', 'count': 0, 'meta': ''}, {'name': ' None', 'count': 0, 'meta': ''}, {'name': ' None', 'count': 0, 'meta': ''}, {'name': ' None', 'count': 0, 'meta': ''}]","Armor Slot 0: None, Count: 0; Armor Slot 1: None, Count: 0; Armor Slot 2: None, Count: 0; Armor Slot 3: None, Count: 0; ","Offhand: None, Count: 0; ",[],20.0,20.0,"[-0.29320997831594, -0.5313977673498684, 0.7947605434793181]",east,6,0 minecraft:air,False,Player is not currently riding anything,0.0784000015258789
118.0,14:59:43.906742800,2025-07-30,literal{minecrafter256},"(104.69999998807907, 72.0, 158.2965311380657)",20.0,"[{'name': ' Birch Log', 'count': 1, 'meta': ''}, {'name': ' None', 'count': 0, 'meta': ''}, {'name': ' None', 'count': 0, 'meta': ''}, {'name': ' None', 'count': 0, 'meta': ''}, {'name': ' None', 'count': 0, 'meta': ''}, {'name': ' None', 'count': 0, 'meta': ''}, {'name': ' None', 'count': 0, 'meta': ''}, {'name': ' None', 'count': 0, 'meta': ''}, {'name': ' None', 'count': 0, 'meta': ''}, {'name': ' None', 'count': 0, 'meta': ''}, {'name': ' None', 'count': 0, 'meta': ''}, {'name': ' None', 'count': 0, 'meta': ''}, {'name': ' None', 'count': 0, 'meta': ''}, {'name': ' None', 'count': 0, 'meta': ''}, {'name': ' None', 'count': 0, 'meta': ''}, {'name': ' None', 'count': 0, 'meta': ''}, {'name': ' None', 'count': 0, 'meta': ''}, {'name': ' None', 'count': 0, 'meta': ''}, {'name': ' None', 'count': 0, 'meta': ''}, {'name': ' None', 'count': 0, 'meta': ''}, {'name': ' None', 'count': 0, 'meta': ''}, {'name': ' None', 'count': 0, 'meta': ''}, {'name': ' None', 'count': 0, 'meta': ''}, {'name': ' None', 'count': 0, 'meta': ''}, {'name': ' None', 'count': 0, 'meta': ''}, {'name': ' None', 'count': 0, 'meta': ''}, {'name': ' None', 'count': 0, 'meta': ''}, {'name': ' None', 'count': 0, 'meta': ''}, {'name': ' None', 'count': 0, 'meta': ''}, {'name': ' None', 'count': 0, 'meta': ''}, {'name': ' None', 'count': 0, 'meta': ''}, {'name': ' None', 'count': 0, 'meta': ''}, {'name': ' None', 'count': 0, 'meta': ''}, {'name': ' None', 'count': 0, 'meta': ''}, {'name': ' None', 'count': 0, 'meta': ''}, {'name': ' None', 'count': 0, 'meta': ''}]","Armor Slot 0: None, Count: 0; Armor Slot 1: None, Count: 0; Armor Slot 2: None, Count: 0; Armor Slot 3: None, Count: 0; ","Offhand: None, Count: 0; ",[],20.0,20.0,"[-0.28674489377969853, -0.5512082504230649, 0.7835475930387467]",east,6,0 minecraft:air,False,Player is not currently riding anything,0.0784000015258789
118.0,14:59:43.957046900,2025-07-30,literal{minecrafter256},"(104.69999998807907, 72.0, 158.2965311380657)",20.0,"[{'name': ' Birch Log', 'count': 1, 'meta': ''}, {'name': ' None', 'count': 0, 'meta': ''}, {'name': ' None', 'count': 0, 'meta': ''}, {'name': ' None', 'count': 0, 'meta': ''}, {'name': ' None', 'count': 0, 'meta': ''}, {'name': ' None', 'count': 0, 'meta': ''}, {'name': ' None', 'count': 0, 'meta': ''}, {'name': ' None', 'count': 0, 'meta': ''}, {'name': ' None', 'count': 0, 'meta': ''}, {'name': ' None', 'count': 0, 'meta': ''}, {'name': ' None', 'count': 0, 'meta': ''}, {'name': ' None', 'count': 0, 'meta': ''}, {'name': ' None', 'count': 0, 'meta': ''}, {'name': ' None', 'count': 0, 'meta': ''}, {'name': ' None', 'count': 0, 'meta': ''}, {'name': ' None', 'count': 0, 'meta': ''}, {'name': ' None', 'count': 0, 'meta': ''}, {'name': ' None', 'count': 0, 'meta': ''}, {'name': ' None', 'count': 0, 'meta': ''}, {'name': ' None', 'count': 0, 'meta': ''}, {'name': ' None', 'count': 0, 'meta': ''}, {'name': ' None', 'count': 0, 'meta': ''}, {'name': ' None', 'count': 0, 'meta': ''}, {'name': ' None', 'count': 0, 'meta': ''}, {'name': ' None', 'count': 0, 'meta': ''}, {'name': ' None', 'count': 0, 'meta': ''}, {'name': ' None', 'count': 0, 'meta': ''}, {'name': ' None', 'count': 0, 'meta': ''}, {'name': ' None', 'count': 0, 'meta': ''}, {'name': ' None', 'count': 0, 'meta': ''}, {'name': ' None', 'count': 0, 'meta': ''}, {'name': ' None', 'count': 0, 'meta': ''}, {'name': ' None', 'count': 0, 'meta': ''}, {'name': ' None', 'count': 0, 'meta': ''}, {'name': ' None', 'count': 0, 'meta': ''}, {'name': ' None', 'count': 0, 'meta': ''}]","Armor Slot 0: None, Count: 0; Armor Slot 1: None, Count: 0; Armor Slot 2: None, Count: 0; Armor Slot 3: None, Count: 0; ","Offhand: None, Count: 0; ",[],20.0,20.0,"[-0.2862479741524396, -0.5533907506898516, 0.7821897304008452]",east,6,0 minecraft:air,False,Player is not currently riding anything,0.0784000015258789
118.0,14:59:44.006389300,2025-07-30,literal{minecrafter256},"(104.69999998807907, 72.0, 158.2965311380657)",20.0,"[{'name': ' Birch Log', 'count': 1, 'meta': ''}, {'name': ' None', 'count': 0, 'meta': ''}, {'name': ' None', 'count': 0, 'meta': ''}, {'name': ' None', 'count': 0, 'meta': ''}, {'name': ' None', 'count': 0, 'meta': ''}, {'name': ' None', 'count': 0, 'meta': ''}, {'name': ' None', 'count': 0, 'meta': ''}, {'name': ' None', 'count': 0, 'meta': ''}, {'name': ' None', 'count': 0, 'meta': ''}, {'name': ' None', 'count': 0, 'meta': ''}, {'name': ' None', 'count': 0, 'meta': ''}, {'name': ' None', 'count': 0, 'meta': ''}, {'name': ' None', 'count': 0, 'meta': ''}, {'name': ' None', 'count': 0, 'meta': ''}, {'name': ' None', 'count': 0, 'meta': ''}, {'name': ' None', 'count': 0, 'meta': ''}, {'name': ' None', 'count': 0, 'meta': ''}, {'name': ' None', 'count': 0, 'meta': ''}, {'name': ' None', 'count': 0, 'meta': ''}, {'name': ' None', 'count': 0, 'meta': ''}, {'name': ' None', 'count': 0, 'meta': ''}, {'name': ' None', 'count': 0, 'meta': ''}, {'name': ' None', 'count': 0, 'meta': ''}, {'name': ' None', 'count': 0, 'meta': ''}, {'name': ' None', 'count': 0, 'meta': ''}, {'name': ' None', 'count': 0, 'meta': ''}, {'name': ' None', 'count': 0, 'meta': ''}, {'name': ' None', 'count': 0, 'meta': ''}, {'name': ' None', 'count': 0, 'meta': ''}, {'name': ' None', 'count': 0, 'meta': ''}, {'name': ' None', 'count': 0, 'meta': ''}, {'name': ' None', 'count': 0, 'meta': ''}, {'name': ' None', 'count': 0, 'meta': ''}, {'name': ' None', 'count': 0, 'meta': ''}, {'name': ' None', 'count': 0, 'meta': ''}, {'name': ' None', 'count': 0, 'meta': ''}]","Armor Slot 0: None, Count: 0; Armor Slot 1: None, Count: 0; Armor Slot 2: None, Count: 0; Armor Slot 3: None, Count: 0; ","Offhand: None, Count: 0; ",[],20.0,20.0,"[-0.28419920675937743, -0.5533907506898516, 0.7829364520369857]",east,6,0 minecraft:air,False,Player is not currently riding anything,0.0784000015258789
118.0,14:59:44.056759300,2025-07-30,literal{minecrafter256},"(104.69999998807907, 72.0, 158.2965311380657)",20.0,"[{'name': ' Birch Log', 'count': 1, 'meta': ''}, {'name': ' None', 'count': 0, 'meta': ''}, {'name': ' None', 'count': 0, 'meta': ''}, {'name': ' None', 'count': 0, 'meta': ''}, {'name': ' None', 'count': 0, 'meta': ''}, {'name': ' None', 'count': 0, 'meta': ''}, {'name': ' None', 'count': 0, 'meta': ''}, {'name': ' None', 'count': 0, 'meta': ''}, {'name': ' None', 'count': 0, 'meta': ''}, {'name': ' None', 'count': 0, 'meta': ''}, {'name': ' None', 'count': 0, 'meta': ''}, {'name': ' None', 'count': 0, 'meta': ''}, {'name': ' None', 'count': 0, 'meta': ''}, {'name': ' None', 'count': 0, 'meta': ''}, {'name': ' None', 'count': 0, 'meta': ''}, {'name': ' None', 'count': 0, 'meta': ''}, {'name': ' None', 'count': 0, 'meta': ''}, {'name': ' None', 'count': 0, 'meta': ''}, {'name': ' None', 'count': 0, 'meta': ''}, {'name': ' None', 'count': 0, 'meta': ''}, {'name': ' None', 'count': 0, 'meta': ''}, {'name': ' None', 'count': 0, 'meta': ''}, {'name': ' None', 'count': 0, 'meta': ''}, {'name': ' None', 'count': 0, 'meta': ''}, {'name': ' None', 'count': 0, 'meta': ''}, {'name': ' None', 'count': 0, 'meta': ''}, {'name': ' None', 'count': 0, 'meta': ''}, {'name': ' None', 'count': 0, 'meta': ''}, {'name': ' None', 'count': 0, 'meta': ''}, {'name': ' None', 'count': 0, 'meta': ''}, {'name': ' None', 'count': 0, 'meta': ''}, {'name': ' None', 'count': 0, 'meta': ''}, {'name': ' None', 'count': 0, 'meta': ''}, {'name': ' None', 'count': 0, 'meta': ''}, {'name': ' None', 'count': 0, 'meta': ''}, {'name': ' None', 'count': 0, 'meta': ''}]","Armor Slot 0: None, Count: 0; Armor Slot 1: None, Count: 0; Armor Slot 2: None, Count: 0; Armor Slot 3: None, Count: 0; ","Offhand: None, Count: 0; ",[],20.0,20.0,"[-0.2730885150374739, -0.5835404652211797, 0.7647896367002344]",east,6,0 minecraft:air,False,Player is not currently riding anything,0.0784000015258789
118.0,14:59:44.105461200,2025-07-30,literal{minecrafter256},"(104.69999998807907, 72.0, 158.2965311380657)",20.0,"[{'name': ' Birch Log', 'count': 1, 'meta': ''}, {'name': ' None', 'count': 0, 'meta': ''}, {'name': ' None', 'count': 0, 'meta': ''}, {'name': ' None', 'count': 0, 'meta': ''}, {'name': ' None', 'count': 0, 'meta': ''}, {'name': ' None', 'count': 0, 'meta': ''}, {'name': ' None', 'count': 0, 'meta': ''}, {'name': ' None', 'count': 0, 'meta': ''}, {'name': ' None', 'count': 0, 'meta': ''}, {'name': ' None', 'count': 0, 'meta': ''}, {'name': ' None', 'count': 0, 'meta': ''}, {'name': ' None', 'count': 0, 'meta': ''}, {'name': ' None', 'count': 0, 'meta': ''}, {'name': ' None', 'count': 0, 'meta': ''}, {'name': ' None', 'count': 0, 'meta': ''}, {'name': ' None', 'count': 0, 'meta': ''}, {'name': ' None', 'count': 0, 'meta': ''}, {'name': ' None', 'count': 0, 'meta': ''}, {'name': ' None', 'count': 0, 'meta': ''}, {'name': ' None', 'count': 0, 'meta': ''}, {'name': ' None', 'count': 0, 'meta': ''}, {'name': ' None', 'count': 0, 'meta': ''}, {'name': ' None', 'count': 0, 'meta': ''}, {'name': ' None', 'count': 0, 'meta': ''}, {'name': ' None', 'count': 0, 'meta': ''}, {'name': ' None', 'count': 0, 'meta': ''}, {'name': ' None', 'count': 0, 'meta': ''}, {'name': ' None', 'count': 0, 'meta': ''}, {'name': ' None', 'count': 0, 'meta': ''}, {'name': ' None', 'count': 0, 'meta': ''}, {'name': ' None', 'count': 0, 'meta': ''}, {'name': ' None', 'count': 0, 'meta': ''}, {'name': ' None', 'count': 0, 'meta': ''}, {'name': ' None', 'count': 0, 'meta': ''}, {'name': ' None', 'count': 0, 'meta': ''}, {'name': ' None', 'count': 0, 'meta': ''}]","Armor Slot 0: None, Count: 0; Armor Slot 1: None, Count: 0; Armor Slot 2: None, Count: 0; Armor Slot 3: None, Count: 0; ","Offhand: None, Count: 0; ",[],20.0,20.0,"[-0.2710853464921983, -0.5835404652211797, 0.7655019662722323]",east,6,0 minecraft:air,False,Player is not currently riding anything,0.0784000015258789
118.0,14:59:44.156832800,2025-07-30,literal{minecrafter256},"(104.69999998807907, 72.0, 158.2965311380657)",20.0,"[{'name': ' Birch Log', 'count': 1, 'meta': ''}, {'name': ' None', 'count': 0, 'meta': ''}, {'name': ' None', 'count': 0, 'meta': ''}, {'name': ' None', 'count': 0, 'meta': ''}, {'name': ' None', 'count': 0, 'meta': ''}, {'name': ' None', 'count': 0, 'meta': ''}, {'name': ' None', 'count': 0, 'meta': ''}, {'name': ' None', 'count': 0, 'meta': ''}, {'name': ' None', 'count': 0, 'meta': ''}, {'name': ' None', 'count': 0, 'meta': ''}, {'name': ' None', 'count': 0, 'meta': ''}, {'name': ' None', 'count': 0, 'meta': ''}, {'name': ' None', 'count': 0, 'meta': ''}, {'name': ' None', 'count': 0, 'meta': ''}, {'name': ' None', 'count': 0, 'meta': ''}, {'name': ' None', 'count': 0, 'meta': ''}, {'name': ' None', 'count': 0, 'meta': ''}, {'name': ' None', 'count': 0, 'meta': ''}, {'name': ' None', 'count': 0, 'meta': ''}, {'name': ' None', 'count': 0, 'meta': ''}, {'name': ' None', 'count': 0, 'meta': ''}, {'name': ' None', 'count': 0, 'meta': ''}, {'name': ' None', 'count': 0, 'meta': ''}, {'name': ' None', 'count': 0, 'meta': ''}, {'name': ' None', 'count': 0, 'meta': ''}, {'name': ' None', 'count': 0, 'meta': ''}, {'name': ' None', 'count': 0, 'meta': ''}, {'name': ' None', 'count': 0, 'meta': ''}, {'name': ' None', 'count': 0, 'meta': ''}, {'name': ' None', 'count': 0, 'meta': ''}, {'name': ' None', 'count': 0, 'meta': ''}, {'name': ' None', 'count': 0, 'meta': ''}, {'name': ' None', 'count': 0, 'meta': ''}, {'name': ' None', 'count': 0, 'meta': ''}, {'name': ' None', 'count': 0, 'meta': ''}, {'name': ' None', 'count': 0, 'meta': ''}]","Armor Slot 0: None, Count: 0; Armor Slot 1: None, Count: 0; Armor Slot 2: None, Count: 0; Armor Slot 3: None, Count: 0; ","Offhand: None, Count: 0; ",[],20.0,20.0,"[-0.25295800395166, -0.6170351730693682, 0.745171016231876]",east,6,0 minecraft:air,False,Player is not currently riding anything,0.0784000015258789
118.0,14:59:44.209466100,2025-07-30,literal{minecrafter256},"(104.69999998807907, 72.0, 158.2965311380657)",20.0,"[{'name': ' Birch Log', 'count': 1, 'meta': ''}, {'name': ' None', 'count': 0, 'meta': ''}, {'name': ' None', 'count': 0, 'meta': ''}, {'name': ' None', 'count': 0, 'meta': ''}, {'name': ' None', 'count': 0, 'meta': ''}, {'name': ' None', 'count': 0, 'meta': ''}, {'name': ' None', 'count': 0, 'meta': ''}, {'name': ' None', 'count': 0, 'meta': ''}, {'name': ' None', 'count': 0, 'meta': ''}, {'name': ' None', 'count': 0, 'meta': ''}, {'name': ' None', 'count': 0, 'meta': ''}, {'name': ' None', 'count': 0, 'meta': ''}, {'name': ' None', 'count': 0, 'meta': ''}, {'name': ' None', 'count': 0, 'meta': ''}, {'name': ' None', 'count': 0, 'meta': ''}, {'name': ' None', 'count': 0, 'meta': ''}, {'name': ' None', 'count': 0, 'meta': ''}, {'name': ' None', 'count': 0, 'meta': ''}, {'name': ' None', 'count': 0, 'meta': ''}, {'name': ' None', 'count': 0, 'meta': ''}, {'name': ' None', 'count': 0, 'meta': ''}, {'name': ' None', 'count': 0, 'meta': ''}, {'name': ' None', 'count': 0, 'meta': ''}, {'name': ' None', 'count': 0, 'meta': ''}, {'name': ' None', 'count': 0, 'meta': ''}, {'name': ' None', 'count': 0, 'meta': ''}, {'name': ' None', 'count': 0, 'meta': ''}, {'name': ' None', 'count': 0, 'meta': ''}, {'name': ' None', 'count': 0, 'meta': ''}, {'name': ' None', 'count': 0, 'meta': ''}, {'name': ' None', 'count': 0, 'meta': ''}, {'name': ' None', 'count': 0, 'meta': ''}, {'name': ' None', 'count': 0, 'meta': ''}, {'name': ' None', 'count': 0, 'meta': ''}, {'name': ' None', 'count': 0, 'meta': ''}, {'name': ' None', 'count': 0, 'meta': ''}]","Armor Slot 0: None, Count: 0; Armor Slot 1: None, Count: 0; Armor Slot 2: None, Count: 0; Armor Slot 3: None, Count: 0; ","Offhand: None, Count: 0; ",[],20.0,20.0,"[-0.23634618488224216, -0.6514358716099682, 0.7209519998386648]",east,6,0 minecraft:air,False,Player is not currently riding anything,0.0784000015258789
118.0,14:59:44.256300900,2025-07-30,literal{minecrafter256},"(104.69999998807907, 72.0, 158.2965311380657)",20.0,"[{'name': ' Birch Log', 'count': 1, 'meta': ''}, {'name': ' None', 'count': 0, 'meta': ''}, {'name': ' None', 'count': 0, 'meta': ''}, {'name': ' None', 'count': 0, 'meta': ''}, {'name': ' None', 'count': 0, 'meta': ''}, {'name': ' None', 'count': 0, 'meta': ''}, {'name': ' None', 'count': 0, 'meta': ''}, {'name': ' None', 'count': 0, 'meta': ''}, {'name': ' None', 'count': 0, 'meta': ''}, {'name': ' None', 'count': 0, 'meta': ''}, {'name': ' None', 'count': 0, 'meta': ''}, {'name': ' None', 'count': 0, 'meta': ''}, {'name': ' None', 'count': 0, 'meta': ''}, {'name': ' None', 'count': 0, 'meta': ''}, {'name': ' None', 'count': 0, 'meta': ''}, {'name': ' None', 'count': 0, 'meta': ''}, {'name': ' None', 'count': 0, 'meta': ''}, {'name': ' None', 'count': 0, 'meta': ''}, {'name': ' None', 'count': 0, 'meta': ''}, {'name': ' None', 'count': 0, 'meta': ''}, {'name': ' None', 'count': 0, 'meta': ''}, {'name': ' None', 'count': 0, 'meta': ''}, {'name': ' None', 'count': 0, 'meta': ''}, {'name': ' None', 'count': 0, 'meta': ''}, {'name': ' None', 'count': 0, 'meta': ''}, {'name': ' None', 'count': 0, 'meta': ''}, {'name': ' None', 'count': 0, 'meta': ''}, {'name': ' None', 'count': 0, 'meta': ''}, {'name': ' None', 'count': 0, 'meta': ''}, {'name': ' None', 'count': 0, 'meta': ''}, {'name': ' None', 'count': 0, 'meta': ''}, {'name': ' None', 'count': 0, 'meta': ''}, {'name': ' None', 'count': 0, 'meta': ''}, {'name': ' None', 'count': 0, 'meta': ''}, {'name': ' None', 'count': 0, 'meta': ''}, {'name': ' None', 'count': 0, 'meta': ''}]","Armor Slot 0: None, Count: 0; Armor Slot 1: None, Count: 0; Armor Slot 2: None, Count: 0; Armor Slot 3: None, Count: 0; ","Offhand: None, Count: 0; ",[],20.0,20.0,"[-0.2299342697058332, -0.6613112360584358, 0.7140011769442043]",east,6,0 minecraft:air,False,Player is not currently riding anything,0.0784000015258789
118.0,14:59:44.307061800,2025-07-30,literal{minecrafter256},"(104.69999998807907, 72.0, 158.2965311380657)",20.0,"[{'name': ' Birch Log', 'count': 1, 'meta': ''}, {'name': ' None', 'count': 0, 'meta': ''}, {'name': ' None', 'count': 0, 'meta': ''}, {'name': ' None', 'count': 0, 'meta': ''}, {'name': ' None', 'count': 0, 'meta': ''}, {'name': ' None', 'count': 0, 'meta': ''}, {'name': ' None', 'count': 0, 'meta': ''}, {'name': ' None', 'count': 0, 'meta': ''}, {'name': ' None', 'count': 0, 'meta': ''}, {'name': ' None', 'count': 0, 'meta': ''}, {'name': ' None', 'count': 0, 'meta': ''}, {'name': ' None', 'count': 0, 'meta': ''}, {'name': ' None', 'count': 0, 'meta': ''}, {'name': ' None', 'count': 0, 'meta': ''}, {'name': ' None', 'count': 0, 'meta': ''}, {'name': ' None', 'count': 0, 'meta': ''}, {'name': ' None', 'count': 0, 'meta': ''}, {'name': ' None', 'count': 0, 'meta': ''}, {'name': ' None', 'count': 0, 'meta': ''}, {'name': ' None', 'count': 0, 'meta': ''}, {'name': ' None', 'count': 0, 'meta': ''}, {'name': ' None', 'count': 0, 'meta': ''}, {'name': ' None', 'count': 0, 'meta': ''}, {'name': ' None', 'count': 0, 'meta': ''}, {'name': ' None', 'count': 0, 'meta': ''}, {'name': ' None', 'count': 0, 'meta': ''}, {'name': ' None', 'count': 0, 'meta': ''}, {'name': ' None', 'count': 0, 'meta': ''}, {'name': ' None', 'count': 0, 'meta': ''}, {'name': ' None', 'count': 0, 'meta': ''}, {'name': ' None', 'count': 0, 'meta': ''}, {'name': ' None', 'count': 0, 'meta': ''}, {'name': ' None', 'count': 0, 'meta': ''}, {'name': ' None', 'count': 0, 'meta': ''}, {'name': ' None', 'count': 0, 'meta': ''}, {'name': ' None', 'count': 0, 'meta': ''}]","Armor Slot 0: None, Count: 0; Armor Slot 1: None, Count: 0; Armor Slot 2: None, Count: 0; Armor Slot 3: None, Count: 0; ","Offhand: None, Count: 0; ",[],20.0,20.0,"[-0.2299342697058332, -0.6613112360584358, 0.7140011769442043]",east,6,0 minecraft:air,False,Player is not currently riding anything,0.0784000015258789
118.0,14:59:44.356927600,2025-07-30,literal{minecrafter256},"(104.69999998807907, 72.0, 158.2965311380657)",20.0,"[{'name': ' Birch Log', 'count': 1, 'meta': ''}, {'name': ' None', 'count': 0, 'meta': ''}, {'name': ' None', 'count': 0, 'meta': ''}, {'name': ' None', 'count': 0, 'meta': ''}, {'name': ' None', 'count': 0, 'meta': ''}, {'name': ' None', 'count': 0, 'meta': ''}, {'name': ' None', 'count': 0, 'meta': ''}, {'name': ' None', 'count': 0, 'meta': ''}, {'name': ' None', 'count': 0, 'meta': ''}, {'name': ' None', 'count': 0, 'meta': ''}, {'name': ' None', 'count': 0, 'meta': ''}, {'name': ' None', 'count': 0, 'meta': ''}, {'name': ' None', 'count': 0, 'meta': ''}, {'name': ' None', 'count': 0, 'meta': ''}, {'name': ' None', 'count': 0, 'meta': ''}, {'name': ' None', 'count': 0, 'meta': ''}, {'name': ' None', 'count': 0, 'meta': ''}, {'name': ' None', 'count': 0, 'meta': ''}, {'name': ' None', 'count': 0, 'meta': ''}, {'name': ' None', 'count': 0, 'meta': ''}, {'name': ' None', 'count': 0, 'meta': ''}, {'name': ' None', 'count': 0, 'meta': ''}, {'name': ' None', 'count': 0, 'meta': ''}, {'name': ' None', 'count': 0, 'meta': ''}, {'name': ' None', 'count': 0, 'meta': ''}, {'name': ' None', 'count': 0, 'meta': ''}, {'name': ' None', 'count': 0, 'meta': ''}, {'name': ' None', 'count': 0, 'meta': ''}, {'name': ' None', 'count': 0, 'meta': ''}, {'name': ' None', 'count': 0, 'meta': ''}, {'name': ' None', 'count': 0, 'meta': ''}, {'name': ' None', 'count': 0, 'meta': ''}, {'name': ' None', 'count': 0, 'meta': ''}, {'name': ' None', 'count': 0, 'meta': ''}, {'name': ' None', 'count': 0, 'meta': ''}, {'name': ' None', 'count': 0, 'meta': ''}]","Armor Slot 0: None, Count: 0; Armor Slot 1: None, Count: 0; Armor Slot 2: None, Count: 0; Armor Slot 3: None, Count: 0; ","Offhand: None, Count: 0; ",[],20.0,20.0,"[-0.2299342697058332, -0.6613112360584358, 0.7140011769442043]",east,6,0 minecraft:air,False,Player is not currently riding anything,0.0784000015258789
118.0,14:59:44.406459900,2025-07-30,literal{minecrafter256},"(104.69999998807907, 72.0, 158.2965311380657)",20.0,"[{'name': ' Birch Log', 'count': 1, 'meta': ''}, {'name': ' None', 'count': 0, 'meta': ''}, {'name': ' None', 'count': 0, 'meta': ''}, {'name': ' None', 'count': 0, 'meta': ''}, {'name': ' None', 'count': 0, 'meta': ''}, {'name': ' None', 'count': 0, 'meta': ''}, {'name': ' None', 'count': 0, 'meta': ''}, {'name': ' None', 'count': 0, 'meta': ''}, {'name': ' None', 'count': 0, 'meta': ''}, {'name': ' None', 'count': 0, 'meta': ''}, {'name': ' None', 'count': 0, 'meta': ''}, {'name': ' None', 'count': 0, 'meta': ''}, {'name': ' None', 'count': 0, 'meta': ''}, {'name': ' None', 'count': 0, 'meta': ''}, {'name': ' None', 'count': 0, 'meta': ''}, {'name': ' None', 'count': 0, 'meta': ''}, {'name': ' None', 'count': 0, 'meta': ''}, {'name': ' None', 'count': 0, 'meta': ''}, {'name': ' None', 'count': 0, 'meta': ''}, {'name': ' None', 'count': 0, 'meta': ''}, {'name': ' None', 'count': 0, 'meta': ''}, {'name': ' None', 'count': 0, 'meta': ''}, {'name': ' None', 'count': 0, 'meta': ''}, {'name': ' None', 'count': 0, 'meta': ''}, {'name': ' None', 'count': 0, 'meta': ''}, {'name': ' None', 'count': 0, 'meta': ''}, {'name': ' None', 'count': 0, 'meta': ''}, {'name': ' None', 'count': 0, 'meta': ''}, {'name': ' None', 'count': 0, 'meta': ''}, {'name': ' None', 'count': 0, 'meta': ''}, {'name': ' None', 'count': 0, 'meta': ''}, {'name': ' None', 'count': 0, 'meta': ''}, {'name': ' None', 'count': 0, 'meta': ''}, {'name': ' None', 'count': 0, 'meta': ''}, {'name': ' None', 'count': 0, 'meta': ''}, {'name': ' None', 'count': 0, 'meta': ''}]","Armor Slot 0: None, Count: 0; Armor Slot 1: None, Count: 0; Armor Slot 2: None, Count: 0; Armor Slot 3: None, Count: 0; ","Offhand: None, Count: 0; ",[],20.0,20.0,"[-0.22753704004125738, -0.6632727751095884, 0.7129488910207298]",east,6,0 minecraft:air,False,Player is not currently riding anything,0.0784000015258789
118.0,14:59:44.457260200,2025-07-30,literal{minecrafter256},"(104.69999998807907, 72.0, 158.2965311380657)",20.0,"[{'name': ' Birch Log', 'count': 1, 'meta': ''}, {'name': ' None', 'count': 0, 'meta': ''}, {'name': ' None', 'count': 0, 'meta': ''}, {'name': ' None', 'count': 0, 'meta': ''}, {'name': ' None', 'count': 0, 'meta': ''}, {'name': ' None', 'count': 0, 'meta': ''}, {'name': ' None', 'count': 0, 'meta': ''}, {'name': ' None', 'count': 0, 'meta': ''}, {'name': ' None', 'count': 0, 'meta': ''}, {'name': ' None', 'count': 0, 'meta': ''}, {'name': ' None', 'count': 0, 'meta': ''}, {'name': ' None', 'count': 0, 'meta': ''}, {'name': ' None', 'count': 0, 'meta': ''}, {'name': ' None', 'count': 0, 'meta': ''}, {'name': ' None', 'count': 0, 'meta': ''}, {'name': ' None', 'count': 0, 'meta': ''}, {'name': ' None', 'count': 0, 'meta': ''}, {'name': ' None', 'count': 0, 'meta': ''}, {'name': ' None', 'count': 0, 'meta': ''}, {'name': ' None', 'count': 0, 'meta': ''}, {'name': ' None', 'count': 0, 'meta': ''}, {'name': ' None', 'count': 0, 'meta': ''}, {'name': ' None', 'count': 0, 'meta': ''}, {'name': ' None', 'count': 0, 'meta': ''}, {'name': ' None', 'count': 0, 'meta': ''}, {'name': ' None', 'count': 0, 'meta': ''}, {'name': ' None', 'count': 0, 'meta': ''}, {'name': ' None', 'count': 0, 'meta': ''}, {'name': ' None', 'count': 0, 'meta': ''}, {'name': ' None', 'count': 0, 'meta': ''}, {'name': ' None', 'count': 0, 'meta': ''}, {'name': ' None', 'count': 0, 'meta': ''}, {'name': ' None', 'count': 0, 'meta': ''}, {'name': ' None', 'count': 0, 'meta': ''}, {'name': ' None', 'count': 0, 'meta': ''}, {'name': ' None', 'count': 0, 'meta': ''}]","Armor Slot 0: None, Count: 0; Armor Slot 1: None, Count: 0; Armor Slot 2: None, Count: 0; Armor Slot 3: None, Count: 0; ","Offhand: None, Count: 0; ",[],20.0,20.0,"[-0.22753704004125738, -0.6632727751095884, 0.7129488910207298]",east,6,0 minecraft:air,False,Player is not currently riding anything,0.0784000015258789
118.0,14:59:44.507008800,2025-07-30,literal{minecrafter256},"(104.69999998807907, 72.0, 158.2965311380657)",20.0,"[{'name': ' Birch Log', 'count': 1, 'meta': ''}, {'name': ' None', 'count': 0, 'meta': ''}, {'name': ' None', 'count': 0, 'meta': ''}, {'name': ' None', 'count': 0, 'meta': ''}, {'name': ' None', 'count': 0, 'meta': ''}, {'name': ' None', 'count': 0, 'meta': ''}, {'name': ' None', 'count': 0, 'meta': ''}, {'name': ' None', 'count': 0, 'meta': ''}, {'name': ' None', 'count': 0, 'meta': ''}, {'name': ' None', 'count': 0, 'meta': ''}, {'name': ' None', 'count': 0, 'meta': ''}, {'name': ' None', 'count': 0, 'meta': ''}, {'name': ' None', 'count': 0, 'meta': ''}, {'name': ' None', 'count': 0, 'meta': ''}, {'name': ' None', 'count': 0, 'meta': ''}, {'name': ' None', 'count': 0, 'meta': ''}, {'name': ' None', 'count': 0, 'meta': ''}, {'name': ' None', 'count': 0, 'meta': ''}, {'name': ' None', 'count': 0, 'meta': ''}, {'name': ' None', 'count': 0, 'meta': ''}, {'name': ' None', 'count': 0, 'meta': ''}, {'name': ' None', 'count': 0, 'meta': ''}, {'name': ' None', 'count': 0, 'meta': ''}, {'name': ' None', 'count': 0, 'meta': ''}, {'name': ' None', 'count': 0, 'meta': ''}, {'name': ' None', 'count': 0, 'meta': ''}, {'name': ' None', 'count': 0, 'meta': ''}, {'name': ' None', 'count': 0, 'meta': ''}, {'name': ' None', 'count': 0, 'meta': ''}, {'name': ' None', 'count': 0, 'meta': ''}, {'name': ' None', 'count': 0, 'meta': ''}, {'name': ' None', 'count': 0, 'meta': ''}, {'name': ' None', 'count': 0, 'meta': ''}, {'name': ' None', 'count': 0, 'meta': ''}, {'name': ' None', 'count': 0, 'meta': ''}, {'name': ' None', 'count': 0, 'meta': ''}]","Armor Slot 0: None, Count: 0; Armor Slot 1: None, Count: 0; Armor Slot 2: None, Count: 0; Armor Slot 3: None, Count: 0; ","Offhand: None, Count: 0; ",[],20.0,20.0,"[-0.22753704004125738, -0.6632727751095884, 0.7129488910207298]",east,6,0 minecraft:air,False,Player is not currently riding anything,0.0784000015258789
118.0,14:59:44.555423200,2025-07-30,literal{minecrafter256},"(104.69999998807907, 72.0, 158.2965311380657)",20.0,"[{'name': ' Birch Log', 'count': 1, 'meta': ''}, {'name': ' None', 'count': 0, 'meta': ''}, {'name': ' None', 'count': 0, 'meta': ''}, {'name': ' None', 'count': 0, 'meta': ''}, {'name': ' None', 'count': 0, 'meta': ''}, {'name': ' None', 'count': 0, 'meta': ''}, {'name': ' None', 'count': 0, 'meta': ''}, {'name': ' None', 'count': 0, 'meta': ''}, {'name': ' None', 'count': 0, 'meta': ''}, {'name': ' None', 'count': 0, 'meta': ''}, {'name': ' None', 'count': 0, 'meta': ''}, {'name': ' None', 'count': 0, 'meta': ''}, {'name': ' None', 'count': 0, 'meta': ''}, {'name': ' None', 'count': 0, 'meta': ''}, {'name': ' None', 'count': 0, 'meta': ''}, {'name': ' None', 'count': 0, 'meta': ''}, {'name': ' None', 'count': 0, 'meta': ''}, {'name': ' None', 'count': 0, 'meta': ''}, {'name': ' None', 'count': 0, 'meta': ''}, {'name': ' None', 'count': 0, 'meta': ''}, {'name': ' None', 'count': 0, 'meta': ''}, {'name': ' None', 'count': 0, 'meta': ''}, {'name': ' None', 'count': 0, 'meta': ''}, {'name': ' None', 'count': 0, 'meta': ''}, {'name': ' None', 'count': 0, 'meta': ''}, {'name': ' None', 'count': 0, 'meta': ''}, {'name': ' None', 'count': 0, 'meta': ''}, {'name': ' None', 'count': 0, 'meta': ''}, {'name': ' None', 'count': 0, 'meta': ''}, {'name': ' None', 'count': 0, 'meta': ''}, {'name': ' None', 'count': 0, 'meta': ''}, {'name': ' None', 'count': 0, 'meta': ''}, {'name': ' None', 'count': 0, 'meta': ''}, {'name': ' None', 'count': 0, 'meta': ''}, {'name': ' None', 'count': 0, 'meta': ''}, {'name': ' None', 'count': 0, 'meta': ''}]","Armor Slot 0: None, Count: 0; Armor Slot 1: None, Count: 0; Armor Slot 2: None, Count: 0; Armor Slot 3: None, Count: 0; ","Offhand: None, Count: 0; ",[],20.0,20.0,"[-0.22753704004125738, -0.6632727751095884, 0.7129488910207298]",east,6,0 minecraft:air,False,Player is not currently riding anything,0.0784000015258789
117.0,14:59:44.605664300,2025-07-30,literal{minecrafter256},"(104.69999998807907, 72.0, 158.2965311380657)",20.0,"[{'name': ' Birch Log', 'count': 1, 'meta': ''}, {'name': ' None', 'count': 0, 'meta': ''}, {'name': ' None', 'count': 0, 'meta': ''}, {'name': ' None', 'count': 0, 'meta': ''}, {'name': ' None', 'count': 0, 'meta': ''}, {'name': ' None', 'count': 0, 'meta': ''}, {'name': ' None', 'count': 0, 'meta': ''}, {'name': ' None', 'count': 0, 'meta': ''}, {'name': ' None', 'count': 0, 'meta': ''}, {'name': ' None', 'count': 0, 'meta': ''}, {'name': ' None', 'count': 0, 'meta': ''}, {'name': ' None', 'count': 0, 'meta': ''}, {'name': ' None', 'count': 0, 'meta': ''}, {'name': ' None', 'count': 0, 'meta': ''}, {'name': ' None', 'count': 0, 'meta': ''}, {'name': ' None', 'count': 0, 'meta': ''}, {'name': ' None', 'count': 0, 'meta': ''}, {'name': ' None', 'count': 0, 'meta': ''}, {'name': ' None', 'count': 0, 'meta': ''}, {'name': ' None', 'count': 0, 'meta': ''}, {'name': ' None', 'count': 0, 'meta': ''}, {'name': ' None', 'count': 0, 'meta': ''}, {'name': ' None', 'count': 0, 'meta': ''}, {'name': ' None', 'count': 0, 'meta': ''}, {'name': ' None', 'count': 0, 'meta': ''}, {'name': ' None', 'count': 0, 'meta': ''}, {'name': ' None', 'count': 0, 'meta': ''}, {'name': ' None', 'count': 0, 'meta': ''}, {'name': ' None', 'count': 0, 'meta': ''}, {'name': ' None', 'count': 0, 'meta': ''}, {'name': ' None', 'count': 0, 'meta': ''}, {'name': ' None', 'count': 0, 'meta': ''}, {'name': ' None', 'count': 0, 'meta': ''}, {'name': ' None', 'count': 0, 'meta': ''}, {'name': ' None', 'count': 0, 'meta': ''}, {'name': ' None', 'count': 0, 'meta': ''}]","Armor Slot 0: None, Count: 0; Armor Slot 1: None, Count: 0; Armor Slot 2: None, Count: 0; Armor Slot 3: None, Count: 0; ","Offhand: None, Count: 0; ",[],20.0,20.0,"[-0.225669747581896, -0.6632727751095884, 0.7135421436921218]",east,6,0 minecraft:air,False,Player is not currently riding anything,0.0784000015258789
117.0,14:59:44.655605300,2025-07-30,literal{minecrafter256},"(104.69999998807907, 72.0, 158.2965311380657)",20.0,"[{'name': ' Birch Log', 'count': 1, 'meta': ''}, {'name': ' None', 'count': 0, 'meta': ''}, {'name': ' None', 'count': 0, 'meta': ''}, {'name': ' None', 'count': 0, 'meta': ''}, {'name': ' None', 'count': 0, 'meta': ''}, {'name': ' None', 'count': 0, 'meta': ''}, {'name': ' None', 'count': 0, 'meta': ''}, {'name': ' None', 'count': 0, 'meta': ''}, {'name': ' None', 'count': 0, 'meta': ''}, {'name': ' None', 'count': 0, 'meta': ''}, {'name': ' None', 'count': 0, 'meta': ''}, {'name': ' None', 'count': 0, 'meta': ''}, {'name': ' None', 'count': 0, 'meta': ''}, {'name': ' None', 'count': 0, 'meta': ''}, {'name': ' None', 'count': 0, 'meta': ''}, {'name': ' None', 'count': 0, 'meta': ''}, {'name': ' None', 'count': 0, 'meta': ''}, {'name': ' None', 'count': 0, 'meta': ''}, {'name': ' None', 'count': 0, 'meta': ''}, {'name': ' None', 'count': 0, 'meta': ''}, {'name': ' None', 'count': 0, 'meta': ''}, {'name': ' None', 'count': 0, 'meta': ''}, {'name': ' None', 'count': 0, 'meta': ''}, {'name': ' None', 'count': 0, 'meta': ''}, {'name': ' None', 'count': 0, 'meta': ''}, {'name': ' None', 'count': 0, 'meta': ''}, {'name': ' None', 'count': 0, 'meta': ''}, {'name': ' None', 'count': 0, 'meta': ''}, {'name': ' None', 'count': 0, 'meta': ''}, {'name': ' None', 'count': 0, 'meta': ''}, {'name': ' None', 'count': 0, 'meta': ''}, {'name': ' None', 'count': 0, 'meta': ''}, {'name': ' None', 'count': 0, 'meta': ''}, {'name': ' None', 'count': 0, 'meta': ''}, {'name': ' None', 'count': 0, 'meta': ''}, {'name': ' None', 'count': 0, 'meta': ''}]","Armor Slot 0: None, Count: 0; Armor Slot 1: None, Count: 0; Armor Slot 2: None, Count: 0; Armor Slot 3: None, Count: 0; ","Offhand: None, Count: 0; ",[],20.0,20.0,"[-0.225669747581896, -0.6632727751095884, 0.7135421436921218]",east,6,0 minecraft:air,False,Player is not currently riding anything,0.0784000015258789
117.0,14:59:44.706961,2025-07-30,literal{minecrafter256},"(104.69999998807907, 72.0, 158.2965311380657)",20.0,"[{'name': ' Birch Log', 'count': 1, 'meta': ''}, {'name': ' None', 'count': 0, 'meta': ''}, {'name': ' None', 'count': 0, 'meta': ''}, {'name': ' None', 'count': 0, 'meta': ''}, {'name': ' None', 'count': 0, 'meta': ''}, {'name': ' None', 'count': 0, 'meta': ''}, {'name': ' None', 'count': 0, 'meta': ''}, {'name': ' None', 'count': 0, 'meta': ''}, {'name': ' None', 'count': 0, 'meta': ''}, {'name': ' None', 'count': 0, 'meta': ''}, {'name': ' None', 'count': 0, 'meta': ''}, {'name': ' None', 'count': 0, 'meta': ''}, {'name': ' None', 'count': 0, 'meta': ''}, {'name': ' None', 'count': 0, 'meta': ''}, {'name': ' None', 'count': 0, 'meta': ''}, {'name': ' None', 'count': 0, 'meta': ''}, {'name': ' None', 'count': 0, 'meta': ''}, {'name': ' None', 'count': 0, 'meta': ''}, {'name': ' None', 'count': 0, 'meta': ''}, {'name': ' None', 'count': 0, 'meta': ''}, {'name': ' None', 'count': 0, 'meta': ''}, {'name': ' None', 'count': 0, 'meta': ''}, {'name': ' None', 'count': 0, 'meta': ''}, {'name': ' None', 'count': 0, 'meta': ''}, {'name': ' None', 'count': 0, 'meta': ''}, {'name': ' None', 'count': 0, 'meta': ''}, {'name': ' None', 'count': 0, 'meta': ''}, {'name': ' None', 'count': 0, 'meta': ''}, {'name': ' None', 'count': 0, 'meta': ''}, {'name': ' None', 'count': 0, 'meta': ''}, {'name': ' None', 'count': 0, 'meta': ''}, {'name': ' None', 'count': 0, 'meta': ''}, {'name': ' None', 'count': 0, 'meta': ''}, {'name': ' None', 'count': 0, 'meta': ''}, {'name': ' None', 'count': 0, 'meta': ''}, {'name': ' None', 'count': 0, 'meta': ''}]","Armor Slot 0: None, Count: 0; Armor Slot 1: None, Count: 0; Armor Slot 2: None, Count: 0; Armor Slot 3: None, Count: 0; ","Offhand: None, Count: 0; ",[],20.0,20.0,"[-0.225669747581896, -0.6632727751095884, 0.7135421436921218]",east,6,0 minecraft:air,False,Player is not currently riding anything,0.0784000015258789
117.0,14:59:44.756337700,2025-07-30,literal{minecrafter256},"(104.69999998807907, 72.0, 158.2965311380657)",20.0,"[{'name': ' Birch Log', 'count': 1, 'meta': ''}, {'name': ' None', 'count': 0, 'meta': ''}, {'name': ' None', 'count': 0, 'meta': ''}, {'name': ' None', 'count': 0, 'meta': ''}, {'name': ' None', 'count': 0, 'meta': ''}, {'name': ' None', 'count': 0, 'meta': ''}, {'name': ' None', 'count': 0, 'meta': ''}, {'name': ' None', 'count': 0, 'meta': ''}, {'name': ' None', 'count': 0, 'meta': ''}, {'name': ' None', 'count': 0, 'meta': ''}, {'name': ' None', 'count': 0, 'meta': ''}, {'name': ' None', 'count': 0, 'meta': ''}, {'name': ' None', 'count': 0, 'meta': ''}, {'name': ' None', 'count': 0, 'meta': ''}, {'name': ' None', 'count': 0, 'meta': ''}, {'name': ' None', 'count': 0, 'meta': ''}, {'name': ' None', 'count': 0, 'meta': ''}, {'name': ' None', 'count': 0, 'meta': ''}, {'name': ' None', 'count': 0, 'meta': ''}, {'name': ' None', 'count': 0, 'meta': ''}, {'name': ' None', 'count': 0, 'meta': ''}, {'name': ' None', 'count': 0, 'meta': ''}, {'name': ' None', 'count': 0, 'meta': ''}, {'name': ' None', 'count': 0, 'meta': ''}, {'name': ' None', 'count': 0, 'meta': ''}, {'name': ' None', 'count': 0, 'meta': ''}, {'name': ' None', 'count': 0, 'meta': ''}, {'name': ' None', 'count': 0, 'meta': ''}, {'name': ' None', 'count': 0, 'meta': ''}, {'name': ' None', 'count': 0, 'meta': ''}, {'name': ' None', 'count': 0, 'meta': ''}, {'name': ' None', 'count': 0, 'meta': ''}, {'name': ' None', 'count': 0, 'meta': ''}, {'name': ' None', 'count': 0, 'meta': ''}, {'name': ' None', 'count': 0, 'meta': ''}, {'name': ' None', 'count': 0, 'meta': ''}]","Armor Slot 0: None, Count: 0; Armor Slot 1: None, Count: 0; Armor Slot 2: None, Count: 0; Armor Slot 3: None, Count: 0; ","Offhand: None, Count: 0; ",[],20.0,20.0,"[-0.225669747581896, -0.6632727751095884, 0.7135421436921218]",east,6,0 minecraft:air,False,Player is not currently riding anything,0.0784000015258789
117.0,14:59:44.805795300,2025-07-30,literal{minecrafter256},"(104.69999998807907, 72.0, 158.2965311380657)",20.0,"[{'name': ' Birch Log', 'count': 1, 'meta': ''}, {'name': ' None', 'count': 0, 'meta': ''}, {'name': ' None', 'count': 0, 'meta': ''}, {'name': ' None', 'count': 0, 'meta': ''}, {'name': ' None', 'count': 0, 'meta': ''}, {'name': ' None', 'count': 0, 'meta': ''}, {'name': ' None', 'count': 0, 'meta': ''}, {'name': ' None', 'count': 0, 'meta': ''}, {'name': ' None', 'count': 0, 'meta': ''}, {'name': ' None', 'count': 0, 'meta': ''}, {'name': ' None', 'count': 0, 'meta': ''}, {'name': ' None', 'count': 0, 'meta': ''}, {'name': ' None', 'count': 0, 'meta': ''}, {'name': ' None', 'count': 0, 'meta': ''}, {'name': ' None', 'count': 0, 'meta': ''}, {'name': ' None', 'count': 0, 'meta': ''}, {'name': ' None', 'count': 0, 'meta': ''}, {'name': ' None', 'count': 0, 'meta': ''}, {'name': ' None', 'count': 0, 'meta': ''}, {'name': ' None', 'count': 0, 'meta': ''}, {'name': ' None', 'count': 0, 'meta': ''}, {'name': ' None', 'count': 0, 'meta': ''}, {'name': ' None', 'count': 0, 'meta': ''}, {'name': ' None', 'count': 0, 'meta': ''}, {'name': ' None', 'count': 0, 'meta': ''}, {'name': ' None', 'count': 0, 'meta': ''}, {'name': ' None', 'count': 0, 'meta': ''}, {'name': ' None', 'count': 0, 'meta': ''}, {'name': ' None', 'count': 0, 'meta': ''}, {'name': ' None', 'count': 0, 'meta': ''}, {'name': ' None', 'count': 0, 'meta': ''}, {'name': ' None', 'count': 0, 'meta': ''}, {'name': ' None', 'count': 0, 'meta': ''}, {'name': ' None', 'count': 0, 'meta': ''}, {'name': ' None', 'count': 0, 'meta': ''}, {'name': ' None', 'count': 0, 'meta': ''}]","Armor Slot 0: None, Count: 0; Armor Slot 1: None, Count: 0; Armor Slot 2: None, Count: 0; Armor Slot 3: None, Count: 0; ","Offhand: None, Count: 0; ",[],20.0,20.0,"[-0.225669747581896, -0.6632727751095884, 0.7135421436921218]",east,6,0 minecraft:air,False,Player is not currently riding anything,0.0784000015258789
117.0,14:59:44.855512800,2025-07-30,literal{minecrafter256},"(104.69999998807907, 72.0, 158.2965311380657)",20.0,"[{'name': ' Birch Log', 'count': 1, 'meta': ''}, {'name': ' None', 'count': 0, 'meta': ''}, {'name': ' None', 'count': 0, 'meta': ''}, {'name': ' None', 'count': 0, 'meta': ''}, {'name': ' None', 'count': 0, 'meta': ''}, {'name': ' None', 'count': 0, 'meta': ''}, {'name': ' None', 'count': 0, 'meta': ''}, {'name': ' None', 'count': 0, 'meta': ''}, {'name': ' None', 'count': 0, 'meta': ''}, {'name': ' None', 'count': 0, 'meta': ''}, {'name': ' None', 'count': 0, 'meta': ''}, {'name': ' None', 'count': 0, 'meta': ''}, {'name': ' None', 'count': 0, 'meta': ''}, {'name': ' None', 'count': 0, 'meta': ''}, {'name': ' None', 'count': 0, 'meta': ''}, {'name': ' None', 'count': 0, 'meta': ''}, {'name': ' None', 'count': 0, 'meta': ''}, {'name': ' None', 'count': 0, 'meta': ''}, {'name': ' None', 'count': 0, 'meta': ''}, {'name': ' None', 'count': 0, 'meta': ''}, {'name': ' None', 'count': 0, 'meta': ''}, {'name': ' None', 'count': 0, 'meta': ''}, {'name': ' None', 'count': 0, 'meta': ''}, {'name': ' None', 'count': 0, 'meta': ''}, {'name': ' None', 'count': 0, 'meta': ''}, {'name': ' None', 'count': 0, 'meta': ''}, {'name': ' None', 'count': 0, 'meta': ''}, {'name': ' None', 'count': 0, 'meta': ''}, {'name': ' None', 'count': 0, 'meta': ''}, {'name': ' None', 'count': 0, 'meta': ''}, {'name': ' None', 'count': 0, 'meta': ''}, {'name': ' None', 'count': 0, 'meta': ''}, {'name': ' None', 'count': 0, 'meta': ''}, {'name': ' None', 'count': 0, 'meta': ''}, {'name': ' None', 'count': 0, 'meta': ''}, {'name': ' None', 'count': 0, 'meta': ''}]","Armor Slot 0: None, Count: 0; Armor Slot 1: None, Count: 0; Armor Slot 2: None, Count: 0; Armor Slot 3: None, Count: 0; ","Offhand: None, Count: 0; ",[],20.0,20.0,"[-0.225669747581896, -0.6632727751095884, 0.7135421436921218]",east,6,0 minecraft:air,False,Player is not currently riding anything,0.0784000015258789
117.0,14:59:44.905883,2025-07-30,literal{minecrafter256},"(104.69999998807907, 72.0, 158.2965311380657)",20.0,"[{'name': ' Birch Log', 'count': 1, 'meta': ''}, {'name': ' None', 'count': 0, 'meta': ''}, {'name': ' None', 'count': 0, 'meta': ''}, {'name': ' None', 'count': 0, 'meta': ''}, {'name': ' None', 'count': 0, 'meta': ''}, {'name': ' None', 'count': 0, 'meta': ''}, {'name': ' None', 'count': 0, 'meta': ''}, {'name': ' None', 'count': 0, 'meta': ''}, {'name': ' None', 'count': 0, 'meta': ''}, {'name': ' None', 'count': 0, 'meta': ''}, {'name': ' None', 'count': 0, 'meta': ''}, {'name': ' None', 'count': 0, 'meta': ''}, {'name': ' None', 'count': 0, 'meta': ''}, {'name': ' None', 'count': 0, 'meta': ''}, {'name': ' None', 'count': 0, 'meta': ''}, {'name': ' None', 'count': 0, 'meta': ''}, {'name': ' None', 'count': 0, 'meta': ''}, {'name': ' None', 'count': 0, 'meta': ''}, {'name': ' None', 'count': 0, 'meta': ''}, {'name': ' None', 'count': 0, 'meta': ''}, {'name': ' None', 'count': 0, 'meta': ''}, {'name': ' None', 'count': 0, 'meta': ''}, {'name': ' None', 'count': 0, 'meta': ''}, {'name': ' None', 'count': 0, 'meta': ''}, {'name': ' None', 'count': 0, 'meta': ''}, {'name': ' None', 'count': 0, 'meta': ''}, {'name': ' None', 'count': 0, 'meta': ''}, {'name': ' None', 'count': 0, 'meta': ''}, {'name': ' None', 'count': 0, 'meta': ''}, {'name': ' None', 'count': 0, 'meta': ''}, {'name': ' None', 'count': 0, 'meta': ''}, {'name': ' None', 'count': 0, 'meta': ''}, {'name': ' None', 'count': 0, 'meta': ''}, {'name': ' None', 'count': 0, 'meta': ''}, {'name': ' None', 'count': 0, 'meta': ''}, {'name': ' None', 'count': 0, 'meta': ''}]","Armor Slot 0: None, Count: 0; Armor Slot 1: None, Count: 0; Armor Slot 2: None, Count: 0; Armor Slot 3: None, Count: 0; ","Offhand: None, Count: 0; ",[],20.0,20.0,"[-0.225669747581896, -0.6632727751095884, 0.7135421436921218]",east,6,0 minecraft:air,False,Player is not currently riding anything,0.0784000015258789
117.0,14:59:44.955867700,2025-07-30,literal{minecrafter256},"(104.69999998807907, 72.0, 158.2965311380657)",20.0,"[{'name': ' Birch Log', 'count': 1, 'meta': ''}, {'name': ' None', 'count': 0, 'meta': ''}, {'name': ' None', 'count': 0, 'meta': ''}, {'name': ' None', 'count': 0, 'meta': ''}, {'name': ' None', 'count': 0, 'meta': ''}, {'name': ' None', 'count': 0, 'meta': ''}, {'name': ' None', 'count': 0, 'meta': ''}, {'name': ' None', 'count': 0, 'meta': ''}, {'name': ' None', 'count': 0, 'meta': ''}, {'name': ' None', 'count': 0, 'meta': ''}, {'name': ' None', 'count': 0, 'meta': ''}, {'name': ' None', 'count': 0, 'meta': ''}, {'name': ' None', 'count': 0, 'meta': ''}, {'name': ' None', 'count': 0, 'meta': ''}, {'name': ' None', 'count': 0, 'meta': ''}, {'name': ' None', 'count': 0, 'meta': ''}, {'name': ' None', 'count': 0, 'meta': ''}, {'name': ' None', 'count': 0, 'meta': ''}, {'name': ' None', 'count': 0, 'meta': ''}, {'name': ' None', 'count': 0, 'meta': ''}, {'name': ' None', 'count': 0, 'meta': ''}, {'name': ' None', 'count': 0, 'meta': ''}, {'name': ' None', 'count': 0, 'meta': ''}, {'name': ' None', 'count': 0, 'meta': ''}, {'name': ' None', 'count': 0, 'meta': ''}, {'name': ' None', 'count': 0, 'meta': ''}, {'name': ' None', 'count': 0, 'meta': ''}, {'name': ' None', 'count': 0, 'meta': ''}, {'name': ' None', 'count': 0, 'meta': ''}, {'name': ' None', 'count': 0, 'meta': ''}, {'name': ' None', 'count': 0, 'meta': ''}, {'name': ' None', 'count': 0, 'meta': ''}, {'name': ' None', 'count': 0, 'meta': ''}, {'name': ' None', 'count': 0, 'meta': ''}, {'name': ' None', 'count': 0, 'meta': ''}, {'name': ' None', 'count': 0, 'meta': ''}]","Armor Slot 0: None, Count: 0; Armor Slot 1: None, Count: 0; Armor Slot 2: None, Count: 0; Armor Slot 3: None, Count: 0; ","Offhand: None, Count: 0; ",[],20.0,20.0,"[-0.225669747581896, -0.6632727751095884, 0.7135421436921218]",east,6,0 minecraft:air,False,Player is not currently riding anything,0.0784000015258789
117.0,14:59:45.008277900,2025-07-30,literal{minecrafter256},"(104.69999998807907, 72.0, 158.2965311380657)",20.0,"[{'name': ' Birch Log', 'count': 1, 'meta': ''}, {'name': ' None', 'count': 0, 'meta': ''}, {'name': ' None', 'count': 0, 'meta': ''}, {'name': ' None', 'count': 0, 'meta': ''}, {'name': ' None', 'count': 0, 'meta': ''}, {'name': ' None', 'count': 0, 'meta': ''}, {'name': ' None', 'count': 0, 'meta': ''}, {'name': ' None', 'count': 0, 'meta': ''}, {'name': ' None', 'count': 0, 'meta': ''}, {'name': ' None', 'count': 0, 'meta': ''}, {'name': ' None', 'count': 0, 'meta': ''}, {'name': ' None', 'count': 0, 'meta': ''}, {'name': ' None', 'count': 0, 'meta': ''}, {'name': ' None', 'count': 0, 'meta': ''}, {'name': ' None', 'count': 0, 'meta': ''}, {'name': ' None', 'count': 0, 'meta': ''}, {'name': ' None', 'count': 0, 'meta': ''}, {'name': ' None', 'count': 0, 'meta': ''}, {'name': ' None', 'count': 0, 'meta': ''}, {'name': ' None', 'count': 0, 'meta': ''}, {'name': ' None', 'count': 0, 'meta': ''}, {'name': ' None', 'count': 0, 'meta': ''}, {'name': ' None', 'count': 0, 'meta': ''}, {'name': ' None', 'count': 0, 'meta': ''}, {'name': ' None', 'count': 0, 'meta': ''}, {'name': ' None', 'count': 0, 'meta': ''}, {'name': ' None', 'count': 0, 'meta': ''}, {'name': ' None', 'count': 0, 'meta': ''}, {'name': ' None', 'count': 0, 'meta': ''}, {'name': ' None', 'count': 0, 'meta': ''}, {'name': ' None', 'count': 0, 'meta': ''}, {'name': ' None', 'count': 0, 'meta': ''}, {'name': ' None', 'count': 0, 'meta': ''}, {'name': ' None', 'count': 0, 'meta': ''}, {'name': ' None', 'count': 0, 'meta': ''}, {'name': ' None', 'count': 0, 'meta': ''}]","Armor Slot 0: None, Count: 0; Armor Slot 1: None, Count: 0; Armor Slot 2: None, Count: 0; Armor Slot 3: None, Count: 0; ","Offhand: None, Count: 0; ",[],20.0,20.0,"[-0.225669747581896, -0.6632727751095884, 0.7135421436921218]",east,6,0 minecraft:air,False,Player is not currently riding anything,0.0784000015258789
117.0,14:59:45.056173400,2025-07-30,literal{minecrafter256},"(104.69999998807907, 72.0, 158.2965311380657)",20.0,"[{'name': ' Birch Log', 'count': 1, 'meta': ''}, {'name': ' None', 'count': 0, 'meta': ''}, {'name': ' None', 'count': 0, 'meta': ''}, {'name': ' None', 'count': 0, 'meta': ''}, {'name': ' None', 'count': 0, 'meta': ''}, {'name': ' None', 'count': 0, 'meta': ''}, {'name': ' None', 'count': 0, 'meta': ''}, {'name': ' None', 'count': 0, 'meta': ''}, {'name': ' None', 'count': 0, 'meta': ''}, {'name': ' None', 'count': 0, 'meta': ''}, {'name': ' None', 'count': 0, 'meta': ''}, {'name': ' None', 'count': 0, 'meta': ''}, {'name': ' None', 'count': 0, 'meta': ''}, {'name': ' None', 'count': 0, 'meta': ''}, {'name': ' None', 'count': 0, 'meta': ''}, {'name': ' None', 'count': 0, 'meta': ''}, {'name': ' None', 'count': 0, 'meta': ''}, {'name': ' None', 'count': 0, 'meta': ''}, {'name': ' None', 'count': 0, 'meta': ''}, {'name': ' None', 'count': 0, 'meta': ''}, {'name': ' None', 'count': 0, 'meta': ''}, {'name': ' None', 'count': 0, 'meta': ''}, {'name': ' None', 'count': 0, 'meta': ''}, {'name': ' None', 'count': 0, 'meta': ''}, {'name': ' None', 'count': 0, 'meta': ''}, {'name': ' None', 'count': 0, 'meta': ''}, {'name': ' None', 'count': 0, 'meta': ''}, {'name': ' None', 'count': 0, 'meta': ''}, {'name': ' None', 'count': 0, 'meta': ''}, {'name': ' None', 'count': 0, 'meta': ''}, {'name': ' None', 'count': 0, 'meta': ''}, {'name': ' None', 'count': 0, 'meta': ''}, {'name': ' None', 'count': 0, 'meta': ''}, {'name': ' None', 'count': 0, 'meta': ''}, {'name': ' None', 'count': 0, 'meta': ''}, {'name': ' None', 'count': 0, 'meta': ''}]","Armor Slot 0: None, Count: 0; Armor Slot 1: None, Count: 0; Armor Slot 2: None, Count: 0; Armor Slot 3: None, Count: 0; ","Offhand: None, Count: 0; ",[],20.0,20.0,"[-0.225669747581896, -0.6632727751095884, 0.7135421436921218]",east,6,0 minecraft:air,False,Player is not currently riding anything,0.0784000015258789
117.0,14:59:45.106261200,2025-07-30,literal{minecrafter256},"(104.69999998807907, 72.0, 158.2965311380657)",20.0,"[{'name': ' Birch Log', 'count': 1, 'meta': ''}, {'name': ' None', 'count': 0, 'meta': ''}, {'name': ' None', 'count': 0, 'meta': ''}, {'name': ' None', 'count': 0, 'meta': ''}, {'name': ' None', 'count': 0, 'meta': ''}, {'name': ' None', 'count': 0, 'meta': ''}, {'name': ' None', 'count': 0, 'meta': ''}, {'name': ' None', 'count': 0, 'meta': ''}, {'name': ' None', 'count': 0, 'meta': ''}, {'name': ' None', 'count': 0, 'meta': ''}, {'name': ' None', 'count': 0, 'meta': ''}, {'name': ' None', 'count': 0, 'meta': ''}, {'name': ' None', 'count': 0, 'meta': ''}, {'name': ' None', 'count': 0, 'meta': ''}, {'name': ' None', 'count': 0, 'meta': ''}, {'name': ' None', 'count': 0, 'meta': ''}, {'name': ' None', 'count': 0, 'meta': ''}, {'name': ' None', 'count': 0, 'meta': ''}, {'name': ' None', 'count': 0, 'meta': ''}, {'name': ' None', 'count': 0, 'meta': ''}, {'name': ' None', 'count': 0, 'meta': ''}, {'name': ' None', 'count': 0, 'meta': ''}, {'name': ' None', 'count': 0, 'meta': ''}, {'name': ' None', 'count': 0, 'meta': ''}, {'name': ' None', 'count': 0, 'meta': ''}, {'name': ' None', 'count': 0, 'meta': ''}, {'name': ' None', 'count': 0, 'meta': ''}, {'name': ' None', 'count': 0, 'meta': ''}, {'name': ' None', 'count': 0, 'meta': ''}, {'name': ' None', 'count': 0, 'meta': ''}, {'name': ' None', 'count': 0, 'meta': ''}, {'name': ' None', 'count': 0, 'meta': ''}, {'name': ' None', 'count': 0, 'meta': ''}, {'name': ' None', 'count': 0, 'meta': ''}, {'name': ' None', 'count': 0, 'meta': ''}, {'name': ' None', 'count': 0, 'meta': ''}]","Armor Slot 0: None, Count: 0; Armor Slot 1: None, Count: 0; Armor Slot 2: None, Count: 0; Armor Slot 3: None, Count: 0; ","Offhand: None, Count: 0; ",[],20.0,20.0,"[-0.225669747581896, -0.6632727751095884, 0.7135421436921218]",east,6,0 minecraft:air,False,Player is not currently riding anything,0.0784000015258789
117.0,14:59:45.155564,2025-07-30,literal{minecrafter256},"(104.69999998807907, 72.0, 158.2965311380657)",20.0,"[{'name': ' Birch Log', 'count': 1, 'meta': ''}, {'name': ' None', 'count': 0, 'meta': ''}, {'name': ' None', 'count': 0, 'meta': ''}, {'name': ' None', 'count': 0, 'meta': ''}, {'name': ' None', 'count': 0, 'meta': ''}, {'name': ' None', 'count': 0, 'meta': ''}, {'name': ' None', 'count': 0, 'meta': ''}, {'name': ' None', 'count': 0, 'meta': ''}, {'name': ' None', 'count': 0, 'meta': ''}, {'name': ' None', 'count': 0, 'meta': ''}, {'name': ' None', 'count': 0, 'meta': ''}, {'name': ' None', 'count': 0, 'meta': ''}, {'name': ' None', 'count': 0, 'meta': ''}, {'name': ' None', 'count': 0, 'meta': ''}, {'name': ' None', 'count': 0, 'meta': ''}, {'name': ' None', 'count': 0, 'meta': ''}, {'name': ' None', 'count': 0, 'meta': ''}, {'name': ' None', 'count': 0, 'meta': ''}, {'name': ' None', 'count': 0, 'meta': ''}, {'name': ' None', 'count': 0, 'meta': ''}, {'name': ' None', 'count': 0, 'meta': ''}, {'name': ' None', 'count': 0, 'meta': ''}, {'name': ' None', 'count': 0, 'meta': ''}, {'name': ' None', 'count': 0, 'meta': ''}, {'name': ' None', 'count': 0, 'meta': ''}, {'name': ' None', 'count': 0, 'meta': ''}, {'name': ' None', 'count': 0, 'meta': ''}, {'name': ' None', 'count': 0, 'meta': ''}, {'name': ' None', 'count': 0, 'meta': ''}, {'name': ' None', 'count': 0, 'meta': ''}, {'name': ' None', 'count': 0, 'meta': ''}, {'name': ' None', 'count': 0, 'meta': ''}, {'name': ' None', 'count': 0, 'meta': ''}, {'name': ' None', 'count': 0, 'meta': ''}, {'name': ' None', 'count': 0, 'meta': ''}, {'name': ' None', 'count': 0, 'meta': ''}]","Armor Slot 0: None, Count: 0; Armor Slot 1: None, Count: 0; Armor Slot 2: None, Count: 0; Armor Slot 3: None, Count: 0; ","Offhand: None, Count: 0; ",[],20.0,20.0,"[-0.225669747581896, -0.6632727751095884, 0.7135421436921218]",east,6,0 minecraft:air,False,Player is not currently riding anything,0.0784000015258789
117.0,14:59:45.205637200,2025-07-30,literal{minecrafter256},"(104.69999998807907, 72.0, 158.2965311380657)",20.0,"[{'name': ' Birch Log', 'count': 1, 'meta': ''}, {'name': ' None', 'count': 0, 'meta': ''}, {'name': ' None', 'count': 0, 'meta': ''}, {'name': ' None', 'count': 0, 'meta': ''}, {'name': ' None', 'count': 0, 'meta': ''}, {'name': ' None', 'count': 0, 'meta': ''}, {'name': ' None', 'count': 0, 'meta': ''}, {'name': ' None', 'count': 0, 'meta': ''}, {'name': ' None', 'count': 0, 'meta': ''}, {'name': ' None', 'count': 0, 'meta': ''}, {'name': ' None', 'count': 0, 'meta': ''}, {'name': ' None', 'count': 0, 'meta': ''}, {'name': ' None', 'count': 0, 'meta': ''}, {'name': ' None', 'count': 0, 'meta': ''}, {'name': ' None', 'count': 0, 'meta': ''}, {'name': ' None', 'count': 0, 'meta': ''}, {'name': ' None', 'count': 0, 'meta': ''}, {'name': ' None', 'count': 0, 'meta': ''}, {'name': ' None', 'count': 0, 'meta': ''}, {'name': ' None', 'count': 0, 'meta': ''}, {'name': ' None', 'count': 0, 'meta': ''}, {'name': ' None', 'count': 0, 'meta': ''}, {'name': ' None', 'count': 0, 'meta': ''}, {'name': ' None', 'count': 0, 'meta': ''}, {'name': ' None', 'count': 0, 'meta': ''}, {'name': ' None', 'count': 0, 'meta': ''}, {'name': ' None', 'count': 0, 'meta': ''}, {'name': ' None', 'count': 0, 'meta': ''}, {'name': ' None', 'count': 0, 'meta': ''}, {'name': ' None', 'count': 0, 'meta': ''}, {'name': ' None', 'count': 0, 'meta': ''}, {'name': ' None', 'count': 0, 'meta': ''}, {'name': ' None', 'count': 0, 'meta': ''}, {'name': ' None', 'count': 0, 'meta': ''}, {'name': ' None', 'count': 0, 'meta': ''}, {'name': ' None', 'count': 0, 'meta': ''}]","Armor Slot 0: None, Count: 0; Armor Slot 1: None, Count: 0; Armor Slot 2: None, Count: 0; Armor Slot 3: None, Count: 0; ","Offhand: None, Count: 0; ",[],20.0,20.0,"[-0.225669747581896, -0.6632727751095884, 0.7135421436921218]",east,6,0 minecraft:air,False,Player is not currently riding anything,0.0784000015258789
117.0,14:59:45.257126,2025-07-30,literal{minecrafter256},"(104.69999998807907, 72.0, 158.2965311380657)",20.0,"[{'name': ' Birch Log', 'count': 1, 'meta': ''}, {'name': ' None', 'count': 0, 'meta': ''}, {'name': ' None', 'count': 0, 'meta': ''}, {'name': ' None', 'count': 0, 'meta': ''}, {'name': ' None', 'count': 0, 'meta': ''}, {'name': ' None', 'count': 0, 'meta': ''}, {'name': ' None', 'count': 0, 'meta': ''}, {'name': ' None', 'count': 0, 'meta': ''}, {'name': ' None', 'count': 0, 'meta': ''}, {'name': ' None', 'count': 0, 'meta': ''}, {'name': ' None', 'count': 0, 'meta': ''}, {'name': ' None', 'count': 0, 'meta': ''}, {'name': ' None', 'count': 0, 'meta': ''}, {'name': ' None', 'count': 0, 'meta': ''}, {'name': ' None', 'count': 0, 'meta': ''}, {'name': ' None', 'count': 0, 'meta': ''}, {'name': ' None', 'count': 0, 'meta': ''}, {'name': ' None', 'count': 0, 'meta': ''}, {'name': ' None', 'count': 0, 'meta': ''}, {'name': ' None', 'count': 0, 'meta': ''}, {'name': ' None', 'count': 0, 'meta': ''}, {'name': ' None', 'count': 0, 'meta': ''}, {'name': ' None', 'count': 0, 'meta': ''}, {'name': ' None', 'count': 0, 'meta': ''}, {'name': ' None', 'count': 0, 'meta': ''}, {'name': ' None', 'count': 0, 'meta': ''}, {'name': ' None', 'count': 0, 'meta': ''}, {'name': ' None', 'count': 0, 'meta': ''}, {'name': ' None', 'count': 0, 'meta': ''}, {'name': ' None', 'count': 0, 'meta': ''}, {'name': ' None', 'count': 0, 'meta': ''}, {'name': ' None', 'count': 0, 'meta': ''}, {'name': ' None', 'count': 0, 'meta': ''}, {'name': ' None', 'count': 0, 'meta': ''}, {'name': ' None', 'count': 0, 'meta': ''}, {'name': ' None', 'count': 0, 'meta': ''}]","Armor Slot 0: None, Count: 0; Armor Slot 1: None, Count: 0; Armor Slot 2: None, Count: 0; Armor Slot 3: None, Count: 0; ","Offhand: None, Count: 0; ",[],20.0,20.0,"[-0.225669747581896, -0.6632727751095884, 0.7135421436921218]",east,6,0 minecraft:air,False,Player is not currently riding anything,0.0784000015258789
117.0,14:59:45.306376900,2025-07-30,literal{minecrafter256},"(104.69999998807907, 72.0, 158.2965311380657)",20.0,"[{'name': ' Birch Log', 'count': 1, 'meta': ''}, {'name': ' None', 'count': 0, 'meta': ''}, {'name': ' None', 'count': 0, 'meta': ''}, {'name': ' None', 'count': 0, 'meta': ''}, {'name': ' None', 'count': 0, 'meta': ''}, {'name': ' None', 'count': 0, 'meta': ''}, {'name': ' None', 'count': 0, 'meta': ''}, {'name': ' None', 'count': 0, 'meta': ''}, {'name': ' None', 'count': 0, 'meta': ''}, {'name': ' None', 'count': 0, 'meta': ''}, {'name': ' None', 'count': 0, 'meta': ''}, {'name': ' None', 'count': 0, 'meta': ''}, {'name': ' None', 'count': 0, 'meta': ''}, {'name': ' None', 'count': 0, 'meta': ''}, {'name': ' None', 'count': 0, 'meta': ''}, {'name': ' None', 'count': 0, 'meta': ''}, {'name': ' None', 'count': 0, 'meta': ''}, {'name': ' None', 'count': 0, 'meta': ''}, {'name': ' None', 'count': 0, 'meta': ''}, {'name': ' None', 'count': 0, 'meta': ''}, {'name': ' None', 'count': 0, 'meta': ''}, {'name': ' None', 'count': 0, 'meta': ''}, {'name': ' None', 'count': 0, 'meta': ''}, {'name': ' None', 'count': 0, 'meta': ''}, {'name': ' None', 'count': 0, 'meta': ''}, {'name': ' None', 'count': 0, 'meta': ''}, {'name': ' None', 'count': 0, 'meta': ''}, {'name': ' None', 'count': 0, 'meta': ''}, {'name': ' None', 'count': 0, 'meta': ''}, {'name': ' None', 'count': 0, 'meta': ''}, {'name': ' None', 'count': 0, 'meta': ''}, {'name': ' None', 'count': 0, 'meta': ''}, {'name': ' None', 'count': 0, 'meta': ''}, {'name': ' None', 'count': 0, 'meta': ''}, {'name': ' None', 'count': 0, 'meta': ''}, {'name': ' None', 'count': 0, 'meta': ''}]","Armor Slot 0: None, Count: 0; Armor Slot 1: None, Count: 0; Armor Slot 2: None, Count: 0; Armor Slot 3: None, Count: 0; ","Offhand: None, Count: 0; ",[],20.0,20.0,"[-0.225669747581896, -0.6632727751095884, 0.7135421436921218]",east,6,0 minecraft:air,False,Player is not currently riding anything,0.0784000015258789
117.0,14:59:45.356052500,2025-07-30,literal{minecrafter256},"(104.69999998807907, 72.0, 158.2965311380657)",20.0,"[{'name': ' Birch Log', 'count': 1, 'meta': ''}, {'name': ' None', 'count': 0, 'meta': ''}, {'name': ' None', 'count': 0, 'meta': ''}, {'name': ' None', 'count': 0, 'meta': ''}, {'name': ' None', 'count': 0, 'meta': ''}, {'name': ' None', 'count': 0, 'meta': ''}, {'name': ' None', 'count': 0, 'meta': ''}, {'name': ' None', 'count': 0, 'meta': ''}, {'name': ' None', 'count': 0, 'meta': ''}, {'name': ' None', 'count': 0, 'meta': ''}, {'name': ' None', 'count': 0, 'meta': ''}, {'name': ' None', 'count': 0, 'meta': ''}, {'name': ' None', 'count': 0, 'meta': ''}, {'name': ' None', 'count': 0, 'meta': ''}, {'name': ' None', 'count': 0, 'meta': ''}, {'name': ' None', 'count': 0, 'meta': ''}, {'name': ' None', 'count': 0, 'meta': ''}, {'name': ' None', 'count': 0, 'meta': ''}, {'name': ' None', 'count': 0, 'meta': ''}, {'name': ' None', 'count': 0, 'meta': ''}, {'name': ' None', 'count': 0, 'meta': ''}, {'name': ' None', 'count': 0, 'meta': ''}, {'name': ' None', 'count': 0, 'meta': ''}, {'name': ' None', 'count': 0, 'meta': ''}, {'name': ' None', 'count': 0, 'meta': ''}, {'name': ' None', 'count': 0, 'meta': ''}, {'name': ' None', 'count': 0, 'meta': ''}, {'name': ' None', 'count': 0, 'meta': ''}, {'name': ' None', 'count': 0, 'meta': ''}, {'name': ' None', 'count': 0, 'meta': ''}, {'name': ' None', 'count': 0, 'meta': ''}, {'name': ' None', 'count': 0, 'meta': ''}, {'name': ' None', 'count': 0, 'meta': ''}, {'name': ' None', 'count': 0, 'meta': ''}, {'name': ' None', 'count': 0, 'meta': ''}, {'name': ' None', 'count': 0, 'meta': ''}]","Armor Slot 0: None, Count: 0; Armor Slot 1: None, Count: 0; Armor Slot 2: None, Count: 0; Armor Slot 3: None, Count: 0; ","Offhand: None, Count: 0; ",[],20.0,20.0,"[-0.225669747581896, -0.6632727751095884, 0.7135421436921218]",east,6,0 minecraft:air,False,Player is not currently riding anything,0.0784000015258789
117.0,14:59:45.405671700,2025-07-30,literal{minecrafter256},"(104.69999998807907, 72.0, 158.2965311380657)",20.0,"[{'name': ' Birch Log', 'count': 1, 'meta': ''}, {'name': ' None', 'count': 0, 'meta': ''}, {'name': ' None', 'count': 0, 'meta': ''}, {'name': ' None', 'count': 0, 'meta': ''}, {'name': ' None', 'count': 0, 'meta': ''}, {'name': ' None', 'count': 0, 'meta': ''}, {'name': ' None', 'count': 0, 'meta': ''}, {'name': ' None', 'count': 0, 'meta': ''}, {'name': ' None', 'count': 0, 'meta': ''}, {'name': ' None', 'count': 0, 'meta': ''}, {'name': ' None', 'count': 0, 'meta': ''}, {'name': ' None', 'count': 0, 'meta': ''}, {'name': ' None', 'count': 0, 'meta': ''}, {'name': ' None', 'count': 0, 'meta': ''}, {'name': ' None', 'count': 0, 'meta': ''}, {'name': ' None', 'count': 0, 'meta': ''}, {'name': ' None', 'count': 0, 'meta': ''}, {'name': ' None', 'count': 0, 'meta': ''}, {'name': ' None', 'count': 0, 'meta': ''}, {'name': ' None', 'count': 0, 'meta': ''}, {'name': ' None', 'count': 0, 'meta': ''}, {'name': ' None', 'count': 0, 'meta': ''}, {'name': ' None', 'count': 0, 'meta': ''}, {'name': ' None', 'count': 0, 'meta': ''}, {'name': ' None', 'count': 0, 'meta': ''}, {'name': ' None', 'count': 0, 'meta': ''}, {'name': ' None', 'count': 0, 'meta': ''}, {'name': ' None', 'count': 0, 'meta': ''}, {'name': ' None', 'count': 0, 'meta': ''}, {'name': ' None', 'count': 0, 'meta': ''}, {'name': ' None', 'count': 0, 'meta': ''}, {'name': ' None', 'count': 0, 'meta': ''}, {'name': ' None', 'count': 0, 'meta': ''}, {'name': ' None', 'count': 0, 'meta': ''}, {'name': ' None', 'count': 0, 'meta': ''}, {'name': ' None', 'count': 0, 'meta': ''}]","Armor Slot 0: None, Count: 0; Armor Slot 1: None, Count: 0; Armor Slot 2: None, Count: 0; Armor Slot 3: None, Count: 0; ","Offhand: None, Count: 0; ",[],20.0,20.0,"[-0.225669747581896, -0.6632727751095884, 0.7135421436921218]",east,6,0 minecraft:air,False,Player is not currently riding anything,0.0784000015258789
117.0,14:59:45.457439300,2025-07-30,literal{minecrafter256},"(104.69999998807907, 72.0, 158.2965311380657)",20.0,"[{'name': ' Birch Log', 'count': 1, 'meta': ''}, {'name': ' None', 'count': 0, 'meta': ''}, {'name': ' None', 'count': 0, 'meta': ''}, {'name': ' None', 'count': 0, 'meta': ''}, {'name': ' None', 'count': 0, 'meta': ''}, {'name': ' None', 'count': 0, 'meta': ''}, {'name': ' None', 'count': 0, 'meta': ''}, {'name': ' None', 'count': 0, 'meta': ''}, {'name': ' None', 'count': 0, 'meta': ''}, {'name': ' None', 'count': 0, 'meta': ''}, {'name': ' None', 'count': 0, 'meta': ''}, {'name': ' None', 'count': 0, 'meta': ''}, {'name': ' None', 'count': 0, 'meta': ''}, {'name': ' None', 'count': 0, 'meta': ''}, {'name': ' None', 'count': 0, 'meta': ''}, {'name': ' None', 'count': 0, 'meta': ''}, {'name': ' None', 'count': 0, 'meta': ''}, {'name': ' None', 'count': 0, 'meta': ''}, {'name': ' None', 'count': 0, 'meta': ''}, {'name': ' None', 'count': 0, 'meta': ''}, {'name': ' None', 'count': 0, 'meta': ''}, {'name': ' None', 'count': 0, 'meta': ''}, {'name': ' None', 'count': 0, 'meta': ''}, {'name': ' None', 'count': 0, 'meta': ''}, {'name': ' None', 'count': 0, 'meta': ''}, {'name': ' None', 'count': 0, 'meta': ''}, {'name': ' None', 'count': 0, 'meta': ''}, {'name': ' None', 'count': 0, 'meta': ''}, {'name': ' None', 'count': 0, 'meta': ''}, {'name': ' None', 'count': 0, 'meta': ''}, {'name': ' None', 'count': 0, 'meta': ''}, {'name': ' None', 'count': 0, 'meta': ''}, {'name': ' None', 'count': 0, 'meta': ''}, {'name': ' None', 'count': 0, 'meta': ''}, {'name': ' None', 'count': 0, 'meta': ''}, {'name': ' None', 'count': 0, 'meta': ''}]","Armor Slot 0: None, Count: 0; Armor Slot 1: None, Count: 0; Armor Slot 2: None, Count: 0; Armor Slot 3: None, Count: 0; ","Offhand: None, Count: 0; ",[],20.0,20.0,"[-0.225669747581896, -0.6632727751095884, 0.7135421436921218]",east,6,0 minecraft:air,False,Player is not currently riding anything,0.0784000015258789
117.0,14:59:45.506073400,2025-07-30,literal{minecrafter256},"(104.69999998807907, 72.0, 158.2965311380657)",20.0,"[{'name': ' Birch Log', 'count': 1, 'meta': ''}, {'name': ' None', 'count': 0, 'meta': ''}, {'name': ' None', 'count': 0, 'meta': ''}, {'name': ' None', 'count': 0, 'meta': ''}, {'name': ' None', 'count': 0, 'meta': ''}, {'name': ' None', 'count': 0, 'meta': ''}, {'name': ' None', 'count': 0, 'meta': ''}, {'name': ' None', 'count': 0, 'meta': ''}, {'name': ' None', 'count': 0, 'meta': ''}, {'name': ' None', 'count': 0, 'meta': ''}, {'name': ' None', 'count': 0, 'meta': ''}, {'name': ' None', 'count': 0, 'meta': ''}, {'name': ' None', 'count': 0, 'meta': ''}, {'name': ' None', 'count': 0, 'meta': ''}, {'name': ' None', 'count': 0, 'meta': ''}, {'name': ' None', 'count': 0, 'meta': ''}, {'name': ' None', 'count': 0, 'meta': ''}, {'name': ' None', 'count': 0, 'meta': ''}, {'name': ' None', 'count': 0, 'meta': ''}, {'name': ' None', 'count': 0, 'meta': ''}, {'name': ' None', 'count': 0, 'meta': ''}, {'name': ' None', 'count': 0, 'meta': ''}, {'name': ' None', 'count': 0, 'meta': ''}, {'name': ' None', 'count': 0, 'meta': ''}, {'name': ' None', 'count': 0, 'meta': ''}, {'name': ' None', 'count': 0, 'meta': ''}, {'name': ' None', 'count': 0, 'meta': ''}, {'name': ' None', 'count': 0, 'meta': ''}, {'name': ' None', 'count': 0, 'meta': ''}, {'name': ' None', 'count': 0, 'meta': ''}, {'name': ' None', 'count': 0, 'meta': ''}, {'name': ' None', 'count': 0, 'meta': ''}, {'name': ' None', 'count': 0, 'meta': ''}, {'name': ' None', 'count': 0, 'meta': ''}, {'name': ' None', 'count': 0, 'meta': ''}, {'name': ' None', 'count': 0, 'meta': ''}]","Armor Slot 0: None, Count: 0; Armor Slot 1: None, Count: 0; Armor Slot 2: None, Count: 0; Armor Slot 3: None, Count: 0; ","Offhand: None, Count: 0; ",[],20.0,20.0,"[-0.225669747581896, -0.6632727751095884, 0.7135421436921218]",east,6,0 minecraft:air,False,Player is not currently riding anything,0.0784000015258789
117.0,14:59:45.555503200,2025-07-30,literal{minecrafter256},"(104.69999998807907, 72.0, 158.2965311380657)",20.0,"[{'name': ' Birch Log', 'count': 1, 'meta': ''}, {'name': ' None', 'count': 0, 'meta': ''}, {'name': ' None', 'count': 0, 'meta': ''}, {'name': ' None', 'count': 0, 'meta': ''}, {'name': ' None', 'count': 0, 'meta': ''}, {'name': ' None', 'count': 0, 'meta': ''}, {'name': ' None', 'count': 0, 'meta': ''}, {'name': ' None', 'count': 0, 'meta': ''}, {'name': ' None', 'count': 0, 'meta': ''}, {'name': ' None', 'count': 0, 'meta': ''}, {'name': ' None', 'count': 0, 'meta': ''}, {'name': ' None', 'count': 0, 'meta': ''}, {'name': ' None', 'count': 0, 'meta': ''}, {'name': ' None', 'count': 0, 'meta': ''}, {'name': ' None', 'count': 0, 'meta': ''}, {'name': ' None', 'count': 0, 'meta': ''}, {'name': ' None', 'count': 0, 'meta': ''}, {'name': ' None', 'count': 0, 'meta': ''}, {'name': ' None', 'count': 0, 'meta': ''}, {'name': ' None', 'count': 0, 'meta': ''}, {'name': ' None', 'count': 0, 'meta': ''}, {'name': ' None', 'count': 0, 'meta': ''}, {'name': ' None', 'count': 0, 'meta': ''}, {'name': ' None', 'count': 0, 'meta': ''}, {'name': ' None', 'count': 0, 'meta': ''}, {'name': ' None', 'count': 0, 'meta': ''}, {'name': ' None', 'count': 0, 'meta': ''}, {'name': ' None', 'count': 0, 'meta': ''}, {'name': ' None', 'count': 0, 'meta': ''}, {'name': ' None', 'count': 0, 'meta': ''}, {'name': ' None', 'count': 0, 'meta': ''}, {'name': ' None', 'count': 0, 'meta': ''}, {'name': ' None', 'count': 0, 'meta': ''}, {'name': ' None', 'count': 0, 'meta': ''}, {'name': ' None', 'count': 0, 'meta': ''}, {'name': ' None', 'count': 0, 'meta': ''}]","Armor Slot 0: None, Count: 0; Armor Slot 1: None, Count: 0; Armor Slot 2: None, Count: 0; Armor Slot 3: None, Count: 0; ","Offhand: None, Count: 0; ",[],20.0,20.0,"[-0.225669747581896, -0.6632727751095884, 0.7135421436921218]",east,6,0 minecraft:air,False,Player is not currently riding anything,0.0784000015258789
118.0,14:59:45.605458500,2025-07-30,literal{minecrafter256},"(104.69999998807907, 72.0, 158.2965311380657)",20.0,"[{'name': ' Birch Log', 'count': 1, 'meta': ''}, {'name': ' None', 'count': 0, 'meta': ''}, {'name': ' None', 'count': 0, 'meta': ''}, {'name': ' None', 'count': 0, 'meta': ''}, {'name': ' None', 'count': 0, 'meta': ''}, {'name': ' None', 'count': 0, 'meta': ''}, {'name': ' None', 'count': 0, 'meta': ''}, {'name': ' None', 'count': 0, 'meta': ''}, {'name': ' None', 'count': 0, 'meta': ''}, {'name': ' None', 'count': 0, 'meta': ''}, {'name': ' None', 'count': 0, 'meta': ''}, {'name': ' None', 'count': 0, 'meta': ''}, {'name': ' None', 'count': 0, 'meta': ''}, {'name': ' None', 'count': 0, 'meta': ''}, {'name': ' None', 'count': 0, 'meta': ''}, {'name': ' None', 'count': 0, 'meta': ''}, {'name': ' None', 'count': 0, 'meta': ''}, {'name': ' None', 'count': 0, 'meta': ''}, {'name': ' None', 'count': 0, 'meta': ''}, {'name': ' None', 'count': 0, 'meta': ''}, {'name': ' None', 'count': 0, 'meta': ''}, {'name': ' None', 'count': 0, 'meta': ''}, {'name': ' None', 'count': 0, 'meta': ''}, {'name': ' None', 'count': 0, 'meta': ''}, {'name': ' None', 'count': 0, 'meta': ''}, {'name': ' None', 'count': 0, 'meta': ''}, {'name': ' None', 'count': 0, 'meta': ''}, {'name': ' None', 'count': 0, 'meta': ''}, {'name': ' None', 'count': 0, 'meta': ''}, {'name': ' None', 'count': 0, 'meta': ''}, {'name': ' None', 'count': 0, 'meta': ''}, {'name': ' None', 'count': 0, 'meta': ''}, {'name': ' None', 'count': 0, 'meta': ''}, {'name': ' None', 'count': 0, 'meta': ''}, {'name': ' None', 'count': 0, 'meta': ''}, {'name': ' None', 'count': 0, 'meta': ''}]","Armor Slot 0: None, Count: 0; Armor Slot 1: None, Count: 0; Armor Slot 2: None, Count: 0; Armor Slot 3: None, Count: 0; ","Offhand: None, Count: 0; ",[],20.0,20.0,"[-0.225669747581896, -0.6632727751095884, 0.7135421436921218]",east,6,0 minecraft:air,False,Player is not currently riding anything,0.0784000015258789
118.0,14:59:45.655579800,2025-07-30,literal{minecrafter256},"(104.69999998807907, 72.0, 158.2965311380657)",20.0,"[{'name': ' Birch Log', 'count': 1, 'meta': ''}, {'name': ' None', 'count': 0, 'meta': ''}, {'name': ' None', 'count': 0, 'meta': ''}, {'name': ' None', 'count': 0, 'meta': ''}, {'name': ' None', 'count': 0, 'meta': ''}, {'name': ' None', 'count': 0, 'meta': ''}, {'name': ' None', 'count': 0, 'meta': ''}, {'name': ' None', 'count': 0, 'meta': ''}, {'name': ' None', 'count': 0, 'meta': ''}, {'name': ' None', 'count': 0, 'meta': ''}, {'name': ' None', 'count': 0, 'meta': ''}, {'name': ' None', 'count': 0, 'meta': ''}, {'name': ' None', 'count': 0, 'meta': ''}, {'name': ' None', 'count': 0, 'meta': ''}, {'name': ' None', 'count': 0, 'meta': ''}, {'name': ' None', 'count': 0, 'meta': ''}, {'name': ' None', 'count': 0, 'meta': ''}, {'name': ' None', 'count': 0, 'meta': ''}, {'name': ' None', 'count': 0, 'meta': ''}, {'name': ' None', 'count': 0, 'meta': ''}, {'name': ' None', 'count': 0, 'meta': ''}, {'name': ' None', 'count': 0, 'meta': ''}, {'name': ' None', 'count': 0, 'meta': ''}, {'name': ' None', 'count': 0, 'meta': ''}, {'name': ' None', 'count': 0, 'meta': ''}, {'name': ' None', 'count': 0, 'meta': ''}, {'name': ' None', 'count': 0, 'meta': ''}, {'name': ' None', 'count': 0, 'meta': ''}, {'name': ' None', 'count': 0, 'meta': ''}, {'name': ' None', 'count': 0, 'meta': ''}, {'name': ' None', 'count': 0, 'meta': ''}, {'name': ' None', 'count': 0, 'meta': ''}, {'name': ' None', 'count': 0, 'meta': ''}, {'name': ' None', 'count': 0, 'meta': ''}, {'name': ' None', 'count': 0, 'meta': ''}, {'name': ' None', 'count': 0, 'meta': ''}]","Armor Slot 0: None, Count: 0; Armor Slot 1: None, Count: 0; Armor Slot 2: None, Count: 0; Armor Slot 3: None, Count: 0; ","Offhand: None, Count: 0; ",[],20.0,20.0,"[-0.225669747581896, -0.6632727751095884, 0.7135421436921218]",east,6,0 minecraft:air,False,Player is not currently riding anything,0.0784000015258789
118.0,14:59:45.705994700,2025-07-30,literal{minecrafter256},"(104.69999998807907, 72.0, 158.2965311380657)",20.0,"[{'name': ' Birch Log', 'count': 1, 'meta': ''}, {'name': ' None', 'count': 0, 'meta': ''}, {'name': ' None', 'count': 0, 'meta': ''}, {'name': ' None', 'count': 0, 'meta': ''}, {'name': ' None', 'count': 0, 'meta': ''}, {'name': ' None', 'count': 0, 'meta': ''}, {'name': ' None', 'count': 0, 'meta': ''}, {'name': ' None', 'count': 0, 'meta': ''}, {'name': ' None', 'count': 0, 'meta': ''}, {'name': ' None', 'count': 0, 'meta': ''}, {'name': ' None', 'count': 0, 'meta': ''}, {'name': ' None', 'count': 0, 'meta': ''}, {'name': ' None', 'count': 0, 'meta': ''}, {'name': ' None', 'count': 0, 'meta': ''}, {'name': ' None', 'count': 0, 'meta': ''}, {'name': ' None', 'count': 0, 'meta': ''}, {'name': ' None', 'count': 0, 'meta': ''}, {'name': ' None', 'count': 0, 'meta': ''}, {'name': ' None', 'count': 0, 'meta': ''}, {'name': ' None', 'count': 0, 'meta': ''}, {'name': ' None', 'count': 0, 'meta': ''}, {'name': ' None', 'count': 0, 'meta': ''}, {'name': ' None', 'count': 0, 'meta': ''}, {'name': ' None', 'count': 0, 'meta': ''}, {'name': ' None', 'count': 0, 'meta': ''}, {'name': ' None', 'count': 0, 'meta': ''}, {'name': ' None', 'count': 0, 'meta': ''}, {'name': ' None', 'count': 0, 'meta': ''}, {'name': ' None', 'count': 0, 'meta': ''}, {'name': ' None', 'count': 0, 'meta': ''}, {'name': ' None', 'count': 0, 'meta': ''}, {'name': ' None', 'count': 0, 'meta': ''}, {'name': ' None', 'count': 0, 'meta': ''}, {'name': ' None', 'count': 0, 'meta': ''}, {'name': ' None', 'count': 0, 'meta': ''}, {'name': ' None', 'count': 0, 'meta': ''}]","Armor Slot 0: None, Count: 0; Armor Slot 1: None, Count: 0; Armor Slot 2: None, Count: 0; Armor Slot 3: None, Count: 0; ","Offhand: None, Count: 0; ",[],20.0,20.0,"[-0.225669747581896, -0.6632727751095884, 0.7135421436921218]",east,6,0 minecraft:air,False,Player is not currently riding anything,0.0784000015258789
118.0,14:59:45.757348200,2025-07-30,literal{minecrafter256},"(104.69999998807907, 72.0, 158.2965311380657)",20.0,"[{'name': ' Birch Log', 'count': 1, 'meta': ''}, {'name': ' None', 'count': 0, 'meta': ''}, {'name': ' None', 'count': 0, 'meta': ''}, {'name': ' None', 'count': 0, 'meta': ''}, {'name': ' None', 'count': 0, 'meta': ''}, {'name': ' None', 'count': 0, 'meta': ''}, {'name': ' None', 'count': 0, 'meta': ''}, {'name': ' None', 'count': 0, 'meta': ''}, {'name': ' None', 'count': 0, 'meta': ''}, {'name': ' None', 'count': 0, 'meta': ''}, {'name': ' None', 'count': 0, 'meta': ''}, {'name': ' None', 'count': 0, 'meta': ''}, {'name': ' None', 'count': 0, 'meta': ''}, {'name': ' None', 'count': 0, 'meta': ''}, {'name': ' None', 'count': 0, 'meta': ''}, {'name': ' None', 'count': 0, 'meta': ''}, {'name': ' None', 'count': 0, 'meta': ''}, {'name': ' None', 'count': 0, 'meta': ''}, {'name': ' None', 'count': 0, 'meta': ''}, {'name': ' None', 'count': 0, 'meta': ''}, {'name': ' None', 'count': 0, 'meta': ''}, {'name': ' None', 'count': 0, 'meta': ''}, {'name': ' None', 'count': 0, 'meta': ''}, {'name': ' None', 'count': 0, 'meta': ''}, {'name': ' None', 'count': 0, 'meta': ''}, {'name': ' None', 'count': 0, 'meta': ''}, {'name': ' None', 'count': 0, 'meta': ''}, {'name': ' None', 'count': 0, 'meta': ''}, {'name': ' None', 'count': 0, 'meta': ''}, {'name': ' None', 'count': 0, 'meta': ''}, {'name': ' None', 'count': 0, 'meta': ''}, {'name': ' None', 'count': 0, 'meta': ''}, {'name': ' None', 'count': 0, 'meta': ''}, {'name': ' None', 'count': 0, 'meta': ''}, {'name': ' None', 'count': 0, 'meta': ''}, {'name': ' None', 'count': 0, 'meta': ''}]","Armor Slot 0: None, Count: 0; Armor Slot 1: None, Count: 0; Armor Slot 2: None, Count: 0; Armor Slot 3: None, Count: 0; ","Offhand: None, Count: 0; ",[],20.0,20.0,"[-0.225669747581896, -0.6632727751095884, 0.7135421436921218]",east,6,0 minecraft:air,False,Player is not currently riding anything,0.0784000015258789
118.0,14:59:45.805568600,2025-07-30,literal{minecrafter256},"(104.69999998807907, 72.0, 158.2965311380657)",20.0,"[{'name': ' Birch Log', 'count': 1, 'meta': ''}, {'name': ' None', 'count': 0, 'meta': ''}, {'name': ' None', 'count': 0, 'meta': ''}, {'name': ' None', 'count': 0, 'meta': ''}, {'name': ' None', 'count': 0, 'meta': ''}, {'name': ' None', 'count': 0, 'meta': ''}, {'name': ' None', 'count': 0, 'meta': ''}, {'name': ' None', 'count': 0, 'meta': ''}, {'name': ' None', 'count': 0, 'meta': ''}, {'name': ' None', 'count': 0, 'meta': ''}, {'name': ' None', 'count': 0, 'meta': ''}, {'name': ' None', 'count': 0, 'meta': ''}, {'name': ' None', 'count': 0, 'meta': ''}, {'name': ' None', 'count': 0, 'meta': ''}, {'name': ' None', 'count': 0, 'meta': ''}, {'name': ' None', 'count': 0, 'meta': ''}, {'name': ' None', 'count': 0, 'meta': ''}, {'name': ' None', 'count': 0, 'meta': ''}, {'name': ' None', 'count': 0, 'meta': ''}, {'name': ' None', 'count': 0, 'meta': ''}, {'name': ' None', 'count': 0, 'meta': ''}, {'name': ' None', 'count': 0, 'meta': ''}, {'name': ' None', 'count': 0, 'meta': ''}, {'name': ' None', 'count': 0, 'meta': ''}, {'name': ' None', 'count': 0, 'meta': ''}, {'name': ' None', 'count': 0, 'meta': ''}, {'name': ' None', 'count': 0, 'meta': ''}, {'name': ' None', 'count': 0, 'meta': ''}, {'name': ' None', 'count': 0, 'meta': ''}, {'name': ' None', 'count': 0, 'meta': ''}, {'name': ' None', 'count': 0, 'meta': ''}, {'name': ' None', 'count': 0, 'meta': ''}, {'name': ' None', 'count': 0, 'meta': ''}, {'name': ' None', 'count': 0, 'meta': ''}, {'name': ' None', 'count': 0, 'meta': ''}, {'name': ' None', 'count': 0, 'meta': ''}]","Armor Slot 0: None, Count: 0; Armor Slot 1: None, Count: 0; Armor Slot 2: None, Count: 0; Armor Slot 3: None, Count: 0; ","Offhand: None, Count: 0; ",[],20.0,20.0,"[-0.225669747581896, -0.6632727751095884, 0.7135421436921218]",east,6,0 minecraft:air,False,Player is not currently riding anything,0.0784000015258789
118.0,14:59:45.856896300,2025-07-30,literal{minecrafter256},"(104.69999998807907, 72.0, 158.2965311380657)",20.0,"[{'name': ' Birch Log', 'count': 1, 'meta': ''}, {'name': ' None', 'count': 0, 'meta': ''}, {'name': ' None', 'count': 0, 'meta': ''}, {'name': ' None', 'count': 0, 'meta': ''}, {'name': ' None', 'count': 0, 'meta': ''}, {'name': ' None', 'count': 0, 'meta': ''}, {'name': ' None', 'count': 0, 'meta': ''}, {'name': ' None', 'count': 0, 'meta': ''}, {'name': ' None', 'count': 0, 'meta': ''}, {'name': ' None', 'count': 0, 'meta': ''}, {'name': ' None', 'count': 0, 'meta': ''}, {'name': ' None', 'count': 0, 'meta': ''}, {'name': ' None', 'count': 0, 'meta': ''}, {'name': ' None', 'count': 0, 'meta': ''}, {'name': ' None', 'count': 0, 'meta': ''}, {'name': ' None', 'count': 0, 'meta': ''}, {'name': ' None', 'count': 0, 'meta': ''}, {'name': ' None', 'count': 0, 'meta': ''}, {'name': ' None', 'count': 0, 'meta': ''}, {'name': ' None', 'count': 0, 'meta': ''}, {'name': ' None', 'count': 0, 'meta': ''}, {'name': ' None', 'count': 0, 'meta': ''}, {'name': ' None', 'count': 0, 'meta': ''}, {'name': ' None', 'count': 0, 'meta': ''}, {'name': ' None', 'count': 0, 'meta': ''}, {'name': ' None', 'count': 0, 'meta': ''}, {'name': ' None', 'count': 0, 'meta': ''}, {'name': ' None', 'count': 0, 'meta': ''}, {'name': ' None', 'count': 0, 'meta': ''}, {'name': ' None', 'count': 0, 'meta': ''}, {'name': ' None', 'count': 0, 'meta': ''}, {'name': ' None', 'count': 0, 'meta': ''}, {'name': ' None', 'count': 0, 'meta': ''}, {'name': ' None', 'count': 0, 'meta': ''}, {'name': ' None', 'count': 0, 'meta': ''}, {'name': ' None', 'count': 0, 'meta': ''}]","Armor Slot 0: None, Count: 0; Armor Slot 1: None, Count: 0; Armor Slot 2: None, Count: 0; Armor Slot 3: None, Count: 0; ","Offhand: None, Count: 0; ",[],20.0,20.0,"[-0.225669747581896, -0.6632727751095884, 0.7135421436921218]",east,6,0 minecraft:air,False,Player is not currently riding anything,0.0784000015258789
118.0,14:59:45.905426100,2025-07-30,literal{minecrafter256},"(104.69999998807907, 72.0, 158.2965311380657)",20.0,"[{'name': ' Birch Log', 'count': 1, 'meta': ''}, {'name': ' None', 'count': 0, 'meta': ''}, {'name': ' None', 'count': 0, 'meta': ''}, {'name': ' None', 'count': 0, 'meta': ''}, {'name': ' None', 'count': 0, 'meta': ''}, {'name': ' None', 'count': 0, 'meta': ''}, {'name': ' None', 'count': 0, 'meta': ''}, {'name': ' None', 'count': 0, 'meta': ''}, {'name': ' None', 'count': 0, 'meta': ''}, {'name': ' None', 'count': 0, 'meta': ''}, {'name': ' None', 'count': 0, 'meta': ''}, {'name': ' None', 'count': 0, 'meta': ''}, {'name': ' None', 'count': 0, 'meta': ''}, {'name': ' None', 'count': 0, 'meta': ''}, {'name': ' None', 'count': 0, 'meta': ''}, {'name': ' None', 'count': 0, 'meta': ''}, {'name': ' None', 'count': 0, 'meta': ''}, {'name': ' None', 'count': 0, 'meta': ''}, {'name': ' None', 'count': 0, 'meta': ''}, {'name': ' None', 'count': 0, 'meta': ''}, {'name': ' None', 'count': 0, 'meta': ''}, {'name': ' None', 'count': 0, 'meta': ''}, {'name': ' None', 'count': 0, 'meta': ''}, {'name': ' None', 'count': 0, 'meta': ''}, {'name': ' None', 'count': 0, 'meta': ''}, {'name': ' None', 'count': 0, 'meta': ''}, {'name': ' None', 'count': 0, 'meta': ''}, {'name': ' None', 'count': 0, 'meta': ''}, {'name': ' None', 'count': 0, 'meta': ''}, {'name': ' None', 'count': 0, 'meta': ''}, {'name': ' None', 'count': 0, 'meta': ''}, {'name': ' None', 'count': 0, 'meta': ''}, {'name': ' None', 'count': 0, 'meta': ''}, {'name': ' None', 'count': 0, 'meta': ''}, {'name': ' None', 'count': 0, 'meta': ''}, {'name': ' None', 'count': 0, 'meta': ''}]","Armor Slot 0: None, Count: 0; Armor Slot 1: None, Count: 0; Armor Slot 2: None, Count: 0; Armor Slot 3: None, Count: 0; ","Offhand: None, Count: 0; ",[],20.0,20.0,"[-0.22619259539207787, -0.6613112360584358, 0.7151953291602648]",east,6,0 minecraft:air,False,Player is not currently riding anything,0.0784000015258789
118.0,14:59:45.955559200,2025-07-30,literal{minecrafter256},"(104.69999998807907, 72.0, 158.2965311380657)",20.0,"[{'name': ' Birch Log', 'count': 1, 'meta': ''}, {'name': ' None', 'count': 0, 'meta': ''}, {'name': ' None', 'count': 0, 'meta': ''}, {'name': ' None', 'count': 0, 'meta': ''}, {'name': ' None', 'count': 0, 'meta': ''}, {'name': ' None', 'count': 0, 'meta': ''}, {'name': ' None', 'count': 0, 'meta': ''}, {'name': ' None', 'count': 0, 'meta': ''}, {'name': ' None', 'count': 0, 'meta': ''}, {'name': ' None', 'count': 0, 'meta': ''}, {'name': ' None', 'count': 0, 'meta': ''}, {'name': ' None', 'count': 0, 'meta': ''}, {'name': ' None', 'count': 0, 'meta': ''}, {'name': ' None', 'count': 0, 'meta': ''}, {'name': ' None', 'count': 0, 'meta': ''}, {'name': ' None', 'count': 0, 'meta': ''}, {'name': ' None', 'count': 0, 'meta': ''}, {'name': ' None', 'count': 0, 'meta': ''}, {'name': ' None', 'count': 0, 'meta': ''}, {'name': ' None', 'count': 0, 'meta': ''}, {'name': ' None', 'count': 0, 'meta': ''}, {'name': ' None', 'count': 0, 'meta': ''}, {'name': ' None', 'count': 0, 'meta': ''}, {'name': ' None', 'count': 0, 'meta': ''}, {'name': ' None', 'count': 0, 'meta': ''}, {'name': ' None', 'count': 0, 'meta': ''}, {'name': ' None', 'count': 0, 'meta': ''}, {'name': ' None', 'count': 0, 'meta': ''}, {'name': ' None', 'count': 0, 'meta': ''}, {'name': ' None', 'count': 0, 'meta': ''}, {'name': ' None', 'count': 0, 'meta': ''}, {'name': ' None', 'count': 0, 'meta': ''}, {'name': ' None', 'count': 0, 'meta': ''}, {'name': ' None', 'count': 0, 'meta': ''}, {'name': ' None', 'count': 0, 'meta': ''}, {'name': ' None', 'count': 0, 'meta': ''}]","Armor Slot 0: None, Count: 0; Armor Slot 1: None, Count: 0; Armor Slot 2: None, Count: 0; Armor Slot 3: None, Count: 0; ","Offhand: None, Count: 0; ",[],20.0,20.0,"[-0.22619259539207787, -0.6613112360584358, 0.7151953291602648]",east,6,0 minecraft:air,False,Player is not currently riding anything,0.0784000015258789
118.0,14:59:46.006255200,2025-07-30,literal{minecrafter256},"(104.69999998807907, 72.0, 158.2965311380657)",20.0,"[{'name': ' Birch Log', 'count': 1, 'meta': ''}, {'name': ' None', 'count': 0, 'meta': ''}, {'name': ' None', 'count': 0, 'meta': ''}, {'name': ' None', 'count': 0, 'meta': ''}, {'name': ' None', 'count': 0, 'meta': ''}, {'name': ' None', 'count': 0, 'meta': ''}, {'name': ' None', 'count': 0, 'meta': ''}, {'name': ' None', 'count': 0, 'meta': ''}, {'name': ' None', 'count': 0, 'meta': ''}, {'name': ' None', 'count': 0, 'meta': ''}, {'name': ' None', 'count': 0, 'meta': ''}, {'name': ' None', 'count': 0, 'meta': ''}, {'name': ' None', 'count': 0, 'meta': ''}, {'name': ' None', 'count': 0, 'meta': ''}, {'name': ' None', 'count': 0, 'meta': ''}, {'name': ' None', 'count': 0, 'meta': ''}, {'name': ' None', 'count': 0, 'meta': ''}, {'name': ' None', 'count': 0, 'meta': ''}, {'name': ' None', 'count': 0, 'meta': ''}, {'name': ' None', 'count': 0, 'meta': ''}, {'name': ' None', 'count': 0, 'meta': ''}, {'name': ' None', 'count': 0, 'meta': ''}, {'name': ' None', 'count': 0, 'meta': ''}, {'name': ' None', 'count': 0, 'meta': ''}, {'name': ' None', 'count': 0, 'meta': ''}, {'name': ' None', 'count': 0, 'meta': ''}, {'name': ' None', 'count': 0, 'meta': ''}, {'name': ' None', 'count': 0, 'meta': ''}, {'name': ' None', 'count': 0, 'meta': ''}, {'name': ' None', 'count': 0, 'meta': ''}, {'name': ' None', 'count': 0, 'meta': ''}, {'name': ' None', 'count': 0, 'meta': ''}, {'name': ' None', 'count': 0, 'meta': ''}, {'name': ' None', 'count': 0, 'meta': ''}, {'name': ' None', 'count': 0, 'meta': ''}, {'name': ' None', 'count': 0, 'meta': ''}]","Armor Slot 0: None, Count: 0; Armor Slot 1: None, Count: 0; Armor Slot 2: None, Count: 0; Armor Slot 3: None, Count: 0; ","Offhand: None, Count: 0; ",[],20.0,20.0,"[-0.22619259539207787, -0.6613112360584358, 0.7151953291602648]",east,6,0 minecraft:air,False,Player is not currently riding anything,0.0784000015258789
118.0,14:59:46.056773700,2025-07-30,literal{minecrafter256},"(104.69999998807907, 72.0, 158.2965311380657)",20.0,"[{'name': ' Birch Log', 'count': 1, 'meta': ''}, {'name': ' None', 'count': 0, 'meta': ''}, {'name': ' None', 'count': 0, 'meta': ''}, {'name': ' None', 'count': 0, 'meta': ''}, {'name': ' None', 'count': 0, 'meta': ''}, {'name': ' None', 'count': 0, 'meta': ''}, {'name': ' None', 'count': 0, 'meta': ''}, {'name': ' None', 'count': 0, 'meta': ''}, {'name': ' None', 'count': 0, 'meta': ''}, {'name': ' None', 'count': 0, 'meta': ''}, {'name': ' None', 'count': 0, 'meta': ''}, {'name': ' None', 'count': 0, 'meta': ''}, {'name': ' None', 'count': 0, 'meta': ''}, {'name': ' None', 'count': 0, 'meta': ''}, {'name': ' None', 'count': 0, 'meta': ''}, {'name': ' None', 'count': 0, 'meta': ''}, {'name': ' None', 'count': 0, 'meta': ''}, {'name': ' None', 'count': 0, 'meta': ''}, {'name': ' None', 'count': 0, 'meta': ''}, {'name': ' None', 'count': 0, 'meta': ''}, {'name': ' None', 'count': 0, 'meta': ''}, {'name': ' None', 'count': 0, 'meta': ''}, {'name': ' None', 'count': 0, 'meta': ''}, {'name': ' None', 'count': 0, 'meta': ''}, {'name': ' None', 'count': 0, 'meta': ''}, {'name': ' None', 'count': 0, 'meta': ''}, {'name': ' None', 'count': 0, 'meta': ''}, {'name': ' None', 'count': 0, 'meta': ''}, {'name': ' None', 'count': 0, 'meta': ''}, {'name': ' None', 'count': 0, 'meta': ''}, {'name': ' None', 'count': 0, 'meta': ''}, {'name': ' None', 'count': 0, 'meta': ''}, {'name': ' None', 'count': 0, 'meta': ''}, {'name': ' None', 'count': 0, 'meta': ''}, {'name': ' None', 'count': 0, 'meta': ''}, {'name': ' None', 'count': 0, 'meta': ''}]","Armor Slot 0: None, Count: 0; Armor Slot 1: None, Count: 0; Armor Slot 2: None, Count: 0; Armor Slot 3: None, Count: 0; ","Offhand: None, Count: 0; ",[],20.0,20.0,"[-0.22619259539207787, -0.6613112360584358, 0.7151953291602648]",east,6,0 minecraft:air,False,Player is not currently riding anything,0.0784000015258789
118.0,14:59:46.106266100,2025-07-30,literal{minecrafter256},"(104.69999998807907, 72.0, 158.2965311380657)",20.0,"[{'name': ' Birch Log', 'count': 1, 'meta': ''}, {'name': ' None', 'count': 0, 'meta': ''}, {'name': ' None', 'count': 0, 'meta': ''}, {'name': ' None', 'count': 0, 'meta': ''}, {'name': ' None', 'count': 0, 'meta': ''}, {'name': ' None', 'count': 0, 'meta': ''}, {'name': ' None', 'count': 0, 'meta': ''}, {'name': ' None', 'count': 0, 'meta': ''}, {'name': ' None', 'count': 0, 'meta': ''}, {'name': ' None', 'count': 0, 'meta': ''}, {'name': ' None', 'count': 0, 'meta': ''}, {'name': ' None', 'count': 0, 'meta': ''}, {'name': ' None', 'count': 0, 'meta': ''}, {'name': ' None', 'count': 0, 'meta': ''}, {'name': ' None', 'count': 0, 'meta': ''}, {'name': ' None', 'count': 0, 'meta': ''}, {'name': ' None', 'count': 0, 'meta': ''}, {'name': ' None', 'count': 0, 'meta': ''}, {'name': ' None', 'count': 0, 'meta': ''}, {'name': ' None', 'count': 0, 'meta': ''}, {'name': ' None', 'count': 0, 'meta': ''}, {'name': ' None', 'count': 0, 'meta': ''}, {'name': ' None', 'count': 0, 'meta': ''}, {'name': ' None', 'count': 0, 'meta': ''}, {'name': ' None', 'count': 0, 'meta': ''}, {'name': ' None', 'count': 0, 'meta': ''}, {'name': ' None', 'count': 0, 'meta': ''}, {'name': ' None', 'count': 0, 'meta': ''}, {'name': ' None', 'count': 0, 'meta': ''}, {'name': ' None', 'count': 0, 'meta': ''}, {'name': ' None', 'count': 0, 'meta': ''}, {'name': ' None', 'count': 0, 'meta': ''}, {'name': ' None', 'count': 0, 'meta': ''}, {'name': ' None', 'count': 0, 'meta': ''}, {'name': ' None', 'count': 0, 'meta': ''}, {'name': ' None', 'count': 0, 'meta': ''}]","Armor Slot 0: None, Count: 0; Armor Slot 1: None, Count: 0; Armor Slot 2: None, Count: 0; Armor Slot 3: None, Count: 0; ","Offhand: None, Count: 0; ",[],20.0,20.0,"[-0.22619259539207787, -0.6613112360584358, 0.7151953291602648]",east,6,0 minecraft:air,False,Player is not currently riding anything,0.0784000015258789
118.0,14:59:46.155700,2025-07-30,literal{minecrafter256},"(104.69999998807907, 72.0, 158.2965311380657)",20.0,"[{'name': ' Birch Log', 'count': 1, 'meta': ''}, {'name': ' None', 'count': 0, 'meta': ''}, {'name': ' None', 'count': 0, 'meta': ''}, {'name': ' None', 'count': 0, 'meta': ''}, {'name': ' None', 'count': 0, 'meta': ''}, {'name': ' None', 'count': 0, 'meta': ''}, {'name': ' None', 'count': 0, 'meta': ''}, {'name': ' None', 'count': 0, 'meta': ''}, {'name': ' None', 'count': 0, 'meta': ''}, {'name': ' None', 'count': 0, 'meta': ''}, {'name': ' None', 'count': 0, 'meta': ''}, {'name': ' None', 'count': 0, 'meta': ''}, {'name': ' None', 'count': 0, 'meta': ''}, {'name': ' None', 'count': 0, 'meta': ''}, {'name': ' None', 'count': 0, 'meta': ''}, {'name': ' None', 'count': 0, 'meta': ''}, {'name': ' None', 'count': 0, 'meta': ''}, {'name': ' None', 'count': 0, 'meta': ''}, {'name': ' None', 'count': 0, 'meta': ''}, {'name': ' None', 'count': 0, 'meta': ''}, {'name': ' None', 'count': 0, 'meta': ''}, {'name': ' None', 'count': 0, 'meta': ''}, {'name': ' None', 'count': 0, 'meta': ''}, {'name': ' None', 'count': 0, 'meta': ''}, {'name': ' None', 'count': 0, 'meta': ''}, {'name': ' None', 'count': 0, 'meta': ''}, {'name': ' None', 'count': 0, 'meta': ''}, {'name': ' None', 'count': 0, 'meta': ''}, {'name': ' None', 'count': 0, 'meta': ''}, {'name': ' None', 'count': 0, 'meta': ''}, {'name': ' None', 'count': 0, 'meta': ''}, {'name': ' None', 'count': 0, 'meta': ''}, {'name': ' None', 'count': 0, 'meta': ''}, {'name': ' None', 'count': 0, 'meta': ''}, {'name': ' None', 'count': 0, 'meta': ''}, {'name': ' None', 'count': 0, 'meta': ''}]","Armor Slot 0: None, Count: 0; Armor Slot 1: None, Count: 0; Armor Slot 2: None, Count: 0; Armor Slot 3: None, Count: 0; ","Offhand: None, Count: 0; ",[],20.0,20.0,"[-0.22619259539207787, -0.6613112360584358, 0.7151953291602648]",east,6,0 minecraft:air,False,Player is not currently riding anything,0.0784000015258789
118.0,14:59:46.206787400,2025-07-30,literal{minecrafter256},"(104.69999998807907, 72.0, 158.32607397646225)",20.0,"[{'name': ' Birch Log', 'count': 1, 'meta': ''}, {'name': ' None', 'count': 0, 'meta': ''}, {'name': ' None', 'count': 0, 'meta': ''}, {'name': ' None', 'count': 0, 'meta': ''}, {'name': ' None', 'count': 0, 'meta': ''}, {'name': ' None', 'count': 0, 'meta': ''}, {'name': ' None', 'count': 0, 'meta': ''}, {'name': ' None', 'count': 0, 'meta': ''}, {'name': ' None', 'count': 0, 'meta': ''}, {'name': ' None', 'count': 0, 'meta': ''}, {'name': ' None', 'count': 0, 'meta': ''}, {'name': ' None', 'count': 0, 'meta': ''}, {'name': ' None', 'count': 0, 'meta': ''}, {'name': ' None', 'count': 0, 'meta': ''}, {'name': ' None', 'count': 0, 'meta': ''}, {'name': ' None', 'count': 0, 'meta': ''}, {'name': ' None', 'count': 0, 'meta': ''}, {'name': ' None', 'count': 0, 'meta': ''}, {'name': ' None', 'count': 0, 'meta': ''}, {'name': ' None', 'count': 0, 'meta': ''}, {'name': ' None', 'count': 0, 'meta': ''}, {'name': ' None', 'count': 0, 'meta': ''}, {'name': ' None', 'count': 0, 'meta': ''}, {'name': ' None', 'count': 0, 'meta': ''}, {'name': ' None', 'count': 0, 'meta': ''}, {'name': ' None', 'count': 0, 'meta': ''}, {'name': ' None', 'count': 0, 'meta': ''}, {'name': ' None', 'count': 0, 'meta': ''}, {'name': ' None', 'count': 0, 'meta': ''}, {'name': ' None', 'count': 0, 'meta': ''}, {'name': ' None', 'count': 0, 'meta': ''}, {'name': ' None', 'count': 0, 'meta': ''}, {'name': ' None', 'count': 0, 'meta': ''}, {'name': ' None', 'count': 0, 'meta': ''}, {'name': ' None', 'count': 0, 'meta': ''}, {'name': ' None', 'count': 0, 'meta': ''}]","Armor Slot 0: None, Count: 0; Armor Slot 1: None, Count: 0; Armor Slot 2: None, Count: 0; Armor Slot 3: None, Count: 0; ","Offhand: None, Count: 0; ",[],20.0,20.0,"[-0.22619259539207787, -0.6613112360584358, 0.7151953291602648]",east,6,0 minecraft:air,False,Player is not currently riding anything,0.0784000015258789
118.0,14:59:46.256687700,2025-07-30,literal{minecrafter256},"(104.69999998807907, 72.0, 158.37174720649693)",20.0,"[{'name': ' Birch Log', 'count': 1, 'meta': ''}, {'name': ' None', 'count': 0, 'meta': ''}, {'name': ' None', 'count': 0, 'meta': ''}, {'name': ' None', 'count': 0, 'meta': ''}, {'name': ' None', 'count': 0, 'meta': ''}, {'name': ' None', 'count': 0, 'meta': ''}, {'name': ' None', 'count': 0, 'meta': ''}, {'name': ' None', 'count': 0, 'meta': ''}, {'name': ' None', 'count': 0, 'meta': ''}, {'name': ' None', 'count': 0, 'meta': ''}, {'name': ' None', 'count': 0, 'meta': ''}, {'name': ' None', 'count': 0, 'meta': ''}, {'name': ' None', 'count': 0, 'meta': ''}, {'name': ' None', 'count': 0, 'meta': ''}, {'name': ' None', 'count': 0, 'meta': ''}, {'name': ' None', 'count': 0, 'meta': ''}, {'name': ' None', 'count': 0, 'meta': ''}, {'name': ' None', 'count': 0, 'meta': ''}, {'name': ' None', 'count': 0, 'meta': ''}, {'name': ' None', 'count': 0, 'meta': ''}, {'name': ' None', 'count': 0, 'meta': ''}, {'name': ' None', 'count': 0, 'meta': ''}, {'name': ' None', 'count': 0, 'meta': ''}, {'name': ' None', 'count': 0, 'meta': ''}, {'name': ' None', 'count': 0, 'meta': ''}, {'name': ' None', 'count': 0, 'meta': ''}, {'name': ' None', 'count': 0, 'meta': ''}, {'name': ' None', 'count': 0, 'meta': ''}, {'name': ' None', 'count': 0, 'meta': ''}, {'name': ' None', 'count': 0, 'meta': ''}, {'name': ' None', 'count': 0, 'meta': ''}, {'name': ' None', 'count': 0, 'meta': ''}, {'name': ' None', 'count': 0, 'meta': ''}, {'name': ' None', 'count': 0, 'meta': ''}, {'name': ' None', 'count': 0, 'meta': ''}, {'name': ' None', 'count': 0, 'meta': ''}]","Armor Slot 0: None, Count: 0; Armor Slot 1: None, Count: 0; Armor Slot 2: None, Count: 0; Armor Slot 3: None, Count: 0; ","Offhand: None, Count: 0; ",[],20.0,20.0,"[-0.22619259539207787, -0.6613112360584358, 0.7151953291602648]",east,6,0 minecraft:air,False,Player is not currently riding anything,0.0784000015258789
118.0,14:59:46.305785600,2025-07-30,literal{minecrafter256},"(104.69999998807907, 72.0, 158.39668479299243)",20.0,"[{'name': ' Birch Log', 'count': 1, 'meta': ''}, {'name': ' None', 'count': 0, 'meta': ''}, {'name': ' None', 'count': 0, 'meta': ''}, {'name': ' None', 'count': 0, 'meta': ''}, {'name': ' None', 'count': 0, 'meta': ''}, {'name': ' None', 'count': 0, 'meta': ''}, {'name': ' None', 'count': 0, 'meta': ''}, {'name': ' None', 'count': 0, 'meta': ''}, {'name': ' None', 'count': 0, 'meta': ''}, {'name': ' None', 'count': 0, 'meta': ''}, {'name': ' None', 'count': 0, 'meta': ''}, {'name': ' None', 'count': 0, 'meta': ''}, {'name': ' None', 'count': 0, 'meta': ''}, {'name': ' None', 'count': 0, 'meta': ''}, {'name': ' None', 'count': 0, 'meta': ''}, {'name': ' None', 'count': 0, 'meta': ''}, {'name': ' None', 'count': 0, 'meta': ''}, {'name': ' None', 'count': 0, 'meta': ''}, {'name': ' None', 'count': 0, 'meta': ''}, {'name': ' None', 'count': 0, 'meta': ''}, {'name': ' None', 'count': 0, 'meta': ''}, {'name': ' None', 'count': 0, 'meta': ''}, {'name': ' None', 'count': 0, 'meta': ''}, {'name': ' None', 'count': 0, 'meta': ''}, {'name': ' None', 'count': 0, 'meta': ''}, {'name': ' None', 'count': 0, 'meta': ''}, {'name': ' None', 'count': 0, 'meta': ''}, {'name': ' None', 'count': 0, 'meta': ''}, {'name': ' None', 'count': 0, 'meta': ''}, {'name': ' None', 'count': 0, 'meta': ''}, {'name': ' None', 'count': 0, 'meta': ''}, {'name': ' None', 'count': 0, 'meta': ''}, {'name': ' None', 'count': 0, 'meta': ''}, {'name': ' None', 'count': 0, 'meta': ''}, {'name': ' None', 'count': 0, 'meta': ''}, {'name': ' None', 'count': 0, 'meta': ''}]","Armor Slot 0: None, Count: 0; Armor Slot 1: None, Count: 0; Armor Slot 2: None, Count: 0; Armor Slot 3: None, Count: 0; ","Offhand: None, Count: 0; ",[],20.0,20.0,"[-0.22619259539207787, -0.6613112360584358, 0.7151953291602648]",east,6,0 minecraft:air,False,Player is not currently riding anything,0.0784000015258789
118.0,14:59:46.355607200,2025-07-30,literal{minecrafter256},"(104.69999998807907, 72.0, 158.4103007168005)",20.0,"[{'name': ' Birch Log', 'count': 1, 'meta': ''}, {'name': ' None', 'count': 0, 'meta': ''}, {'name': ' None', 'count': 0, 'meta': ''}, {'name': ' None', 'count': 0, 'meta': ''}, {'name': ' None', 'count': 0, 'meta': ''}, {'name': ' None', 'count': 0, 'meta': ''}, {'name': ' None', 'count': 0, 'meta': ''}, {'name': ' None', 'count': 0, 'meta': ''}, {'name': ' None', 'count': 0, 'meta': ''}, {'name': ' None', 'count': 0, 'meta': ''}, {'name': ' None', 'count': 0, 'meta': ''}, {'name': ' None', 'count': 0, 'meta': ''}, {'name': ' None', 'count': 0, 'meta': ''}, {'name': ' None', 'count': 0, 'meta': ''}, {'name': ' None', 'count': 0, 'meta': ''}, {'name': ' None', 'count': 0, 'meta': ''}, {'name': ' None', 'count': 0, 'meta': ''}, {'name': ' None', 'count': 0, 'meta': ''}, {'name': ' None', 'count': 0, 'meta': ''}, {'name': ' None', 'count': 0, 'meta': ''}, {'name': ' None', 'count': 0, 'meta': ''}, {'name': ' None', 'count': 0, 'meta': ''}, {'name': ' None', 'count': 0, 'meta': ''}, {'name': ' None', 'count': 0, 'meta': ''}, {'name': ' None', 'count': 0, 'meta': ''}, {'name': ' None', 'count': 0, 'meta': ''}, {'name': ' None', 'count': 0, 'meta': ''}, {'name': ' None', 'count': 0, 'meta': ''}, {'name': ' None', 'count': 0, 'meta': ''}, {'name': ' None', 'count': 0, 'meta': ''}, {'name': ' None', 'count': 0, 'meta': ''}, {'name': ' None', 'count': 0, 'meta': ''}, {'name': ' None', 'count': 0, 'meta': ''}, {'name': ' None', 'count': 0, 'meta': ''}, {'name': ' None', 'count': 0, 'meta': ''}, {'name': ' None', 'count': 0, 'meta': ''}]","Armor Slot 0: None, Count: 0; Armor Slot 1: None, Count: 0; Armor Slot 2: None, Count: 0; Armor Slot 3: None, Count: 0; ","Offhand: None, Count: 0; ",[],20.0,20.0,"[-0.22619259539207787, -0.6613112360584358, 0.7151953291602648]",east,6,0 minecraft:air,False,Player is not currently riding anything,0.0784000015258789
118.0,14:59:46.405705300,2025-07-30,literal{minecrafter256},"(104.69999998807907, 72.0, 158.41773501206322)",20.0,"[{'name': ' Birch Log', 'count': 1, 'meta': ''}, {'name': ' None', 'count': 0, 'meta': ''}, {'name': ' None', 'count': 0, 'meta': ''}, {'name': ' None', 'count': 0, 'meta': ''}, {'name': ' None', 'count': 0, 'meta': ''}, {'name': ' None', 'count': 0, 'meta': ''}, {'name': ' None', 'count': 0, 'meta': ''}, {'name': ' None', 'count': 0, 'meta': ''}, {'name': ' None', 'count': 0, 'meta': ''}, {'name': ' None', 'count': 0, 'meta': ''}, {'name': ' None', 'count': 0, 'meta': ''}, {'name': ' None', 'count': 0, 'meta': ''}, {'name': ' None', 'count': 0, 'meta': ''}, {'name': ' None', 'count': 0, 'meta': ''}, {'name': ' None', 'count': 0, 'meta': ''}, {'name': ' None', 'count': 0, 'meta': ''}, {'name': ' None', 'count': 0, 'meta': ''}, {'name': ' None', 'count': 0, 'meta': ''}, {'name': ' None', 'count': 0, 'meta': ''}, {'name': ' None', 'count': 0, 'meta': ''}, {'name': ' None', 'count': 0, 'meta': ''}, {'name': ' None', 'count': 0, 'meta': ''}, {'name': ' None', 'count': 0, 'meta': ''}, {'name': ' None', 'count': 0, 'meta': ''}, {'name': ' None', 'count': 0, 'meta': ''}, {'name': ' None', 'count': 0, 'meta': ''}, {'name': ' None', 'count': 0, 'meta': ''}, {'name': ' None', 'count': 0, 'meta': ''}, {'name': ' None', 'count': 0, 'meta': ''}, {'name': ' None', 'count': 0, 'meta': ''}, {'name': ' None', 'count': 0, 'meta': ''}, {'name': ' None', 'count': 0, 'meta': ''}, {'name': ' None', 'count': 0, 'meta': ''}, {'name': ' None', 'count': 0, 'meta': ''}, {'name': ' None', 'count': 0, 'meta': ''}, {'name': ' None', 'count': 0, 'meta': ''}]","Armor Slot 0: None, Count: 0; Armor Slot 1: None, Count: 0; Armor Slot 2: None, Count: 0; Armor Slot 3: None, Count: 0; ","Offhand: None, Count: 0; ",[],20.0,20.0,"[-0.22619259539207787, -0.6613112360584358, 0.7151953291602648]",east,6,0 minecraft:air,False,Player is not currently riding anything,0.0784000015258789
118.0,14:59:46.456015700,2025-07-30,literal{minecrafter256},"(104.69999998807907, 72.0, 158.42179413774815)",20.0,"[{'name': ' Birch Log', 'count': 1, 'meta': ''}, {'name': ' None', 'count': 0, 'meta': ''}, {'name': ' None', 'count': 0, 'meta': ''}, {'name': ' None', 'count': 0, 'meta': ''}, {'name': ' None', 'count': 0, 'meta': ''}, {'name': ' None', 'count': 0, 'meta': ''}, {'name': ' None', 'count': 0, 'meta': ''}, {'name': ' None', 'count': 0, 'meta': ''}, {'name': ' None', 'count': 0, 'meta': ''}, {'name': ' None', 'count': 0, 'meta': ''}, {'name': ' None', 'count': 0, 'meta': ''}, {'name': ' None', 'count': 0, 'meta': ''}, {'name': ' None', 'count': 0, 'meta': ''}, {'name': ' None', 'count': 0, 'meta': ''}, {'name': ' None', 'count': 0, 'meta': ''}, {'name': ' None', 'count': 0, 'meta': ''}, {'name': ' None', 'count': 0, 'meta': ''}, {'name': ' None', 'count': 0, 'meta': ''}, {'name': ' None', 'count': 0, 'meta': ''}, {'name': ' None', 'count': 0, 'meta': ''}, {'name': ' None', 'count': 0, 'meta': ''}, {'name': ' None', 'count': 0, 'meta': ''}, {'name': ' None', 'count': 0, 'meta': ''}, {'name': ' None', 'count': 0, 'meta': ''}, {'name': ' None', 'count': 0, 'meta': ''}, {'name': ' None', 'count': 0, 'meta': ''}, {'name': ' None', 'count': 0, 'meta': ''}, {'name': ' None', 'count': 0, 'meta': ''}, {'name': ' None', 'count': 0, 'meta': ''}, {'name': ' None', 'count': 0, 'meta': ''}, {'name': ' None', 'count': 0, 'meta': ''}, {'name': ' None', 'count': 0, 'meta': ''}, {'name': ' None', 'count': 0, 'meta': ''}, {'name': ' None', 'count': 0, 'meta': ''}, {'name': ' None', 'count': 0, 'meta': ''}, {'name': ' None', 'count': 0, 'meta': ''}]","Armor Slot 0: None, Count: 0; Armor Slot 1: None, Count: 0; Armor Slot 2: None, Count: 0; Armor Slot 3: None, Count: 0; ","Offhand: None, Count: 0; ",[],20.0,20.0,"[-0.22619259539207787, -0.6613112360584358, 0.7151953291602648]",east,6,0 minecraft:air,False,Player is not currently riding anything,0.0784000015258789
118.0,14:59:46.506338100,2025-07-30,literal{minecrafter256},"(104.69999998807907, 72.0, 158.42179413774815)",20.0,"[{'name': ' Birch Log', 'count': 1, 'meta': ''}, {'name': ' None', 'count': 0, 'meta': ''}, {'name': ' None', 'count': 0, 'meta': ''}, {'name': ' None', 'count': 0, 'meta': ''}, {'name': ' None', 'count': 0, 'meta': ''}, {'name': ' None', 'count': 0, 'meta': ''}, {'name': ' None', 'count': 0, 'meta': ''}, {'name': ' None', 'count': 0, 'meta': ''}, {'name': ' None', 'count': 0, 'meta': ''}, {'name': ' None', 'count': 0, 'meta': ''}, {'name': ' None', 'count': 0, 'meta': ''}, {'name': ' None', 'count': 0, 'meta': ''}, {'name': ' None', 'count': 0, 'meta': ''}, {'name': ' None', 'count': 0, 'meta': ''}, {'name': ' None', 'count': 0, 'meta': ''}, {'name': ' None', 'count': 0, 'meta': ''}, {'name': ' None', 'count': 0, 'meta': ''}, {'name': ' None', 'count': 0, 'meta': ''}, {'name': ' None', 'count': 0, 'meta': ''}, {'name': ' None', 'count': 0, 'meta': ''}, {'name': ' None', 'count': 0, 'meta': ''}, {'name': ' None', 'count': 0, 'meta': ''}, {'name': ' None', 'count': 0, 'meta': ''}, {'name': ' None', 'count': 0, 'meta': ''}, {'name': ' None', 'count': 0, 'meta': ''}, {'name': ' None', 'count': 0, 'meta': ''}, {'name': ' None', 'count': 0, 'meta': ''}, {'name': ' None', 'count': 0, 'meta': ''}, {'name': ' None', 'count': 0, 'meta': ''}, {'name': ' None', 'count': 0, 'meta': ''}, {'name': ' None', 'count': 0, 'meta': ''}, {'name': ' None', 'count': 0, 'meta': ''}, {'name': ' None', 'count': 0, 'meta': ''}, {'name': ' None', 'count': 0, 'meta': ''}, {'name': ' None', 'count': 0, 'meta': ''}, {'name': ' None', 'count': 0, 'meta': ''}]","Armor Slot 0: None, Count: 0; Armor Slot 1: None, Count: 0; Armor Slot 2: None, Count: 0; Armor Slot 3: None, Count: 0; ","Offhand: None, Count: 0; ",[],20.0,20.0,"[-0.22619259539207787, -0.6613112360584358, 0.7151953291602648]",east,6,0 minecraft:air,False,Player is not currently riding anything,0.0784000015258789
118.0,14:59:46.556196600,2025-07-30,literal{minecrafter256},"(104.69999998807907, 72.0, 158.42179413774815)",20.0,"[{'name': ' Birch Log', 'count': 1, 'meta': ''}, {'name': ' None', 'count': 0, 'meta': ''}, {'name': ' None', 'count': 0, 'meta': ''}, {'name': ' None', 'count': 0, 'meta': ''}, {'name': ' None', 'count': 0, 'meta': ''}, {'name': ' None', 'count': 0, 'meta': ''}, {'name': ' None', 'count': 0, 'meta': ''}, {'name': ' None', 'count': 0, 'meta': ''}, {'name': ' None', 'count': 0, 'meta': ''}, {'name': ' None', 'count': 0, 'meta': ''}, {'name': ' None', 'count': 0, 'meta': ''}, {'name': ' None', 'count': 0, 'meta': ''}, {'name': ' None', 'count': 0, 'meta': ''}, {'name': ' None', 'count': 0, 'meta': ''}, {'name': ' None', 'count': 0, 'meta': ''}, {'name': ' None', 'count': 0, 'meta': ''}, {'name': ' None', 'count': 0, 'meta': ''}, {'name': ' None', 'count': 0, 'meta': ''}, {'name': ' None', 'count': 0, 'meta': ''}, {'name': ' None', 'count': 0, 'meta': ''}, {'name': ' None', 'count': 0, 'meta': ''}, {'name': ' None', 'count': 0, 'meta': ''}, {'name': ' None', 'count': 0, 'meta': ''}, {'name': ' None', 'count': 0, 'meta': ''}, {'name': ' None', 'count': 0, 'meta': ''}, {'name': ' None', 'count': 0, 'meta': ''}, {'name': ' None', 'count': 0, 'meta': ''}, {'name': ' None', 'count': 0, 'meta': ''}, {'name': ' None', 'count': 0, 'meta': ''}, {'name': ' None', 'count': 0, 'meta': ''}, {'name': ' None', 'count': 0, 'meta': ''}, {'name': ' None', 'count': 0, 'meta': ''}, {'name': ' None', 'count': 0, 'meta': ''}, {'name': ' None', 'count': 0, 'meta': ''}, {'name': ' None', 'count': 0, 'meta': ''}, {'name': ' None', 'count': 0, 'meta': ''}]","Armor Slot 0: None, Count: 0; Armor Slot 1: None, Count: 0; Armor Slot 2: None, Count: 0; Armor Slot 3: None, Count: 0; ","Offhand: None, Count: 0; ",[],20.0,20.0,"[-0.22619259539207787, -0.6613112360584358, 0.7151953291602648]",east,6,0 minecraft:air,False,Player is not currently riding anything,0.0784000015258789
118.0,14:59:46.605856200,2025-07-30,literal{minecrafter256},"(104.69999998807907, 72.0, 158.42179413774815)",20.0,"[{'name': ' Birch Log', 'count': 1, 'meta': ''}, {'name': ' None', 'count': 0, 'meta': ''}, {'name': ' None', 'count': 0, 'meta': ''}, {'name': ' None', 'count': 0, 'meta': ''}, {'name': ' None', 'count': 0, 'meta': ''}, {'name': ' None', 'count': 0, 'meta': ''}, {'name': ' None', 'count': 0, 'meta': ''}, {'name': ' None', 'count': 0, 'meta': ''}, {'name': ' None', 'count': 0, 'meta': ''}, {'name': ' None', 'count': 0, 'meta': ''}, {'name': ' None', 'count': 0, 'meta': ''}, {'name': ' None', 'count': 0, 'meta': ''}, {'name': ' None', 'count': 0, 'meta': ''}, {'name': ' None', 'count': 0, 'meta': ''}, {'name': ' None', 'count': 0, 'meta': ''}, {'name': ' None', 'count': 0, 'meta': ''}, {'name': ' None', 'count': 0, 'meta': ''}, {'name': ' None', 'count': 0, 'meta': ''}, {'name': ' None', 'count': 0, 'meta': ''}, {'name': ' None', 'count': 0, 'meta': ''}, {'name': ' None', 'count': 0, 'meta': ''}, {'name': ' None', 'count': 0, 'meta': ''}, {'name': ' None', 'count': 0, 'meta': ''}, {'name': ' None', 'count': 0, 'meta': ''}, {'name': ' None', 'count': 0, 'meta': ''}, {'name': ' None', 'count': 0, 'meta': ''}, {'name': ' None', 'count': 0, 'meta': ''}, {'name': ' None', 'count': 0, 'meta': ''}, {'name': ' None', 'count': 0, 'meta': ''}, {'name': ' None', 'count': 0, 'meta': ''}, {'name': ' None', 'count': 0, 'meta': ''}, {'name': ' None', 'count': 0, 'meta': ''}, {'name': ' None', 'count': 0, 'meta': ''}, {'name': ' None', 'count': 0, 'meta': ''}, {'name': ' None', 'count': 0, 'meta': ''}, {'name': ' None', 'count': 0, 'meta': ''}]","Armor Slot 0: None, Count: 0; Armor Slot 1: None, Count: 0; Armor Slot 2: None, Count: 0; Armor Slot 3: None, Count: 0; ","Offhand: None, Count: 0; ",[],20.0,20.0,"[-0.22619259539207787, -0.6613112360584358, 0.7151953291602648]",east,6,0 minecraft:air,False,Player is not currently riding anything,0.0784000015258789
118.0,14:59:46.655527500,2025-07-30,literal{minecrafter256},"(104.69999998807907, 72.0, 158.42179413774815)",20.0,"[{'name': ' Birch Log', 'count': 1, 'meta': ''}, {'name': ' None', 'count': 0, 'meta': ''}, {'name': ' None', 'count': 0, 'meta': ''}, {'name': ' None', 'count': 0, 'meta': ''}, {'name': ' None', 'count': 0, 'meta': ''}, {'name': ' None', 'count': 0, 'meta': ''}, {'name': ' None', 'count': 0, 'meta': ''}, {'name': ' None', 'count': 0, 'meta': ''}, {'name': ' None', 'count': 0, 'meta': ''}, {'name': ' None', 'count': 0, 'meta': ''}, {'name': ' None', 'count': 0, 'meta': ''}, {'name': ' None', 'count': 0, 'meta': ''}, {'name': ' None', 'count': 0, 'meta': ''}, {'name': ' None', 'count': 0, 'meta': ''}, {'name': ' None', 'count': 0, 'meta': ''}, {'name': ' None', 'count': 0, 'meta': ''}, {'name': ' None', 'count': 0, 'meta': ''}, {'name': ' None', 'count': 0, 'meta': ''}, {'name': ' None', 'count': 0, 'meta': ''}, {'name': ' None', 'count': 0, 'meta': ''}, {'name': ' None', 'count': 0, 'meta': ''}, {'name': ' None', 'count': 0, 'meta': ''}, {'name': ' None', 'count': 0, 'meta': ''}, {'name': ' None', 'count': 0, 'meta': ''}, {'name': ' None', 'count': 0, 'meta': ''}, {'name': ' None', 'count': 0, 'meta': ''}, {'name': ' None', 'count': 0, 'meta': ''}, {'name': ' None', 'count': 0, 'meta': ''}, {'name': ' None', 'count': 0, 'meta': ''}, {'name': ' None', 'count': 0, 'meta': ''}, {'name': ' None', 'count': 0, 'meta': ''}, {'name': ' None', 'count': 0, 'meta': ''}, {'name': ' None', 'count': 0, 'meta': ''}, {'name': ' None', 'count': 0, 'meta': ''}, {'name': ' None', 'count': 0, 'meta': ''}, {'name': ' None', 'count': 0, 'meta': ''}]","Armor Slot 0: None, Count: 0; Armor Slot 1: None, Count: 0; Armor Slot 2: None, Count: 0; Armor Slot 3: None, Count: 0; ","Offhand: None, Count: 0; ",[],20.0,20.0,"[-0.22619259539207787, -0.6613112360584358, 0.7151953291602648]",east,6,0 minecraft:air,False,Player is not currently riding anything,0.0784000015258789
118.0,14:59:46.707375800,2025-07-30,literal{minecrafter256},"(104.69999998807907, 72.0, 158.42179413774815)",20.0,"[{'name': ' Birch Log', 'count': 1, 'meta': ''}, {'name': ' None', 'count': 0, 'meta': ''}, {'name': ' None', 'count': 0, 'meta': ''}, {'name': ' None', 'count': 0, 'meta': ''}, {'name': ' None', 'count': 0, 'meta': ''}, {'name': ' None', 'count': 0, 'meta': ''}, {'name': ' None', 'count': 0, 'meta': ''}, {'name': ' None', 'count': 0, 'meta': ''}, {'name': ' None', 'count': 0, 'meta': ''}, {'name': ' None', 'count': 0, 'meta': ''}, {'name': ' None', 'count': 0, 'meta': ''}, {'name': ' None', 'count': 0, 'meta': ''}, {'name': ' None', 'count': 0, 'meta': ''}, {'name': ' None', 'count': 0, 'meta': ''}, {'name': ' None', 'count': 0, 'meta': ''}, {'name': ' None', 'count': 0, 'meta': ''}, {'name': ' None', 'count': 0, 'meta': ''}, {'name': ' None', 'count': 0, 'meta': ''}, {'name': ' None', 'count': 0, 'meta': ''}, {'name': ' None', 'count': 0, 'meta': ''}, {'name': ' None', 'count': 0, 'meta': ''}, {'name': ' None', 'count': 0, 'meta': ''}, {'name': ' None', 'count': 0, 'meta': ''}, {'name': ' None', 'count': 0, 'meta': ''}, {'name': ' None', 'count': 0, 'meta': ''}, {'name': ' None', 'count': 0, 'meta': ''}, {'name': ' None', 'count': 0, 'meta': ''}, {'name': ' None', 'count': 0, 'meta': ''}, {'name': ' None', 'count': 0, 'meta': ''}, {'name': ' None', 'count': 0, 'meta': ''}, {'name': ' None', 'count': 0, 'meta': ''}, {'name': ' None', 'count': 0, 'meta': ''}, {'name': ' None', 'count': 0, 'meta': ''}, {'name': ' None', 'count': 0, 'meta': ''}, {'name': ' None', 'count': 0, 'meta': ''}, {'name': ' None', 'count': 0, 'meta': ''}]","Armor Slot 0: None, Count: 0; Armor Slot 1: None, Count: 0; Armor Slot 2: None, Count: 0; Armor Slot 3: None, Count: 0; ","Offhand: None, Count: 0; ",[],20.0,20.0,"[-0.22619259539207787, -0.6613112360584358, 0.7151953291602648]",east,6,0 minecraft:air,False,Player is not currently riding anything,0.0784000015258789
118.0,14:59:46.757730400,2025-07-30,literal{minecrafter256},"(104.69999998807907, 72.0, 158.42179413774815)",20.0,"[{'name': ' Birch Log', 'count': 1, 'meta': ''}, {'name': ' None', 'count': 0, 'meta': ''}, {'name': ' None', 'count': 0, 'meta': ''}, {'name': ' None', 'count': 0, 'meta': ''}, {'name': ' None', 'count': 0, 'meta': ''}, {'name': ' None', 'count': 0, 'meta': ''}, {'name': ' None', 'count': 0, 'meta': ''}, {'name': ' None', 'count': 0, 'meta': ''}, {'name': ' None', 'count': 0, 'meta': ''}, {'name': ' None', 'count': 0, 'meta': ''}, {'name': ' None', 'count': 0, 'meta': ''}, {'name': ' None', 'count': 0, 'meta': ''}, {'name': ' None', 'count': 0, 'meta': ''}, {'name': ' None', 'count': 0, 'meta': ''}, {'name': ' None', 'count': 0, 'meta': ''}, {'name': ' None', 'count': 0, 'meta': ''}, {'name': ' None', 'count': 0, 'meta': ''}, {'name': ' None', 'count': 0, 'meta': ''}, {'name': ' None', 'count': 0, 'meta': ''}, {'name': ' None', 'count': 0, 'meta': ''}, {'name': ' None', 'count': 0, 'meta': ''}, {'name': ' None', 'count': 0, 'meta': ''}, {'name': ' None', 'count': 0, 'meta': ''}, {'name': ' None', 'count': 0, 'meta': ''}, {'name': ' None', 'count': 0, 'meta': ''}, {'name': ' None', 'count': 0, 'meta': ''}, {'name': ' None', 'count': 0, 'meta': ''}, {'name': ' None', 'count': 0, 'meta': ''}, {'name': ' None', 'count': 0, 'meta': ''}, {'name': ' None', 'count': 0, 'meta': ''}, {'name': ' None', 'count': 0, 'meta': ''}, {'name': ' None', 'count': 0, 'meta': ''}, {'name': ' None', 'count': 0, 'meta': ''}, {'name': ' None', 'count': 0, 'meta': ''}, {'name': ' None', 'count': 0, 'meta': ''}, {'name': ' None', 'count': 0, 'meta': ''}]","Armor Slot 0: None, Count: 0; Armor Slot 1: None, Count: 0; Armor Slot 2: None, Count: 0; Armor Slot 3: None, Count: 0; ","Offhand: None, Count: 0; ",[],20.0,20.0,"[-0.22619259539207787, -0.6613112360584358, 0.7151953291602648]",east,6,0 minecraft:air,False,Player is not currently riding anything,0.0784000015258789
118.0,14:59:46.805505400,2025-07-30,literal{minecrafter256},"(104.69999998807907, 72.0, 158.42179413774815)",20.0,"[{'name': ' Birch Log', 'count': 1, 'meta': ''}, {'name': ' None', 'count': 0, 'meta': ''}, {'name': ' None', 'count': 0, 'meta': ''}, {'name': ' None', 'count': 0, 'meta': ''}, {'name': ' None', 'count': 0, 'meta': ''}, {'name': ' None', 'count': 0, 'meta': ''}, {'name': ' None', 'count': 0, 'meta': ''}, {'name': ' None', 'count': 0, 'meta': ''}, {'name': ' None', 'count': 0, 'meta': ''}, {'name': ' None', 'count': 0, 'meta': ''}, {'name': ' None', 'count': 0, 'meta': ''}, {'name': ' None', 'count': 0, 'meta': ''}, {'name': ' None', 'count': 0, 'meta': ''}, {'name': ' None', 'count': 0, 'meta': ''}, {'name': ' None', 'count': 0, 'meta': ''}, {'name': ' None', 'count': 0, 'meta': ''}, {'name': ' None', 'count': 0, 'meta': ''}, {'name': ' None', 'count': 0, 'meta': ''}, {'name': ' None', 'count': 0, 'meta': ''}, {'name': ' None', 'count': 0, 'meta': ''}, {'name': ' None', 'count': 0, 'meta': ''}, {'name': ' None', 'count': 0, 'meta': ''}, {'name': ' None', 'count': 0, 'meta': ''}, {'name': ' None', 'count': 0, 'meta': ''}, {'name': ' None', 'count': 0, 'meta': ''}, {'name': ' None', 'count': 0, 'meta': ''}, {'name': ' None', 'count': 0, 'meta': ''}, {'name': ' None', 'count': 0, 'meta': ''}, {'name': ' None', 'count': 0, 'meta': ''}, {'name': ' None', 'count': 0, 'meta': ''}, {'name': ' None', 'count': 0, 'meta': ''}, {'name': ' None', 'count': 0, 'meta': ''}, {'name': ' None', 'count': 0, 'meta': ''}, {'name': ' None', 'count': 0, 'meta': ''}, {'name': ' None', 'count': 0, 'meta': ''}, {'name': ' None', 'count': 0, 'meta': ''}]","Armor Slot 0: None, Count: 0; Armor Slot 1: None, Count: 0; Armor Slot 2: None, Count: 0; Armor Slot 3: None, Count: 0; ","Offhand: None, Count: 0; ",[],20.0,20.0,"[-0.22619259539207787, -0.6613112360584358, 0.7151953291602648]",east,6,0 minecraft:air,False,Player is not currently riding anything,0.0784000015258789
118.0,14:59:46.854863400,2025-07-30,literal{minecrafter256},"(104.69999998807907, 72.0, 158.42179413774815)",20.0,"[{'name': ' Birch Log', 'count': 1, 'meta': ''}, {'name': ' None', 'count': 0, 'meta': ''}, {'name': ' None', 'count': 0, 'meta': ''}, {'name': ' None', 'count': 0, 'meta': ''}, {'name': ' None', 'count': 0, 'meta': ''}, {'name': ' None', 'count': 0, 'meta': ''}, {'name': ' None', 'count': 0, 'meta': ''}, {'name': ' None', 'count': 0, 'meta': ''}, {'name': ' None', 'count': 0, 'meta': ''}, {'name': ' None', 'count': 0, 'meta': ''}, {'name': ' None', 'count': 0, 'meta': ''}, {'name': ' None', 'count': 0, 'meta': ''}, {'name': ' None', 'count': 0, 'meta': ''}, {'name': ' None', 'count': 0, 'meta': ''}, {'name': ' None', 'count': 0, 'meta': ''}, {'name': ' None', 'count': 0, 'meta': ''}, {'name': ' None', 'count': 0, 'meta': ''}, {'name': ' None', 'count': 0, 'meta': ''}, {'name': ' None', 'count': 0, 'meta': ''}, {'name': ' None', 'count': 0, 'meta': ''}, {'name': ' None', 'count': 0, 'meta': ''}, {'name': ' None', 'count': 0, 'meta': ''}, {'name': ' None', 'count': 0, 'meta': ''}, {'name': ' None', 'count': 0, 'meta': ''}, {'name': ' None', 'count': 0, 'meta': ''}, {'name': ' None', 'count': 0, 'meta': ''}, {'name': ' None', 'count': 0, 'meta': ''}, {'name': ' None', 'count': 0, 'meta': ''}, {'name': ' None', 'count': 0, 'meta': ''}, {'name': ' None', 'count': 0, 'meta': ''}, {'name': ' None', 'count': 0, 'meta': ''}, {'name': ' None', 'count': 0, 'meta': ''}, {'name': ' None', 'count': 0, 'meta': ''}, {'name': ' None', 'count': 0, 'meta': ''}, {'name': ' None', 'count': 0, 'meta': ''}, {'name': ' None', 'count': 0, 'meta': ''}]","Armor Slot 0: None, Count: 0; Armor Slot 1: None, Count: 0; Armor Slot 2: None, Count: 0; Armor Slot 3: None, Count: 0; ","Offhand: None, Count: 0; ",[],20.0,20.0,"[-0.22619259539207787, -0.6613112360584358, 0.7151953291602648]",east,6,0 minecraft:air,False,Player is not currently riding anything,0.0784000015258789
118.0,14:59:46.905725,2025-07-30,literal{minecrafter256},"(104.69999998807907, 72.0, 158.42179413774815)",20.0,"[{'name': ' Birch Log', 'count': 1, 'meta': ''}, {'name': ' None', 'count': 0, 'meta': ''}, {'name': ' None', 'count': 0, 'meta': ''}, {'name': ' None', 'count': 0, 'meta': ''}, {'name': ' None', 'count': 0, 'meta': ''}, {'name': ' None', 'count': 0, 'meta': ''}, {'name': ' None', 'count': 0, 'meta': ''}, {'name': ' None', 'count': 0, 'meta': ''}, {'name': ' None', 'count': 0, 'meta': ''}, {'name': ' None', 'count': 0, 'meta': ''}, {'name': ' None', 'count': 0, 'meta': ''}, {'name': ' None', 'count': 0, 'meta': ''}, {'name': ' None', 'count': 0, 'meta': ''}, {'name': ' None', 'count': 0, 'meta': ''}, {'name': ' None', 'count': 0, 'meta': ''}, {'name': ' None', 'count': 0, 'meta': ''}, {'name': ' None', 'count': 0, 'meta': ''}, {'name': ' None', 'count': 0, 'meta': ''}, {'name': ' None', 'count': 0, 'meta': ''}, {'name': ' None', 'count': 0, 'meta': ''}, {'name': ' None', 'count': 0, 'meta': ''}, {'name': ' None', 'count': 0, 'meta': ''}, {'name': ' None', 'count': 0, 'meta': ''}, {'name': ' None', 'count': 0, 'meta': ''}, {'name': ' None', 'count': 0, 'meta': ''}, {'name': ' None', 'count': 0, 'meta': ''}, {'name': ' None', 'count': 0, 'meta': ''}, {'name': ' None', 'count': 0, 'meta': ''}, {'name': ' None', 'count': 0, 'meta': ''}, {'name': ' None', 'count': 0, 'meta': ''}, {'name': ' None', 'count': 0, 'meta': ''}, {'name': ' None', 'count': 0, 'meta': ''}, {'name': ' None', 'count': 0, 'meta': ''}, {'name': ' None', 'count': 0, 'meta': ''}, {'name': ' None', 'count': 0, 'meta': ''}, {'name': ' None', 'count': 0, 'meta': ''}]","Armor Slot 0: None, Count: 0; Armor Slot 1: None, Count: 0; Armor Slot 2: None, Count: 0; Armor Slot 3: None, Count: 0; ","Offhand: None, Count: 0; ",[],20.0,20.0,"[-0.22619259539207787, -0.6613112360584358, 0.7151953291602648]",east,6,0 minecraft:air,False,Player is not currently riding anything,0.0784000015258789
118.0,14:59:46.956254,2025-07-30,literal{minecrafter256},"(104.69999998807907, 72.0, 158.42179413774815)",20.0,"[{'name': ' Birch Log', 'count': 1, 'meta': ''}, {'name': ' None', 'count': 0, 'meta': ''}, {'name': ' None', 'count': 0, 'meta': ''}, {'name': ' None', 'count': 0, 'meta': ''}, {'name': ' None', 'count': 0, 'meta': ''}, {'name': ' None', 'count': 0, 'meta': ''}, {'name': ' None', 'count': 0, 'meta': ''}, {'name': ' None', 'count': 0, 'meta': ''}, {'name': ' None', 'count': 0, 'meta': ''}, {'name': ' None', 'count': 0, 'meta': ''}, {'name': ' None', 'count': 0, 'meta': ''}, {'name': ' None', 'count': 0, 'meta': ''}, {'name': ' None', 'count': 0, 'meta': ''}, {'name': ' None', 'count': 0, 'meta': ''}, {'name': ' None', 'count': 0, 'meta': ''}, {'name': ' None', 'count': 0, 'meta': ''}, {'name': ' None', 'count': 0, 'meta': ''}, {'name': ' None', 'count': 0, 'meta': ''}, {'name': ' None', 'count': 0, 'meta': ''}, {'name': ' None', 'count': 0, 'meta': ''}, {'name': ' None', 'count': 0, 'meta': ''}, {'name': ' None', 'count': 0, 'meta': ''}, {'name': ' None', 'count': 0, 'meta': ''}, {'name': ' None', 'count': 0, 'meta': ''}, {'name': ' None', 'count': 0, 'meta': ''}, {'name': ' None', 'count': 0, 'meta': ''}, {'name': ' None', 'count': 0, 'meta': ''}, {'name': ' None', 'count': 0, 'meta': ''}, {'name': ' None', 'count': 0, 'meta': ''}, {'name': ' None', 'count': 0, 'meta': ''}, {'name': ' None', 'count': 0, 'meta': ''}, {'name': ' None', 'count': 0, 'meta': ''}, {'name': ' None', 'count': 0, 'meta': ''}, {'name': ' None', 'count': 0, 'meta': ''}, {'name': ' None', 'count': 0, 'meta': ''}, {'name': ' None', 'count': 0, 'meta': ''}]","Armor Slot 0: None, Count: 0; Armor Slot 1: None, Count: 0; Armor Slot 2: None, Count: 0; Armor Slot 3: None, Count: 0; ","Offhand: None, Count: 0; ",[],20.0,20.0,"[-0.22619259539207787, -0.6613112360584358, 0.7151953291602648]",east,6,0 minecraft:air,False,Player is not currently riding anything,0.0784000015258789
118.0,14:59:47.005960400,2025-07-30,literal{minecrafter256},"(104.69999998807907, 72.0, 158.42179413774815)",20.0,"[{'name': ' Birch Log', 'count': 1, 'meta': ''}, {'name': ' None', 'count': 0, 'meta': ''}, {'name': ' None', 'count': 0, 'meta': ''}, {'name': ' None', 'count': 0, 'meta': ''}, {'name': ' None', 'count': 0, 'meta': ''}, {'name': ' None', 'count': 0, 'meta': ''}, {'name': ' None', 'count': 0, 'meta': ''}, {'name': ' None', 'count': 0, 'meta': ''}, {'name': ' None', 'count': 0, 'meta': ''}, {'name': ' None', 'count': 0, 'meta': ''}, {'name': ' None', 'count': 0, 'meta': ''}, {'name': ' None', 'count': 0, 'meta': ''}, {'name': ' None', 'count': 0, 'meta': ''}, {'name': ' None', 'count': 0, 'meta': ''}, {'name': ' None', 'count': 0, 'meta': ''}, {'name': ' None', 'count': 0, 'meta': ''}, {'name': ' None', 'count': 0, 'meta': ''}, {'name': ' None', 'count': 0, 'meta': ''}, {'name': ' None', 'count': 0, 'meta': ''}, {'name': ' None', 'count': 0, 'meta': ''}, {'name': ' None', 'count': 0, 'meta': ''}, {'name': ' None', 'count': 0, 'meta': ''}, {'name': ' None', 'count': 0, 'meta': ''}, {'name': ' None', 'count': 0, 'meta': ''}, {'name': ' None', 'count': 0, 'meta': ''}, {'name': ' None', 'count': 0, 'meta': ''}, {'name': ' None', 'count': 0, 'meta': ''}, {'name': ' None', 'count': 0, 'meta': ''}, {'name': ' None', 'count': 0, 'meta': ''}, {'name': ' None', 'count': 0, 'meta': ''}, {'name': ' None', 'count': 0, 'meta': ''}, {'name': ' None', 'count': 0, 'meta': ''}, {'name': ' None', 'count': 0, 'meta': ''}, {'name': ' None', 'count': 0, 'meta': ''}, {'name': ' None', 'count': 0, 'meta': ''}, {'name': ' None', 'count': 0, 'meta': ''}]","Armor Slot 0: None, Count: 0; Armor Slot 1: None, Count: 0; Armor Slot 2: None, Count: 0; Armor Slot 3: None, Count: 0; ","Offhand: None, Count: 0; ",[],20.0,20.0,"[-0.22619259539207787, -0.6613112360584358, 0.7151953291602648]",east,6,0 minecraft:air,False,Player is not currently riding anything,0.0784000015258789
118.0,14:59:47.055212,2025-07-30,literal{minecrafter256},"(104.69999998807907, 72.0, 158.42179413774815)",20.0,"[{'name': ' Birch Log', 'count': 1, 'meta': ''}, {'name': ' None', 'count': 0, 'meta': ''}, {'name': ' None', 'count': 0, 'meta': ''}, {'name': ' None', 'count': 0, 'meta': ''}, {'name': ' None', 'count': 0, 'meta': ''}, {'name': ' None', 'count': 0, 'meta': ''}, {'name': ' None', 'count': 0, 'meta': ''}, {'name': ' None', 'count': 0, 'meta': ''}, {'name': ' None', 'count': 0, 'meta': ''}, {'name': ' None', 'count': 0, 'meta': ''}, {'name': ' None', 'count': 0, 'meta': ''}, {'name': ' None', 'count': 0, 'meta': ''}, {'name': ' None', 'count': 0, 'meta': ''}, {'name': ' None', 'count': 0, 'meta': ''}, {'name': ' None', 'count': 0, 'meta': ''}, {'name': ' None', 'count': 0, 'meta': ''}, {'name': ' None', 'count': 0, 'meta': ''}, {'name': ' None', 'count': 0, 'meta': ''}, {'name': ' None', 'count': 0, 'meta': ''}, {'name': ' None', 'count': 0, 'meta': ''}, {'name': ' None', 'count': 0, 'meta': ''}, {'name': ' None', 'count': 0, 'meta': ''}, {'name': ' None', 'count': 0, 'meta': ''}, {'name': ' None', 'count': 0, 'meta': ''}, {'name': ' None', 'count': 0, 'meta': ''}, {'name': ' None', 'count': 0, 'meta': ''}, {'name': ' None', 'count': 0, 'meta': ''}, {'name': ' None', 'count': 0, 'meta': ''}, {'name': ' None', 'count': 0, 'meta': ''}, {'name': ' None', 'count': 0, 'meta': ''}, {'name': ' None', 'count': 0, 'meta': ''}, {'name': ' None', 'count': 0, 'meta': ''}, {'name': ' None', 'count': 0, 'meta': ''}, {'name': ' None', 'count': 0, 'meta': ''}, {'name': ' None', 'count': 0, 'meta': ''}, {'name': ' None', 'count': 0, 'meta': ''}]","Armor Slot 0: None, Count: 0; Armor Slot 1: None, Count: 0; Armor Slot 2: None, Count: 0; Armor Slot 3: None, Count: 0; ","Offhand: None, Count: 0; ",[],20.0,20.0,"[-0.1610505638108225, -0.7089550124017583, 0.6866188945016288]",east,6,0 minecraft:air,False,Player is not currently riding anything,0.0784000015258789
118.0,14:59:47.104742600,2025-07-30,literal{minecrafter256},"(104.69999998807907, 72.0, 158.42179413774815)",20.0,"[{'name': ' Birch Log', 'count': 1, 'meta': ''}, {'name': ' None', 'count': 0, 'meta': ''}, {'name': ' None', 'count': 0, 'meta': ''}, {'name': ' None', 'count': 0, 'meta': ''}, {'name': ' None', 'count': 0, 'meta': ''}, {'name': ' None', 'count': 0, 'meta': ''}, {'name': ' None', 'count': 0, 'meta': ''}, {'name': ' None', 'count': 0, 'meta': ''}, {'name': ' None', 'count': 0, 'meta': ''}, {'name': ' None', 'count': 0, 'meta': ''}, {'name': ' None', 'count': 0, 'meta': ''}, {'name': ' None', 'count': 0, 'meta': ''}, {'name': ' None', 'count': 0, 'meta': ''}, {'name': ' None', 'count': 0, 'meta': ''}, {'name': ' None', 'count': 0, 'meta': ''}, {'name': ' None', 'count': 0, 'meta': ''}, {'name': ' None', 'count': 0, 'meta': ''}, {'name': ' None', 'count': 0, 'meta': ''}, {'name': ' None', 'count': 0, 'meta': ''}, {'name': ' None', 'count': 0, 'meta': ''}, {'name': ' None', 'count': 0, 'meta': ''}, {'name': ' None', 'count': 0, 'meta': ''}, {'name': ' None', 'count': 0, 'meta': ''}, {'name': ' None', 'count': 0, 'meta': ''}, {'name': ' None', 'count': 0, 'meta': ''}, {'name': ' None', 'count': 0, 'meta': ''}, {'name': ' None', 'count': 0, 'meta': ''}, {'name': ' None', 'count': 0, 'meta': ''}, {'name': ' None', 'count': 0, 'meta': ''}, {'name': ' None', 'count': 0, 'meta': ''}, {'name': ' None', 'count': 0, 'meta': ''}, {'name': ' None', 'count': 0, 'meta': ''}, {'name': ' None', 'count': 0, 'meta': ''}, {'name': ' None', 'count': 0, 'meta': ''}, {'name': ' None', 'count': 0, 'meta': ''}, {'name': ' None', 'count': 0, 'meta': ''}]","Armor Slot 0: None, Count: 0; Armor Slot 1: None, Count: 0; Armor Slot 2: None, Count: 0; Armor Slot 3: None, Count: 0; ","Offhand: None, Count: 0; ",[],20.0,20.0,"[-0.11711275853595503, -0.7413899915858579, 0.660776423735306]",east,6,0 minecraft:air,False,Player is not currently riding anything,0.0784000015258789
118.0,14:59:47.156143300,2025-07-30,literal{minecrafter256},"(104.69999998807907, 72.0, 158.42179413774815)",20.0,"[{'name': ' Birch Log', 'count': 1, 'meta': ''}, {'name': ' None', 'count': 0, 'meta': ''}, {'name': ' None', 'count': 0, 'meta': ''}, {'name': ' None', 'count': 0, 'meta': ''}, {'name': ' None', 'count': 0, 'meta': ''}, {'name': ' None', 'count': 0, 'meta': ''}, {'name': ' None', 'count': 0, 'meta': ''}, {'name': ' None', 'count': 0, 'meta': ''}, {'name': ' None', 'count': 0, 'meta': ''}, {'name': ' None', 'count': 0, 'meta': ''}, {'name': ' None', 'count': 0, 'meta': ''}, {'name': ' None', 'count': 0, 'meta': ''}, {'name': ' None', 'count': 0, 'meta': ''}, {'name': ' None', 'count': 0, 'meta': ''}, {'name': ' None', 'count': 0, 'meta': ''}, {'name': ' None', 'count': 0, 'meta': ''}, {'name': ' None', 'count': 0, 'meta': ''}, {'name': ' None', 'count': 0, 'meta': ''}, {'name': ' None', 'count': 0, 'meta': ''}, {'name': ' None', 'count': 0, 'meta': ''}, {'name': ' None', 'count': 0, 'meta': ''}, {'name': ' None', 'count': 0, 'meta': ''}, {'name': ' None', 'count': 0, 'meta': ''}, {'name': ' None', 'count': 0, 'meta': ''}, {'name': ' None', 'count': 0, 'meta': ''}, {'name': ' None', 'count': 0, 'meta': ''}, {'name': ' None', 'count': 0, 'meta': ''}, {'name': ' None', 'count': 0, 'meta': ''}, {'name': ' None', 'count': 0, 'meta': ''}, {'name': ' None', 'count': 0, 'meta': ''}, {'name': ' None', 'count': 0, 'meta': ''}, {'name': ' None', 'count': 0, 'meta': ''}, {'name': ' None', 'count': 0, 'meta': ''}, {'name': ' None', 'count': 0, 'meta': ''}, {'name': ' None', 'count': 0, 'meta': ''}, {'name': ' None', 'count': 0, 'meta': ''}]","Armor Slot 0: None, Count: 0; Armor Slot 1: None, Count: 0; Armor Slot 2: None, Count: 0; Armor Slot 3: None, Count: 0; ","Offhand: None, Count: 0; ",[],20.0,20.0,"[-0.11127056808816412, -0.7448935413149963, 0.6578392453970355]",east,6,0 minecraft:air,False,Player is not currently riding anything,0.0784000015258789
118.0,14:59:47.207023800,2025-07-30,literal{minecrafter256},"(104.69999998807907, 72.0, 158.42179413774815)",20.0,"[{'name': ' Birch Log', 'count': 2, 'meta': ''}, {'name': ' None', 'count': 0, 'meta': ''}, {'name': ' None', 'count': 0, 'meta': ''}, {'name': ' None', 'count': 0, 'meta': ''}, {'name': ' None', 'count': 0, 'meta': ''}, {'name': ' None', 'count': 0, 'meta': ''}, {'name': ' None', 'count': 0, 'meta': ''}, {'name': ' None', 'count': 0, 'meta': ''}, {'name': ' None', 'count': 0, 'meta': ''}, {'name': ' None', 'count': 0, 'meta': ''}, {'name': ' None', 'count': 0, 'meta': ''}, {'name': ' None', 'count': 0, 'meta': ''}, {'name': ' None', 'count': 0, 'meta': ''}, {'name': ' None', 'count': 0, 'meta': ''}, {'name': ' None', 'count': 0, 'meta': ''}, {'name': ' None', 'count': 0, 'meta': ''}, {'name': ' None', 'count': 0, 'meta': ''}, {'name': ' None', 'count': 0, 'meta': ''}, {'name': ' None', 'count': 0, 'meta': ''}, {'name': ' None', 'count': 0, 'meta': ''}, {'name': ' None', 'count': 0, 'meta': ''}, {'name': ' None', 'count': 0, 'meta': ''}, {'name': ' None', 'count': 0, 'meta': ''}, {'name': ' None', 'count': 0, 'meta': ''}, {'name': ' None', 'count': 0, 'meta': ''}, {'name': ' None', 'count': 0, 'meta': ''}, {'name': ' None', 'count': 0, 'meta': ''}, {'name': ' None', 'count': 0, 'meta': ''}, {'name': ' None', 'count': 0, 'meta': ''}, {'name': ' None', 'count': 0, 'meta': ''}, {'name': ' None', 'count': 0, 'meta': ''}, {'name': ' None', 'count': 0, 'meta': ''}, {'name': ' None', 'count': 0, 'meta': ''}, {'name': ' None', 'count': 0, 'meta': ''}, {'name': ' None', 'count': 0, 'meta': ''}, {'name': ' None', 'count': 0, 'meta': ''}]","Armor Slot 0: None, Count: 0; Armor Slot 1: None, Count: 0; Armor Slot 2: None, Count: 0; Armor Slot 3: None, Count: 0; ","Offhand: None, Count: 0; ",[],20.0,20.0,"[-0.11965316050959755, -0.7181257602978889, 0.6855497892762009]",east,6,0 minecraft:air,False,Player is not currently riding anything,0.0784000015258789
118.0,14:59:47.254948200,2025-07-30,literal{minecrafter256},"(104.69999998807907, 72.0, 158.42179413774815)",20.0,"[{'name': ' Birch Log', 'count': 2, 'meta': ''}, {'name': ' None', 'count': 0, 'meta': ''}, {'name': ' None', 'count': 0, 'meta': ''}, {'name': ' None', 'count': 0, 'meta': ''}, {'name': ' None', 'count': 0, 'meta': ''}, {'name': ' None', 'count': 0, 'meta': ''}, {'name': ' None', 'count': 0, 'meta': ''}, {'name': ' None', 'count': 0, 'meta': ''}, {'name': ' None', 'count': 0, 'meta': ''}, {'name': ' None', 'count': 0, 'meta': ''}, {'name': ' None', 'count': 0, 'meta': ''}, {'name': ' None', 'count': 0, 'meta': ''}, {'name': ' None', 'count': 0, 'meta': ''}, {'name': ' None', 'count': 0, 'meta': ''}, {'name': ' None', 'count': 0, 'meta': ''}, {'name': ' None', 'count': 0, 'meta': ''}, {'name': ' None', 'count': 0, 'meta': ''}, {'name': ' None', 'count': 0, 'meta': ''}, {'name': ' None', 'count': 0, 'meta': ''}, {'name': ' None', 'count': 0, 'meta': ''}, {'name': ' None', 'count': 0, 'meta': ''}, {'name': ' None', 'count': 0, 'meta': ''}, {'name': ' None', 'count': 0, 'meta': ''}, {'name': ' None', 'count': 0, 'meta': ''}, {'name': ' None', 'count': 0, 'meta': ''}, {'name': ' None', 'count': 0, 'meta': ''}, {'name': ' None', 'count': 0, 'meta': ''}, {'name': ' None', 'count': 0, 'meta': ''}, {'name': ' None', 'count': 0, 'meta': ''}, {'name': ' None', 'count': 0, 'meta': ''}, {'name': ' None', 'count': 0, 'meta': ''}, {'name': ' None', 'count': 0, 'meta': ''}, {'name': ' None', 'count': 0, 'meta': ''}, {'name': ' None', 'count': 0, 'meta': ''}, {'name': ' None', 'count': 0, 'meta': ''}, {'name': ' None', 'count': 0, 'meta': ''}]","Armor Slot 0: None, Count: 0; Armor Slot 1: None, Count: 0; Armor Slot 2: None, Count: 0; Armor Slot 3: None, Count: 0; ","Offhand: None, Count: 0; ",[],20.0,20.0,"[-0.14883166880185678, -0.707106216244542, 0.6912669045383133]",east,6,0 minecraft:air,False,Player is not currently riding anything,0.0784000015258789
118.0,14:59:47.307802900,2025-07-30,literal{minecrafter256},"(104.69999998807907, 72.0, 158.42179413774815)",20.0,"[{'name': ' Birch Log', 'count': 2, 'meta': ''}, {'name': ' None', 'count': 0, 'meta': ''}, {'name': ' None', 'count': 0, 'meta': ''}, {'name': ' None', 'count': 0, 'meta': ''}, {'name': ' None', 'count': 0, 'meta': ''}, {'name': ' None', 'count': 0, 'meta': ''}, {'name': ' None', 'count': 0, 'meta': ''}, {'name': ' None', 'count': 0, 'meta': ''}, {'name': ' None', 'count': 0, 'meta': ''}, {'name': ' None', 'count': 0, 'meta': ''}, {'name': ' None', 'count': 0, 'meta': ''}, {'name': ' None', 'count': 0, 'meta': ''}, {'name': ' None', 'count': 0, 'meta': ''}, {'name': ' None', 'count': 0, 'meta': ''}, {'name': ' None', 'count': 0, 'meta': ''}, {'name': ' None', 'count': 0, 'meta': ''}, {'name': ' None', 'count': 0, 'meta': ''}, {'name': ' None', 'count': 0, 'meta': ''}, {'name': ' None', 'count': 0, 'meta': ''}, {'name': ' None', 'count': 0, 'meta': ''}, {'name': ' None', 'count': 0, 'meta': ''}, {'name': ' None', 'count': 0, 'meta': ''}, {'name': ' None', 'count': 0, 'meta': ''}, {'name': ' None', 'count': 0, 'meta': ''}, {'name': ' None', 'count': 0, 'meta': ''}, {'name': ' None', 'count': 0, 'meta': ''}, {'name': ' None', 'count': 0, 'meta': ''}, {'name': ' None', 'count': 0, 'meta': ''}, {'name': ' None', 'count': 0, 'meta': ''}, {'name': ' None', 'count': 0, 'meta': ''}, {'name': ' None', 'count': 0, 'meta': ''}, {'name': ' None', 'count': 0, 'meta': ''}, {'name': ' None', 'count': 0, 'meta': ''}, {'name': ' None', 'count': 0, 'meta': ''}, {'name': ' None', 'count': 0, 'meta': ''}, {'name': ' None', 'count': 0, 'meta': ''}]","Armor Slot 0: None, Count: 0; Armor Slot 1: None, Count: 0; Armor Slot 2: None, Count: 0; Armor Slot 3: None, Count: 0; ","Offhand: None, Count: 0; ",[],20.0,20.0,"[-0.14883166880185678, -0.707106216244542, 0.6912669045383133]",east,6,0 minecraft:air,False,Player is not currently riding anything,0.0784000015258789
118.0,14:59:47.355430,2025-07-30,literal{minecrafter256},"(104.69999998807907, 72.0, 158.42179413774815)",20.0,"[{'name': ' Birch Log', 'count': 2, 'meta': ''}, {'name': ' None', 'count': 0, 'meta': ''}, {'name': ' None', 'count': 0, 'meta': ''}, {'name': ' None', 'count': 0, 'meta': ''}, {'name': ' None', 'count': 0, 'meta': ''}, {'name': ' None', 'count': 0, 'meta': ''}, {'name': ' None', 'count': 0, 'meta': ''}, {'name': ' None', 'count': 0, 'meta': ''}, {'name': ' None', 'count': 0, 'meta': ''}, {'name': ' None', 'count': 0, 'meta': ''}, {'name': ' None', 'count': 0, 'meta': ''}, {'name': ' None', 'count': 0, 'meta': ''}, {'name': ' None', 'count': 0, 'meta': ''}, {'name': ' None', 'count': 0, 'meta': ''}, {'name': ' None', 'count': 0, 'meta': ''}, {'name': ' None', 'count': 0, 'meta': ''}, {'name': ' None', 'count': 0, 'meta': ''}, {'name': ' None', 'count': 0, 'meta': ''}, {'name': ' None', 'count': 0, 'meta': ''}, {'name': ' None', 'count': 0, 'meta': ''}, {'name': ' None', 'count': 0, 'meta': ''}, {'name': ' None', 'count': 0, 'meta': ''}, {'name': ' None', 'count': 0, 'meta': ''}, {'name': ' None', 'count': 0, 'meta': ''}, {'name': ' None', 'count': 0, 'meta': ''}, {'name': ' None', 'count': 0, 'meta': ''}, {'name': ' None', 'count': 0, 'meta': ''}, {'name': ' None', 'count': 0, 'meta': ''}, {'name': ' None', 'count': 0, 'meta': ''}, {'name': ' None', 'count': 0, 'meta': ''}, {'name': ' None', 'count': 0, 'meta': ''}, {'name': ' None', 'count': 0, 'meta': ''}, {'name': ' None', 'count': 0, 'meta': ''}, {'name': ' None', 'count': 0, 'meta': ''}, {'name': ' None', 'count': 0, 'meta': ''}, {'name': ' None', 'count': 0, 'meta': ''}]","Armor Slot 0: None, Count: 0; Armor Slot 1: None, Count: 0; Armor Slot 2: None, Count: 0; Armor Slot 3: None, Count: 0; ","Offhand: None, Count: 0; ",[],20.0,20.0,"[-0.14922080204736907, -0.7052525735618925, 0.6930742815316892]",east,6,0 minecraft:air,False,Player is not currently riding anything,0.0784000015258789
118.0,14:59:47.405375,2025-07-30,literal{minecrafter256},"(104.69999998807907, 72.0, 158.42179413774815)",20.0,"[{'name': ' Birch Log', 'count': 2, 'meta': ''}, {'name': ' None', 'count': 0, 'meta': ''}, {'name': ' None', 'count': 0, 'meta': ''}, {'name': ' None', 'count': 0, 'meta': ''}, {'name': ' None', 'count': 0, 'meta': ''}, {'name': ' None', 'count': 0, 'meta': ''}, {'name': ' None', 'count': 0, 'meta': ''}, {'name': ' None', 'count': 0, 'meta': ''}, {'name': ' None', 'count': 0, 'meta': ''}, {'name': ' None', 'count': 0, 'meta': ''}, {'name': ' None', 'count': 0, 'meta': ''}, {'name': ' None', 'count': 0, 'meta': ''}, {'name': ' None', 'count': 0, 'meta': ''}, {'name': ' None', 'count': 0, 'meta': ''}, {'name': ' None', 'count': 0, 'meta': ''}, {'name': ' None', 'count': 0, 'meta': ''}, {'name': ' None', 'count': 0, 'meta': ''}, {'name': ' None', 'count': 0, 'meta': ''}, {'name': ' None', 'count': 0, 'meta': ''}, {'name': ' None', 'count': 0, 'meta': ''}, {'name': ' None', 'count': 0, 'meta': ''}, {'name': ' None', 'count': 0, 'meta': ''}, {'name': ' None', 'count': 0, 'meta': ''}, {'name': ' None', 'count': 0, 'meta': ''}, {'name': ' None', 'count': 0, 'meta': ''}, {'name': ' None', 'count': 0, 'meta': ''}, {'name': ' None', 'count': 0, 'meta': ''}, {'name': ' None', 'count': 0, 'meta': ''}, {'name': ' None', 'count': 0, 'meta': ''}, {'name': ' None', 'count': 0, 'meta': ''}, {'name': ' None', 'count': 0, 'meta': ''}, {'name': ' None', 'count': 0, 'meta': ''}, {'name': ' None', 'count': 0, 'meta': ''}, {'name': ' None', 'count': 0, 'meta': ''}, {'name': ' None', 'count': 0, 'meta': ''}, {'name': ' None', 'count': 0, 'meta': ''}]","Armor Slot 0: None, Count: 0; Armor Slot 1: None, Count: 0; Armor Slot 2: None, Count: 0; Armor Slot 3: None, Count: 0; ","Offhand: None, Count: 0; ",[],20.0,20.0,"[-0.1474058100546555, -0.7052525735618925, 0.6934625690305557]",east,6,0 minecraft:air,False,Player is not currently riding anything,0.0784000015258789
118.0,14:59:47.456042300,2025-07-30,literal{minecrafter256},"(104.69999998807907, 72.0, 158.42179413774815)",20.0,"[{'name': ' Birch Log', 'count': 2, 'meta': ''}, {'name': ' None', 'count': 0, 'meta': ''}, {'name': ' None', 'count': 0, 'meta': ''}, {'name': ' None', 'count': 0, 'meta': ''}, {'name': ' None', 'count': 0, 'meta': ''}, {'name': ' None', 'count': 0, 'meta': ''}, {'name': ' None', 'count': 0, 'meta': ''}, {'name': ' None', 'count': 0, 'meta': ''}, {'name': ' None', 'count': 0, 'meta': ''}, {'name': ' None', 'count': 0, 'meta': ''}, {'name': ' None', 'count': 0, 'meta': ''}, {'name': ' None', 'count': 0, 'meta': ''}, {'name': ' None', 'count': 0, 'meta': ''}, {'name': ' None', 'count': 0, 'meta': ''}, {'name': ' None', 'count': 0, 'meta': ''}, {'name': ' None', 'count': 0, 'meta': ''}, {'name': ' None', 'count': 0, 'meta': ''}, {'name': ' None', 'count': 0, 'meta': ''}, {'name': ' None', 'count': 0, 'meta': ''}, {'name': ' None', 'count': 0, 'meta': ''}, {'name': ' None', 'count': 0, 'meta': ''}, {'name': ' None', 'count': 0, 'meta': ''}, {'name': ' None', 'count': 0, 'meta': ''}, {'name': ' None', 'count': 0, 'meta': ''}, {'name': ' None', 'count': 0, 'meta': ''}, {'name': ' None', 'count': 0, 'meta': ''}, {'name': ' None', 'count': 0, 'meta': ''}, {'name': ' None', 'count': 0, 'meta': ''}, {'name': ' None', 'count': 0, 'meta': ''}, {'name': ' None', 'count': 0, 'meta': ''}, {'name': ' None', 'count': 0, 'meta': ''}, {'name': ' None', 'count': 0, 'meta': ''}, {'name': ' None', 'count': 0, 'meta': ''}, {'name': ' None', 'count': 0, 'meta': ''}, {'name': ' None', 'count': 0, 'meta': ''}, {'name': ' None', 'count': 0, 'meta': ''}]","Armor Slot 0: None, Count: 0; Armor Slot 1: None, Count: 0; Armor Slot 2: None, Count: 0; Armor Slot 3: None, Count: 0; ","Offhand: None, Count: 0; ",[],20.0,20.0,"[-0.1474058100546555, -0.7052525735618925, 0.6934625690305557]",east,6,0 minecraft:air,False,Player is not currently riding anything,0.0784000015258789
118.0,14:59:47.506530,2025-07-30,literal{minecrafter256},"(104.79585754163652, 72.0, 158.44216458277575)",20.0,"[{'name': ' Birch Log', 'count': 2, 'meta': ''}, {'name': ' None', 'count': 0, 'meta': ''}, {'name': ' None', 'count': 0, 'meta': ''}, {'name': ' None', 'count': 0, 'meta': ''}, {'name': ' None', 'count': 0, 'meta': ''}, {'name': ' None', 'count': 0, 'meta': ''}, {'name': ' None', 'count': 0, 'meta': ''}, {'name': ' None', 'count': 0, 'meta': ''}, {'name': ' None', 'count': 0, 'meta': ''}, {'name': ' None', 'count': 0, 'meta': ''}, {'name': ' None', 'count': 0, 'meta': ''}, {'name': ' None', 'count': 0, 'meta': ''}, {'name': ' None', 'count': 0, 'meta': ''}, {'name': ' None', 'count': 0, 'meta': ''}, {'name': ' None', 'count': 0, 'meta': ''}, {'name': ' None', 'count': 0, 'meta': ''}, {'name': ' None', 'count': 0, 'meta': ''}, {'name': ' None', 'count': 0, 'meta': ''}, {'name': ' None', 'count': 0, 'meta': ''}, {'name': ' None', 'count': 0, 'meta': ''}, {'name': ' None', 'count': 0, 'meta': ''}, {'name': ' None', 'count': 0, 'meta': ''}, {'name': ' None', 'count': 0, 'meta': ''}, {'name': ' None', 'count': 0, 'meta': ''}, {'name': ' None', 'count': 0, 'meta': ''}, {'name': ' None', 'count': 0, 'meta': ''}, {'name': ' None', 'count': 0, 'meta': ''}, {'name': ' None', 'count': 0, 'meta': ''}, {'name': ' None', 'count': 0, 'meta': ''}, {'name': ' None', 'count': 0, 'meta': ''}, {'name': ' None', 'count': 0, 'meta': ''}, {'name': ' None', 'count': 0, 'meta': ''}, {'name': ' None', 'count': 0, 'meta': ''}, {'name': ' None', 'count': 0, 'meta': ''}, {'name': ' None', 'count': 0, 'meta': ''}, {'name': ' None', 'count': 0, 'meta': ''}]","Armor Slot 0: None, Count: 0; Armor Slot 1: None, Count: 0; Armor Slot 2: None, Count: 0; Armor Slot 3: None, Count: 0; ","Offhand: None, Count: 0; ",[],20.0,20.0,"[-0.1474058100546555, -0.7052525735618925, 0.6934625690305557]",east,6,0 minecraft:air,False,Player is not currently riding anything,0.0784000015258789
118.0,14:59:47.558553300,2025-07-30,literal{minecrafter256},"(104.94405332551555, 72.0, 158.4736572920803)",20.0,"[{'name': ' Birch Log', 'count': 2, 'meta': ''}, {'name': ' None', 'count': 0, 'meta': ''}, {'name': ' None', 'count': 0, 'meta': ''}, {'name': ' None', 'count': 0, 'meta': ''}, {'name': ' None', 'count': 0, 'meta': ''}, {'name': ' None', 'count': 0, 'meta': ''}, {'name': ' None', 'count': 0, 'meta': ''}, {'name': ' None', 'count': 0, 'meta': ''}, {'name': ' None', 'count': 0, 'meta': ''}, {'name': ' None', 'count': 0, 'meta': ''}, {'name': ' None', 'count': 0, 'meta': ''}, {'name': ' None', 'count': 0, 'meta': ''}, {'name': ' None', 'count': 0, 'meta': ''}, {'name': ' None', 'count': 0, 'meta': ''}, {'name': ' None', 'count': 0, 'meta': ''}, {'name': ' None', 'count': 0, 'meta': ''}, {'name': ' None', 'count': 0, 'meta': ''}, {'name': ' None', 'count': 0, 'meta': ''}, {'name': ' None', 'count': 0, 'meta': ''}, {'name': ' None', 'count': 0, 'meta': ''}, {'name': ' None', 'count': 0, 'meta': ''}, {'name': ' None', 'count': 0, 'meta': ''}, {'name': ' None', 'count': 0, 'meta': ''}, {'name': ' None', 'count': 0, 'meta': ''}, {'name': ' None', 'count': 0, 'meta': ''}, {'name': ' None', 'count': 0, 'meta': ''}, {'name': ' None', 'count': 0, 'meta': ''}, {'name': ' None', 'count': 0, 'meta': ''}, {'name': ' None', 'count': 0, 'meta': ''}, {'name': ' None', 'count': 0, 'meta': ''}, {'name': ' None', 'count': 0, 'meta': ''}, {'name': ' None', 'count': 0, 'meta': ''}, {'name': ' None', 'count': 0, 'meta': ''}, {'name': ' None', 'count': 0, 'meta': ''}, {'name': ' None', 'count': 0, 'meta': ''}, {'name': ' None', 'count': 0, 'meta': ''}]","Armor Slot 0: None, Count: 0; Armor Slot 1: None, Count: 0; Armor Slot 2: None, Count: 0; Armor Slot 3: None, Count: 0; ","Offhand: None, Count: 0; ",[],20.0,20.0,"[-0.1474058100546555, -0.7052525735618925, 0.6934625690305557]",east,6,0 minecraft:air,False,Player is not currently riding anything,0.0784000015258789
118.0,14:59:47.605956100,2025-07-30,literal{minecrafter256},"(105.12082578646942, 72.0, 158.51122275838543)",20.0,"[{'name': ' Birch Log', 'count': 2, 'meta': ''}, {'name': ' None', 'count': 0, 'meta': ''}, {'name': ' None', 'count': 0, 'meta': ''}, {'name': ' None', 'count': 0, 'meta': ''}, {'name': ' None', 'count': 0, 'meta': ''}, {'name': ' None', 'count': 0, 'meta': ''}, {'name': ' None', 'count': 0, 'meta': ''}, {'name': ' None', 'count': 0, 'meta': ''}, {'name': ' None', 'count': 0, 'meta': ''}, {'name': ' None', 'count': 0, 'meta': ''}, {'name': ' None', 'count': 0, 'meta': ''}, {'name': ' None', 'count': 0, 'meta': ''}, {'name': ' None', 'count': 0, 'meta': ''}, {'name': ' None', 'count': 0, 'meta': ''}, {'name': ' None', 'count': 0, 'meta': ''}, {'name': ' None', 'count': 0, 'meta': ''}, {'name': ' None', 'count': 0, 'meta': ''}, {'name': ' None', 'count': 0, 'meta': ''}, {'name': ' None', 'count': 0, 'meta': ''}, {'name': ' None', 'count': 0, 'meta': ''}, {'name': ' None', 'count': 0, 'meta': ''}, {'name': ' None', 'count': 0, 'meta': ''}, {'name': ' None', 'count': 0, 'meta': ''}, {'name': ' None', 'count': 0, 'meta': ''}, {'name': ' None', 'count': 0, 'meta': ''}, {'name': ' None', 'count': 0, 'meta': ''}, {'name': ' None', 'count': 0, 'meta': ''}, {'name': ' None', 'count': 0, 'meta': ''}, {'name': ' None', 'count': 0, 'meta': ''}, {'name': ' None', 'count': 0, 'meta': ''}, {'name': ' None', 'count': 0, 'meta': ''}, {'name': ' None', 'count': 0, 'meta': ''}, {'name': ' None', 'count': 0, 'meta': ''}, {'name': ' None', 'count': 0, 'meta': ''}, {'name': ' None', 'count': 0, 'meta': ''}, {'name': ' None', 'count': 0, 'meta': ''}]","Armor Slot 0: None, Count: 0; Armor Slot 1: None, Count: 0; Armor Slot 2: None, Count: 0; Armor Slot 3: None, Count: 0; ","Offhand: None, Count: 0; ",[],20.0,20.0,"[-0.1477891998984989, -0.7033940970587279, 0.6952662055761795]",east,6,0 minecraft:air,False,Player is not currently riding anything,0.0784000015258789
118.0,14:59:47.660281300,2025-07-30,literal{minecrafter256},"(105.31320111491848, 72.0, 158.55210395039802)",20.0,"[{'name': ' Birch Log', 'count': 2, 'meta': ''}, {'name': ' None', 'count': 0, 'meta': ''}, {'name': ' None', 'count': 0, 'meta': ''}, {'name': ' None', 'count': 0, 'meta': ''}, {'name': ' None', 'count': 0, 'meta': ''}, {'name': ' None', 'count': 0, 'meta': ''}, {'name': ' None', 'count': 0, 'meta': ''}, {'name': ' None', 'count': 0, 'meta': ''}, {'name': ' None', 'count': 0, 'meta': ''}, {'name': ' None', 'count': 0, 'meta': ''}, {'name': ' None', 'count': 0, 'meta': ''}, {'name': ' None', 'count': 0, 'meta': ''}, {'name': ' None', 'count': 0, 'meta': ''}, {'name': ' None', 'count': 0, 'meta': ''}, {'name': ' None', 'count': 0, 'meta': ''}, {'name': ' None', 'count': 0, 'meta': ''}, {'name': ' None', 'count': 0, 'meta': ''}, {'name': ' None', 'count': 0, 'meta': ''}, {'name': ' None', 'count': 0, 'meta': ''}, {'name': ' None', 'count': 0, 'meta': ''}, {'name': ' None', 'count': 0, 'meta': ''}, {'name': ' None', 'count': 0, 'meta': ''}, {'name': ' None', 'count': 0, 'meta': ''}, {'name': ' None', 'count': 0, 'meta': ''}, {'name': ' None', 'count': 0, 'meta': ''}, {'name': ' None', 'count': 0, 'meta': ''}, {'name': ' None', 'count': 0, 'meta': ''}, {'name': ' None', 'count': 0, 'meta': ''}, {'name': ' None', 'count': 0, 'meta': ''}, {'name': ' None', 'count': 0, 'meta': ''}, {'name': ' None', 'count': 0, 'meta': ''}, {'name': ' None', 'count': 0, 'meta': ''}, {'name': ' None', 'count': 0, 'meta': ''}, {'name': ' None', 'count': 0, 'meta': ''}, {'name': ' None', 'count': 0, 'meta': ''}, {'name': ' None', 'count': 0, 'meta': ''}]","Armor Slot 0: None, Count: 0; Armor Slot 1: None, Count: 0; Armor Slot 2: None, Count: 0; Armor Slot 3: None, Count: 0; ","Offhand: None, Count: 0; ",[],20.0,20.0,"[-0.14817157679110585, -0.701530799473097, 0.6970650767481288]",east,6,0 minecraft:air,False,Player is not currently riding anything,0.0784000015258789
118.0,14:59:47.706974700,2025-07-30,literal{minecrafter256},"(105.51409561000943, 72.0, 158.59479552885716)",20.0,"[{'name': ' Birch Log', 'count': 2, 'meta': ''}, {'name': ' None', 'count': 0, 'meta': ''}, {'name': ' None', 'count': 0, 'meta': ''}, {'name': ' None', 'count': 0, 'meta': ''}, {'name': ' None', 'count': 0, 'meta': ''}, {'name': ' None', 'count': 0, 'meta': ''}, {'name': ' None', 'count': 0, 'meta': ''}, {'name': ' None', 'count': 0, 'meta': ''}, {'name': ' None', 'count': 0, 'meta': ''}, {'name': ' None', 'count': 0, 'meta': ''}, {'name': ' None', 'count': 0, 'meta': ''}, {'name': ' None', 'count': 0, 'meta': ''}, {'name': ' None', 'count': 0, 'meta': ''}, {'name': ' None', 'count': 0, 'meta': ''}, {'name': ' None', 'count': 0, 'meta': ''}, {'name': ' None', 'count': 0, 'meta': ''}, {'name': ' None', 'count': 0, 'meta': ''}, {'name': ' None', 'count': 0, 'meta': ''}, {'name': ' None', 'count': 0, 'meta': ''}, {'name': ' None', 'count': 0, 'meta': ''}, {'name': ' None', 'count': 0, 'meta': ''}, {'name': ' None', 'count': 0, 'meta': ''}, {'name': ' None', 'count': 0, 'meta': ''}, {'name': ' None', 'count': 0, 'meta': ''}, {'name': ' None', 'count': 0, 'meta': ''}, {'name': ' None', 'count': 0, 'meta': ''}, {'name': ' None', 'count': 0, 'meta': ''}, {'name': ' None', 'count': 0, 'meta': ''}, {'name': ' None', 'count': 0, 'meta': ''}, {'name': ' None', 'count': 0, 'meta': ''}, {'name': ' None', 'count': 0, 'meta': ''}, {'name': ' None', 'count': 0, 'meta': ''}, {'name': ' None', 'count': 0, 'meta': ''}, {'name': ' None', 'count': 0, 'meta': ''}, {'name': ' None', 'count': 0, 'meta': ''}, {'name': ' None', 'count': 0, 'meta': ''}]","Armor Slot 0: None, Count: 0; Armor Slot 1: None, Count: 0; Armor Slot 2: None, Count: 0; Armor Slot 3: None, Count: 0; ","Offhand: None, Count: 0; ",[],20.0,20.0,"[-0.14855293811165465, -0.6996626935760929, 0.6988591702168909]",east,6,0 minecraft:air,False,Player is not currently riding anything,0.0784000015258789
118.0,14:59:47.757495300,2025-07-30,literal{minecrafter256},"(105.71989914662475, 72.0, 158.63722398578162)",20.0,"[{'name': ' Birch Log', 'count': 2, 'meta': ''}, {'name': ' None', 'count': 0, 'meta': ''}, {'name': ' None', 'count': 0, 'meta': ''}, {'name': ' None', 'count': 0, 'meta': ''}, {'name': ' None', 'count': 0, 'meta': ''}, {'name': ' None', 'count': 0, 'meta': ''}, {'name': ' None', 'count': 0, 'meta': ''}, {'name': ' None', 'count': 0, 'meta': ''}, {'name': ' None', 'count': 0, 'meta': ''}, {'name': ' None', 'count': 0, 'meta': ''}, {'name': ' None', 'count': 0, 'meta': ''}, {'name': ' None', 'count': 0, 'meta': ''}, {'name': ' None', 'count': 0, 'meta': ''}, {'name': ' None', 'count': 0, 'meta': ''}, {'name': ' None', 'count': 0, 'meta': ''}, {'name': ' None', 'count': 0, 'meta': ''}, {'name': ' None', 'count': 0, 'meta': ''}, {'name': ' None', 'count': 0, 'meta': ''}, {'name': ' None', 'count': 0, 'meta': ''}, {'name': ' None', 'count': 0, 'meta': ''}, {'name': ' None', 'count': 0, 'meta': ''}, {'name': ' None', 'count': 0, 'meta': ''}, {'name': ' None', 'count': 0, 'meta': ''}, {'name': ' None', 'count': 0, 'meta': ''}, {'name': ' None', 'count': 0, 'meta': ''}, {'name': ' None', 'count': 0, 'meta': ''}, {'name': ' None', 'count': 0, 'meta': ''}, {'name': ' None', 'count': 0, 'meta': ''}, {'name': ' None', 'count': 0, 'meta': ''}, {'name': ' None', 'count': 0, 'meta': ''}, {'name': ' None', 'count': 0, 'meta': ''}, {'name': ' None', 'count': 0, 'meta': ''}, {'name': ' None', 'count': 0, 'meta': ''}, {'name': ' None', 'count': 0, 'meta': ''}, {'name': ' None', 'count': 0, 'meta': ''}, {'name': ' None', 'count': 0, 'meta': ''}]","Armor Slot 0: None, Count: 0; Armor Slot 1: None, Count: 0; Armor Slot 2: None, Count: 0; Armor Slot 3: None, Count: 0; ","Offhand: None, Count: 0; ",[],20.0,20.0,"[-0.1453274858418612, -0.6671820527460606, 0.7305806118098375]",east,6,0 minecraft:air,False,Player is not currently riding anything,0.0784000015258789
118.0,14:59:47.807195600,2025-07-30,literal{minecrafter256},"(105.92857939738862, 72.0, 158.67849407341348)",20.0,"[{'name': ' Birch Log', 'count': 2, 'meta': ''}, {'name': ' None', 'count': 0, 'meta': ''}, {'name': ' None', 'count': 0, 'meta': ''}, {'name': ' None', 'count': 0, 'meta': ''}, {'name': ' None', 'count': 0, 'meta': ''}, {'name': ' None', 'count': 0, 'meta': ''}, {'name': ' None', 'count': 0, 'meta': ''}, {'name': ' None', 'count': 0, 'meta': ''}, {'name': ' None', 'count': 0, 'meta': ''}, {'name': ' None', 'count': 0, 'meta': ''}, {'name': ' None', 'count': 0, 'meta': ''}, {'name': ' None', 'count': 0, 'meta': ''}, {'name': ' None', 'count': 0, 'meta': ''}, {'name': ' None', 'count': 0, 'meta': ''}, {'name': ' None', 'count': 0, 'meta': ''}, {'name': ' None', 'count': 0, 'meta': ''}, {'name': ' None', 'count': 0, 'meta': ''}, {'name': ' None', 'count': 0, 'meta': ''}, {'name': ' None', 'count': 0, 'meta': ''}, {'name': ' None', 'count': 0, 'meta': ''}, {'name': ' None', 'count': 0, 'meta': ''}, {'name': ' None', 'count': 0, 'meta': ''}, {'name': ' None', 'count': 0, 'meta': ''}, {'name': ' None', 'count': 0, 'meta': ''}, {'name': ' None', 'count': 0, 'meta': ''}, {'name': ' None', 'count': 0, 'meta': ''}, {'name': ' None', 'count': 0, 'meta': ''}, {'name': ' None', 'count': 0, 'meta': ''}, {'name': ' None', 'count': 0, 'meta': ''}, {'name': ' None', 'count': 0, 'meta': ''}, {'name': ' None', 'count': 0, 'meta': ''}, {'name': ' None', 'count': 0, 'meta': ''}, {'name': ' None', 'count': 0, 'meta': ''}, {'name': ' None', 'count': 0, 'meta': ''}, {'name': ' None', 'count': 0, 'meta': ''}, {'name': ' None', 'count': 0, 'meta': ''}]","Armor Slot 0: None, Count: 0; Armor Slot 1: None, Count: 0; Armor Slot 2: None, Count: 0; Armor Slot 3: None, Count: 0; ","Offhand: None, Count: 0; ",[],20.0,20.0,"[-0.14271172790211434, -0.6354038992127423, 0.7588776235892294]",east,6,0 minecraft:air,False,Player is not currently riding anything,0.0784000015258789
118.0,14:59:47.855746200,2025-07-30,literal{minecrafter256},"(106.13887690074799, 72.0, 158.71888231500273)",20.0,"[{'name': ' Birch Log', 'count': 2, 'meta': ''}, {'name': ' None', 'count': 0, 'meta': ''}, {'name': ' None', 'count': 0, 'meta': ''}, {'name': ' None', 'count': 0, 'meta': ''}, {'name': ' None', 'count': 0, 'meta': ''}, {'name': ' None', 'count': 0, 'meta': ''}, {'name': ' None', 'count': 0, 'meta': ''}, {'name': ' None', 'count': 0, 'meta': ''}, {'name': ' None', 'count': 0, 'meta': ''}, {'name': ' None', 'count': 0, 'meta': ''}, {'name': ' None', 'count': 0, 'meta': ''}, {'name': ' None', 'count': 0, 'meta': ''}, {'name': ' None', 'count': 0, 'meta': ''}, {'name': ' None', 'count': 0, 'meta': ''}, {'name': ' None', 'count': 0, 'meta': ''}, {'name': ' None', 'count': 0, 'meta': ''}, {'name': ' None', 'count': 0, 'meta': ''}, {'name': ' None', 'count': 0, 'meta': ''}, {'name': ' None', 'count': 0, 'meta': ''}, {'name': ' None', 'count': 0, 'meta': ''}, {'name': ' None', 'count': 0, 'meta': ''}, {'name': ' None', 'count': 0, 'meta': ''}, {'name': ' None', 'count': 0, 'meta': ''}, {'name': ' None', 'count': 0, 'meta': ''}, {'name': ' None', 'count': 0, 'meta': ''}, {'name': ' None', 'count': 0, 'meta': ''}, {'name': ' None', 'count': 0, 'meta': ''}, {'name': ' None', 'count': 0, 'meta': ''}, {'name': ' None', 'count': 0, 'meta': ''}, {'name': ' None', 'count': 0, 'meta': ''}, {'name': ' None', 'count': 0, 'meta': ''}, {'name': ' None', 'count': 0, 'meta': ''}, {'name': ' None', 'count': 0, 'meta': ''}, {'name': ' None', 'count': 0, 'meta': ''}, {'name': ' None', 'count': 0, 'meta': ''}, {'name': ' None', 'count': 0, 'meta': ''}]","Armor Slot 0: None, Count: 0; Armor Slot 1: None, Count: 0; Armor Slot 2: None, Count: 0; Armor Slot 3: None, Count: 0; ","Offhand: None, Count: 0; ",[],20.0,20.0,"[-0.14458328348832386, -0.608760742339475, 0.7800679667324036]",east,6,0 minecraft:air,False,Player is not currently riding anything,0.0784000015258789
118.0,14:59:47.905355200,2025-07-30,literal{minecrafter256},"(106.35005742412707, 72.0, 158.7587890685968)",20.0,"[{'name': ' Birch Log', 'count': 2, 'meta': ''}, {'name': ' None', 'count': 0, 'meta': ''}, {'name': ' None', 'count': 0, 'meta': ''}, {'name': ' None', 'count': 0, 'meta': ''}, {'name': ' None', 'count': 0, 'meta': ''}, {'name': ' None', 'count': 0, 'meta': ''}, {'name': ' None', 'count': 0, 'meta': ''}, {'name': ' None', 'count': 0, 'meta': ''}, {'name': ' None', 'count': 0, 'meta': ''}, {'name': ' None', 'count': 0, 'meta': ''}, {'name': ' None', 'count': 0, 'meta': ''}, {'name': ' None', 'count': 0, 'meta': ''}, {'name': ' None', 'count': 0, 'meta': ''}, {'name': ' None', 'count': 0, 'meta': ''}, {'name': ' None', 'count': 0, 'meta': ''}, {'name': ' None', 'count': 0, 'meta': ''}, {'name': ' None', 'count': 0, 'meta': ''}, {'name': ' None', 'count': 0, 'meta': ''}, {'name': ' None', 'count': 0, 'meta': ''}, {'name': ' None', 'count': 0, 'meta': ''}, {'name': ' None', 'count': 0, 'meta': ''}, {'name': ' None', 'count': 0, 'meta': ''}, {'name': ' None', 'count': 0, 'meta': ''}, {'name': ' None', 'count': 0, 'meta': ''}, {'name': ' None', 'count': 0, 'meta': ''}, {'name': ' None', 'count': 0, 'meta': ''}, {'name': ' None', 'count': 0, 'meta': ''}, {'name': ' None', 'count': 0, 'meta': ''}, {'name': ' None', 'count': 0, 'meta': ''}, {'name': ' None', 'count': 0, 'meta': ''}, {'name': ' None', 'count': 0, 'meta': ''}, {'name': ' None', 'count': 0, 'meta': ''}, {'name': ' None', 'count': 0, 'meta': ''}, {'name': ' None', 'count': 0, 'meta': ''}, {'name': ' None', 'count': 0, 'meta': ''}, {'name': ' None', 'count': 0, 'meta': ''}]","Armor Slot 0: None, Count: 0; Armor Slot 1: None, Count: 0; Armor Slot 2: None, Count: 0; Armor Slot 3: None, Count: 0; ","Offhand: None, Count: 0; ",[],20.0,20.0,"[-0.14659201715635106, -0.5941203774036168, 0.7909056566113407]",east,6,0 minecraft:air,False,Player is not currently riding anything,0.0784000015258789
118.0,14:59:47.957195500,2025-07-30,literal{minecrafter256},"(106.56172007649292, 72.0, 158.79843292971498)",20.0,"[{'name': ' Birch Log', 'count': 2, 'meta': ''}, {'name': ' None', 'count': 0, 'meta': ''}, {'name': ' None', 'count': 0, 'meta': ''}, {'name': ' None', 'count': 0, 'meta': ''}, {'name': ' None', 'count': 0, 'meta': ''}, {'name': ' None', 'count': 0, 'meta': ''}, {'name': ' None', 'count': 0, 'meta': ''}, {'name': ' None', 'count': 0, 'meta': ''}, {'name': ' None', 'count': 0, 'meta': ''}, {'name': ' None', 'count': 0, 'meta': ''}, {'name': ' None', 'count': 0, 'meta': ''}, {'name': ' None', 'count': 0, 'meta': ''}, {'name': ' None', 'count': 0, 'meta': ''}, {'name': ' None', 'count': 0, 'meta': ''}, {'name': ' None', 'count': 0, 'meta': ''}, {'name': ' None', 'count': 0, 'meta': ''}, {'name': ' None', 'count': 0, 'meta': ''}, {'name': ' None', 'count': 0, 'meta': ''}, {'name': ' None', 'count': 0, 'meta': ''}, {'name': ' None', 'count': 0, 'meta': ''}, {'name': ' None', 'count': 0, 'meta': ''}, {'name': ' None', 'count': 0, 'meta': ''}, {'name': ' None', 'count': 0, 'meta': ''}, {'name': ' None', 'count': 0, 'meta': ''}, {'name': ' None', 'count': 0, 'meta': ''}, {'name': ' None', 'count': 0, 'meta': ''}, {'name': ' None', 'count': 0, 'meta': ''}, {'name': ' None', 'count': 0, 'meta': ''}, {'name': ' None', 'count': 0, 'meta': ''}, {'name': ' None', 'count': 0, 'meta': ''}, {'name': ' None', 'count': 0, 'meta': ''}, {'name': ' None', 'count': 0, 'meta': ''}, {'name': ' None', 'count': 0, 'meta': ''}, {'name': ' None', 'count': 0, 'meta': ''}, {'name': ' None', 'count': 0, 'meta': ''}, {'name': ' None', 'count': 0, 'meta': ''}]","Armor Slot 0: None, Count: 0; Armor Slot 1: None, Count: 0; Armor Slot 2: None, Count: 0; Armor Slot 3: None, Count: 0; ","Offhand: None, Count: 0; ",[],20.0,20.0,"[-0.15284201969250708, -0.5446383649604061, 0.8246261992136623]",east,6,0 minecraft:air,False,Player is not currently riding anything,0.0784000015258789
118.0,14:59:48.004997,2025-07-30,literal{minecrafter256},"(106.77340302766324, 72.0, 158.83919733277799)",20.0,"[{'name': ' Birch Log', 'count': 2, 'meta': ''}, {'name': ' None', 'count': 0, 'meta': ''}, {'name': ' None', 'count': 0, 'meta': ''}, {'name': ' None', 'count': 0, 'meta': ''}, {'name': ' None', 'count': 0, 'meta': ''}, {'name': ' None', 'count': 0, 'meta': ''}, {'name': ' None', 'count': 0, 'meta': ''}, {'name': ' None', 'count': 0, 'meta': ''}, {'name': ' None', 'count': 0, 'meta': ''}, {'name': ' None', 'count': 0, 'meta': ''}, {'name': ' None', 'count': 0, 'meta': ''}, {'name': ' None', 'count': 0, 'meta': ''}, {'name': ' None', 'count': 0, 'meta': ''}, {'name': ' None', 'count': 0, 'meta': ''}, {'name': ' None', 'count': 0, 'meta': ''}, {'name': ' None', 'count': 0, 'meta': ''}, {'name': ' None', 'count': 0, 'meta': ''}, {'name': ' None', 'count': 0, 'meta': ''}, {'name': ' None', 'count': 0, 'meta': ''}, {'name': ' None', 'count': 0, 'meta': ''}, {'name': ' None', 'count': 0, 'meta': ''}, {'name': ' None', 'count': 0, 'meta': ''}, {'name': ' None', 'count': 0, 'meta': ''}, {'name': ' None', 'count': 0, 'meta': ''}, {'name': ' None', 'count': 0, 'meta': ''}, {'name': ' None', 'count': 0, 'meta': ''}, {'name': ' None', 'count': 0, 'meta': ''}, {'name': ' None', 'count': 0, 'meta': ''}, {'name': ' None', 'count': 0, 'meta': ''}, {'name': ' None', 'count': 0, 'meta': ''}, {'name': ' None', 'count': 0, 'meta': ''}, {'name': ' None', 'count': 0, 'meta': ''}, {'name': ' None', 'count': 0, 'meta': ''}, {'name': ' None', 'count': 0, 'meta': ''}, {'name': ' None', 'count': 0, 'meta': ''}, {'name': ' None', 'count': 0, 'meta': ''}]","Armor Slot 0: None, Count: 0; Armor Slot 1: None, Count: 0; Armor Slot 2: None, Count: 0; Armor Slot 3: None, Count: 0; ","Offhand: None, Count: 0; ",[],20.0,20.0,"[-0.1692147315197522, -0.49773032386101324, 0.8506649747967229]",east,6,0 minecraft:air,False,Player is not currently riding anything,0.0784000015258789
118.0,14:59:48.056194800,2025-07-30,literal{minecrafter256},"(106.98473069260285, 72.0, 158.8823303312768)",20.0,"[{'name': ' Birch Log', 'count': 2, 'meta': ''}, {'name': ' None', 'count': 0, 'meta': ''}, {'name': ' None', 'count': 0, 'meta': ''}, {'name': ' None', 'count': 0, 'meta': ''}, {'name': ' None', 'count': 0, 'meta': ''}, {'name': ' None', 'count': 0, 'meta': ''}, {'name': ' None', 'count': 0, 'meta': ''}, {'name': ' None', 'count': 0, 'meta': ''}, {'name': ' None', 'count': 0, 'meta': ''}, {'name': ' None', 'count': 0, 'meta': ''}, {'name': ' None', 'count': 0, 'meta': ''}, {'name': ' None', 'count': 0, 'meta': ''}, {'name': ' None', 'count': 0, 'meta': ''}, {'name': ' None', 'count': 0, 'meta': ''}, {'name': ' None', 'count': 0, 'meta': ''}, {'name': ' None', 'count': 0, 'meta': ''}, {'name': ' None', 'count': 0, 'meta': ''}, {'name': ' None', 'count': 0, 'meta': ''}, {'name': ' None', 'count': 0, 'meta': ''}, {'name': ' None', 'count': 0, 'meta': ''}, {'name': ' None', 'count': 0, 'meta': ''}, {'name': ' None', 'count': 0, 'meta': ''}, {'name': ' None', 'count': 0, 'meta': ''}, {'name': ' None', 'count': 0, 'meta': ''}, {'name': ' None', 'count': 0, 'meta': ''}, {'name': ' None', 'count': 0, 'meta': ''}, {'name': ' None', 'count': 0, 'meta': ''}, {'name': ' None', 'count': 0, 'meta': ''}, {'name': ' None', 'count': 0, 'meta': ''}, {'name': ' None', 'count': 0, 'meta': ''}, {'name': ' None', 'count': 0, 'meta': ''}, {'name': ' None', 'count': 0, 'meta': ''}, {'name': ' None', 'count': 0, 'meta': ''}, {'name': ' None', 'count': 0, 'meta': ''}, {'name': ' None', 'count': 0, 'meta': ''}, {'name': ' None', 'count': 0, 'meta': ''}]","Armor Slot 0: None, Count: 0; Armor Slot 1: None, Count: 0; Armor Slot 2: None, Count: 0; Armor Slot 3: None, Count: 0; ","Offhand: None, Count: 0; ",[],20.0,20.0,"[-0.1900710997125038, -0.4516555604025843, 0.8717110942344986]",east,6,0 minecraft:air,False,Player is not currently riding anything,0.0784000015258789
119.0,14:59:48.821063200,2025-07-30,literal{minecrafter256},"(108.11914277084524, 72.0, 160.114476978088)",20.0,"[{'name': ' Birch Log', 'count': 2, 'meta': ''}, {'name': ' None', 'count': 0, 'meta': ''}, {'name': ' None', 'count': 0, 'meta': ''}, {'name': ' None', 'count': 0, 'meta': ''}, {'name': ' None', 'count': 0, 'meta': ''}, {'name': ' None', 'count': 0, 'meta': ''}, {'name': ' None', 'count': 0, 'meta': ''}, {'name': ' None', 'count': 0, 'meta': ''}, {'name': ' None', 'count': 0, 'meta': ''}, {'name': ' None', 'count': 0, 'meta': ''}, {'name': ' None', 'count': 0, 'meta': ''}, {'name': ' None', 'count': 0, 'meta': ''}, {'name': ' None', 'count': 0, 'meta': ''}, {'name': ' None', 'count': 0, 'meta': ''}, {'name': ' None', 'count': 0, 'meta': ''}, {'name': ' None', 'count': 0, 'meta': ''}, {'name': ' None', 'count': 0, 'meta': ''}, {'name': ' None', 'count': 0, 'meta': ''}, {'name': ' None', 'count': 0, 'meta': ''}, {'name': ' None', 'count': 0, 'meta': ''}, {'name': ' None', 'count': 0, 'meta': ''}, {'name': ' None', 'count': 0, 'meta': ''}, {'name': ' None', 'count': 0, 'meta': ''}, {'name': ' None', 'count': 0, 'meta': ''}, {'name': ' None', 'count': 0, 'meta': ''}, {'name': ' None', 'count': 0, 'meta': ''}, {'name': ' None', 'count': 0, 'meta': ''}, {'name': ' None', 'count': 0, 'meta': ''}, {'name': ' None', 'count': 0, 'meta': ''}, {'name': ' None', 'count': 0, 'meta': ''}, {'name': ' None', 'count': 0, 'meta': ''}, {'name': ' None', 'count': 0, 'meta': ''}, {'name': ' None', 'count': 0, 'meta': ''}, {'name': ' None', 'count': 0, 'meta': ''}, {'name': ' None', 'count': 0, 'meta': ''}, {'name': ' None', 'count': 0, 'meta': ''}]","Armor Slot 0: None, Count: 0; Armor Slot 1: None, Count: 0; Armor Slot 2: None, Count: 0; Armor Slot 3: None, Count: 0; ","Offhand: None, Count: 0; ",[],20.0,20.0,"[-0.17629273776111676, -0.40194705728152397, 0.8985318212258335]",east,6,0 minecraft:air,False,Player is not currently riding anything,0.0784000015258789
119.0,14:59:48.830371400,2025-07-30,literal{minecrafter256},"(108.11914277084524, 72.0, 160.114476978088)",20.0,"[{'name': ' Birch Log', 'count': 2, 'meta': ''}, {'name': ' None', 'count': 0, 'meta': ''}, {'name': ' None', 'count': 0, 'meta': ''}, {'name': ' None', 'count': 0, 'meta': ''}, {'name': ' None', 'count': 0, 'meta': ''}, {'name': ' None', 'count': 0, 'meta': ''}, {'name': ' None', 'count': 0, 'meta': ''}, {'name': ' None', 'count': 0, 'meta': ''}, {'name': ' None', 'count': 0, 'meta': ''}, {'name': ' None', 'count': 0, 'meta': ''}, {'name': ' None', 'count': 0, 'meta': ''}, {'name': ' None', 'count': 0, 'meta': ''}, {'name': ' None', 'count': 0, 'meta': ''}, {'name': ' None', 'count': 0, 'meta': ''}, {'name': ' None', 'count': 0, 'meta': ''}, {'name': ' None', 'count': 0, 'meta': ''}, {'name': ' None', 'count': 0, 'meta': ''}, {'name': ' None', 'count': 0, 'meta': ''}, {'name': ' None', 'count': 0, 'meta': ''}, {'name': ' None', 'count': 0, 'meta': ''}, {'name': ' None', 'count': 0, 'meta': ''}, {'name': ' None', 'count': 0, 'meta': ''}, {'name': ' None', 'count': 0, 'meta': ''}, {'name': ' None', 'count': 0, 'meta': ''}, {'name': ' None', 'count': 0, 'meta': ''}, {'name': ' None', 'count': 0, 'meta': ''}, {'name': ' None', 'count': 0, 'meta': ''}, {'name': ' None', 'count': 0, 'meta': ''}, {'name': ' None', 'count': 0, 'meta': ''}, {'name': ' None', 'count': 0, 'meta': ''}, {'name': ' None', 'count': 0, 'meta': ''}, {'name': ' None', 'count': 0, 'meta': ''}, {'name': ' None', 'count': 0, 'meta': ''}, {'name': ' None', 'count': 0, 'meta': ''}, {'name': ' None', 'count': 0, 'meta': ''}, {'name': ' None', 'count': 0, 'meta': ''}]","Armor Slot 0: None, Count: 0; Armor Slot 1: None, Count: 0; Armor Slot 2: None, Count: 0; Armor Slot 3: None, Count: 0; ","Offhand: None, Count: 0; ",[],20.0,20.0,"[-0.17629273776111676, -0.40194705728152397, 0.8985318212258335]",east,6,0 minecraft:air,False,Player is not currently riding anything,0.0784000015258789
119.0,14:59:48.835899400,2025-07-30,literal{minecrafter256},"(108.11914277084524, 72.0, 160.114476978088)",20.0,"[{'name': ' Birch Log', 'count': 2, 'meta': ''}, {'name': ' None', 'count': 0, 'meta': ''}, {'name': ' None', 'count': 0, 'meta': ''}, {'name': ' None', 'count': 0, 'meta': ''}, {'name': ' None', 'count': 0, 'meta': ''}, {'name': ' None', 'count': 0, 'meta': ''}, {'name': ' None', 'count': 0, 'meta': ''}, {'name': ' None', 'count': 0, 'meta': ''}, {'name': ' None', 'count': 0, 'meta': ''}, {'name': ' None', 'count': 0, 'meta': ''}, {'name': ' None', 'count': 0, 'meta': ''}, {'name': ' None', 'count': 0, 'meta': ''}, {'name': ' None', 'count': 0, 'meta': ''}, {'name': ' None', 'count': 0, 'meta': ''}, {'name': ' None', 'count': 0, 'meta': ''}, {'name': ' None', 'count': 0, 'meta': ''}, {'name': ' None', 'count': 0, 'meta': ''}, {'name': ' None', 'count': 0, 'meta': ''}, {'name': ' None', 'count': 0, 'meta': ''}, {'name': ' None', 'count': 0, 'meta': ''}, {'name': ' None', 'count': 0, 'meta': ''}, {'name': ' None', 'count': 0, 'meta': ''}, {'name': ' None', 'count': 0, 'meta': ''}, {'name': ' None', 'count': 0, 'meta': ''}, {'name': ' None', 'count': 0, 'meta': ''}, {'name': ' None', 'count': 0, 'meta': ''}, {'name': ' None', 'count': 0, 'meta': ''}, {'name': ' None', 'count': 0, 'meta': ''}, {'name': ' None', 'count': 0, 'meta': ''}, {'name': ' None', 'count': 0, 'meta': ''}, {'name': ' None', 'count': 0, 'meta': ''}, {'name': ' None', 'count': 0, 'meta': ''}, {'name': ' None', 'count': 0, 'meta': ''}, {'name': ' None', 'count': 0, 'meta': ''}, {'name': ' None', 'count': 0, 'meta': ''}, {'name': ' None', 'count': 0, 'meta': ''}]","Armor Slot 0: None, Count: 0; Armor Slot 1: None, Count: 0; Armor Slot 2: None, Count: 0; Armor Slot 3: None, Count: 0; ","Offhand: None, Count: 0; ",[],20.0,20.0,"[-0.17629273776111676, -0.40194705728152397, 0.8985318212258335]",east,6,0 minecraft:air,False,Player is not currently riding anything,0.0784000015258789
119.0,14:59:48.842412500,2025-07-30,literal{minecrafter256},"(108.11914277084524, 72.0, 160.114476978088)",20.0,"[{'name': ' Birch Log', 'count': 2, 'meta': ''}, {'name': ' None', 'count': 0, 'meta': ''}, {'name': ' None', 'count': 0, 'meta': ''}, {'name': ' None', 'count': 0, 'meta': ''}, {'name': ' None', 'count': 0, 'meta': ''}, {'name': ' None', 'count': 0, 'meta': ''}, {'name': ' None', 'count': 0, 'meta': ''}, {'name': ' None', 'count': 0, 'meta': ''}, {'name': ' None', 'count': 0, 'meta': ''}, {'name': ' None', 'count': 0, 'meta': ''}, {'name': ' None', 'count': 0, 'meta': ''}, {'name': ' None', 'count': 0, 'meta': ''}, {'name': ' None', 'count': 0, 'meta': ''}, {'name': ' None', 'count': 0, 'meta': ''}, {'name': ' None', 'count': 0, 'meta': ''}, {'name': ' None', 'count': 0, 'meta': ''}, {'name': ' None', 'count': 0, 'meta': ''}, {'name': ' None', 'count': 0, 'meta': ''}, {'name': ' None', 'count': 0, 'meta': ''}, {'name': ' None', 'count': 0, 'meta': ''}, {'name': ' None', 'count': 0, 'meta': ''}, {'name': ' None', 'count': 0, 'meta': ''}, {'name': ' None', 'count': 0, 'meta': ''}, {'name': ' None', 'count': 0, 'meta': ''}, {'name': ' None', 'count': 0, 'meta': ''}, {'name': ' None', 'count': 0, 'meta': ''}, {'name': ' None', 'count': 0, 'meta': ''}, {'name': ' None', 'count': 0, 'meta': ''}, {'name': ' None', 'count': 0, 'meta': ''}, {'name': ' None', 'count': 0, 'meta': ''}, {'name': ' None', 'count': 0, 'meta': ''}, {'name': ' None', 'count': 0, 'meta': ''}, {'name': ' None', 'count': 0, 'meta': ''}, {'name': ' None', 'count': 0, 'meta': ''}, {'name': ' None', 'count': 0, 'meta': ''}, {'name': ' None', 'count': 0, 'meta': ''}]","Armor Slot 0: None, Count: 0; Armor Slot 1: None, Count: 0; Armor Slot 2: None, Count: 0; Armor Slot 3: None, Count: 0; ","Offhand: None, Count: 0; ",[],20.0,20.0,"[-0.17629273776111676, -0.40194705728152397, 0.8985318212258335]",east,6,0 minecraft:air,False,Player is not currently riding anything,0.0784000015258789
119.0,14:59:48.847924100,2025-07-30,literal{minecrafter256},"(108.11914277084524, 72.0, 160.114476978088)",20.0,"[{'name': ' Birch Log', 'count': 2, 'meta': ''}, {'name': ' None', 'count': 0, 'meta': ''}, {'name': ' None', 'count': 0, 'meta': ''}, {'name': ' None', 'count': 0, 'meta': ''}, {'name': ' None', 'count': 0, 'meta': ''}, {'name': ' None', 'count': 0, 'meta': ''}, {'name': ' None', 'count': 0, 'meta': ''}, {'name': ' None', 'count': 0, 'meta': ''}, {'name': ' None', 'count': 0, 'meta': ''}, {'name': ' None', 'count': 0, 'meta': ''}, {'name': ' None', 'count': 0, 'meta': ''}, {'name': ' None', 'count': 0, 'meta': ''}, {'name': ' None', 'count': 0, 'meta': ''}, {'name': ' None', 'count': 0, 'meta': ''}, {'name': ' None', 'count': 0, 'meta': ''}, {'name': ' None', 'count': 0, 'meta': ''}, {'name': ' None', 'count': 0, 'meta': ''}, {'name': ' None', 'count': 0, 'meta': ''}, {'name': ' None', 'count': 0, 'meta': ''}, {'name': ' None', 'count': 0, 'meta': ''}, {'name': ' None', 'count': 0, 'meta': ''}, {'name': ' None', 'count': 0, 'meta': ''}, {'name': ' None', 'count': 0, 'meta': ''}, {'name': ' None', 'count': 0, 'meta': ''}, {'name': ' None', 'count': 0, 'meta': ''}, {'name': ' None', 'count': 0, 'meta': ''}, {'name': ' None', 'count': 0, 'meta': ''}, {'name': ' None', 'count': 0, 'meta': ''}, {'name': ' None', 'count': 0, 'meta': ''}, {'name': ' None', 'count': 0, 'meta': ''}, {'name': ' None', 'count': 0, 'meta': ''}, {'name': ' None', 'count': 0, 'meta': ''}, {'name': ' None', 'count': 0, 'meta': ''}, {'name': ' None', 'count': 0, 'meta': ''}, {'name': ' None', 'count': 0, 'meta': ''}, {'name': ' None', 'count': 0, 'meta': ''}]","Armor Slot 0: None, Count: 0; Armor Slot 1: None, Count: 0; Armor Slot 2: None, Count: 0; Armor Slot 3: None, Count: 0; ","Offhand: None, Count: 0; ",[],20.0,20.0,"[-0.17629273776111676, -0.40194705728152397, 0.8985318212258335]",east,6,0 minecraft:air,False,Player is not currently riding anything,0.0784000015258789
119.0,14:59:48.854440600,2025-07-30,literal{minecrafter256},"(108.11914277084524, 72.0, 160.114476978088)",20.0,"[{'name': ' Birch Log', 'count': 2, 'meta': ''}, {'name': ' None', 'count': 0, 'meta': ''}, {'name': ' None', 'count': 0, 'meta': ''}, {'name': ' None', 'count': 0, 'meta': ''}, {'name': ' None', 'count': 0, 'meta': ''}, {'name': ' None', 'count': 0, 'meta': ''}, {'name': ' None', 'count': 0, 'meta': ''}, {'name': ' None', 'count': 0, 'meta': ''}, {'name': ' None', 'count': 0, 'meta': ''}, {'name': ' None', 'count': 0, 'meta': ''}, {'name': ' None', 'count': 0, 'meta': ''}, {'name': ' None', 'count': 0, 'meta': ''}, {'name': ' None', 'count': 0, 'meta': ''}, {'name': ' None', 'count': 0, 'meta': ''}, {'name': ' None', 'count': 0, 'meta': ''}, {'name': ' None', 'count': 0, 'meta': ''}, {'name': ' None', 'count': 0, 'meta': ''}, {'name': ' None', 'count': 0, 'meta': ''}, {'name': ' None', 'count': 0, 'meta': ''}, {'name': ' None', 'count': 0, 'meta': ''}, {'name': ' None', 'count': 0, 'meta': ''}, {'name': ' None', 'count': 0, 'meta': ''}, {'name': ' None', 'count': 0, 'meta': ''}, {'name': ' None', 'count': 0, 'meta': ''}, {'name': ' None', 'count': 0, 'meta': ''}, {'name': ' None', 'count': 0, 'meta': ''}, {'name': ' None', 'count': 0, 'meta': ''}, {'name': ' None', 'count': 0, 'meta': ''}, {'name': ' None', 'count': 0, 'meta': ''}, {'name': ' None', 'count': 0, 'meta': ''}, {'name': ' None', 'count': 0, 'meta': ''}, {'name': ' None', 'count': 0, 'meta': ''}, {'name': ' None', 'count': 0, 'meta': ''}, {'name': ' None', 'count': 0, 'meta': ''}, {'name': ' None', 'count': 0, 'meta': ''}, {'name': ' None', 'count': 0, 'meta': ''}]","Armor Slot 0: None, Count: 0; Armor Slot 1: None, Count: 0; Armor Slot 2: None, Count: 0; Armor Slot 3: None, Count: 0; ","Offhand: None, Count: 0; ",[],20.0,20.0,"[-0.17629273776111676, -0.40194705728152397, 0.8985318212258335]",east,6,0 minecraft:air,False,Player is not currently riding anything,0.0784000015258789
119.0,14:59:48.859442200,2025-07-30,literal{minecrafter256},"(108.11914277084524, 72.0, 160.114476978088)",20.0,"[{'name': ' Birch Log', 'count': 2, 'meta': ''}, {'name': ' None', 'count': 0, 'meta': ''}, {'name': ' None', 'count': 0, 'meta': ''}, {'name': ' None', 'count': 0, 'meta': ''}, {'name': ' None', 'count': 0, 'meta': ''}, {'name': ' None', 'count': 0, 'meta': ''}, {'name': ' None', 'count': 0, 'meta': ''}, {'name': ' None', 'count': 0, 'meta': ''}, {'name': ' None', 'count': 0, 'meta': ''}, {'name': ' None', 'count': 0, 'meta': ''}, {'name': ' None', 'count': 0, 'meta': ''}, {'name': ' None', 'count': 0, 'meta': ''}, {'name': ' None', 'count': 0, 'meta': ''}, {'name': ' None', 'count': 0, 'meta': ''}, {'name': ' None', 'count': 0, 'meta': ''}, {'name': ' None', 'count': 0, 'meta': ''}, {'name': ' None', 'count': 0, 'meta': ''}, {'name': ' None', 'count': 0, 'meta': ''}, {'name': ' None', 'count': 0, 'meta': ''}, {'name': ' None', 'count': 0, 'meta': ''}, {'name': ' None', 'count': 0, 'meta': ''}, {'name': ' None', 'count': 0, 'meta': ''}, {'name': ' None', 'count': 0, 'meta': ''}, {'name': ' None', 'count': 0, 'meta': ''}, {'name': ' None', 'count': 0, 'meta': ''}, {'name': ' None', 'count': 0, 'meta': ''}, {'name': ' None', 'count': 0, 'meta': ''}, {'name': ' None', 'count': 0, 'meta': ''}, {'name': ' None', 'count': 0, 'meta': ''}, {'name': ' None', 'count': 0, 'meta': ''}, {'name': ' None', 'count': 0, 'meta': ''}, {'name': ' None', 'count': 0, 'meta': ''}, {'name': ' None', 'count': 0, 'meta': ''}, {'name': ' None', 'count': 0, 'meta': ''}, {'name': ' None', 'count': 0, 'meta': ''}, {'name': ' None', 'count': 0, 'meta': ''}]","Armor Slot 0: None, Count: 0; Armor Slot 1: None, Count: 0; Armor Slot 2: None, Count: 0; Armor Slot 3: None, Count: 0; ","Offhand: None, Count: 0; ",[],20.0,20.0,"[-0.17629273776111676, -0.40194705728152397, 0.8985318212258335]",east,6,0 minecraft:air,False,Player is not currently riding anything,0.0784000015258789
119.0,14:59:48.865960500,2025-07-30,literal{minecrafter256},"(108.11914277084524, 72.0, 160.114476978088)",20.0,"[{'name': ' Birch Log', 'count': 2, 'meta': ''}, {'name': ' None', 'count': 0, 'meta': ''}, {'name': ' None', 'count': 0, 'meta': ''}, {'name': ' None', 'count': 0, 'meta': ''}, {'name': ' None', 'count': 0, 'meta': ''}, {'name': ' None', 'count': 0, 'meta': ''}, {'name': ' None', 'count': 0, 'meta': ''}, {'name': ' None', 'count': 0, 'meta': ''}, {'name': ' None', 'count': 0, 'meta': ''}, {'name': ' None', 'count': 0, 'meta': ''}, {'name': ' None', 'count': 0, 'meta': ''}, {'name': ' None', 'count': 0, 'meta': ''}, {'name': ' None', 'count': 0, 'meta': ''}, {'name': ' None', 'count': 0, 'meta': ''}, {'name': ' None', 'count': 0, 'meta': ''}, {'name': ' None', 'count': 0, 'meta': ''}, {'name': ' None', 'count': 0, 'meta': ''}, {'name': ' None', 'count': 0, 'meta': ''}, {'name': ' None', 'count': 0, 'meta': ''}, {'name': ' None', 'count': 0, 'meta': ''}, {'name': ' None', 'count': 0, 'meta': ''}, {'name': ' None', 'count': 0, 'meta': ''}, {'name': ' None', 'count': 0, 'meta': ''}, {'name': ' None', 'count': 0, 'meta': ''}, {'name': ' None', 'count': 0, 'meta': ''}, {'name': ' None', 'count': 0, 'meta': ''}, {'name': ' None', 'count': 0, 'meta': ''}, {'name': ' None', 'count': 0, 'meta': ''}, {'name': ' None', 'count': 0, 'meta': ''}, {'name': ' None', 'count': 0, 'meta': ''}, {'name': ' None', 'count': 0, 'meta': ''}, {'name': ' None', 'count': 0, 'meta': ''}, {'name': ' None', 'count': 0, 'meta': ''}, {'name': ' None', 'count': 0, 'meta': ''}, {'name': ' None', 'count': 0, 'meta': ''}, {'name': ' None', 'count': 0, 'meta': ''}]","Armor Slot 0: None, Count: 0; Armor Slot 1: None, Count: 0; Armor Slot 2: None, Count: 0; Armor Slot 3: None, Count: 0; ","Offhand: None, Count: 0; ",[],20.0,20.0,"[-0.17629273776111676, -0.40194705728152397, 0.8985318212258335]",east,6,0 minecraft:air,False,Player is not currently riding anything,0.0784000015258789
119.0,14:59:48.871464700,2025-07-30,literal{minecrafter256},"(108.11914277084524, 72.0, 160.114476978088)",20.0,"[{'name': ' Birch Log', 'count': 2, 'meta': ''}, {'name': ' None', 'count': 0, 'meta': ''}, {'name': ' None', 'count': 0, 'meta': ''}, {'name': ' None', 'count': 0, 'meta': ''}, {'name': ' None', 'count': 0, 'meta': ''}, {'name': ' None', 'count': 0, 'meta': ''}, {'name': ' None', 'count': 0, 'meta': ''}, {'name': ' None', 'count': 0, 'meta': ''}, {'name': ' None', 'count': 0, 'meta': ''}, {'name': ' None', 'count': 0, 'meta': ''}, {'name': ' None', 'count': 0, 'meta': ''}, {'name': ' None', 'count': 0, 'meta': ''}, {'name': ' None', 'count': 0, 'meta': ''}, {'name': ' None', 'count': 0, 'meta': ''}, {'name': ' None', 'count': 0, 'meta': ''}, {'name': ' None', 'count': 0, 'meta': ''}, {'name': ' None', 'count': 0, 'meta': ''}, {'name': ' None', 'count': 0, 'meta': ''}, {'name': ' None', 'count': 0, 'meta': ''}, {'name': ' None', 'count': 0, 'meta': ''}, {'name': ' None', 'count': 0, 'meta': ''}, {'name': ' None', 'count': 0, 'meta': ''}, {'name': ' None', 'count': 0, 'meta': ''}, {'name': ' None', 'count': 0, 'meta': ''}, {'name': ' None', 'count': 0, 'meta': ''}, {'name': ' None', 'count': 0, 'meta': ''}, {'name': ' None', 'count': 0, 'meta': ''}, {'name': ' None', 'count': 0, 'meta': ''}, {'name': ' None', 'count': 0, 'meta': ''}, {'name': ' None', 'count': 0, 'meta': ''}, {'name': ' None', 'count': 0, 'meta': ''}, {'name': ' None', 'count': 0, 'meta': ''}, {'name': ' None', 'count': 0, 'meta': ''}, {'name': ' None', 'count': 0, 'meta': ''}, {'name': ' None', 'count': 0, 'meta': ''}, {'name': ' None', 'count': 0, 'meta': ''}]","Armor Slot 0: None, Count: 0; Armor Slot 1: None, Count: 0; Armor Slot 2: None, Count: 0; Armor Slot 3: None, Count: 0; ","Offhand: None, Count: 0; ",[],20.0,20.0,"[-0.17629273776111676, -0.40194705728152397, 0.8985318212258335]",east,6,0 minecraft:air,False,Player is not currently riding anything,0.0784000015258789
119.0,14:59:48.876476200,2025-07-30,literal{minecrafter256},"(108.11914277084524, 72.0, 160.114476978088)",20.0,"[{'name': ' Birch Log', 'count': 2, 'meta': ''}, {'name': ' None', 'count': 0, 'meta': ''}, {'name': ' None', 'count': 0, 'meta': ''}, {'name': ' None', 'count': 0, 'meta': ''}, {'name': ' None', 'count': 0, 'meta': ''}, {'name': ' None', 'count': 0, 'meta': ''}, {'name': ' None', 'count': 0, 'meta': ''}, {'name': ' None', 'count': 0, 'meta': ''}, {'name': ' None', 'count': 0, 'meta': ''}, {'name': ' None', 'count': 0, 'meta': ''}, {'name': ' None', 'count': 0, 'meta': ''}, {'name': ' None', 'count': 0, 'meta': ''}, {'name': ' None', 'count': 0, 'meta': ''}, {'name': ' None', 'count': 0, 'meta': ''}, {'name': ' None', 'count': 0, 'meta': ''}, {'name': ' None', 'count': 0, 'meta': ''}, {'name': ' None', 'count': 0, 'meta': ''}, {'name': ' None', 'count': 0, 'meta': ''}, {'name': ' None', 'count': 0, 'meta': ''}, {'name': ' None', 'count': 0, 'meta': ''}, {'name': ' None', 'count': 0, 'meta': ''}, {'name': ' None', 'count': 0, 'meta': ''}, {'name': ' None', 'count': 0, 'meta': ''}, {'name': ' None', 'count': 0, 'meta': ''}, {'name': ' None', 'count': 0, 'meta': ''}, {'name': ' None', 'count': 0, 'meta': ''}, {'name': ' None', 'count': 0, 'meta': ''}, {'name': ' None', 'count': 0, 'meta': ''}, {'name': ' None', 'count': 0, 'meta': ''}, {'name': ' None', 'count': 0, 'meta': ''}, {'name': ' None', 'count': 0, 'meta': ''}, {'name': ' None', 'count': 0, 'meta': ''}, {'name': ' None', 'count': 0, 'meta': ''}, {'name': ' None', 'count': 0, 'meta': ''}, {'name': ' None', 'count': 0, 'meta': ''}, {'name': ' None', 'count': 0, 'meta': ''}]","Armor Slot 0: None, Count: 0; Armor Slot 1: None, Count: 0; Armor Slot 2: None, Count: 0; Armor Slot 3: None, Count: 0; ","Offhand: None, Count: 0; ",[],20.0,20.0,"[-0.17629273776111676, -0.40194705728152397, 0.8985318212258335]",east,6,0 minecraft:air,False,Player is not currently riding anything,0.0784000015258789
119.0,14:59:48.881478100,2025-07-30,literal{minecrafter256},"(108.11914277084524, 72.0, 160.114476978088)",20.0,"[{'name': ' Birch Log', 'count': 2, 'meta': ''}, {'name': ' None', 'count': 0, 'meta': ''}, {'name': ' None', 'count': 0, 'meta': ''}, {'name': ' None', 'count': 0, 'meta': ''}, {'name': ' None', 'count': 0, 'meta': ''}, {'name': ' None', 'count': 0, 'meta': ''}, {'name': ' None', 'count': 0, 'meta': ''}, {'name': ' None', 'count': 0, 'meta': ''}, {'name': ' None', 'count': 0, 'meta': ''}, {'name': ' None', 'count': 0, 'meta': ''}, {'name': ' None', 'count': 0, 'meta': ''}, {'name': ' None', 'count': 0, 'meta': ''}, {'name': ' None', 'count': 0, 'meta': ''}, {'name': ' None', 'count': 0, 'meta': ''}, {'name': ' None', 'count': 0, 'meta': ''}, {'name': ' None', 'count': 0, 'meta': ''}, {'name': ' None', 'count': 0, 'meta': ''}, {'name': ' None', 'count': 0, 'meta': ''}, {'name': ' None', 'count': 0, 'meta': ''}, {'name': ' None', 'count': 0, 'meta': ''}, {'name': ' None', 'count': 0, 'meta': ''}, {'name': ' None', 'count': 0, 'meta': ''}, {'name': ' None', 'count': 0, 'meta': ''}, {'name': ' None', 'count': 0, 'meta': ''}, {'name': ' None', 'count': 0, 'meta': ''}, {'name': ' None', 'count': 0, 'meta': ''}, {'name': ' None', 'count': 0, 'meta': ''}, {'name': ' None', 'count': 0, 'meta': ''}, {'name': ' None', 'count': 0, 'meta': ''}, {'name': ' None', 'count': 0, 'meta': ''}, {'name': ' None', 'count': 0, 'meta': ''}, {'name': ' None', 'count': 0, 'meta': ''}, {'name': ' None', 'count': 0, 'meta': ''}, {'name': ' None', 'count': 0, 'meta': ''}, {'name': ' None', 'count': 0, 'meta': ''}, {'name': ' None', 'count': 0, 'meta': ''}]","Armor Slot 0: None, Count: 0; Armor Slot 1: None, Count: 0; Armor Slot 2: None, Count: 0; Armor Slot 3: None, Count: 0; ","Offhand: None, Count: 0; ",[],20.0,20.0,"[-0.17734343606222805, -0.358367203662666, 0.9165818310574587]",east,6,0 minecraft:air,False,Player is not currently riding anything,0.0784000015258789
119.0,14:59:48.886507500,2025-07-30,literal{minecrafter256},"(108.11914277084524, 72.0, 160.114476978088)",20.0,"[{'name': ' Birch Log', 'count': 2, 'meta': ''}, {'name': ' None', 'count': 0, 'meta': ''}, {'name': ' None', 'count': 0, 'meta': ''}, {'name': ' None', 'count': 0, 'meta': ''}, {'name': ' None', 'count': 0, 'meta': ''}, {'name': ' None', 'count': 0, 'meta': ''}, {'name': ' None', 'count': 0, 'meta': ''}, {'name': ' None', 'count': 0, 'meta': ''}, {'name': ' None', 'count': 0, 'meta': ''}, {'name': ' None', 'count': 0, 'meta': ''}, {'name': ' None', 'count': 0, 'meta': ''}, {'name': ' None', 'count': 0, 'meta': ''}, {'name': ' None', 'count': 0, 'meta': ''}, {'name': ' None', 'count': 0, 'meta': ''}, {'name': ' None', 'count': 0, 'meta': ''}, {'name': ' None', 'count': 0, 'meta': ''}, {'name': ' None', 'count': 0, 'meta': ''}, {'name': ' None', 'count': 0, 'meta': ''}, {'name': ' None', 'count': 0, 'meta': ''}, {'name': ' None', 'count': 0, 'meta': ''}, {'name': ' None', 'count': 0, 'meta': ''}, {'name': ' None', 'count': 0, 'meta': ''}, {'name': ' None', 'count': 0, 'meta': ''}, {'name': ' None', 'count': 0, 'meta': ''}, {'name': ' None', 'count': 0, 'meta': ''}, {'name': ' None', 'count': 0, 'meta': ''}, {'name': ' None', 'count': 0, 'meta': ''}, {'name': ' None', 'count': 0, 'meta': ''}, {'name': ' None', 'count': 0, 'meta': ''}, {'name': ' None', 'count': 0, 'meta': ''}, {'name': ' None', 'count': 0, 'meta': ''}, {'name': ' None', 'count': 0, 'meta': ''}, {'name': ' None', 'count': 0, 'meta': ''}, {'name': ' None', 'count': 0, 'meta': ''}, {'name': ' None', 'count': 0, 'meta': ''}, {'name': ' None', 'count': 0, 'meta': ''}]","Armor Slot 0: None, Count: 0; Armor Slot 1: None, Count: 0; Armor Slot 2: None, Count: 0; Armor Slot 3: None, Count: 0; ","Offhand: None, Count: 0; ",[],20.0,20.0,"[-0.17734343606222805, -0.358367203662666, 0.9165818310574587]",east,6,0 minecraft:air,False,Player is not currently riding anything,0.0784000015258789
119.0,14:59:48.892838,2025-07-30,literal{minecrafter256},"(108.11914277084524, 72.0, 160.114476978088)",20.0,"[{'name': ' Birch Log', 'count': 2, 'meta': ''}, {'name': ' None', 'count': 0, 'meta': ''}, {'name': ' None', 'count': 0, 'meta': ''}, {'name': ' None', 'count': 0, 'meta': ''}, {'name': ' None', 'count': 0, 'meta': ''}, {'name': ' None', 'count': 0, 'meta': ''}, {'name': ' None', 'count': 0, 'meta': ''}, {'name': ' None', 'count': 0, 'meta': ''}, {'name': ' None', 'count': 0, 'meta': ''}, {'name': ' None', 'count': 0, 'meta': ''}, {'name': ' None', 'count': 0, 'meta': ''}, {'name': ' None', 'count': 0, 'meta': ''}, {'name': ' None', 'count': 0, 'meta': ''}, {'name': ' None', 'count': 0, 'meta': ''}, {'name': ' None', 'count': 0, 'meta': ''}, {'name': ' None', 'count': 0, 'meta': ''}, {'name': ' None', 'count': 0, 'meta': ''}, {'name': ' None', 'count': 0, 'meta': ''}, {'name': ' None', 'count': 0, 'meta': ''}, {'name': ' None', 'count': 0, 'meta': ''}, {'name': ' None', 'count': 0, 'meta': ''}, {'name': ' None', 'count': 0, 'meta': ''}, {'name': ' None', 'count': 0, 'meta': ''}, {'name': ' None', 'count': 0, 'meta': ''}, {'name': ' None', 'count': 0, 'meta': ''}, {'name': ' None', 'count': 0, 'meta': ''}, {'name': ' None', 'count': 0, 'meta': ''}, {'name': ' None', 'count': 0, 'meta': ''}, {'name': ' None', 'count': 0, 'meta': ''}, {'name': ' None', 'count': 0, 'meta': ''}, {'name': ' None', 'count': 0, 'meta': ''}, {'name': ' None', 'count': 0, 'meta': ''}, {'name': ' None', 'count': 0, 'meta': ''}, {'name': ' None', 'count': 0, 'meta': ''}, {'name': ' None', 'count': 0, 'meta': ''}, {'name': ' None', 'count': 0, 'meta': ''}]","Armor Slot 0: None, Count: 0; Armor Slot 1: None, Count: 0; Armor Slot 2: None, Count: 0; Armor Slot 3: None, Count: 0; ","Offhand: None, Count: 0; ",[],20.0,20.0,"[-0.17734343606222805, -0.358367203662666, 0.9165818310574587]",east,6,0 minecraft:air,False,Player is not currently riding anything,0.0784000015258789
119.0,14:59:48.896367300,2025-07-30,literal{minecrafter256},"(108.11914277084524, 72.0, 160.114476978088)",20.0,"[{'name': ' Birch Log', 'count': 2, 'meta': ''}, {'name': ' None', 'count': 0, 'meta': ''}, {'name': ' None', 'count': 0, 'meta': ''}, {'name': ' None', 'count': 0, 'meta': ''}, {'name': ' None', 'count': 0, 'meta': ''}, {'name': ' None', 'count': 0, 'meta': ''}, {'name': ' None', 'count': 0, 'meta': ''}, {'name': ' None', 'count': 0, 'meta': ''}, {'name': ' None', 'count': 0, 'meta': ''}, {'name': ' None', 'count': 0, 'meta': ''}, {'name': ' None', 'count': 0, 'meta': ''}, {'name': ' None', 'count': 0, 'meta': ''}, {'name': ' None', 'count': 0, 'meta': ''}, {'name': ' None', 'count': 0, 'meta': ''}, {'name': ' None', 'count': 0, 'meta': ''}, {'name': ' None', 'count': 0, 'meta': ''}, {'name': ' None', 'count': 0, 'meta': ''}, {'name': ' None', 'count': 0, 'meta': ''}, {'name': ' None', 'count': 0, 'meta': ''}, {'name': ' None', 'count': 0, 'meta': ''}, {'name': ' None', 'count': 0, 'meta': ''}, {'name': ' None', 'count': 0, 'meta': ''}, {'name': ' None', 'count': 0, 'meta': ''}, {'name': ' None', 'count': 0, 'meta': ''}, {'name': ' None', 'count': 0, 'meta': ''}, {'name': ' None', 'count': 0, 'meta': ''}, {'name': ' None', 'count': 0, 'meta': ''}, {'name': ' None', 'count': 0, 'meta': ''}, {'name': ' None', 'count': 0, 'meta': ''}, {'name': ' None', 'count': 0, 'meta': ''}, {'name': ' None', 'count': 0, 'meta': ''}, {'name': ' None', 'count': 0, 'meta': ''}, {'name': ' None', 'count': 0, 'meta': ''}, {'name': ' None', 'count': 0, 'meta': ''}, {'name': ' None', 'count': 0, 'meta': ''}, {'name': ' None', 'count': 0, 'meta': ''}]","Armor Slot 0: None, Count: 0; Armor Slot 1: None, Count: 0; Armor Slot 2: None, Count: 0; Armor Slot 3: None, Count: 0; ","Offhand: None, Count: 0; ",[],20.0,20.0,"[-0.17734343606222805, -0.358367203662666, 0.9165818310574587]",east,6,0 minecraft:air,False,Player is not currently riding anything,0.0784000015258789
119.0,14:59:48.901862500,2025-07-30,literal{minecrafter256},"(108.11914277084524, 72.0, 160.114476978088)",20.0,"[{'name': ' Birch Log', 'count': 2, 'meta': ''}, {'name': ' None', 'count': 0, 'meta': ''}, {'name': ' None', 'count': 0, 'meta': ''}, {'name': ' None', 'count': 0, 'meta': ''}, {'name': ' None', 'count': 0, 'meta': ''}, {'name': ' None', 'count': 0, 'meta': ''}, {'name': ' None', 'count': 0, 'meta': ''}, {'name': ' None', 'count': 0, 'meta': ''}, {'name': ' None', 'count': 0, 'meta': ''}, {'name': ' None', 'count': 0, 'meta': ''}, {'name': ' None', 'count': 0, 'meta': ''}, {'name': ' None', 'count': 0, 'meta': ''}, {'name': ' None', 'count': 0, 'meta': ''}, {'name': ' None', 'count': 0, 'meta': ''}, {'name': ' None', 'count': 0, 'meta': ''}, {'name': ' None', 'count': 0, 'meta': ''}, {'name': ' None', 'count': 0, 'meta': ''}, {'name': ' None', 'count': 0, 'meta': ''}, {'name': ' None', 'count': 0, 'meta': ''}, {'name': ' None', 'count': 0, 'meta': ''}, {'name': ' None', 'count': 0, 'meta': ''}, {'name': ' None', 'count': 0, 'meta': ''}, {'name': ' None', 'count': 0, 'meta': ''}, {'name': ' None', 'count': 0, 'meta': ''}, {'name': ' None', 'count': 0, 'meta': ''}, {'name': ' None', 'count': 0, 'meta': ''}, {'name': ' None', 'count': 0, 'meta': ''}, {'name': ' None', 'count': 0, 'meta': ''}, {'name': ' None', 'count': 0, 'meta': ''}, {'name': ' None', 'count': 0, 'meta': ''}, {'name': ' None', 'count': 0, 'meta': ''}, {'name': ' None', 'count': 0, 'meta': ''}, {'name': ' None', 'count': 0, 'meta': ''}, {'name': ' None', 'count': 0, 'meta': ''}, {'name': ' None', 'count': 0, 'meta': ''}, {'name': ' None', 'count': 0, 'meta': ''}]","Armor Slot 0: None, Count: 0; Armor Slot 1: None, Count: 0; Armor Slot 2: None, Count: 0; Armor Slot 3: None, Count: 0; ","Offhand: None, Count: 0; ",[],20.0,20.0,"[-0.17734343606222805, -0.358367203662666, 0.9165818310574587]",east,6,0 minecraft:air,False,Player is not currently riding anything,0.0784000015258789
119.0,14:59:48.906872800,2025-07-30,literal{minecrafter256},"(108.11914277084524, 72.0, 160.114476978088)",20.0,"[{'name': ' Birch Log', 'count': 2, 'meta': ''}, {'name': ' None', 'count': 0, 'meta': ''}, {'name': ' None', 'count': 0, 'meta': ''}, {'name': ' None', 'count': 0, 'meta': ''}, {'name': ' None', 'count': 0, 'meta': ''}, {'name': ' None', 'count': 0, 'meta': ''}, {'name': ' None', 'count': 0, 'meta': ''}, {'name': ' None', 'count': 0, 'meta': ''}, {'name': ' None', 'count': 0, 'meta': ''}, {'name': ' None', 'count': 0, 'meta': ''}, {'name': ' None', 'count': 0, 'meta': ''}, {'name': ' None', 'count': 0, 'meta': ''}, {'name': ' None', 'count': 0, 'meta': ''}, {'name': ' None', 'count': 0, 'meta': ''}, {'name': ' None', 'count': 0, 'meta': ''}, {'name': ' None', 'count': 0, 'meta': ''}, {'name': ' None', 'count': 0, 'meta': ''}, {'name': ' None', 'count': 0, 'meta': ''}, {'name': ' None', 'count': 0, 'meta': ''}, {'name': ' None', 'count': 0, 'meta': ''}, {'name': ' None', 'count': 0, 'meta': ''}, {'name': ' None', 'count': 0, 'meta': ''}, {'name': ' None', 'count': 0, 'meta': ''}, {'name': ' None', 'count': 0, 'meta': ''}, {'name': ' None', 'count': 0, 'meta': ''}, {'name': ' None', 'count': 0, 'meta': ''}, {'name': ' None', 'count': 0, 'meta': ''}, {'name': ' None', 'count': 0, 'meta': ''}, {'name': ' None', 'count': 0, 'meta': ''}, {'name': ' None', 'count': 0, 'meta': ''}, {'name': ' None', 'count': 0, 'meta': ''}, {'name': ' None', 'count': 0, 'meta': ''}, {'name': ' None', 'count': 0, 'meta': ''}, {'name': ' None', 'count': 0, 'meta': ''}, {'name': ' None', 'count': 0, 'meta': ''}, {'name': ' None', 'count': 0, 'meta': ''}]","Armor Slot 0: None, Count: 0; Armor Slot 1: None, Count: 0; Armor Slot 2: None, Count: 0; Armor Slot 3: None, Count: 0; ","Offhand: None, Count: 0; ",[],20.0,20.0,"[-0.17734343606222805, -0.358367203662666, 0.9165818310574587]",east,6,0 minecraft:air,False,Player is not currently riding anything,0.0784000015258789
119.0,14:59:48.912938900,2025-07-30,literal{minecrafter256},"(108.11914277084524, 72.0, 160.114476978088)",20.0,"[{'name': ' Birch Log', 'count': 2, 'meta': ''}, {'name': ' None', 'count': 0, 'meta': ''}, {'name': ' None', 'count': 0, 'meta': ''}, {'name': ' None', 'count': 0, 'meta': ''}, {'name': ' None', 'count': 0, 'meta': ''}, {'name': ' None', 'count': 0, 'meta': ''}, {'name': ' None', 'count': 0, 'meta': ''}, {'name': ' None', 'count': 0, 'meta': ''}, {'name': ' None', 'count': 0, 'meta': ''}, {'name': ' None', 'count': 0, 'meta': ''}, {'name': ' None', 'count': 0, 'meta': ''}, {'name': ' None', 'count': 0, 'meta': ''}, {'name': ' None', 'count': 0, 'meta': ''}, {'name': ' None', 'count': 0, 'meta': ''}, {'name': ' None', 'count': 0, 'meta': ''}, {'name': ' None', 'count': 0, 'meta': ''}, {'name': ' None', 'count': 0, 'meta': ''}, {'name': ' None', 'count': 0, 'meta': ''}, {'name': ' None', 'count': 0, 'meta': ''}, {'name': ' None', 'count': 0, 'meta': ''}, {'name': ' None', 'count': 0, 'meta': ''}, {'name': ' None', 'count': 0, 'meta': ''}, {'name': ' None', 'count': 0, 'meta': ''}, {'name': ' None', 'count': 0, 'meta': ''}, {'name': ' None', 'count': 0, 'meta': ''}, {'name': ' None', 'count': 0, 'meta': ''}, {'name': ' None', 'count': 0, 'meta': ''}, {'name': ' None', 'count': 0, 'meta': ''}, {'name': ' None', 'count': 0, 'meta': ''}, {'name': ' None', 'count': 0, 'meta': ''}, {'name': ' None', 'count': 0, 'meta': ''}, {'name': ' None', 'count': 0, 'meta': ''}, {'name': ' None', 'count': 0, 'meta': ''}, {'name': ' None', 'count': 0, 'meta': ''}, {'name': ' None', 'count': 0, 'meta': ''}, {'name': ' None', 'count': 0, 'meta': ''}]","Armor Slot 0: None, Count: 0; Armor Slot 1: None, Count: 0; Armor Slot 2: None, Count: 0; Armor Slot 3: None, Count: 0; ","Offhand: None, Count: 0; ",[],20.0,20.0,"[-0.17734343606222805, -0.358367203662666, 0.9165818310574587]",east,6,0 minecraft:air,False,Player is not currently riding anything,0.0784000015258789
119.0,14:59:48.955544600,2025-07-30,literal{minecrafter256},"(108.11914277084524, 72.0, 160.114476978088)",20.0,"[{'name': ' Birch Log', 'count': 2, 'meta': ''}, {'name': ' None', 'count': 0, 'meta': ''}, {'name': ' None', 'count': 0, 'meta': ''}, {'name': ' None', 'count': 0, 'meta': ''}, {'name': ' None', 'count': 0, 'meta': ''}, {'name': ' None', 'count': 0, 'meta': ''}, {'name': ' None', 'count': 0, 'meta': ''}, {'name': ' None', 'count': 0, 'meta': ''}, {'name': ' None', 'count': 0, 'meta': ''}, {'name': ' None', 'count': 0, 'meta': ''}, {'name': ' None', 'count': 0, 'meta': ''}, {'name': ' None', 'count': 0, 'meta': ''}, {'name': ' None', 'count': 0, 'meta': ''}, {'name': ' None', 'count': 0, 'meta': ''}, {'name': ' None', 'count': 0, 'meta': ''}, {'name': ' None', 'count': 0, 'meta': ''}, {'name': ' None', 'count': 0, 'meta': ''}, {'name': ' None', 'count': 0, 'meta': ''}, {'name': ' None', 'count': 0, 'meta': ''}, {'name': ' None', 'count': 0, 'meta': ''}, {'name': ' None', 'count': 0, 'meta': ''}, {'name': ' None', 'count': 0, 'meta': ''}, {'name': ' None', 'count': 0, 'meta': ''}, {'name': ' None', 'count': 0, 'meta': ''}, {'name': ' None', 'count': 0, 'meta': ''}, {'name': ' None', 'count': 0, 'meta': ''}, {'name': ' None', 'count': 0, 'meta': ''}, {'name': ' None', 'count': 0, 'meta': ''}, {'name': ' None', 'count': 0, 'meta': ''}, {'name': ' None', 'count': 0, 'meta': ''}, {'name': ' None', 'count': 0, 'meta': ''}, {'name': ' None', 'count': 0, 'meta': ''}, {'name': ' None', 'count': 0, 'meta': ''}, {'name': ' None', 'count': 0, 'meta': ''}, {'name': ' None', 'count': 0, 'meta': ''}, {'name': ' None', 'count': 0, 'meta': ''}]","Armor Slot 0: None, Count: 0; Armor Slot 1: None, Count: 0; Armor Slot 2: None, Count: 0; Armor Slot 3: None, Count: 0; ","Offhand: None, Count: 0; ",[],20.0,20.0,"[-0.16856801217113063, -0.3065252605723968, 0.9368175328759052]",east,6,0 minecraft:air,False,Player is not currently riding anything,0.0784000015258789
