fps,time,date,plyrName,plyrLocation,plyrHealth,plyrInventory,plyrArmor,plyrOffhand,plyrStatus,plyrHunger,plyrSat,plyrView,plyrFacing,plyrSelectedSlot,plyrSelectedItem,plyrRideState,plyrRideVehicle,plyrMomentum
46.0,13:49:23.738082500,2025-11-07,literal{minecrafter256},"(106.24545024568366, 72.0, 152.42065000158024)",20.0,"[{'name': ' Birch Log', 'count': 8, 'meta': ''}, {'name': ' None', 'count': 0, 'meta': ''}, {'name': ' None', 'count': 0, 'meta': ''}, {'name': ' None', 'count': 0, 'meta': ''}, {'name': ' None', 'count': 0, 'meta': ''}, {'name': ' None', 'count': 0, 'meta': ''}, {'name': ' None', 'count': 0, 'meta': ''}, {'name': ' None', 'count': 0, 'meta': ''}, {'name': ' None', 'count': 0, 'meta': ''}, {'name': ' None', 'count': 0, 'meta': ''}, {'name': ' None', 'count': 0, 'meta': ''}, {'name': ' None', 'count': 0, 'meta': ''}, {'name': ' None', 'count': 0, 'meta': ''}, {'name': ' None', 'count': 0, 'meta': ''}, {'name': ' None', 'count': 0, 'meta': ''}, {'name': ' None', 'count': 0, 'meta': ''}, {'name': ' None', 'count': 0, 'meta': ''}, {'name': ' None', 'count': 0, 'meta': ''}, {'name': ' None', 'count': 0, 'meta': ''}, {'name': ' None', 'count': 0, 'meta': ''}, {'name': ' None', 'count': 0, 'meta': ''}, {'name': ' None', 'count': 0, 'meta': ''}, {'name': ' None', 'count': 0, 'meta': ''}, {'name': ' None', 'count': 0, 'meta': ''}, {'name': ' None', 'count': 0, 'meta': ''}, {'name': ' None', 'count': 0, 'meta': ''}, {'name': ' None', 'count': 0, 'meta': ''}, {'name': ' None', 'count': 0, 'meta': ''}, {'name': ' None', 'count': 0, 'meta': ''}, {'name': ' None', 'count': 0, 'meta': ''}, {'name': ' None', 'count': 0, 'meta': ''}, {'name': ' None', 'count': 0, 'meta': ''}, {'name': ' None', 'count': 0, 'meta': ''}, {'name': ' None', 'count': 0, 'meta': ''}, {'name': ' None', 'count': 0, 'meta': ''}, {'name': ' None', 'count': 0, 'meta': ''}]","Armor Slot 0: None, Count: 0; Armor Slot 1: None, Count: 0; Armor Slot 2: None, Count: 0; Armor Slot 3: None, Count: 0; ","Offhand: None, Count: 0; ",[],20.0,20.0,"[-0.471800673448422, -0.37541633024844684, -0.797788633358739]",west,6,0 minecraft:air,False,Player is not currently riding anything,0.0784000015258789
46.0,13:49:23.744587100,2025-11-07,literal{minecrafter256},"(106.24545024568366, 72.0, 152.42065000158024)",20.0,"[{'name': ' Birch Log', 'count': 8, 'meta': ''}, {'name': ' None', 'count': 0, 'meta': ''}, {'name': ' None', 'count': 0, 'meta': ''}, {'name': ' None', 'count': 0, 'meta': ''}, {'name': ' None', 'count': 0, 'meta': ''}, {'name': ' None', 'count': 0, 'meta': ''}, {'name': ' None', 'count': 0, 'meta': ''}, {'name': ' None', 'count': 0, 'meta': ''}, {'name': ' None', 'count': 0, 'meta': ''}, {'name': ' None', 'count': 0, 'meta': ''}, {'name': ' None', 'count': 0, 'meta': ''}, {'name': ' None', 'count': 0, 'meta': ''}, {'name': ' None', 'count': 0, 'meta': ''}, {'name': ' None', 'count': 0, 'meta': ''}, {'name': ' None', 'count': 0, 'meta': ''}, {'name': ' None', 'count': 0, 'meta': ''}, {'name': ' None', 'count': 0, 'meta': ''}, {'name': ' None', 'count': 0, 'meta': ''}, {'name': ' None', 'count': 0, 'meta': ''}, {'name': ' None', 'count': 0, 'meta': ''}, {'name': ' None', 'count': 0, 'meta': ''}, {'name': ' None', 'count': 0, 'meta': ''}, {'name': ' None', 'count': 0, 'meta': ''}, {'name': ' None', 'count': 0, 'meta': ''}, {'name': ' None', 'count': 0, 'meta': ''}, {'name': ' None', 'count': 0, 'meta': ''}, {'name': ' None', 'count': 0, 'meta': ''}, {'name': ' None', 'count': 0, 'meta': ''}, {'name': ' None', 'count': 0, 'meta': ''}, {'name': ' None', 'count': 0, 'meta': ''}, {'name': ' None', 'count': 0, 'meta': ''}, {'name': ' None', 'count': 0, 'meta': ''}, {'name': ' None', 'count': 0, 'meta': ''}, {'name': ' None', 'count': 0, 'meta': ''}, {'name': ' None', 'count': 0, 'meta': ''}, {'name': ' None', 'count': 0, 'meta': ''}]","Armor Slot 0: None, Count: 0; Armor Slot 1: None, Count: 0; Armor Slot 2: None, Count: 0; Armor Slot 3: None, Count: 0; ","Offhand: None, Count: 0; ",[],20.0,20.0,"[-0.471800673448422, -0.37541633024844684, -0.797788633358739]",west,6,0 minecraft:air,False,Player is not currently riding anything,0.0784000015258789
46.0,13:49:23.747593800,2025-11-07,literal{minecrafter256},"(106.24545024568366, 72.0, 152.42065000158024)",20.0,"[{'name': ' Birch Log', 'count': 8, 'meta': ''}, {'name': ' None', 'count': 0, 'meta': ''}, {'name': ' None', 'count': 0, 'meta': ''}, {'name': ' None', 'count': 0, 'meta': ''}, {'name': ' None', 'count': 0, 'meta': ''}, {'name': ' None', 'count': 0, 'meta': ''}, {'name': ' None', 'count': 0, 'meta': ''}, {'name': ' None', 'count': 0, 'meta': ''}, {'name': ' None', 'count': 0, 'meta': ''}, {'name': ' None', 'count': 0, 'meta': ''}, {'name': ' None', 'count': 0, 'meta': ''}, {'name': ' None', 'count': 0, 'meta': ''}, {'name': ' None', 'count': 0, 'meta': ''}, {'name': ' None', 'count': 0, 'meta': ''}, {'name': ' None', 'count': 0, 'meta': ''}, {'name': ' None', 'count': 0, 'meta': ''}, {'name': ' None', 'count': 0, 'meta': ''}, {'name': ' None', 'count': 0, 'meta': ''}, {'name': ' None', 'count': 0, 'meta': ''}, {'name': ' None', 'count': 0, 'meta': ''}, {'name': ' None', 'count': 0, 'meta': ''}, {'name': ' None', 'count': 0, 'meta': ''}, {'name': ' None', 'count': 0, 'meta': ''}, {'name': ' None', 'count': 0, 'meta': ''}, {'name': ' None', 'count': 0, 'meta': ''}, {'name': ' None', 'count': 0, 'meta': ''}, {'name': ' None', 'count': 0, 'meta': ''}, {'name': ' None', 'count': 0, 'meta': ''}, {'name': ' None', 'count': 0, 'meta': ''}, {'name': ' None', 'count': 0, 'meta': ''}, {'name': ' None', 'count': 0, 'meta': ''}, {'name': ' None', 'count': 0, 'meta': ''}, {'name': ' None', 'count': 0, 'meta': ''}, {'name': ' None', 'count': 0, 'meta': ''}, {'name': ' None', 'count': 0, 'meta': ''}, {'name': ' None', 'count': 0, 'meta': ''}]","Armor Slot 0: None, Count: 0; Armor Slot 1: None, Count: 0; Armor Slot 2: None, Count: 0; Armor Slot 3: None, Count: 0; ","Offhand: None, Count: 0; ",[],20.0,20.0,"[-0.471800673448422, -0.37541633024844684, -0.797788633358739]",west,6,0 minecraft:air,False,Player is not currently riding anything,0.0784000015258789
46.0,13:49:23.763161,2025-11-07,literal{minecrafter256},"(106.24545024568366, 72.0, 152.42065000158024)",20.0,"[{'name': ' Birch Log', 'count': 8, 'meta': ''}, {'name': ' None', 'count': 0, 'meta': ''}, {'name': ' None', 'count': 0, 'meta': ''}, {'name': ' None', 'count': 0, 'meta': ''}, {'name': ' None', 'count': 0, 'meta': ''}, {'name': ' None', 'count': 0, 'meta': ''}, {'name': ' None', 'count': 0, 'meta': ''}, {'name': ' None', 'count': 0, 'meta': ''}, {'name': ' None', 'count': 0, 'meta': ''}, {'name': ' None', 'count': 0, 'meta': ''}, {'name': ' None', 'count': 0, 'meta': ''}, {'name': ' None', 'count': 0, 'meta': ''}, {'name': ' None', 'count': 0, 'meta': ''}, {'name': ' None', 'count': 0, 'meta': ''}, {'name': ' None', 'count': 0, 'meta': ''}, {'name': ' None', 'count': 0, 'meta': ''}, {'name': ' None', 'count': 0, 'meta': ''}, {'name': ' None', 'count': 0, 'meta': ''}, {'name': ' None', 'count': 0, 'meta': ''}, {'name': ' None', 'count': 0, 'meta': ''}, {'name': ' None', 'count': 0, 'meta': ''}, {'name': ' None', 'count': 0, 'meta': ''}, {'name': ' None', 'count': 0, 'meta': ''}, {'name': ' None', 'count': 0, 'meta': ''}, {'name': ' None', 'count': 0, 'meta': ''}, {'name': ' None', 'count': 0, 'meta': ''}, {'name': ' None', 'count': 0, 'meta': ''}, {'name': ' None', 'count': 0, 'meta': ''}, {'name': ' None', 'count': 0, 'meta': ''}, {'name': ' None', 'count': 0, 'meta': ''}, {'name': ' None', 'count': 0, 'meta': ''}, {'name': ' None', 'count': 0, 'meta': ''}, {'name': ' None', 'count': 0, 'meta': ''}, {'name': ' None', 'count': 0, 'meta': ''}, {'name': ' None', 'count': 0, 'meta': ''}, {'name': ' None', 'count': 0, 'meta': ''}]","Armor Slot 0: None, Count: 0; Armor Slot 1: None, Count: 0; Armor Slot 2: None, Count: 0; Armor Slot 3: None, Count: 0; ","Offhand: None, Count: 0; ",[],20.0,20.0,"[-0.471800673448422, -0.37541633024844684, -0.797788633358739]",west,6,0 minecraft:air,False,Player is not currently riding anything,0.0784000015258789
46.0,13:49:23.772678200,2025-11-07,literal{minecrafter256},"(106.24545024568366, 72.0, 152.42065000158024)",20.0,"[{'name': ' Birch Log', 'count': 8, 'meta': ''}, {'name': ' None', 'count': 0, 'meta': ''}, {'name': ' None', 'count': 0, 'meta': ''}, {'name': ' None', 'count': 0, 'meta': ''}, {'name': ' None', 'count': 0, 'meta': ''}, {'name': ' None', 'count': 0, 'meta': ''}, {'name': ' None', 'count': 0, 'meta': ''}, {'name': ' None', 'count': 0, 'meta': ''}, {'name': ' None', 'count': 0, 'meta': ''}, {'name': ' None', 'count': 0, 'meta': ''}, {'name': ' None', 'count': 0, 'meta': ''}, {'name': ' None', 'count': 0, 'meta': ''}, {'name': ' None', 'count': 0, 'meta': ''}, {'name': ' None', 'count': 0, 'meta': ''}, {'name': ' None', 'count': 0, 'meta': ''}, {'name': ' None', 'count': 0, 'meta': ''}, {'name': ' None', 'count': 0, 'meta': ''}, {'name': ' None', 'count': 0, 'meta': ''}, {'name': ' None', 'count': 0, 'meta': ''}, {'name': ' None', 'count': 0, 'meta': ''}, {'name': ' None', 'count': 0, 'meta': ''}, {'name': ' None', 'count': 0, 'meta': ''}, {'name': ' None', 'count': 0, 'meta': ''}, {'name': ' None', 'count': 0, 'meta': ''}, {'name': ' None', 'count': 0, 'meta': ''}, {'name': ' None', 'count': 0, 'meta': ''}, {'name': ' None', 'count': 0, 'meta': ''}, {'name': ' None', 'count': 0, 'meta': ''}, {'name': ' None', 'count': 0, 'meta': ''}, {'name': ' None', 'count': 0, 'meta': ''}, {'name': ' None', 'count': 0, 'meta': ''}, {'name': ' None', 'count': 0, 'meta': ''}, {'name': ' None', 'count': 0, 'meta': ''}, {'name': ' None', 'count': 0, 'meta': ''}, {'name': ' None', 'count': 0, 'meta': ''}, {'name': ' None', 'count': 0, 'meta': ''}]","Armor Slot 0: None, Count: 0; Armor Slot 1: None, Count: 0; Armor Slot 2: None, Count: 0; Armor Slot 3: None, Count: 0; ","Offhand: None, Count: 0; ",[],20.0,20.0,"[-0.471800673448422, -0.37541633024844684, -0.797788633358739]",west,6,0 minecraft:air,False,Player is not currently riding anything,0.0784000015258789
46.0,13:49:23.776189800,2025-11-07,literal{minecrafter256},"(106.24545024568366, 72.0, 152.42065000158024)",20.0,"[{'name': ' Birch Log', 'count': 8, 'meta': ''}, {'name': ' None', 'count': 0, 'meta': ''}, {'name': ' None', 'count': 0, 'meta': ''}, {'name': ' None', 'count': 0, 'meta': ''}, {'name': ' None', 'count': 0, 'meta': ''}, {'name': ' None', 'count': 0, 'meta': ''}, {'name': ' None', 'count': 0, 'meta': ''}, {'name': ' None', 'count': 0, 'meta': ''}, {'name': ' None', 'count': 0, 'meta': ''}, {'name': ' None', 'count': 0, 'meta': ''}, {'name': ' None', 'count': 0, 'meta': ''}, {'name': ' None', 'count': 0, 'meta': ''}, {'name': ' None', 'count': 0, 'meta': ''}, {'name': ' None', 'count': 0, 'meta': ''}, {'name': ' None', 'count': 0, 'meta': ''}, {'name': ' None', 'count': 0, 'meta': ''}, {'name': ' None', 'count': 0, 'meta': ''}, {'name': ' None', 'count': 0, 'meta': ''}, {'name': ' None', 'count': 0, 'meta': ''}, {'name': ' None', 'count': 0, 'meta': ''}, {'name': ' None', 'count': 0, 'meta': ''}, {'name': ' None', 'count': 0, 'meta': ''}, {'name': ' None', 'count': 0, 'meta': ''}, {'name': ' None', 'count': 0, 'meta': ''}, {'name': ' None', 'count': 0, 'meta': ''}, {'name': ' None', 'count': 0, 'meta': ''}, {'name': ' None', 'count': 0, 'meta': ''}, {'name': ' None', 'count': 0, 'meta': ''}, {'name': ' None', 'count': 0, 'meta': ''}, {'name': ' None', 'count': 0, 'meta': ''}, {'name': ' None', 'count': 0, 'meta': ''}, {'name': ' None', 'count': 0, 'meta': ''}, {'name': ' None', 'count': 0, 'meta': ''}, {'name': ' None', 'count': 0, 'meta': ''}, {'name': ' None', 'count': 0, 'meta': ''}, {'name': ' None', 'count': 0, 'meta': ''}]","Armor Slot 0: None, Count: 0; Armor Slot 1: None, Count: 0; Armor Slot 2: None, Count: 0; Armor Slot 3: None, Count: 0; ","Offhand: None, Count: 0; ",[],20.0,20.0,"[-0.471800673448422, -0.37541633024844684, -0.797788633358739]",west,6,0 minecraft:air,False,Player is not currently riding anything,0.0784000015258789
46.0,13:49:23.780192200,2025-11-07,literal{minecrafter256},"(106.24545024568366, 72.0, 152.42065000158024)",20.0,"[{'name': ' Birch Log', 'count': 8, 'meta': ''}, {'name': ' None', 'count': 0, 'meta': ''}, {'name': ' None', 'count': 0, 'meta': ''}, {'name': ' None', 'count': 0, 'meta': ''}, {'name': ' None', 'count': 0, 'meta': ''}, {'name': ' None', 'count': 0, 'meta': ''}, {'name': ' None', 'count': 0, 'meta': ''}, {'name': ' None', 'count': 0, 'meta': ''}, {'name': ' None', 'count': 0, 'meta': ''}, {'name': ' None', 'count': 0, 'meta': ''}, {'name': ' None', 'count': 0, 'meta': ''}, {'name': ' None', 'count': 0, 'meta': ''}, {'name': ' None', 'count': 0, 'meta': ''}, {'name': ' None', 'count': 0, 'meta': ''}, {'name': ' None', 'count': 0, 'meta': ''}, {'name': ' None', 'count': 0, 'meta': ''}, {'name': ' None', 'count': 0, 'meta': ''}, {'name': ' None', 'count': 0, 'meta': ''}, {'name': ' None', 'count': 0, 'meta': ''}, {'name': ' None', 'count': 0, 'meta': ''}, {'name': ' None', 'count': 0, 'meta': ''}, {'name': ' None', 'count': 0, 'meta': ''}, {'name': ' None', 'count': 0, 'meta': ''}, {'name': ' None', 'count': 0, 'meta': ''}, {'name': ' None', 'count': 0, 'meta': ''}, {'name': ' None', 'count': 0, 'meta': ''}, {'name': ' None', 'count': 0, 'meta': ''}, {'name': ' None', 'count': 0, 'meta': ''}, {'name': ' None', 'count': 0, 'meta': ''}, {'name': ' None', 'count': 0, 'meta': ''}, {'name': ' None', 'count': 0, 'meta': ''}, {'name': ' None', 'count': 0, 'meta': ''}, {'name': ' None', 'count': 0, 'meta': ''}, {'name': ' None', 'count': 0, 'meta': ''}, {'name': ' None', 'count': 0, 'meta': ''}, {'name': ' None', 'count': 0, 'meta': ''}]","Armor Slot 0: None, Count: 0; Armor Slot 1: None, Count: 0; Armor Slot 2: None, Count: 0; Armor Slot 3: None, Count: 0; ","Offhand: None, Count: 0; ",[],20.0,20.0,"[-0.471800673448422, -0.37541633024844684, -0.797788633358739]",west,6,0 minecraft:air,False,Player is not currently riding anything,0.0784000015258789
46.0,13:49:23.829279900,2025-11-07,literal{minecrafter256},"(106.24545024568366, 72.0, 152.42065000158024)",20.0,"[{'name': ' Birch Log', 'count': 8, 'meta': ''}, {'name': ' None', 'count': 0, 'meta': ''}, {'name': ' None', 'count': 0, 'meta': ''}, {'name': ' None', 'count': 0, 'meta': ''}, {'name': ' None', 'count': 0, 'meta': ''}, {'name': ' None', 'count': 0, 'meta': ''}, {'name': ' None', 'count': 0, 'meta': ''}, {'name': ' None', 'count': 0, 'meta': ''}, {'name': ' None', 'count': 0, 'meta': ''}, {'name': ' None', 'count': 0, 'meta': ''}, {'name': ' None', 'count': 0, 'meta': ''}, {'name': ' None', 'count': 0, 'meta': ''}, {'name': ' None', 'count': 0, 'meta': ''}, {'name': ' None', 'count': 0, 'meta': ''}, {'name': ' None', 'count': 0, 'meta': ''}, {'name': ' None', 'count': 0, 'meta': ''}, {'name': ' None', 'count': 0, 'meta': ''}, {'name': ' None', 'count': 0, 'meta': ''}, {'name': ' None', 'count': 0, 'meta': ''}, {'name': ' None', 'count': 0, 'meta': ''}, {'name': ' None', 'count': 0, 'meta': ''}, {'name': ' None', 'count': 0, 'meta': ''}, {'name': ' None', 'count': 0, 'meta': ''}, {'name': ' None', 'count': 0, 'meta': ''}, {'name': ' None', 'count': 0, 'meta': ''}, {'name': ' None', 'count': 0, 'meta': ''}, {'name': ' None', 'count': 0, 'meta': ''}, {'name': ' None', 'count': 0, 'meta': ''}, {'name': ' None', 'count': 0, 'meta': ''}, {'name': ' None', 'count': 0, 'meta': ''}, {'name': ' None', 'count': 0, 'meta': ''}, {'name': ' None', 'count': 0, 'meta': ''}, {'name': ' None', 'count': 0, 'meta': ''}, {'name': ' None', 'count': 0, 'meta': ''}, {'name': ' None', 'count': 0, 'meta': ''}, {'name': ' None', 'count': 0, 'meta': ''}]","Armor Slot 0: None, Count: 0; Armor Slot 1: None, Count: 0; Armor Slot 2: None, Count: 0; Armor Slot 3: None, Count: 0; ","Offhand: None, Count: 0; ",[],20.0,20.0,"[-0.471800673448422, -0.37541633024844684, -0.797788633358739]",west,6,0 minecraft:air,False,Player is not currently riding anything,0.0784000015258789
24.0,13:49:23.885995700,2025-11-07,literal{minecrafter256},"(106.24545024568366, 72.0, 152.42065000158024)",20.0,"[{'name': ' Birch Log', 'count': 8, 'meta': ''}, {'name': ' None', 'count': 0, 'meta': ''}, {'name': ' None', 'count': 0, 'meta': ''}, {'name': ' None', 'count': 0, 'meta': ''}, {'name': ' None', 'count': 0, 'meta': ''}, {'name': ' None', 'count': 0, 'meta': ''}, {'name': ' None', 'count': 0, 'meta': ''}, {'name': ' None', 'count': 0, 'meta': ''}, {'name': ' None', 'count': 0, 'meta': ''}, {'name': ' None', 'count': 0, 'meta': ''}, {'name': ' None', 'count': 0, 'meta': ''}, {'name': ' None', 'count': 0, 'meta': ''}, {'name': ' None', 'count': 0, 'meta': ''}, {'name': ' None', 'count': 0, 'meta': ''}, {'name': ' None', 'count': 0, 'meta': ''}, {'name': ' None', 'count': 0, 'meta': ''}, {'name': ' None', 'count': 0, 'meta': ''}, {'name': ' None', 'count': 0, 'meta': ''}, {'name': ' None', 'count': 0, 'meta': ''}, {'name': ' None', 'count': 0, 'meta': ''}, {'name': ' None', 'count': 0, 'meta': ''}, {'name': ' None', 'count': 0, 'meta': ''}, {'name': ' None', 'count': 0, 'meta': ''}, {'name': ' None', 'count': 0, 'meta': ''}, {'name': ' None', 'count': 0, 'meta': ''}, {'name': ' None', 'count': 0, 'meta': ''}, {'name': ' None', 'count': 0, 'meta': ''}, {'name': ' None', 'count': 0, 'meta': ''}, {'name': ' None', 'count': 0, 'meta': ''}, {'name': ' None', 'count': 0, 'meta': ''}, {'name': ' None', 'count': 0, 'meta': ''}, {'name': ' None', 'count': 0, 'meta': ''}, {'name': ' None', 'count': 0, 'meta': ''}, {'name': ' None', 'count': 0, 'meta': ''}, {'name': ' None', 'count': 0, 'meta': ''}, {'name': ' None', 'count': 0, 'meta': ''}]","Armor Slot 0: None, Count: 0; Armor Slot 1: None, Count: 0; Armor Slot 2: None, Count: 0; Armor Slot 3: None, Count: 0; ","Offhand: None, Count: 0; ",[],20.0,20.0,"[-0.471800673448422, -0.37541633024844684, -0.797788633358739]",west,6,0 minecraft:air,False,Player is not currently riding anything,0.0784000015258789
24.0,13:49:23.931236,2025-11-07,literal{minecrafter256},"(106.24545024568366, 72.0, 152.42065000158024)",20.0,"[{'name': ' Birch Log', 'count': 8, 'meta': ''}, {'name': ' None', 'count': 0, 'meta': ''}, {'name': ' None', 'count': 0, 'meta': ''}, {'name': ' None', 'count': 0, 'meta': ''}, {'name': ' None', 'count': 0, 'meta': ''}, {'name': ' None', 'count': 0, 'meta': ''}, {'name': ' None', 'count': 0, 'meta': ''}, {'name': ' None', 'count': 0, 'meta': ''}, {'name': ' None', 'count': 0, 'meta': ''}, {'name': ' None', 'count': 0, 'meta': ''}, {'name': ' None', 'count': 0, 'meta': ''}, {'name': ' None', 'count': 0, 'meta': ''}, {'name': ' None', 'count': 0, 'meta': ''}, {'name': ' None', 'count': 0, 'meta': ''}, {'name': ' None', 'count': 0, 'meta': ''}, {'name': ' None', 'count': 0, 'meta': ''}, {'name': ' None', 'count': 0, 'meta': ''}, {'name': ' None', 'count': 0, 'meta': ''}, {'name': ' None', 'count': 0, 'meta': ''}, {'name': ' None', 'count': 0, 'meta': ''}, {'name': ' None', 'count': 0, 'meta': ''}, {'name': ' None', 'count': 0, 'meta': ''}, {'name': ' None', 'count': 0, 'meta': ''}, {'name': ' None', 'count': 0, 'meta': ''}, {'name': ' None', 'count': 0, 'meta': ''}, {'name': ' None', 'count': 0, 'meta': ''}, {'name': ' None', 'count': 0, 'meta': ''}, {'name': ' None', 'count': 0, 'meta': ''}, {'name': ' None', 'count': 0, 'meta': ''}, {'name': ' None', 'count': 0, 'meta': ''}, {'name': ' None', 'count': 0, 'meta': ''}, {'name': ' None', 'count': 0, 'meta': ''}, {'name': ' None', 'count': 0, 'meta': ''}, {'name': ' None', 'count': 0, 'meta': ''}, {'name': ' None', 'count': 0, 'meta': ''}, {'name': ' None', 'count': 0, 'meta': ''}]","Armor Slot 0: None, Count: 0; Armor Slot 1: None, Count: 0; Armor Slot 2: None, Count: 0; Armor Slot 3: None, Count: 0; ","Offhand: None, Count: 0; ",[],20.0,20.0,"[-0.471800673448422, -0.37541633024844684, -0.797788633358739]",west,6,0 minecraft:air,False,Player is not currently riding anything,0.0784000015258789
24.0,13:49:23.982895,2025-11-07,literal{minecrafter256},"(106.24545024568366, 72.0, 152.42065000158024)",20.0,"[{'name': ' Birch Log', 'count': 8, 'meta': ''}, {'name': ' None', 'count': 0, 'meta': ''}, {'name': ' None', 'count': 0, 'meta': ''}, {'name': ' None', 'count': 0, 'meta': ''}, {'name': ' None', 'count': 0, 'meta': ''}, {'name': ' None', 'count': 0, 'meta': ''}, {'name': ' None', 'count': 0, 'meta': ''}, {'name': ' None', 'count': 0, 'meta': ''}, {'name': ' None', 'count': 0, 'meta': ''}, {'name': ' None', 'count': 0, 'meta': ''}, {'name': ' None', 'count': 0, 'meta': ''}, {'name': ' None', 'count': 0, 'meta': ''}, {'name': ' None', 'count': 0, 'meta': ''}, {'name': ' None', 'count': 0, 'meta': ''}, {'name': ' None', 'count': 0, 'meta': ''}, {'name': ' None', 'count': 0, 'meta': ''}, {'name': ' None', 'count': 0, 'meta': ''}, {'name': ' None', 'count': 0, 'meta': ''}, {'name': ' None', 'count': 0, 'meta': ''}, {'name': ' None', 'count': 0, 'meta': ''}, {'name': ' None', 'count': 0, 'meta': ''}, {'name': ' None', 'count': 0, 'meta': ''}, {'name': ' None', 'count': 0, 'meta': ''}, {'name': ' None', 'count': 0, 'meta': ''}, {'name': ' None', 'count': 0, 'meta': ''}, {'name': ' None', 'count': 0, 'meta': ''}, {'name': ' None', 'count': 0, 'meta': ''}, {'name': ' None', 'count': 0, 'meta': ''}, {'name': ' None', 'count': 0, 'meta': ''}, {'name': ' None', 'count': 0, 'meta': ''}, {'name': ' None', 'count': 0, 'meta': ''}, {'name': ' None', 'count': 0, 'meta': ''}, {'name': ' None', 'count': 0, 'meta': ''}, {'name': ' None', 'count': 0, 'meta': ''}, {'name': ' None', 'count': 0, 'meta': ''}, {'name': ' None', 'count': 0, 'meta': ''}]","Armor Slot 0: None, Count: 0; Armor Slot 1: None, Count: 0; Armor Slot 2: None, Count: 0; Armor Slot 3: None, Count: 0; ","Offhand: None, Count: 0; ",[],20.0,20.0,"[-0.471800673448422, -0.37541633024844684, -0.797788633358739]",west,6,0 minecraft:air,False,Player is not currently riding anything,0.0784000015258789
24.0,13:49:24.050991800,2025-11-07,literal{minecrafter256},"(106.24545024568366, 72.0, 152.42065000158024)",20.0,"[{'name': ' Birch Log', 'count': 8, 'meta': ''}, {'name': ' None', 'count': 0, 'meta': ''}, {'name': ' None', 'count': 0, 'meta': ''}, {'name': ' None', 'count': 0, 'meta': ''}, {'name': ' None', 'count': 0, 'meta': ''}, {'name': ' None', 'count': 0, 'meta': ''}, {'name': ' None', 'count': 0, 'meta': ''}, {'name': ' None', 'count': 0, 'meta': ''}, {'name': ' None', 'count': 0, 'meta': ''}, {'name': ' None', 'count': 0, 'meta': ''}, {'name': ' None', 'count': 0, 'meta': ''}, {'name': ' None', 'count': 0, 'meta': ''}, {'name': ' None', 'count': 0, 'meta': ''}, {'name': ' None', 'count': 0, 'meta': ''}, {'name': ' None', 'count': 0, 'meta': ''}, {'name': ' None', 'count': 0, 'meta': ''}, {'name': ' None', 'count': 0, 'meta': ''}, {'name': ' None', 'count': 0, 'meta': ''}, {'name': ' None', 'count': 0, 'meta': ''}, {'name': ' None', 'count': 0, 'meta': ''}, {'name': ' None', 'count': 0, 'meta': ''}, {'name': ' None', 'count': 0, 'meta': ''}, {'name': ' None', 'count': 0, 'meta': ''}, {'name': ' None', 'count': 0, 'meta': ''}, {'name': ' None', 'count': 0, 'meta': ''}, {'name': ' None', 'count': 0, 'meta': ''}, {'name': ' None', 'count': 0, 'meta': ''}, {'name': ' None', 'count': 0, 'meta': ''}, {'name': ' None', 'count': 0, 'meta': ''}, {'name': ' None', 'count': 0, 'meta': ''}, {'name': ' None', 'count': 0, 'meta': ''}, {'name': ' None', 'count': 0, 'meta': ''}, {'name': ' None', 'count': 0, 'meta': ''}, {'name': ' None', 'count': 0, 'meta': ''}, {'name': ' None', 'count': 0, 'meta': ''}, {'name': ' None', 'count': 0, 'meta': ''}]","Armor Slot 0: None, Count: 0; Armor Slot 1: None, Count: 0; Armor Slot 2: None, Count: 0; Armor Slot 3: None, Count: 0; ","Offhand: None, Count: 0; ",[],20.0,20.0,"[-0.471800673448422, -0.37541633024844684, -0.797788633358739]",west,6,0 minecraft:air,False,Player is not currently riding anything,0.0784000015258789
24.0,13:49:24.140063200,2025-11-07,literal{minecrafter256},"(106.24545024568366, 72.0, 152.42065000158024)",20.0,"[{'name': ' Birch Log', 'count': 8, 'meta': ''}, {'name': ' None', 'count': 0, 'meta': ''}, {'name': ' None', 'count': 0, 'meta': ''}, {'name': ' None', 'count': 0, 'meta': ''}, {'name': ' None', 'count': 0, 'meta': ''}, {'name': ' None', 'count': 0, 'meta': ''}, {'name': ' None', 'count': 0, 'meta': ''}, {'name': ' None', 'count': 0, 'meta': ''}, {'name': ' None', 'count': 0, 'meta': ''}, {'name': ' None', 'count': 0, 'meta': ''}, {'name': ' None', 'count': 0, 'meta': ''}, {'name': ' None', 'count': 0, 'meta': ''}, {'name': ' None', 'count': 0, 'meta': ''}, {'name': ' None', 'count': 0, 'meta': ''}, {'name': ' None', 'count': 0, 'meta': ''}, {'name': ' None', 'count': 0, 'meta': ''}, {'name': ' None', 'count': 0, 'meta': ''}, {'name': ' None', 'count': 0, 'meta': ''}, {'name': ' None', 'count': 0, 'meta': ''}, {'name': ' None', 'count': 0, 'meta': ''}, {'name': ' None', 'count': 0, 'meta': ''}, {'name': ' None', 'count': 0, 'meta': ''}, {'name': ' None', 'count': 0, 'meta': ''}, {'name': ' None', 'count': 0, 'meta': ''}, {'name': ' None', 'count': 0, 'meta': ''}, {'name': ' None', 'count': 0, 'meta': ''}, {'name': ' None', 'count': 0, 'meta': ''}, {'name': ' None', 'count': 0, 'meta': ''}, {'name': ' None', 'count': 0, 'meta': ''}, {'name': ' None', 'count': 0, 'meta': ''}, {'name': ' None', 'count': 0, 'meta': ''}, {'name': ' None', 'count': 0, 'meta': ''}, {'name': ' None', 'count': 0, 'meta': ''}, {'name': ' None', 'count': 0, 'meta': ''}, {'name': ' None', 'count': 0, 'meta': ''}, {'name': ' None', 'count': 0, 'meta': ''}]","Armor Slot 0: None, Count: 0; Armor Slot 1: None, Count: 0; Armor Slot 2: None, Count: 0; Armor Slot 3: None, Count: 0; ","Offhand: None, Count: 0; ",[],20.0,20.0,"[-0.471800673448422, -0.37541633024844684, -0.797788633358739]",west,6,0 minecraft:air,False,Player is not currently riding anything,0.0784000015258789
24.0,13:49:24.155237800,2025-11-07,literal{minecrafter256},"(106.24545024568366, 72.0, 152.42065000158024)",20.0,"[{'name': ' Birch Log', 'count': 8, 'meta': ''}, {'name': ' None', 'count': 0, 'meta': ''}, {'name': ' None', 'count': 0, 'meta': ''}, {'name': ' None', 'count': 0, 'meta': ''}, {'name': ' None', 'count': 0, 'meta': ''}, {'name': ' None', 'count': 0, 'meta': ''}, {'name': ' None', 'count': 0, 'meta': ''}, {'name': ' None', 'count': 0, 'meta': ''}, {'name': ' None', 'count': 0, 'meta': ''}, {'name': ' None', 'count': 0, 'meta': ''}, {'name': ' None', 'count': 0, 'meta': ''}, {'name': ' None', 'count': 0, 'meta': ''}, {'name': ' None', 'count': 0, 'meta': ''}, {'name': ' None', 'count': 0, 'meta': ''}, {'name': ' None', 'count': 0, 'meta': ''}, {'name': ' None', 'count': 0, 'meta': ''}, {'name': ' None', 'count': 0, 'meta': ''}, {'name': ' None', 'count': 0, 'meta': ''}, {'name': ' None', 'count': 0, 'meta': ''}, {'name': ' None', 'count': 0, 'meta': ''}, {'name': ' None', 'count': 0, 'meta': ''}, {'name': ' None', 'count': 0, 'meta': ''}, {'name': ' None', 'count': 0, 'meta': ''}, {'name': ' None', 'count': 0, 'meta': ''}, {'name': ' None', 'count': 0, 'meta': ''}, {'name': ' None', 'count': 0, 'meta': ''}, {'name': ' None', 'count': 0, 'meta': ''}, {'name': ' None', 'count': 0, 'meta': ''}, {'name': ' None', 'count': 0, 'meta': ''}, {'name': ' None', 'count': 0, 'meta': ''}, {'name': ' None', 'count': 0, 'meta': ''}, {'name': ' None', 'count': 0, 'meta': ''}, {'name': ' None', 'count': 0, 'meta': ''}, {'name': ' None', 'count': 0, 'meta': ''}, {'name': ' None', 'count': 0, 'meta': ''}, {'name': ' None', 'count': 0, 'meta': ''}]","Armor Slot 0: None, Count: 0; Armor Slot 1: None, Count: 0; Armor Slot 2: None, Count: 0; Armor Slot 3: None, Count: 0; ","Offhand: None, Count: 0; ",[],20.0,20.0,"[-0.471800673448422, -0.37541633024844684, -0.797788633358739]",west,6,0 minecraft:air,False,Player is not currently riding anything,0.0784000015258789
24.0,13:49:24.188289400,2025-11-07,literal{minecrafter256},"(106.24545024568366, 72.0, 152.42065000158024)",20.0,"[{'name': ' Birch Log', 'count': 8, 'meta': ''}, {'name': ' None', 'count': 0, 'meta': ''}, {'name': ' None', 'count': 0, 'meta': ''}, {'name': ' None', 'count': 0, 'meta': ''}, {'name': ' None', 'count': 0, 'meta': ''}, {'name': ' None', 'count': 0, 'meta': ''}, {'name': ' None', 'count': 0, 'meta': ''}, {'name': ' None', 'count': 0, 'meta': ''}, {'name': ' None', 'count': 0, 'meta': ''}, {'name': ' None', 'count': 0, 'meta': ''}, {'name': ' None', 'count': 0, 'meta': ''}, {'name': ' None', 'count': 0, 'meta': ''}, {'name': ' None', 'count': 0, 'meta': ''}, {'name': ' None', 'count': 0, 'meta': ''}, {'name': ' None', 'count': 0, 'meta': ''}, {'name': ' None', 'count': 0, 'meta': ''}, {'name': ' None', 'count': 0, 'meta': ''}, {'name': ' None', 'count': 0, 'meta': ''}, {'name': ' None', 'count': 0, 'meta': ''}, {'name': ' None', 'count': 0, 'meta': ''}, {'name': ' None', 'count': 0, 'meta': ''}, {'name': ' None', 'count': 0, 'meta': ''}, {'name': ' None', 'count': 0, 'meta': ''}, {'name': ' None', 'count': 0, 'meta': ''}, {'name': ' None', 'count': 0, 'meta': ''}, {'name': ' None', 'count': 0, 'meta': ''}, {'name': ' None', 'count': 0, 'meta': ''}, {'name': ' None', 'count': 0, 'meta': ''}, {'name': ' None', 'count': 0, 'meta': ''}, {'name': ' None', 'count': 0, 'meta': ''}, {'name': ' None', 'count': 0, 'meta': ''}, {'name': ' None', 'count': 0, 'meta': ''}, {'name': ' None', 'count': 0, 'meta': ''}, {'name': ' None', 'count': 0, 'meta': ''}, {'name': ' None', 'count': 0, 'meta': ''}, {'name': ' None', 'count': 0, 'meta': ''}]","Armor Slot 0: None, Count: 0; Armor Slot 1: None, Count: 0; Armor Slot 2: None, Count: 0; Armor Slot 3: None, Count: 0; ","Offhand: None, Count: 0; ",[],20.0,20.0,"[-0.471800673448422, -0.37541633024844684, -0.797788633358739]",west,6,0 minecraft:air,False,Player is not currently riding anything,0.0784000015258789
24.0,13:49:24.234581500,2025-11-07,literal{minecrafter256},"(106.24545024568366, 72.0, 152.42065000158024)",20.0,"[{'name': ' Birch Log', 'count': 8, 'meta': ''}, {'name': ' None', 'count': 0, 'meta': ''}, {'name': ' None', 'count': 0, 'meta': ''}, {'name': ' None', 'count': 0, 'meta': ''}, {'name': ' None', 'count': 0, 'meta': ''}, {'name': ' None', 'count': 0, 'meta': ''}, {'name': ' None', 'count': 0, 'meta': ''}, {'name': ' None', 'count': 0, 'meta': ''}, {'name': ' None', 'count': 0, 'meta': ''}, {'name': ' None', 'count': 0, 'meta': ''}, {'name': ' None', 'count': 0, 'meta': ''}, {'name': ' None', 'count': 0, 'meta': ''}, {'name': ' None', 'count': 0, 'meta': ''}, {'name': ' None', 'count': 0, 'meta': ''}, {'name': ' None', 'count': 0, 'meta': ''}, {'name': ' None', 'count': 0, 'meta': ''}, {'name': ' None', 'count': 0, 'meta': ''}, {'name': ' None', 'count': 0, 'meta': ''}, {'name': ' None', 'count': 0, 'meta': ''}, {'name': ' None', 'count': 0, 'meta': ''}, {'name': ' None', 'count': 0, 'meta': ''}, {'name': ' None', 'count': 0, 'meta': ''}, {'name': ' None', 'count': 0, 'meta': ''}, {'name': ' None', 'count': 0, 'meta': ''}, {'name': ' None', 'count': 0, 'meta': ''}, {'name': ' None', 'count': 0, 'meta': ''}, {'name': ' None', 'count': 0, 'meta': ''}, {'name': ' None', 'count': 0, 'meta': ''}, {'name': ' None', 'count': 0, 'meta': ''}, {'name': ' None', 'count': 0, 'meta': ''}, {'name': ' None', 'count': 0, 'meta': ''}, {'name': ' None', 'count': 0, 'meta': ''}, {'name': ' None', 'count': 0, 'meta': ''}, {'name': ' None', 'count': 0, 'meta': ''}, {'name': ' None', 'count': 0, 'meta': ''}, {'name': ' None', 'count': 0, 'meta': ''}]","Armor Slot 0: None, Count: 0; Armor Slot 1: None, Count: 0; Armor Slot 2: None, Count: 0; Armor Slot 3: None, Count: 0; ","Offhand: None, Count: 0; ",[],20.0,20.0,"[-0.471800673448422, -0.37541633024844684, -0.797788633358739]",west,6,0 minecraft:air,False,Player is not currently riding anything,0.0784000015258789
24.0,13:49:24.286387500,2025-11-07,literal{minecrafter256},"(106.24545024568366, 72.0, 152.42065000158024)",20.0,"[{'name': ' Birch Log', 'count': 8, 'meta': ''}, {'name': ' None', 'count': 0, 'meta': ''}, {'name': ' None', 'count': 0, 'meta': ''}, {'name': ' None', 'count': 0, 'meta': ''}, {'name': ' None', 'count': 0, 'meta': ''}, {'name': ' None', 'count': 0, 'meta': ''}, {'name': ' None', 'count': 0, 'meta': ''}, {'name': ' None', 'count': 0, 'meta': ''}, {'name': ' None', 'count': 0, 'meta': ''}, {'name': ' None', 'count': 0, 'meta': ''}, {'name': ' None', 'count': 0, 'meta': ''}, {'name': ' None', 'count': 0, 'meta': ''}, {'name': ' None', 'count': 0, 'meta': ''}, {'name': ' None', 'count': 0, 'meta': ''}, {'name': ' None', 'count': 0, 'meta': ''}, {'name': ' None', 'count': 0, 'meta': ''}, {'name': ' None', 'count': 0, 'meta': ''}, {'name': ' None', 'count': 0, 'meta': ''}, {'name': ' None', 'count': 0, 'meta': ''}, {'name': ' None', 'count': 0, 'meta': ''}, {'name': ' None', 'count': 0, 'meta': ''}, {'name': ' None', 'count': 0, 'meta': ''}, {'name': ' None', 'count': 0, 'meta': ''}, {'name': ' None', 'count': 0, 'meta': ''}, {'name': ' None', 'count': 0, 'meta': ''}, {'name': ' None', 'count': 0, 'meta': ''}, {'name': ' None', 'count': 0, 'meta': ''}, {'name': ' None', 'count': 0, 'meta': ''}, {'name': ' None', 'count': 0, 'meta': ''}, {'name': ' None', 'count': 0, 'meta': ''}, {'name': ' None', 'count': 0, 'meta': ''}, {'name': ' None', 'count': 0, 'meta': ''}, {'name': ' None', 'count': 0, 'meta': ''}, {'name': ' None', 'count': 0, 'meta': ''}, {'name': ' None', 'count': 0, 'meta': ''}, {'name': ' None', 'count': 0, 'meta': ''}]","Armor Slot 0: None, Count: 0; Armor Slot 1: None, Count: 0; Armor Slot 2: None, Count: 0; Armor Slot 3: None, Count: 0; ","Offhand: None, Count: 0; ",[],20.0,20.0,"[-0.471800673448422, -0.37541633024844684, -0.797788633358739]",west,6,0 minecraft:air,False,Player is not currently riding anything,0.0784000015258789
24.0,13:49:24.340012200,2025-11-07,literal{minecrafter256},"(106.24545024568366, 72.0, 152.42065000158024)",20.0,"[{'name': ' Birch Log', 'count': 8, 'meta': ''}, {'name': ' None', 'count': 0, 'meta': ''}, {'name': ' None', 'count': 0, 'meta': ''}, {'name': ' None', 'count': 0, 'meta': ''}, {'name': ' None', 'count': 0, 'meta': ''}, {'name': ' None', 'count': 0, 'meta': ''}, {'name': ' None', 'count': 0, 'meta': ''}, {'name': ' None', 'count': 0, 'meta': ''}, {'name': ' None', 'count': 0, 'meta': ''}, {'name': ' None', 'count': 0, 'meta': ''}, {'name': ' None', 'count': 0, 'meta': ''}, {'name': ' None', 'count': 0, 'meta': ''}, {'name': ' None', 'count': 0, 'meta': ''}, {'name': ' None', 'count': 0, 'meta': ''}, {'name': ' None', 'count': 0, 'meta': ''}, {'name': ' None', 'count': 0, 'meta': ''}, {'name': ' None', 'count': 0, 'meta': ''}, {'name': ' None', 'count': 0, 'meta': ''}, {'name': ' None', 'count': 0, 'meta': ''}, {'name': ' None', 'count': 0, 'meta': ''}, {'name': ' None', 'count': 0, 'meta': ''}, {'name': ' None', 'count': 0, 'meta': ''}, {'name': ' None', 'count': 0, 'meta': ''}, {'name': ' None', 'count': 0, 'meta': ''}, {'name': ' None', 'count': 0, 'meta': ''}, {'name': ' None', 'count': 0, 'meta': ''}, {'name': ' None', 'count': 0, 'meta': ''}, {'name': ' None', 'count': 0, 'meta': ''}, {'name': ' None', 'count': 0, 'meta': ''}, {'name': ' None', 'count': 0, 'meta': ''}, {'name': ' None', 'count': 0, 'meta': ''}, {'name': ' None', 'count': 0, 'meta': ''}, {'name': ' None', 'count': 0, 'meta': ''}, {'name': ' None', 'count': 0, 'meta': ''}, {'name': ' None', 'count': 0, 'meta': ''}, {'name': ' None', 'count': 0, 'meta': ''}]","Armor Slot 0: None, Count: 0; Armor Slot 1: None, Count: 0; Armor Slot 2: None, Count: 0; Armor Slot 3: None, Count: 0; ","Offhand: None, Count: 0; ",[],20.0,20.0,"[-0.471800673448422, -0.37541633024844684, -0.797788633358739]",west,6,0 minecraft:air,False,Player is not currently riding anything,0.0784000015258789
24.0,13:49:24.418396600,2025-11-07,literal{minecrafter256},"(106.24545024568366, 72.0, 152.42065000158024)",20.0,"[{'name': ' Birch Log', 'count': 8, 'meta': ''}, {'name': ' None', 'count': 0, 'meta': ''}, {'name': ' None', 'count': 0, 'meta': ''}, {'name': ' None', 'count': 0, 'meta': ''}, {'name': ' None', 'count': 0, 'meta': ''}, {'name': ' None', 'count': 0, 'meta': ''}, {'name': ' None', 'count': 0, 'meta': ''}, {'name': ' None', 'count': 0, 'meta': ''}, {'name': ' None', 'count': 0, 'meta': ''}, {'name': ' None', 'count': 0, 'meta': ''}, {'name': ' None', 'count': 0, 'meta': ''}, {'name': ' None', 'count': 0, 'meta': ''}, {'name': ' None', 'count': 0, 'meta': ''}, {'name': ' None', 'count': 0, 'meta': ''}, {'name': ' None', 'count': 0, 'meta': ''}, {'name': ' None', 'count': 0, 'meta': ''}, {'name': ' None', 'count': 0, 'meta': ''}, {'name': ' None', 'count': 0, 'meta': ''}, {'name': ' None', 'count': 0, 'meta': ''}, {'name': ' None', 'count': 0, 'meta': ''}, {'name': ' None', 'count': 0, 'meta': ''}, {'name': ' None', 'count': 0, 'meta': ''}, {'name': ' None', 'count': 0, 'meta': ''}, {'name': ' None', 'count': 0, 'meta': ''}, {'name': ' None', 'count': 0, 'meta': ''}, {'name': ' None', 'count': 0, 'meta': ''}, {'name': ' None', 'count': 0, 'meta': ''}, {'name': ' None', 'count': 0, 'meta': ''}, {'name': ' None', 'count': 0, 'meta': ''}, {'name': ' None', 'count': 0, 'meta': ''}, {'name': ' None', 'count': 0, 'meta': ''}, {'name': ' None', 'count': 0, 'meta': ''}, {'name': ' None', 'count': 0, 'meta': ''}, {'name': ' None', 'count': 0, 'meta': ''}, {'name': ' None', 'count': 0, 'meta': ''}, {'name': ' None', 'count': 0, 'meta': ''}]","Armor Slot 0: None, Count: 0; Armor Slot 1: None, Count: 0; Armor Slot 2: None, Count: 0; Armor Slot 3: None, Count: 0; ","Offhand: None, Count: 0; ",[],20.0,20.0,"[-0.471800673448422, -0.37541633024844684, -0.797788633358739]",west,6,0 minecraft:air,False,Player is not currently riding anything,0.0784000015258789
24.0,13:49:24.438686,2025-11-07,literal{minecrafter256},"(106.24545024568366, 72.0, 152.42065000158024)",20.0,"[{'name': ' Birch Log', 'count': 8, 'meta': ''}, {'name': ' None', 'count': 0, 'meta': ''}, {'name': ' None', 'count': 0, 'meta': ''}, {'name': ' None', 'count': 0, 'meta': ''}, {'name': ' None', 'count': 0, 'meta': ''}, {'name': ' None', 'count': 0, 'meta': ''}, {'name': ' None', 'count': 0, 'meta': ''}, {'name': ' None', 'count': 0, 'meta': ''}, {'name': ' None', 'count': 0, 'meta': ''}, {'name': ' None', 'count': 0, 'meta': ''}, {'name': ' None', 'count': 0, 'meta': ''}, {'name': ' None', 'count': 0, 'meta': ''}, {'name': ' None', 'count': 0, 'meta': ''}, {'name': ' None', 'count': 0, 'meta': ''}, {'name': ' None', 'count': 0, 'meta': ''}, {'name': ' None', 'count': 0, 'meta': ''}, {'name': ' None', 'count': 0, 'meta': ''}, {'name': ' None', 'count': 0, 'meta': ''}, {'name': ' None', 'count': 0, 'meta': ''}, {'name': ' None', 'count': 0, 'meta': ''}, {'name': ' None', 'count': 0, 'meta': ''}, {'name': ' None', 'count': 0, 'meta': ''}, {'name': ' None', 'count': 0, 'meta': ''}, {'name': ' None', 'count': 0, 'meta': ''}, {'name': ' None', 'count': 0, 'meta': ''}, {'name': ' None', 'count': 0, 'meta': ''}, {'name': ' None', 'count': 0, 'meta': ''}, {'name': ' None', 'count': 0, 'meta': ''}, {'name': ' None', 'count': 0, 'meta': ''}, {'name': ' None', 'count': 0, 'meta': ''}, {'name': ' None', 'count': 0, 'meta': ''}, {'name': ' None', 'count': 0, 'meta': ''}, {'name': ' None', 'count': 0, 'meta': ''}, {'name': ' None', 'count': 0, 'meta': ''}, {'name': ' None', 'count': 0, 'meta': ''}, {'name': ' None', 'count': 0, 'meta': ''}]","Armor Slot 0: None, Count: 0; Armor Slot 1: None, Count: 0; Armor Slot 2: None, Count: 0; Armor Slot 3: None, Count: 0; ","Offhand: None, Count: 0; ",[],20.0,20.0,"[-0.471800673448422, -0.37541633024844684, -0.797788633358739]",west,6,0 minecraft:air,False,Player is not currently riding anything,0.0784000015258789
24.0,13:49:24.492894300,2025-11-07,literal{minecrafter256},"(106.24545024568366, 72.0, 152.42065000158024)",20.0,"[{'name': ' Birch Log', 'count': 8, 'meta': ''}, {'name': ' None', 'count': 0, 'meta': ''}, {'name': ' None', 'count': 0, 'meta': ''}, {'name': ' None', 'count': 0, 'meta': ''}, {'name': ' None', 'count': 0, 'meta': ''}, {'name': ' None', 'count': 0, 'meta': ''}, {'name': ' None', 'count': 0, 'meta': ''}, {'name': ' None', 'count': 0, 'meta': ''}, {'name': ' None', 'count': 0, 'meta': ''}, {'name': ' None', 'count': 0, 'meta': ''}, {'name': ' None', 'count': 0, 'meta': ''}, {'name': ' None', 'count': 0, 'meta': ''}, {'name': ' None', 'count': 0, 'meta': ''}, {'name': ' None', 'count': 0, 'meta': ''}, {'name': ' None', 'count': 0, 'meta': ''}, {'name': ' None', 'count': 0, 'meta': ''}, {'name': ' None', 'count': 0, 'meta': ''}, {'name': ' None', 'count': 0, 'meta': ''}, {'name': ' None', 'count': 0, 'meta': ''}, {'name': ' None', 'count': 0, 'meta': ''}, {'name': ' None', 'count': 0, 'meta': ''}, {'name': ' None', 'count': 0, 'meta': ''}, {'name': ' None', 'count': 0, 'meta': ''}, {'name': ' None', 'count': 0, 'meta': ''}, {'name': ' None', 'count': 0, 'meta': ''}, {'name': ' None', 'count': 0, 'meta': ''}, {'name': ' None', 'count': 0, 'meta': ''}, {'name': ' None', 'count': 0, 'meta': ''}, {'name': ' None', 'count': 0, 'meta': ''}, {'name': ' None', 'count': 0, 'meta': ''}, {'name': ' None', 'count': 0, 'meta': ''}, {'name': ' None', 'count': 0, 'meta': ''}, {'name': ' None', 'count': 0, 'meta': ''}, {'name': ' None', 'count': 0, 'meta': ''}, {'name': ' None', 'count': 0, 'meta': ''}, {'name': ' None', 'count': 0, 'meta': ''}]","Armor Slot 0: None, Count: 0; Armor Slot 1: None, Count: 0; Armor Slot 2: None, Count: 0; Armor Slot 3: None, Count: 0; ","Offhand: None, Count: 0; ",[],20.0,20.0,"[-0.47279479313875333, -0.3705582105001646, -0.7994696343275328]",west,6,0 minecraft:air,False,Player is not currently riding anything,0.0784000015258789
24.0,13:49:24.557932100,2025-11-07,literal{minecrafter256},"(106.24545024568366, 72.0, 152.42065000158024)",20.0,"[{'name': ' Birch Log', 'count': 8, 'meta': ''}, {'name': ' None', 'count': 0, 'meta': ''}, {'name': ' None', 'count': 0, 'meta': ''}, {'name': ' None', 'count': 0, 'meta': ''}, {'name': ' None', 'count': 0, 'meta': ''}, {'name': ' None', 'count': 0, 'meta': ''}, {'name': ' None', 'count': 0, 'meta': ''}, {'name': ' None', 'count': 0, 'meta': ''}, {'name': ' None', 'count': 0, 'meta': ''}, {'name': ' None', 'count': 0, 'meta': ''}, {'name': ' None', 'count': 0, 'meta': ''}, {'name': ' None', 'count': 0, 'meta': ''}, {'name': ' None', 'count': 0, 'meta': ''}, {'name': ' None', 'count': 0, 'meta': ''}, {'name': ' None', 'count': 0, 'meta': ''}, {'name': ' None', 'count': 0, 'meta': ''}, {'name': ' None', 'count': 0, 'meta': ''}, {'name': ' None', 'count': 0, 'meta': ''}, {'name': ' None', 'count': 0, 'meta': ''}, {'name': ' None', 'count': 0, 'meta': ''}, {'name': ' None', 'count': 0, 'meta': ''}, {'name': ' None', 'count': 0, 'meta': ''}, {'name': ' None', 'count': 0, 'meta': ''}, {'name': ' None', 'count': 0, 'meta': ''}, {'name': ' None', 'count': 0, 'meta': ''}, {'name': ' None', 'count': 0, 'meta': ''}, {'name': ' None', 'count': 0, 'meta': ''}, {'name': ' None', 'count': 0, 'meta': ''}, {'name': ' None', 'count': 0, 'meta': ''}, {'name': ' None', 'count': 0, 'meta': ''}, {'name': ' None', 'count': 0, 'meta': ''}, {'name': ' None', 'count': 0, 'meta': ''}, {'name': ' None', 'count': 0, 'meta': ''}, {'name': ' None', 'count': 0, 'meta': ''}, {'name': ' None', 'count': 0, 'meta': ''}, {'name': ' None', 'count': 0, 'meta': ''}]","Armor Slot 0: None, Count: 0; Armor Slot 1: None, Count: 0; Armor Slot 2: None, Count: 0; Armor Slot 3: None, Count: 0; ","Offhand: None, Count: 0; ",[],20.0,20.0,"[-0.47279479313875333, -0.3705582105001646, -0.7994696343275328]",west,6,0 minecraft:air,False,Player is not currently riding anything,0.0784000015258789
24.0,13:49:24.586472400,2025-11-07,literal{minecrafter256},"(106.24545024568366, 72.0, 152.42065000158024)",20.0,"[{'name': ' Birch Log', 'count': 8, 'meta': ''}, {'name': ' None', 'count': 0, 'meta': ''}, {'name': ' None', 'count': 0, 'meta': ''}, {'name': ' None', 'count': 0, 'meta': ''}, {'name': ' None', 'count': 0, 'meta': ''}, {'name': ' None', 'count': 0, 'meta': ''}, {'name': ' None', 'count': 0, 'meta': ''}, {'name': ' None', 'count': 0, 'meta': ''}, {'name': ' None', 'count': 0, 'meta': ''}, {'name': ' None', 'count': 0, 'meta': ''}, {'name': ' None', 'count': 0, 'meta': ''}, {'name': ' None', 'count': 0, 'meta': ''}, {'name': ' None', 'count': 0, 'meta': ''}, {'name': ' None', 'count': 0, 'meta': ''}, {'name': ' None', 'count': 0, 'meta': ''}, {'name': ' None', 'count': 0, 'meta': ''}, {'name': ' None', 'count': 0, 'meta': ''}, {'name': ' None', 'count': 0, 'meta': ''}, {'name': ' None', 'count': 0, 'meta': ''}, {'name': ' None', 'count': 0, 'meta': ''}, {'name': ' None', 'count': 0, 'meta': ''}, {'name': ' None', 'count': 0, 'meta': ''}, {'name': ' None', 'count': 0, 'meta': ''}, {'name': ' None', 'count': 0, 'meta': ''}, {'name': ' None', 'count': 0, 'meta': ''}, {'name': ' None', 'count': 0, 'meta': ''}, {'name': ' None', 'count': 0, 'meta': ''}, {'name': ' None', 'count': 0, 'meta': ''}, {'name': ' None', 'count': 0, 'meta': ''}, {'name': ' None', 'count': 0, 'meta': ''}, {'name': ' None', 'count': 0, 'meta': ''}, {'name': ' None', 'count': 0, 'meta': ''}, {'name': ' None', 'count': 0, 'meta': ''}, {'name': ' None', 'count': 0, 'meta': ''}, {'name': ' None', 'count': 0, 'meta': ''}, {'name': ' None', 'count': 0, 'meta': ''}]","Armor Slot 0: None, Count: 0; Armor Slot 1: None, Count: 0; Armor Slot 2: None, Count: 0; Armor Slot 3: None, Count: 0; ","Offhand: None, Count: 0; ",[],20.0,20.0,"[-0.5350967066460963, -0.26892059654494255, -0.8008453204523417]",west,6,0 minecraft:air,False,Player is not currently riding anything,0.0784000015258789
24.0,13:49:24.753380800,2025-11-07,literal{minecrafter256},"(106.24545024568366, 72.0, 152.42065000158024)",20.0,"[{'name': ' Birch Log', 'count': 8, 'meta': ''}, {'name': ' None', 'count': 0, 'meta': ''}, {'name': ' None', 'count': 0, 'meta': ''}, {'name': ' None', 'count': 0, 'meta': ''}, {'name': ' None', 'count': 0, 'meta': ''}, {'name': ' None', 'count': 0, 'meta': ''}, {'name': ' None', 'count': 0, 'meta': ''}, {'name': ' None', 'count': 0, 'meta': ''}, {'name': ' None', 'count': 0, 'meta': ''}, {'name': ' None', 'count': 0, 'meta': ''}, {'name': ' None', 'count': 0, 'meta': ''}, {'name': ' None', 'count': 0, 'meta': ''}, {'name': ' None', 'count': 0, 'meta': ''}, {'name': ' None', 'count': 0, 'meta': ''}, {'name': ' None', 'count': 0, 'meta': ''}, {'name': ' None', 'count': 0, 'meta': ''}, {'name': ' None', 'count': 0, 'meta': ''}, {'name': ' None', 'count': 0, 'meta': ''}, {'name': ' None', 'count': 0, 'meta': ''}, {'name': ' None', 'count': 0, 'meta': ''}, {'name': ' None', 'count': 0, 'meta': ''}, {'name': ' None', 'count': 0, 'meta': ''}, {'name': ' None', 'count': 0, 'meta': ''}, {'name': ' None', 'count': 0, 'meta': ''}, {'name': ' None', 'count': 0, 'meta': ''}, {'name': ' None', 'count': 0, 'meta': ''}, {'name': ' None', 'count': 0, 'meta': ''}, {'name': ' None', 'count': 0, 'meta': ''}, {'name': ' None', 'count': 0, 'meta': ''}, {'name': ' None', 'count': 0, 'meta': ''}, {'name': ' None', 'count': 0, 'meta': ''}, {'name': ' None', 'count': 0, 'meta': ''}, {'name': ' None', 'count': 0, 'meta': ''}, {'name': ' None', 'count': 0, 'meta': ''}, {'name': ' None', 'count': 0, 'meta': ''}, {'name': ' None', 'count': 0, 'meta': ''}]","Armor Slot 0: None, Count: 0; Armor Slot 1: None, Count: 0; Armor Slot 2: None, Count: 0; Armor Slot 3: None, Count: 0; ","Offhand: None, Count: 0; ",[],20.0,20.0,"[-0.5574467302161178, -0.17708550698292813, -0.8111065689463735]",west,6,0 minecraft:air,False,Player is not currently riding anything,0.0784000015258789
24.0,13:49:24.768176300,2025-11-07,literal{minecrafter256},"(106.24545024568366, 72.0, 152.42065000158024)",20.0,"[{'name': ' Birch Log', 'count': 8, 'meta': ''}, {'name': ' None', 'count': 0, 'meta': ''}, {'name': ' None', 'count': 0, 'meta': ''}, {'name': ' None', 'count': 0, 'meta': ''}, {'name': ' None', 'count': 0, 'meta': ''}, {'name': ' None', 'count': 0, 'meta': ''}, {'name': ' None', 'count': 0, 'meta': ''}, {'name': ' None', 'count': 0, 'meta': ''}, {'name': ' None', 'count': 0, 'meta': ''}, {'name': ' None', 'count': 0, 'meta': ''}, {'name': ' None', 'count': 0, 'meta': ''}, {'name': ' None', 'count': 0, 'meta': ''}, {'name': ' None', 'count': 0, 'meta': ''}, {'name': ' None', 'count': 0, 'meta': ''}, {'name': ' None', 'count': 0, 'meta': ''}, {'name': ' None', 'count': 0, 'meta': ''}, {'name': ' None', 'count': 0, 'meta': ''}, {'name': ' None', 'count': 0, 'meta': ''}, {'name': ' None', 'count': 0, 'meta': ''}, {'name': ' None', 'count': 0, 'meta': ''}, {'name': ' None', 'count': 0, 'meta': ''}, {'name': ' None', 'count': 0, 'meta': ''}, {'name': ' None', 'count': 0, 'meta': ''}, {'name': ' None', 'count': 0, 'meta': ''}, {'name': ' None', 'count': 0, 'meta': ''}, {'name': ' None', 'count': 0, 'meta': ''}, {'name': ' None', 'count': 0, 'meta': ''}, {'name': ' None', 'count': 0, 'meta': ''}, {'name': ' None', 'count': 0, 'meta': ''}, {'name': ' None', 'count': 0, 'meta': ''}, {'name': ' None', 'count': 0, 'meta': ''}, {'name': ' None', 'count': 0, 'meta': ''}, {'name': ' None', 'count': 0, 'meta': ''}, {'name': ' None', 'count': 0, 'meta': ''}, {'name': ' None', 'count': 0, 'meta': ''}, {'name': ' None', 'count': 0, 'meta': ''}]","Armor Slot 0: None, Count: 0; Armor Slot 1: None, Count: 0; Armor Slot 2: None, Count: 0; Armor Slot 3: None, Count: 0; ","Offhand: None, Count: 0; ",[],20.0,20.0,"[-0.5608383210674193, -0.16418761497216774, -0.8114818572907404]",west,6,0 minecraft:air,False,Player is not currently riding anything,0.0784000015258789
24.0,13:49:24.782693600,2025-11-07,literal{minecrafter256},"(106.24545024568366, 72.0, 152.42065000158024)",20.0,"[{'name': ' Birch Log', 'count': 8, 'meta': ''}, {'name': ' None', 'count': 0, 'meta': ''}, {'name': ' None', 'count': 0, 'meta': ''}, {'name': ' None', 'count': 0, 'meta': ''}, {'name': ' None', 'count': 0, 'meta': ''}, {'name': ' None', 'count': 0, 'meta': ''}, {'name': ' None', 'count': 0, 'meta': ''}, {'name': ' None', 'count': 0, 'meta': ''}, {'name': ' None', 'count': 0, 'meta': ''}, {'name': ' None', 'count': 0, 'meta': ''}, {'name': ' None', 'count': 0, 'meta': ''}, {'name': ' None', 'count': 0, 'meta': ''}, {'name': ' None', 'count': 0, 'meta': ''}, {'name': ' None', 'count': 0, 'meta': ''}, {'name': ' None', 'count': 0, 'meta': ''}, {'name': ' None', 'count': 0, 'meta': ''}, {'name': ' None', 'count': 0, 'meta': ''}, {'name': ' None', 'count': 0, 'meta': ''}, {'name': ' None', 'count': 0, 'meta': ''}, {'name': ' None', 'count': 0, 'meta': ''}, {'name': ' None', 'count': 0, 'meta': ''}, {'name': ' None', 'count': 0, 'meta': ''}, {'name': ' None', 'count': 0, 'meta': ''}, {'name': ' None', 'count': 0, 'meta': ''}, {'name': ' None', 'count': 0, 'meta': ''}, {'name': ' None', 'count': 0, 'meta': ''}, {'name': ' None', 'count': 0, 'meta': ''}, {'name': ' None', 'count': 0, 'meta': ''}, {'name': ' None', 'count': 0, 'meta': ''}, {'name': ' None', 'count': 0, 'meta': ''}, {'name': ' None', 'count': 0, 'meta': ''}, {'name': ' None', 'count': 0, 'meta': ''}, {'name': ' None', 'count': 0, 'meta': ''}, {'name': ' None', 'count': 0, 'meta': ''}, {'name': ' None', 'count': 0, 'meta': ''}, {'name': ' None', 'count': 0, 'meta': ''}]","Armor Slot 0: None, Count: 0; Armor Slot 1: None, Count: 0; Armor Slot 2: None, Count: 0; Armor Slot 3: None, Count: 0; ","Offhand: None, Count: 0; ",[],20.0,20.0,"[-0.5608383210674193, -0.16418761497216774, -0.8114818572907404]",west,6,0 minecraft:air,False,Player is not currently riding anything,0.0784000015258789
24.0,13:49:24.820951200,2025-11-07,literal{minecrafter256},"(106.24545024568366, 72.0, 152.42065000158024)",20.0,"[{'name': ' Birch Log', 'count': 8, 'meta': ''}, {'name': ' None', 'count': 0, 'meta': ''}, {'name': ' None', 'count': 0, 'meta': ''}, {'name': ' None', 'count': 0, 'meta': ''}, {'name': ' None', 'count': 0, 'meta': ''}, {'name': ' None', 'count': 0, 'meta': ''}, {'name': ' None', 'count': 0, 'meta': ''}, {'name': ' None', 'count': 0, 'meta': ''}, {'name': ' None', 'count': 0, 'meta': ''}, {'name': ' None', 'count': 0, 'meta': ''}, {'name': ' None', 'count': 0, 'meta': ''}, {'name': ' None', 'count': 0, 'meta': ''}, {'name': ' None', 'count': 0, 'meta': ''}, {'name': ' None', 'count': 0, 'meta': ''}, {'name': ' None', 'count': 0, 'meta': ''}, {'name': ' None', 'count': 0, 'meta': ''}, {'name': ' None', 'count': 0, 'meta': ''}, {'name': ' None', 'count': 0, 'meta': ''}, {'name': ' None', 'count': 0, 'meta': ''}, {'name': ' None', 'count': 0, 'meta': ''}, {'name': ' None', 'count': 0, 'meta': ''}, {'name': ' None', 'count': 0, 'meta': ''}, {'name': ' None', 'count': 0, 'meta': ''}, {'name': ' None', 'count': 0, 'meta': ''}, {'name': ' None', 'count': 0, 'meta': ''}, {'name': ' None', 'count': 0, 'meta': ''}, {'name': ' None', 'count': 0, 'meta': ''}, {'name': ' None', 'count': 0, 'meta': ''}, {'name': ' None', 'count': 0, 'meta': ''}, {'name': ' None', 'count': 0, 'meta': ''}, {'name': ' None', 'count': 0, 'meta': ''}, {'name': ' None', 'count': 0, 'meta': ''}, {'name': ' None', 'count': 0, 'meta': ''}, {'name': ' None', 'count': 0, 'meta': ''}, {'name': ' None', 'count': 0, 'meta': ''}, {'name': ' None', 'count': 0, 'meta': ''}]","Armor Slot 0: None, Count: 0; Armor Slot 1: None, Count: 0; Armor Slot 2: None, Count: 0; Armor Slot 3: None, Count: 0; ","Offhand: None, Count: 0; ",[],20.0,20.0,"[-0.5605920114898292, -0.166769508217274, -0.8111254698150934]",west,6,0 minecraft:air,False,Player is not currently riding anything,0.0784000015258789
101.0,13:49:24.868529,2025-11-07,literal{minecrafter256},"(106.24545024568366, 72.0, 152.42065000158024)",20.0,"[{'name': ' Birch Log', 'count': 8, 'meta': ''}, {'name': ' None', 'count': 0, 'meta': ''}, {'name': ' None', 'count': 0, 'meta': ''}, {'name': ' None', 'count': 0, 'meta': ''}, {'name': ' None', 'count': 0, 'meta': ''}, {'name': ' None', 'count': 0, 'meta': ''}, {'name': ' None', 'count': 0, 'meta': ''}, {'name': ' None', 'count': 0, 'meta': ''}, {'name': ' None', 'count': 0, 'meta': ''}, {'name': ' None', 'count': 0, 'meta': ''}, {'name': ' None', 'count': 0, 'meta': ''}, {'name': ' None', 'count': 0, 'meta': ''}, {'name': ' None', 'count': 0, 'meta': ''}, {'name': ' None', 'count': 0, 'meta': ''}, {'name': ' None', 'count': 0, 'meta': ''}, {'name': ' None', 'count': 0, 'meta': ''}, {'name': ' None', 'count': 0, 'meta': ''}, {'name': ' None', 'count': 0, 'meta': ''}, {'name': ' None', 'count': 0, 'meta': ''}, {'name': ' None', 'count': 0, 'meta': ''}, {'name': ' None', 'count': 0, 'meta': ''}, {'name': ' None', 'count': 0, 'meta': ''}, {'name': ' None', 'count': 0, 'meta': ''}, {'name': ' None', 'count': 0, 'meta': ''}, {'name': ' None', 'count': 0, 'meta': ''}, {'name': ' None', 'count': 0, 'meta': ''}, {'name': ' None', 'count': 0, 'meta': ''}, {'name': ' None', 'count': 0, 'meta': ''}, {'name': ' None', 'count': 0, 'meta': ''}, {'name': ' None', 'count': 0, 'meta': ''}, {'name': ' None', 'count': 0, 'meta': ''}, {'name': ' None', 'count': 0, 'meta': ''}, {'name': ' None', 'count': 0, 'meta': ''}, {'name': ' None', 'count': 0, 'meta': ''}, {'name': ' None', 'count': 0, 'meta': ''}, {'name': ' None', 'count': 0, 'meta': ''}]","Armor Slot 0: None, Count: 0; Armor Slot 1: None, Count: 0; Armor Slot 2: None, Count: 0; Armor Slot 3: None, Count: 0; ","Offhand: None, Count: 0; ",[],20.0,20.0,"[-0.5605920114898292, -0.166769508217274, -0.8111254698150934]",west,6,0 minecraft:air,False,Player is not currently riding anything,0.0784000015258789
101.0,13:49:24.894979600,2025-11-07,literal{minecrafter256},"(106.24545024568366, 72.0, 152.42065000158024)",20.0,"[{'name': ' Birch Log', 'count': 8, 'meta': ''}, {'name': ' None', 'count': 0, 'meta': ''}, {'name': ' None', 'count': 0, 'meta': ''}, {'name': ' None', 'count': 0, 'meta': ''}, {'name': ' None', 'count': 0, 'meta': ''}, {'name': ' None', 'count': 0, 'meta': ''}, {'name': ' None', 'count': 0, 'meta': ''}, {'name': ' None', 'count': 0, 'meta': ''}, {'name': ' None', 'count': 0, 'meta': ''}, {'name': ' None', 'count': 0, 'meta': ''}, {'name': ' None', 'count': 0, 'meta': ''}, {'name': ' None', 'count': 0, 'meta': ''}, {'name': ' None', 'count': 0, 'meta': ''}, {'name': ' None', 'count': 0, 'meta': ''}, {'name': ' None', 'count': 0, 'meta': ''}, {'name': ' None', 'count': 0, 'meta': ''}, {'name': ' None', 'count': 0, 'meta': ''}, {'name': ' None', 'count': 0, 'meta': ''}, {'name': ' None', 'count': 0, 'meta': ''}, {'name': ' None', 'count': 0, 'meta': ''}, {'name': ' None', 'count': 0, 'meta': ''}, {'name': ' None', 'count': 0, 'meta': ''}, {'name': ' None', 'count': 0, 'meta': ''}, {'name': ' None', 'count': 0, 'meta': ''}, {'name': ' None', 'count': 0, 'meta': ''}, {'name': ' None', 'count': 0, 'meta': ''}, {'name': ' None', 'count': 0, 'meta': ''}, {'name': ' None', 'count': 0, 'meta': ''}, {'name': ' None', 'count': 0, 'meta': ''}, {'name': ' None', 'count': 0, 'meta': ''}, {'name': ' None', 'count': 0, 'meta': ''}, {'name': ' None', 'count': 0, 'meta': ''}, {'name': ' None', 'count': 0, 'meta': ''}, {'name': ' None', 'count': 0, 'meta': ''}, {'name': ' None', 'count': 0, 'meta': ''}, {'name': ' None', 'count': 0, 'meta': ''}]","Armor Slot 0: None, Count: 0; Armor Slot 1: None, Count: 0; Armor Slot 2: None, Count: 0; Armor Slot 3: None, Count: 0; ","Offhand: None, Count: 0; ",[],20.0,20.0,"[-0.5605920114898292, -0.166769508217274, -0.8111254698150934]",west,6,0 minecraft:air,False,Player is not currently riding anything,0.0784000015258789
101.0,13:49:24.932648500,2025-11-07,literal{minecrafter256},"(106.24545024568366, 72.0, 152.42065000158024)",20.0,"[{'name': ' Birch Log', 'count': 8, 'meta': ''}, {'name': ' None', 'count': 0, 'meta': ''}, {'name': ' None', 'count': 0, 'meta': ''}, {'name': ' None', 'count': 0, 'meta': ''}, {'name': ' None', 'count': 0, 'meta': ''}, {'name': ' None', 'count': 0, 'meta': ''}, {'name': ' None', 'count': 0, 'meta': ''}, {'name': ' None', 'count': 0, 'meta': ''}, {'name': ' None', 'count': 0, 'meta': ''}, {'name': ' None', 'count': 0, 'meta': ''}, {'name': ' None', 'count': 0, 'meta': ''}, {'name': ' None', 'count': 0, 'meta': ''}, {'name': ' None', 'count': 0, 'meta': ''}, {'name': ' None', 'count': 0, 'meta': ''}, {'name': ' None', 'count': 0, 'meta': ''}, {'name': ' None', 'count': 0, 'meta': ''}, {'name': ' None', 'count': 0, 'meta': ''}, {'name': ' None', 'count': 0, 'meta': ''}, {'name': ' None', 'count': 0, 'meta': ''}, {'name': ' None', 'count': 0, 'meta': ''}, {'name': ' None', 'count': 0, 'meta': ''}, {'name': ' None', 'count': 0, 'meta': ''}, {'name': ' None', 'count': 0, 'meta': ''}, {'name': ' None', 'count': 0, 'meta': ''}, {'name': ' None', 'count': 0, 'meta': ''}, {'name': ' None', 'count': 0, 'meta': ''}, {'name': ' None', 'count': 0, 'meta': ''}, {'name': ' None', 'count': 0, 'meta': ''}, {'name': ' None', 'count': 0, 'meta': ''}, {'name': ' None', 'count': 0, 'meta': ''}, {'name': ' None', 'count': 0, 'meta': ''}, {'name': ' None', 'count': 0, 'meta': ''}, {'name': ' None', 'count': 0, 'meta': ''}, {'name': ' None', 'count': 0, 'meta': ''}, {'name': ' None', 'count': 0, 'meta': ''}, {'name': ' None', 'count': 0, 'meta': ''}]","Armor Slot 0: None, Count: 0; Armor Slot 1: None, Count: 0; Armor Slot 2: None, Count: 0; Armor Slot 3: None, Count: 0; ","Offhand: None, Count: 0; ",[],20.0,20.0,"[-0.5605920114898292, -0.166769508217274, -0.8111254698150934]",west,6,0 minecraft:air,False,Player is not currently riding anything,0.0784000015258789
101.0,13:49:24.991856600,2025-11-07,literal{minecrafter256},"(106.24545024568366, 72.0, 152.42065000158024)",20.0,"[{'name': ' Birch Log', 'count': 8, 'meta': ''}, {'name': ' None', 'count': 0, 'meta': ''}, {'name': ' None', 'count': 0, 'meta': ''}, {'name': ' None', 'count': 0, 'meta': ''}, {'name': ' None', 'count': 0, 'meta': ''}, {'name': ' None', 'count': 0, 'meta': ''}, {'name': ' None', 'count': 0, 'meta': ''}, {'name': ' None', 'count': 0, 'meta': ''}, {'name': ' None', 'count': 0, 'meta': ''}, {'name': ' None', 'count': 0, 'meta': ''}, {'name': ' None', 'count': 0, 'meta': ''}, {'name': ' None', 'count': 0, 'meta': ''}, {'name': ' None', 'count': 0, 'meta': ''}, {'name': ' None', 'count': 0, 'meta': ''}, {'name': ' None', 'count': 0, 'meta': ''}, {'name': ' None', 'count': 0, 'meta': ''}, {'name': ' None', 'count': 0, 'meta': ''}, {'name': ' None', 'count': 0, 'meta': ''}, {'name': ' None', 'count': 0, 'meta': ''}, {'name': ' None', 'count': 0, 'meta': ''}, {'name': ' None', 'count': 0, 'meta': ''}, {'name': ' None', 'count': 0, 'meta': ''}, {'name': ' None', 'count': 0, 'meta': ''}, {'name': ' None', 'count': 0, 'meta': ''}, {'name': ' None', 'count': 0, 'meta': ''}, {'name': ' None', 'count': 0, 'meta': ''}, {'name': ' None', 'count': 0, 'meta': ''}, {'name': ' None', 'count': 0, 'meta': ''}, {'name': ' None', 'count': 0, 'meta': ''}, {'name': ' None', 'count': 0, 'meta': ''}, {'name': ' None', 'count': 0, 'meta': ''}, {'name': ' None', 'count': 0, 'meta': ''}, {'name': ' None', 'count': 0, 'meta': ''}, {'name': ' None', 'count': 0, 'meta': ''}, {'name': ' None', 'count': 0, 'meta': ''}, {'name': ' None', 'count': 0, 'meta': ''}]","Armor Slot 0: None, Count: 0; Armor Slot 1: None, Count: 0; Armor Slot 2: None, Count: 0; Armor Slot 3: None, Count: 0; ","Offhand: None, Count: 0; ",[],20.0,20.0,"[-0.5605920114898292, -0.166769508217274, -0.8111254698150934]",west,6,0 minecraft:air,False,Player is not currently riding anything,0.0784000015258789
101.0,13:49:25.032875800,2025-11-07,literal{minecrafter256},"(106.24545024568366, 72.0, 152.42065000158024)",20.0,"[{'name': ' Birch Log', 'count': 8, 'meta': ''}, {'name': ' None', 'count': 0, 'meta': ''}, {'name': ' None', 'count': 0, 'meta': ''}, {'name': ' None', 'count': 0, 'meta': ''}, {'name': ' None', 'count': 0, 'meta': ''}, {'name': ' None', 'count': 0, 'meta': ''}, {'name': ' None', 'count': 0, 'meta': ''}, {'name': ' None', 'count': 0, 'meta': ''}, {'name': ' None', 'count': 0, 'meta': ''}, {'name': ' None', 'count': 0, 'meta': ''}, {'name': ' None', 'count': 0, 'meta': ''}, {'name': ' None', 'count': 0, 'meta': ''}, {'name': ' None', 'count': 0, 'meta': ''}, {'name': ' None', 'count': 0, 'meta': ''}, {'name': ' None', 'count': 0, 'meta': ''}, {'name': ' None', 'count': 0, 'meta': ''}, {'name': ' None', 'count': 0, 'meta': ''}, {'name': ' None', 'count': 0, 'meta': ''}, {'name': ' None', 'count': 0, 'meta': ''}, {'name': ' None', 'count': 0, 'meta': ''}, {'name': ' None', 'count': 0, 'meta': ''}, {'name': ' None', 'count': 0, 'meta': ''}, {'name': ' None', 'count': 0, 'meta': ''}, {'name': ' None', 'count': 0, 'meta': ''}, {'name': ' None', 'count': 0, 'meta': ''}, {'name': ' None', 'count': 0, 'meta': ''}, {'name': ' None', 'count': 0, 'meta': ''}, {'name': ' None', 'count': 0, 'meta': ''}, {'name': ' None', 'count': 0, 'meta': ''}, {'name': ' None', 'count': 0, 'meta': ''}, {'name': ' None', 'count': 0, 'meta': ''}, {'name': ' None', 'count': 0, 'meta': ''}, {'name': ' None', 'count': 0, 'meta': ''}, {'name': ' None', 'count': 0, 'meta': ''}, {'name': ' None', 'count': 0, 'meta': ''}, {'name': ' None', 'count': 0, 'meta': ''}]","Armor Slot 0: None, Count: 0; Armor Slot 1: None, Count: 0; Armor Slot 2: None, Count: 0; Armor Slot 3: None, Count: 0; ","Offhand: None, Count: 0; ",[],20.0,20.0,"[-0.5675433131562654, -0.20022375743681728, -0.7986269683960665]",west,6,0 minecraft:air,False,Player is not currently riding anything,0.0784000015258789
101.0,13:49:25.080411500,2025-11-07,literal{minecrafter256},"(106.24545024568366, 72.0, 152.42065000158024)",20.0,"[{'name': ' Birch Log', 'count': 8, 'meta': ''}, {'name': ' None', 'count': 0, 'meta': ''}, {'name': ' None', 'count': 0, 'meta': ''}, {'name': ' None', 'count': 0, 'meta': ''}, {'name': ' None', 'count': 0, 'meta': ''}, {'name': ' None', 'count': 0, 'meta': ''}, {'name': ' None', 'count': 0, 'meta': ''}, {'name': ' None', 'count': 0, 'meta': ''}, {'name': ' None', 'count': 0, 'meta': ''}, {'name': ' None', 'count': 0, 'meta': ''}, {'name': ' None', 'count': 0, 'meta': ''}, {'name': ' None', 'count': 0, 'meta': ''}, {'name': ' None', 'count': 0, 'meta': ''}, {'name': ' None', 'count': 0, 'meta': ''}, {'name': ' None', 'count': 0, 'meta': ''}, {'name': ' None', 'count': 0, 'meta': ''}, {'name': ' None', 'count': 0, 'meta': ''}, {'name': ' None', 'count': 0, 'meta': ''}, {'name': ' None', 'count': 0, 'meta': ''}, {'name': ' None', 'count': 0, 'meta': ''}, {'name': ' None', 'count': 0, 'meta': ''}, {'name': ' None', 'count': 0, 'meta': ''}, {'name': ' None', 'count': 0, 'meta': ''}, {'name': ' None', 'count': 0, 'meta': ''}, {'name': ' None', 'count': 0, 'meta': ''}, {'name': ' None', 'count': 0, 'meta': ''}, {'name': ' None', 'count': 0, 'meta': ''}, {'name': ' None', 'count': 0, 'meta': ''}, {'name': ' None', 'count': 0, 'meta': ''}, {'name': ' None', 'count': 0, 'meta': ''}, {'name': ' None', 'count': 0, 'meta': ''}, {'name': ' None', 'count': 0, 'meta': ''}, {'name': ' None', 'count': 0, 'meta': ''}, {'name': ' None', 'count': 0, 'meta': ''}, {'name': ' None', 'count': 0, 'meta': ''}, {'name': ' None', 'count': 0, 'meta': ''}]","Armor Slot 0: None, Count: 0; Armor Slot 1: None, Count: 0; Armor Slot 2: None, Count: 0; Armor Slot 3: None, Count: 0; ","Offhand: None, Count: 0; ",[],20.0,20.0,"[-0.5675433131562654, -0.20022375743681728, -0.7986269683960665]",west,6,0 minecraft:air,False,Player is not currently riding anything,0.0784000015258789
101.0,13:49:25.148186600,2025-11-07,literal{minecrafter256},"(106.24545024568366, 72.0, 152.42065000158024)",20.0,"[{'name': ' Birch Log', 'count': 8, 'meta': ''}, {'name': ' None', 'count': 0, 'meta': ''}, {'name': ' None', 'count': 0, 'meta': ''}, {'name': ' None', 'count': 0, 'meta': ''}, {'name': ' None', 'count': 0, 'meta': ''}, {'name': ' None', 'count': 0, 'meta': ''}, {'name': ' None', 'count': 0, 'meta': ''}, {'name': ' None', 'count': 0, 'meta': ''}, {'name': ' None', 'count': 0, 'meta': ''}, {'name': ' None', 'count': 0, 'meta': ''}, {'name': ' None', 'count': 0, 'meta': ''}, {'name': ' None', 'count': 0, 'meta': ''}, {'name': ' None', 'count': 0, 'meta': ''}, {'name': ' None', 'count': 0, 'meta': ''}, {'name': ' None', 'count': 0, 'meta': ''}, {'name': ' None', 'count': 0, 'meta': ''}, {'name': ' None', 'count': 0, 'meta': ''}, {'name': ' None', 'count': 0, 'meta': ''}, {'name': ' None', 'count': 0, 'meta': ''}, {'name': ' None', 'count': 0, 'meta': ''}, {'name': ' None', 'count': 0, 'meta': ''}, {'name': ' None', 'count': 0, 'meta': ''}, {'name': ' None', 'count': 0, 'meta': ''}, {'name': ' None', 'count': 0, 'meta': ''}, {'name': ' None', 'count': 0, 'meta': ''}, {'name': ' None', 'count': 0, 'meta': ''}, {'name': ' None', 'count': 0, 'meta': ''}, {'name': ' None', 'count': 0, 'meta': ''}, {'name': ' None', 'count': 0, 'meta': ''}, {'name': ' None', 'count': 0, 'meta': ''}, {'name': ' None', 'count': 0, 'meta': ''}, {'name': ' None', 'count': 0, 'meta': ''}, {'name': ' None', 'count': 0, 'meta': ''}, {'name': ' None', 'count': 0, 'meta': ''}, {'name': ' None', 'count': 0, 'meta': ''}, {'name': ' None', 'count': 0, 'meta': ''}]","Armor Slot 0: None, Count: 0; Armor Slot 1: None, Count: 0; Armor Slot 2: None, Count: 0; Armor Slot 3: None, Count: 0; ","Offhand: None, Count: 0; ",[],20.0,20.0,"[-0.5690148539597074, -0.2053509526682371, -0.796274501796623]",west,6,0 minecraft:air,False,Player is not currently riding anything,0.0784000015258789
101.0,13:49:25.199009100,2025-11-07,literal{minecrafter256},"(106.24545024568366, 72.0, 152.42065000158024)",20.0,"[{'name': ' Birch Log', 'count': 8, 'meta': ''}, {'name': ' None', 'count': 0, 'meta': ''}, {'name': ' None', 'count': 0, 'meta': ''}, {'name': ' None', 'count': 0, 'meta': ''}, {'name': ' None', 'count': 0, 'meta': ''}, {'name': ' None', 'count': 0, 'meta': ''}, {'name': ' None', 'count': 0, 'meta': ''}, {'name': ' None', 'count': 0, 'meta': ''}, {'name': ' None', 'count': 0, 'meta': ''}, {'name': ' None', 'count': 0, 'meta': ''}, {'name': ' None', 'count': 0, 'meta': ''}, {'name': ' None', 'count': 0, 'meta': ''}, {'name': ' None', 'count': 0, 'meta': ''}, {'name': ' None', 'count': 0, 'meta': ''}, {'name': ' None', 'count': 0, 'meta': ''}, {'name': ' None', 'count': 0, 'meta': ''}, {'name': ' None', 'count': 0, 'meta': ''}, {'name': ' None', 'count': 0, 'meta': ''}, {'name': ' None', 'count': 0, 'meta': ''}, {'name': ' None', 'count': 0, 'meta': ''}, {'name': ' None', 'count': 0, 'meta': ''}, {'name': ' None', 'count': 0, 'meta': ''}, {'name': ' None', 'count': 0, 'meta': ''}, {'name': ' None', 'count': 0, 'meta': ''}, {'name': ' None', 'count': 0, 'meta': ''}, {'name': ' None', 'count': 0, 'meta': ''}, {'name': ' None', 'count': 0, 'meta': ''}, {'name': ' None', 'count': 0, 'meta': ''}, {'name': ' None', 'count': 0, 'meta': ''}, {'name': ' None', 'count': 0, 'meta': ''}, {'name': ' None', 'count': 0, 'meta': ''}, {'name': ' None', 'count': 0, 'meta': ''}, {'name': ' None', 'count': 0, 'meta': ''}, {'name': ' None', 'count': 0, 'meta': ''}, {'name': ' None', 'count': 0, 'meta': ''}, {'name': ' None', 'count': 0, 'meta': ''}]","Armor Slot 0: None, Count: 0; Armor Slot 1: None, Count: 0; Armor Slot 2: None, Count: 0; Armor Slot 3: None, Count: 0; ","Offhand: None, Count: 0; ",[],20.0,20.0,"[-0.5690148539597074, -0.2053509526682371, -0.796274501796623]",west,6,0 minecraft:air,False,Player is not currently riding anything,0.0784000015258789
101.0,13:49:25.237704700,2025-11-07,literal{minecrafter256},"(106.24545024568366, 72.41999998688698, 152.42065000158024)",20.0,"[{'name': ' Birch Log', 'count': 8, 'meta': ''}, {'name': ' None', 'count': 0, 'meta': ''}, {'name': ' None', 'count': 0, 'meta': ''}, {'name': ' None', 'count': 0, 'meta': ''}, {'name': ' None', 'count': 0, 'meta': ''}, {'name': ' None', 'count': 0, 'meta': ''}, {'name': ' None', 'count': 0, 'meta': ''}, {'name': ' None', 'count': 0, 'meta': ''}, {'name': ' None', 'count': 0, 'meta': ''}, {'name': ' None', 'count': 0, 'meta': ''}, {'name': ' None', 'count': 0, 'meta': ''}, {'name': ' None', 'count': 0, 'meta': ''}, {'name': ' None', 'count': 0, 'meta': ''}, {'name': ' None', 'count': 0, 'meta': ''}, {'name': ' None', 'count': 0, 'meta': ''}, {'name': ' None', 'count': 0, 'meta': ''}, {'name': ' None', 'count': 0, 'meta': ''}, {'name': ' None', 'count': 0, 'meta': ''}, {'name': ' None', 'count': 0, 'meta': ''}, {'name': ' None', 'count': 0, 'meta': ''}, {'name': ' None', 'count': 0, 'meta': ''}, {'name': ' None', 'count': 0, 'meta': ''}, {'name': ' None', 'count': 0, 'meta': ''}, {'name': ' None', 'count': 0, 'meta': ''}, {'name': ' None', 'count': 0, 'meta': ''}, {'name': ' None', 'count': 0, 'meta': ''}, {'name': ' None', 'count': 0, 'meta': ''}, {'name': ' None', 'count': 0, 'meta': ''}, {'name': ' None', 'count': 0, 'meta': ''}, {'name': ' None', 'count': 0, 'meta': ''}, {'name': ' None', 'count': 0, 'meta': ''}, {'name': ' None', 'count': 0, 'meta': ''}, {'name': ' None', 'count': 0, 'meta': ''}, {'name': ' None', 'count': 0, 'meta': ''}, {'name': ' None', 'count': 0, 'meta': ''}, {'name': ' None', 'count': 0, 'meta': ''}]","Armor Slot 0: None, Count: 0; Armor Slot 1: None, Count: 0; Armor Slot 2: None, Count: 0; Armor Slot 3: None, Count: 0; ","Offhand: None, Count: 0; ",[],20.0,20.0,"[-0.5690148539597074, -0.2053509526682371, -0.796274501796623]",west,6,0 minecraft:air,False,Player is not currently riding anything,0.33319999363422365
101.0,13:49:25.285149400,2025-11-07,literal{minecrafter256},"(106.24545024568366, 72.7531999805212, 152.42065000158024)",20.0,"[{'name': ' Birch Log', 'count': 8, 'meta': ''}, {'name': ' None', 'count': 0, 'meta': ''}, {'name': ' None', 'count': 0, 'meta': ''}, {'name': ' None', 'count': 0, 'meta': ''}, {'name': ' None', 'count': 0, 'meta': ''}, {'name': ' None', 'count': 0, 'meta': ''}, {'name': ' None', 'count': 0, 'meta': ''}, {'name': ' None', 'count': 0, 'meta': ''}, {'name': ' None', 'count': 0, 'meta': ''}, {'name': ' None', 'count': 0, 'meta': ''}, {'name': ' None', 'count': 0, 'meta': ''}, {'name': ' None', 'count': 0, 'meta': ''}, {'name': ' None', 'count': 0, 'meta': ''}, {'name': ' None', 'count': 0, 'meta': ''}, {'name': ' None', 'count': 0, 'meta': ''}, {'name': ' None', 'count': 0, 'meta': ''}, {'name': ' None', 'count': 0, 'meta': ''}, {'name': ' None', 'count': 0, 'meta': ''}, {'name': ' None', 'count': 0, 'meta': ''}, {'name': ' None', 'count': 0, 'meta': ''}, {'name': ' None', 'count': 0, 'meta': ''}, {'name': ' None', 'count': 0, 'meta': ''}, {'name': ' None', 'count': 0, 'meta': ''}, {'name': ' None', 'count': 0, 'meta': ''}, {'name': ' None', 'count': 0, 'meta': ''}, {'name': ' None', 'count': 0, 'meta': ''}, {'name': ' None', 'count': 0, 'meta': ''}, {'name': ' None', 'count': 0, 'meta': ''}, {'name': ' None', 'count': 0, 'meta': ''}, {'name': ' None', 'count': 0, 'meta': ''}, {'name': ' None', 'count': 0, 'meta': ''}, {'name': ' None', 'count': 0, 'meta': ''}, {'name': ' None', 'count': 0, 'meta': ''}, {'name': ' None', 'count': 0, 'meta': ''}, {'name': ' None', 'count': 0, 'meta': ''}, {'name': ' None', 'count': 0, 'meta': ''}]","Armor Slot 0: None, Count: 0; Armor Slot 1: None, Count: 0; Armor Slot 2: None, Count: 0; Armor Slot 3: None, Count: 0; ","Offhand: None, Count: 0; ",[],20.0,20.0,"[-0.5690148539597074, -0.2053509526682371, -0.796274501796623]",west,6,0 minecraft:air,False,Player is not currently riding anything,0.24813599859094576
101.0,13:49:25.337087100,2025-11-07,literal{minecrafter256},"(106.24545024568366, 72.7531999805212, 152.42065000158024)",20.0,"[{'name': ' Birch Log', 'count': 8, 'meta': ''}, {'name': ' None', 'count': 0, 'meta': ''}, {'name': ' None', 'count': 0, 'meta': ''}, {'name': ' None', 'count': 0, 'meta': ''}, {'name': ' None', 'count': 0, 'meta': ''}, {'name': ' None', 'count': 0, 'meta': ''}, {'name': ' None', 'count': 0, 'meta': ''}, {'name': ' None', 'count': 0, 'meta': ''}, {'name': ' None', 'count': 0, 'meta': ''}, {'name': ' None', 'count': 0, 'meta': ''}, {'name': ' None', 'count': 0, 'meta': ''}, {'name': ' None', 'count': 0, 'meta': ''}, {'name': ' None', 'count': 0, 'meta': ''}, {'name': ' None', 'count': 0, 'meta': ''}, {'name': ' None', 'count': 0, 'meta': ''}, {'name': ' None', 'count': 0, 'meta': ''}, {'name': ' None', 'count': 0, 'meta': ''}, {'name': ' None', 'count': 0, 'meta': ''}, {'name': ' None', 'count': 0, 'meta': ''}, {'name': ' None', 'count': 0, 'meta': ''}, {'name': ' None', 'count': 0, 'meta': ''}, {'name': ' None', 'count': 0, 'meta': ''}, {'name': ' None', 'count': 0, 'meta': ''}, {'name': ' None', 'count': 0, 'meta': ''}, {'name': ' None', 'count': 0, 'meta': ''}, {'name': ' None', 'count': 0, 'meta': ''}, {'name': ' None', 'count': 0, 'meta': ''}, {'name': ' None', 'count': 0, 'meta': ''}, {'name': ' None', 'count': 0, 'meta': ''}, {'name': ' None', 'count': 0, 'meta': ''}, {'name': ' None', 'count': 0, 'meta': ''}, {'name': ' None', 'count': 0, 'meta': ''}, {'name': ' None', 'count': 0, 'meta': ''}, {'name': ' None', 'count': 0, 'meta': ''}, {'name': ' None', 'count': 0, 'meta': ''}, {'name': ' None', 'count': 0, 'meta': ''}]","Armor Slot 0: None, Count: 0; Armor Slot 1: None, Count: 0; Armor Slot 2: None, Count: 0; Armor Slot 3: None, Count: 0; ","Offhand: None, Count: 0; ",[],20.0,20.0,"[-0.5690148539597074, -0.2053509526682371, -0.796274501796623]",west,6,0 minecraft:air,False,Player is not currently riding anything,0.16477328182606651
101.0,13:49:25.396269400,2025-11-07,literal{minecrafter256},"(106.24545024568366, 73.00133597911214, 152.42065000158024)",20.0,"[{'name': ' Birch Log', 'count': 8, 'meta': ''}, {'name': ' None', 'count': 0, 'meta': ''}, {'name': ' None', 'count': 0, 'meta': ''}, {'name': ' None', 'count': 0, 'meta': ''}, {'name': ' None', 'count': 0, 'meta': ''}, {'name': ' None', 'count': 0, 'meta': ''}, {'name': ' None', 'count': 0, 'meta': ''}, {'name': ' None', 'count': 0, 'meta': ''}, {'name': ' None', 'count': 0, 'meta': ''}, {'name': ' None', 'count': 0, 'meta': ''}, {'name': ' None', 'count': 0, 'meta': ''}, {'name': ' None', 'count': 0, 'meta': ''}, {'name': ' None', 'count': 0, 'meta': ''}, {'name': ' None', 'count': 0, 'meta': ''}, {'name': ' None', 'count': 0, 'meta': ''}, {'name': ' None', 'count': 0, 'meta': ''}, {'name': ' None', 'count': 0, 'meta': ''}, {'name': ' None', 'count': 0, 'meta': ''}, {'name': ' None', 'count': 0, 'meta': ''}, {'name': ' None', 'count': 0, 'meta': ''}, {'name': ' None', 'count': 0, 'meta': ''}, {'name': ' None', 'count': 0, 'meta': ''}, {'name': ' None', 'count': 0, 'meta': ''}, {'name': ' None', 'count': 0, 'meta': ''}, {'name': ' None', 'count': 0, 'meta': ''}, {'name': ' None', 'count': 0, 'meta': ''}, {'name': ' None', 'count': 0, 'meta': ''}, {'name': ' None', 'count': 0, 'meta': ''}, {'name': ' None', 'count': 0, 'meta': ''}, {'name': ' None', 'count': 0, 'meta': ''}, {'name': ' None', 'count': 0, 'meta': ''}, {'name': ' None', 'count': 0, 'meta': ''}, {'name': ' None', 'count': 0, 'meta': ''}, {'name': ' None', 'count': 0, 'meta': ''}, {'name': ' None', 'count': 0, 'meta': ''}, {'name': ' None', 'count': 0, 'meta': ''}]","Armor Slot 0: None, Count: 0; Armor Slot 1: None, Count: 0; Armor Slot 2: None, Count: 0; Armor Slot 3: None, Count: 0; ","Offhand: None, Count: 0; ",[],20.0,20.0,"[-0.5669282433423996, -0.2053509526682371, -0.7977614638091692]",west,6,0 minecraft:air,False,Player is not currently riding anything,0.08307781780646721
101.0,13:49:25.440325,2025-11-07,literal{minecrafter256},"(106.24545024568366, 73.16610926093821, 152.42065000158024)",20.0,"[{'name': ' Birch Log', 'count': 8, 'meta': ''}, {'name': ' None', 'count': 0, 'meta': ''}, {'name': ' None', 'count': 0, 'meta': ''}, {'name': ' None', 'count': 0, 'meta': ''}, {'name': ' None', 'count': 0, 'meta': ''}, {'name': ' None', 'count': 0, 'meta': ''}, {'name': ' None', 'count': 0, 'meta': ''}, {'name': ' None', 'count': 0, 'meta': ''}, {'name': ' None', 'count': 0, 'meta': ''}, {'name': ' None', 'count': 0, 'meta': ''}, {'name': ' None', 'count': 0, 'meta': ''}, {'name': ' None', 'count': 0, 'meta': ''}, {'name': ' None', 'count': 0, 'meta': ''}, {'name': ' None', 'count': 0, 'meta': ''}, {'name': ' None', 'count': 0, 'meta': ''}, {'name': ' None', 'count': 0, 'meta': ''}, {'name': ' None', 'count': 0, 'meta': ''}, {'name': ' None', 'count': 0, 'meta': ''}, {'name': ' None', 'count': 0, 'meta': ''}, {'name': ' None', 'count': 0, 'meta': ''}, {'name': ' None', 'count': 0, 'meta': ''}, {'name': ' None', 'count': 0, 'meta': ''}, {'name': ' None', 'count': 0, 'meta': ''}, {'name': ' None', 'count': 0, 'meta': ''}, {'name': ' None', 'count': 0, 'meta': ''}, {'name': ' None', 'count': 0, 'meta': ''}, {'name': ' None', 'count': 0, 'meta': ''}, {'name': ' None', 'count': 0, 'meta': ''}, {'name': ' None', 'count': 0, 'meta': ''}, {'name': ' None', 'count': 0, 'meta': ''}, {'name': ' None', 'count': 0, 'meta': ''}, {'name': ' None', 'count': 0, 'meta': ''}, {'name': ' None', 'count': 0, 'meta': ''}, {'name': ' None', 'count': 0, 'meta': ''}, {'name': ' None', 'count': 0, 'meta': ''}, {'name': ' None', 'count': 0, 'meta': ''}]","Armor Slot 0: None, Count: 0; Armor Slot 1: None, Count: 0; Armor Slot 2: None, Count: 0; Armor Slot 3: None, Count: 0; ","Offhand: None, Count: 0; ",[],20.0,20.0,"[-0.5669282433423996, -0.2053509526682371, -0.7977614638091692]",west,6,0 minecraft:air,False,Player is not currently riding anything,0.0030162615090425808
101.0,13:49:25.492457200,2025-11-07,literal{minecrafter256},"(106.24545024568366, 73.25220334025373, 152.42065000158024)",20.0,"[{'name': ' Birch Log', 'count': 8, 'meta': ''}, {'name': ' None', 'count': 0, 'meta': ''}, {'name': ' None', 'count': 0, 'meta': ''}, {'name': ' None', 'count': 0, 'meta': ''}, {'name': ' None', 'count': 0, 'meta': ''}, {'name': ' None', 'count': 0, 'meta': ''}, {'name': ' None', 'count': 0, 'meta': ''}, {'name': ' None', 'count': 0, 'meta': ''}, {'name': ' None', 'count': 0, 'meta': ''}, {'name': ' None', 'count': 0, 'meta': ''}, {'name': ' None', 'count': 0, 'meta': ''}, {'name': ' None', 'count': 0, 'meta': ''}, {'name': ' None', 'count': 0, 'meta': ''}, {'name': ' None', 'count': 0, 'meta': ''}, {'name': ' None', 'count': 0, 'meta': ''}, {'name': ' None', 'count': 0, 'meta': ''}, {'name': ' None', 'count': 0, 'meta': ''}, {'name': ' None', 'count': 0, 'meta': ''}, {'name': ' None', 'count': 0, 'meta': ''}, {'name': ' None', 'count': 0, 'meta': ''}, {'name': ' None', 'count': 0, 'meta': ''}, {'name': ' None', 'count': 0, 'meta': ''}, {'name': ' None', 'count': 0, 'meta': ''}, {'name': ' None', 'count': 0, 'meta': ''}, {'name': ' None', 'count': 0, 'meta': ''}, {'name': ' None', 'count': 0, 'meta': ''}, {'name': ' None', 'count': 0, 'meta': ''}, {'name': ' None', 'count': 0, 'meta': ''}, {'name': ' None', 'count': 0, 'meta': ''}, {'name': ' None', 'count': 0, 'meta': ''}, {'name': ' None', 'count': 0, 'meta': ''}, {'name': ' None', 'count': 0, 'meta': ''}, {'name': ' None', 'count': 0, 'meta': ''}, {'name': ' None', 'count': 0, 'meta': ''}, {'name': ' None', 'count': 0, 'meta': ''}, {'name': ' None', 'count': 0, 'meta': ''}]","Armor Slot 0: None, Count: 0; Armor Slot 1: None, Count: 0; Armor Slot 2: None, Count: 0; Armor Slot 3: None, Count: 0; ","Offhand: None, Count: 0; ",[],20.0,20.0,"[-0.5669282433423996, -0.2053509526682371, -0.7977614638091692]",west,6,0 minecraft:air,False,Player is not currently riding anything,0.07544406518948656
101.0,13:49:25.535524700,2025-11-07,literal{minecrafter256},"(106.24545024568366, 73.25220334025373, 152.42065000158024)",20.0,"[{'name': ' Birch Log', 'count': 8, 'meta': ''}, {'name': ' None', 'count': 0, 'meta': ''}, {'name': ' None', 'count': 0, 'meta': ''}, {'name': ' None', 'count': 0, 'meta': ''}, {'name': ' None', 'count': 0, 'meta': ''}, {'name': ' None', 'count': 0, 'meta': ''}, {'name': ' None', 'count': 0, 'meta': ''}, {'name': ' None', 'count': 0, 'meta': ''}, {'name': ' None', 'count': 0, 'meta': ''}, {'name': ' None', 'count': 0, 'meta': ''}, {'name': ' None', 'count': 0, 'meta': ''}, {'name': ' None', 'count': 0, 'meta': ''}, {'name': ' None', 'count': 0, 'meta': ''}, {'name': ' None', 'count': 0, 'meta': ''}, {'name': ' None', 'count': 0, 'meta': ''}, {'name': ' None', 'count': 0, 'meta': ''}, {'name': ' None', 'count': 0, 'meta': ''}, {'name': ' None', 'count': 0, 'meta': ''}, {'name': ' None', 'count': 0, 'meta': ''}, {'name': ' None', 'count': 0, 'meta': ''}, {'name': ' None', 'count': 0, 'meta': ''}, {'name': ' None', 'count': 0, 'meta': ''}, {'name': ' None', 'count': 0, 'meta': ''}, {'name': ' None', 'count': 0, 'meta': ''}, {'name': ' None', 'count': 0, 'meta': ''}, {'name': ' None', 'count': 0, 'meta': ''}, {'name': ' None', 'count': 0, 'meta': ''}, {'name': ' None', 'count': 0, 'meta': ''}, {'name': ' None', 'count': 0, 'meta': ''}, {'name': ' None', 'count': 0, 'meta': ''}, {'name': ' None', 'count': 0, 'meta': ''}, {'name': ' None', 'count': 0, 'meta': ''}, {'name': ' None', 'count': 0, 'meta': ''}, {'name': ' None', 'count': 0, 'meta': ''}, {'name': ' None', 'count': 0, 'meta': ''}, {'name': ' None', 'count': 0, 'meta': ''}]","Armor Slot 0: None, Count: 0; Armor Slot 1: None, Count: 0; Armor Slot 2: None, Count: 0; Armor Slot 3: None, Count: 0; ","Offhand: None, Count: 0; ",[],20.0,20.0,"[-0.5669282433423996, -0.2053509526682371, -0.7977614638091692]",west,6,0 minecraft:air,False,Player is not currently riding anything,0.15233518685055708
101.0,13:49:25.584040900,2025-11-07,literal{minecrafter256},"(106.24545024568366, 73.17675927506424, 152.42065000158024)",20.0,"[{'name': ' Birch Log', 'count': 8, 'meta': ''}, {'name': ' None', 'count': 0, 'meta': ''}, {'name': ' None', 'count': 0, 'meta': ''}, {'name': ' None', 'count': 0, 'meta': ''}, {'name': ' None', 'count': 0, 'meta': ''}, {'name': ' None', 'count': 0, 'meta': ''}, {'name': ' None', 'count': 0, 'meta': ''}, {'name': ' None', 'count': 0, 'meta': ''}, {'name': ' None', 'count': 0, 'meta': ''}, {'name': ' None', 'count': 0, 'meta': ''}, {'name': ' None', 'count': 0, 'meta': ''}, {'name': ' None', 'count': 0, 'meta': ''}, {'name': ' None', 'count': 0, 'meta': ''}, {'name': ' None', 'count': 0, 'meta': ''}, {'name': ' None', 'count': 0, 'meta': ''}, {'name': ' None', 'count': 0, 'meta': ''}, {'name': ' None', 'count': 0, 'meta': ''}, {'name': ' None', 'count': 0, 'meta': ''}, {'name': ' None', 'count': 0, 'meta': ''}, {'name': ' None', 'count': 0, 'meta': ''}, {'name': ' None', 'count': 0, 'meta': ''}, {'name': ' None', 'count': 0, 'meta': ''}, {'name': ' None', 'count': 0, 'meta': ''}, {'name': ' None', 'count': 0, 'meta': ''}, {'name': ' None', 'count': 0, 'meta': ''}, {'name': ' None', 'count': 0, 'meta': ''}, {'name': ' None', 'count': 0, 'meta': ''}, {'name': ' None', 'count': 0, 'meta': ''}, {'name': ' None', 'count': 0, 'meta': ''}, {'name': ' None', 'count': 0, 'meta': ''}, {'name': ' None', 'count': 0, 'meta': ''}, {'name': ' None', 'count': 0, 'meta': ''}, {'name': ' None', 'count': 0, 'meta': ''}, {'name': ' None', 'count': 0, 'meta': ''}, {'name': ' None', 'count': 0, 'meta': ''}, {'name': ' None', 'count': 0, 'meta': ''}]","Armor Slot 0: None, Count: 0; Armor Slot 1: None, Count: 0; Armor Slot 2: None, Count: 0; Armor Slot 3: None, Count: 0; ","Offhand: None, Count: 0; ",[],20.0,20.0,"[-0.5669282433423996, -0.2053509526682371, -0.7977614638091692]",west,6,0 minecraft:air,False,Player is not currently riding anything,0.22768848754498797
101.0,13:49:25.641793600,2025-11-07,literal{minecrafter256},"(106.24545024568366, 73.02442408821369, 152.42065000158024)",20.0,"[{'name': ' Birch Log', 'count': 8, 'meta': ''}, {'name': ' None', 'count': 0, 'meta': ''}, {'name': ' None', 'count': 0, 'meta': ''}, {'name': ' None', 'count': 0, 'meta': ''}, {'name': ' None', 'count': 0, 'meta': ''}, {'name': ' None', 'count': 0, 'meta': ''}, {'name': ' None', 'count': 0, 'meta': ''}, {'name': ' None', 'count': 0, 'meta': ''}, {'name': ' None', 'count': 0, 'meta': ''}, {'name': ' None', 'count': 0, 'meta': ''}, {'name': ' None', 'count': 0, 'meta': ''}, {'name': ' None', 'count': 0, 'meta': ''}, {'name': ' None', 'count': 0, 'meta': ''}, {'name': ' None', 'count': 0, 'meta': ''}, {'name': ' None', 'count': 0, 'meta': ''}, {'name': ' None', 'count': 0, 'meta': ''}, {'name': ' None', 'count': 0, 'meta': ''}, {'name': ' None', 'count': 0, 'meta': ''}, {'name': ' None', 'count': 0, 'meta': ''}, {'name': ' None', 'count': 0, 'meta': ''}, {'name': ' None', 'count': 0, 'meta': ''}, {'name': ' None', 'count': 0, 'meta': ''}, {'name': ' None', 'count': 0, 'meta': ''}, {'name': ' None', 'count': 0, 'meta': ''}, {'name': ' None', 'count': 0, 'meta': ''}, {'name': ' None', 'count': 0, 'meta': ''}, {'name': ' None', 'count': 0, 'meta': ''}, {'name': ' None', 'count': 0, 'meta': ''}, {'name': ' None', 'count': 0, 'meta': ''}, {'name': ' None', 'count': 0, 'meta': ''}, {'name': ' None', 'count': 0, 'meta': ''}, {'name': ' None', 'count': 0, 'meta': ''}, {'name': ' None', 'count': 0, 'meta': ''}, {'name': ' None', 'count': 0, 'meta': ''}, {'name': ' None', 'count': 0, 'meta': ''}, {'name': ' None', 'count': 0, 'meta': ''}]","Armor Slot 0: None, Count: 0; Armor Slot 1: None, Count: 0; Armor Slot 2: None, Count: 0; Armor Slot 3: None, Count: 0; ","Offhand: None, Count: 0; ",[],20.0,20.0,"[-0.5669282433423996, -0.2053509526682371, -0.7977614638091692]",west,6,0 minecraft:air,False,Player is not currently riding anything,0.30153472366278034
101.0,13:49:25.700472400,2025-11-07,literal{minecrafter256},"(106.24545024568366, 72.79673560066871, 152.42065000158024)",20.0,"[{'name': ' Birch Log', 'count': 8, 'meta': ''}, {'name': ' None', 'count': 0, 'meta': ''}, {'name': ' None', 'count': 0, 'meta': ''}, {'name': ' None', 'count': 0, 'meta': ''}, {'name': ' None', 'count': 0, 'meta': ''}, {'name': ' None', 'count': 0, 'meta': ''}, {'name': ' None', 'count': 0, 'meta': ''}, {'name': ' None', 'count': 0, 'meta': ''}, {'name': ' None', 'count': 0, 'meta': ''}, {'name': ' None', 'count': 0, 'meta': ''}, {'name': ' None', 'count': 0, 'meta': ''}, {'name': ' None', 'count': 0, 'meta': ''}, {'name': ' None', 'count': 0, 'meta': ''}, {'name': ' None', 'count': 0, 'meta': ''}, {'name': ' None', 'count': 0, 'meta': ''}, {'name': ' None', 'count': 0, 'meta': ''}, {'name': ' None', 'count': 0, 'meta': ''}, {'name': ' None', 'count': 0, 'meta': ''}, {'name': ' None', 'count': 0, 'meta': ''}, {'name': ' None', 'count': 0, 'meta': ''}, {'name': ' None', 'count': 0, 'meta': ''}, {'name': ' None', 'count': 0, 'meta': ''}, {'name': ' None', 'count': 0, 'meta': ''}, {'name': ' None', 'count': 0, 'meta': ''}, {'name': ' None', 'count': 0, 'meta': ''}, {'name': ' None', 'count': 0, 'meta': ''}, {'name': ' None', 'count': 0, 'meta': ''}, {'name': ' None', 'count': 0, 'meta': ''}, {'name': ' None', 'count': 0, 'meta': ''}, {'name': ' None', 'count': 0, 'meta': ''}, {'name': ' None', 'count': 0, 'meta': ''}, {'name': ' None', 'count': 0, 'meta': ''}, {'name': ' None', 'count': 0, 'meta': ''}, {'name': ' None', 'count': 0, 'meta': ''}, {'name': ' None', 'count': 0, 'meta': ''}, {'name': ' None', 'count': 0, 'meta': ''}]","Armor Slot 0: None, Count: 0; Armor Slot 1: None, Count: 0; Armor Slot 2: None, Count: 0; Armor Slot 3: None, Count: 0; ","Offhand: None, Count: 0; ",[],20.0,20.0,"[-0.5669282433423996, -0.2053509526682371, -0.7977614638091692]",west,6,0 minecraft:air,False,Player is not currently riding anything,0.3739040364667221
101.0,13:49:25.752669100,2025-11-07,literal{minecrafter256},"(106.24545024568366, 72.1212968405392, 152.42065000158024)",20.0,"[{'name': ' Birch Log', 'count': 8, 'meta': ''}, {'name': ' None', 'count': 0, 'meta': ''}, {'name': ' None', 'count': 0, 'meta': ''}, {'name': ' None', 'count': 0, 'meta': ''}, {'name': ' None', 'count': 0, 'meta': ''}, {'name': ' None', 'count': 0, 'meta': ''}, {'name': ' None', 'count': 0, 'meta': ''}, {'name': ' None', 'count': 0, 'meta': ''}, {'name': ' None', 'count': 0, 'meta': ''}, {'name': ' None', 'count': 0, 'meta': ''}, {'name': ' None', 'count': 0, 'meta': ''}, {'name': ' None', 'count': 0, 'meta': ''}, {'name': ' None', 'count': 0, 'meta': ''}, {'name': ' None', 'count': 0, 'meta': ''}, {'name': ' None', 'count': 0, 'meta': ''}, {'name': ' None', 'count': 0, 'meta': ''}, {'name': ' None', 'count': 0, 'meta': ''}, {'name': ' None', 'count': 0, 'meta': ''}, {'name': ' None', 'count': 0, 'meta': ''}, {'name': ' None', 'count': 0, 'meta': ''}, {'name': ' None', 'count': 0, 'meta': ''}, {'name': ' None', 'count': 0, 'meta': ''}, {'name': ' None', 'count': 0, 'meta': ''}, {'name': ' None', 'count': 0, 'meta': ''}, {'name': ' None', 'count': 0, 'meta': ''}, {'name': ' None', 'count': 0, 'meta': ''}, {'name': ' None', 'count': 0, 'meta': ''}, {'name': ' None', 'count': 0, 'meta': ''}, {'name': ' None', 'count': 0, 'meta': ''}, {'name': ' None', 'count': 0, 'meta': ''}, {'name': ' None', 'count': 0, 'meta': ''}, {'name': ' None', 'count': 0, 'meta': ''}, {'name': ' None', 'count': 0, 'meta': ''}, {'name': ' None', 'count': 0, 'meta': ''}, {'name': ' None', 'count': 0, 'meta': ''}, {'name': ' None', 'count': 0, 'meta': ''}]","Armor Slot 0: None, Count: 0; Armor Slot 1: None, Count: 0; Armor Slot 2: None, Count: 0; Armor Slot 3: None, Count: 0; ","Offhand: None, Count: 0; ",[],20.0,20.0,"[-0.5666148798757676, -0.20791243974502968, -0.7973205097717222]",west,6,0 minecraft:air,False,Player is not currently riding anything,0.0784000015258789
101.0,13:49:25.787818200,2025-11-07,literal{minecrafter256},"(106.24545024568366, 72.1212968405392, 152.42065000158024)",20.0,"[{'name': ' Birch Log', 'count': 8, 'meta': ''}, {'name': ' None', 'count': 0, 'meta': ''}, {'name': ' None', 'count': 0, 'meta': ''}, {'name': ' None', 'count': 0, 'meta': ''}, {'name': ' None', 'count': 0, 'meta': ''}, {'name': ' None', 'count': 0, 'meta': ''}, {'name': ' None', 'count': 0, 'meta': ''}, {'name': ' None', 'count': 0, 'meta': ''}, {'name': ' None', 'count': 0, 'meta': ''}, {'name': ' None', 'count': 0, 'meta': ''}, {'name': ' None', 'count': 0, 'meta': ''}, {'name': ' None', 'count': 0, 'meta': ''}, {'name': ' None', 'count': 0, 'meta': ''}, {'name': ' None', 'count': 0, 'meta': ''}, {'name': ' None', 'count': 0, 'meta': ''}, {'name': ' None', 'count': 0, 'meta': ''}, {'name': ' None', 'count': 0, 'meta': ''}, {'name': ' None', 'count': 0, 'meta': ''}, {'name': ' None', 'count': 0, 'meta': ''}, {'name': ' None', 'count': 0, 'meta': ''}, {'name': ' None', 'count': 0, 'meta': ''}, {'name': ' None', 'count': 0, 'meta': ''}, {'name': ' None', 'count': 0, 'meta': ''}, {'name': ' None', 'count': 0, 'meta': ''}, {'name': ' None', 'count': 0, 'meta': ''}, {'name': ' None', 'count': 0, 'meta': ''}, {'name': ' None', 'count': 0, 'meta': ''}, {'name': ' None', 'count': 0, 'meta': ''}, {'name': ' None', 'count': 0, 'meta': ''}, {'name': ' None', 'count': 0, 'meta': ''}, {'name': ' None', 'count': 0, 'meta': ''}, {'name': ' None', 'count': 0, 'meta': ''}, {'name': ' None', 'count': 0, 'meta': ''}, {'name': ' None', 'count': 0, 'meta': ''}, {'name': ' None', 'count': 0, 'meta': ''}, {'name': ' None', 'count': 0, 'meta': ''}]","Armor Slot 0: None, Count: 0; Armor Slot 1: None, Count: 0; Armor Slot 2: None, Count: 0; Armor Slot 3: None, Count: 0; ","Offhand: None, Count: 0; ",[],20.0,20.0,"[-0.5666148798757676, -0.20791243974502968, -0.7973205097717222]",west,6,0 minecraft:air,False,Player is not currently riding anything,0.1552320045166016
113.0,13:49:25.845804800,2025-11-07,literal{minecrafter256},"(106.24545024568366, 72.0, 152.42065000158024)",20.0,"[{'name': ' Birch Log', 'count': 8, 'meta': ''}, {'name': ' None', 'count': 0, 'meta': ''}, {'name': ' None', 'count': 0, 'meta': ''}, {'name': ' None', 'count': 0, 'meta': ''}, {'name': ' None', 'count': 0, 'meta': ''}, {'name': ' None', 'count': 0, 'meta': ''}, {'name': ' None', 'count': 0, 'meta': ''}, {'name': ' None', 'count': 0, 'meta': ''}, {'name': ' None', 'count': 0, 'meta': ''}, {'name': ' None', 'count': 0, 'meta': ''}, {'name': ' None', 'count': 0, 'meta': ''}, {'name': ' None', 'count': 0, 'meta': ''}, {'name': ' None', 'count': 0, 'meta': ''}, {'name': ' None', 'count': 0, 'meta': ''}, {'name': ' None', 'count': 0, 'meta': ''}, {'name': ' None', 'count': 0, 'meta': ''}, {'name': ' None', 'count': 0, 'meta': ''}, {'name': ' None', 'count': 0, 'meta': ''}, {'name': ' None', 'count': 0, 'meta': ''}, {'name': ' None', 'count': 0, 'meta': ''}, {'name': ' None', 'count': 0, 'meta': ''}, {'name': ' None', 'count': 0, 'meta': ''}, {'name': ' None', 'count': 0, 'meta': ''}, {'name': ' None', 'count': 0, 'meta': ''}, {'name': ' None', 'count': 0, 'meta': ''}, {'name': ' None', 'count': 0, 'meta': ''}, {'name': ' None', 'count': 0, 'meta': ''}, {'name': ' None', 'count': 0, 'meta': ''}, {'name': ' None', 'count': 0, 'meta': ''}, {'name': ' None', 'count': 0, 'meta': ''}, {'name': ' None', 'count': 0, 'meta': ''}, {'name': ' None', 'count': 0, 'meta': ''}, {'name': ' None', 'count': 0, 'meta': ''}, {'name': ' None', 'count': 0, 'meta': ''}, {'name': ' None', 'count': 0, 'meta': ''}, {'name': ' None', 'count': 0, 'meta': ''}]","Armor Slot 0: None, Count: 0; Armor Slot 1: None, Count: 0; Armor Slot 2: None, Count: 0; Armor Slot 3: None, Count: 0; ","Offhand: None, Count: 0; ",[],20.0,20.0,"[-0.5666148798757676, -0.20791243974502968, -0.7973205097717222]",west,6,0 minecraft:air,False,Player is not currently riding anything,0.0784000015258789
113.0,13:49:25.911378500,2025-11-07,literal{minecrafter256},"(106.24545024568366, 72.0, 152.42065000158024)",20.0,"[{'name': ' Birch Log', 'count': 8, 'meta': ''}, {'name': ' None', 'count': 0, 'meta': ''}, {'name': ' None', 'count': 0, 'meta': ''}, {'name': ' None', 'count': 0, 'meta': ''}, {'name': ' None', 'count': 0, 'meta': ''}, {'name': ' None', 'count': 0, 'meta': ''}, {'name': ' None', 'count': 0, 'meta': ''}, {'name': ' None', 'count': 0, 'meta': ''}, {'name': ' None', 'count': 0, 'meta': ''}, {'name': ' None', 'count': 0, 'meta': ''}, {'name': ' None', 'count': 0, 'meta': ''}, {'name': ' None', 'count': 0, 'meta': ''}, {'name': ' None', 'count': 0, 'meta': ''}, {'name': ' None', 'count': 0, 'meta': ''}, {'name': ' None', 'count': 0, 'meta': ''}, {'name': ' None', 'count': 0, 'meta': ''}, {'name': ' None', 'count': 0, 'meta': ''}, {'name': ' None', 'count': 0, 'meta': ''}, {'name': ' None', 'count': 0, 'meta': ''}, {'name': ' None', 'count': 0, 'meta': ''}, {'name': ' None', 'count': 0, 'meta': ''}, {'name': ' None', 'count': 0, 'meta': ''}, {'name': ' None', 'count': 0, 'meta': ''}, {'name': ' None', 'count': 0, 'meta': ''}, {'name': ' None', 'count': 0, 'meta': ''}, {'name': ' None', 'count': 0, 'meta': ''}, {'name': ' None', 'count': 0, 'meta': ''}, {'name': ' None', 'count': 0, 'meta': ''}, {'name': ' None', 'count': 0, 'meta': ''}, {'name': ' None', 'count': 0, 'meta': ''}, {'name': ' None', 'count': 0, 'meta': ''}, {'name': ' None', 'count': 0, 'meta': ''}, {'name': ' None', 'count': 0, 'meta': ''}, {'name': ' None', 'count': 0, 'meta': ''}, {'name': ' None', 'count': 0, 'meta': ''}, {'name': ' None', 'count': 0, 'meta': ''}]","Armor Slot 0: None, Count: 0; Armor Slot 1: None, Count: 0; Armor Slot 2: None, Count: 0; Armor Slot 3: None, Count: 0; ","Offhand: None, Count: 0; ",[],20.0,20.0,"[-0.5666148798757676, -0.20791243974502968, -0.7973205097717222]",west,6,0 minecraft:air,False,Player is not currently riding anything,0.0784000015258789
113.0,13:49:25.947976600,2025-11-07,literal{minecrafter256},"(106.24545024568366, 72.0, 152.42065000158024)",20.0,"[{'name': ' Birch Log', 'count': 8, 'meta': ''}, {'name': ' None', 'count': 0, 'meta': ''}, {'name': ' None', 'count': 0, 'meta': ''}, {'name': ' None', 'count': 0, 'meta': ''}, {'name': ' None', 'count': 0, 'meta': ''}, {'name': ' None', 'count': 0, 'meta': ''}, {'name': ' None', 'count': 0, 'meta': ''}, {'name': ' None', 'count': 0, 'meta': ''}, {'name': ' None', 'count': 0, 'meta': ''}, {'name': ' None', 'count': 0, 'meta': ''}, {'name': ' None', 'count': 0, 'meta': ''}, {'name': ' None', 'count': 0, 'meta': ''}, {'name': ' None', 'count': 0, 'meta': ''}, {'name': ' None', 'count': 0, 'meta': ''}, {'name': ' None', 'count': 0, 'meta': ''}, {'name': ' None', 'count': 0, 'meta': ''}, {'name': ' None', 'count': 0, 'meta': ''}, {'name': ' None', 'count': 0, 'meta': ''}, {'name': ' None', 'count': 0, 'meta': ''}, {'name': ' None', 'count': 0, 'meta': ''}, {'name': ' None', 'count': 0, 'meta': ''}, {'name': ' None', 'count': 0, 'meta': ''}, {'name': ' None', 'count': 0, 'meta': ''}, {'name': ' None', 'count': 0, 'meta': ''}, {'name': ' None', 'count': 0, 'meta': ''}, {'name': ' None', 'count': 0, 'meta': ''}, {'name': ' None', 'count': 0, 'meta': ''}, {'name': ' None', 'count': 0, 'meta': ''}, {'name': ' None', 'count': 0, 'meta': ''}, {'name': ' None', 'count': 0, 'meta': ''}, {'name': ' None', 'count': 0, 'meta': ''}, {'name': ' None', 'count': 0, 'meta': ''}, {'name': ' None', 'count': 0, 'meta': ''}, {'name': ' None', 'count': 0, 'meta': ''}, {'name': ' None', 'count': 0, 'meta': ''}, {'name': ' None', 'count': 0, 'meta': ''}]","Armor Slot 0: None, Count: 0; Armor Slot 1: None, Count: 0; Armor Slot 2: None, Count: 0; Armor Slot 3: None, Count: 0; ","Offhand: None, Count: 0; ",[],20.0,20.0,"[-0.5666148798757676, -0.20791243974502968, -0.7973205097717222]",west,6,0 minecraft:air,False,Player is not currently riding anything,0.0784000015258789
113.0,13:49:25.994576500,2025-11-07,literal{minecrafter256},"(106.24545024568366, 72.0, 152.42065000158024)",20.0,"[{'name': ' Birch Log', 'count': 8, 'meta': ''}, {'name': ' None', 'count': 0, 'meta': ''}, {'name': ' None', 'count': 0, 'meta': ''}, {'name': ' None', 'count': 0, 'meta': ''}, {'name': ' None', 'count': 0, 'meta': ''}, {'name': ' None', 'count': 0, 'meta': ''}, {'name': ' None', 'count': 0, 'meta': ''}, {'name': ' None', 'count': 0, 'meta': ''}, {'name': ' None', 'count': 0, 'meta': ''}, {'name': ' None', 'count': 0, 'meta': ''}, {'name': ' None', 'count': 0, 'meta': ''}, {'name': ' None', 'count': 0, 'meta': ''}, {'name': ' None', 'count': 0, 'meta': ''}, {'name': ' None', 'count': 0, 'meta': ''}, {'name': ' None', 'count': 0, 'meta': ''}, {'name': ' None', 'count': 0, 'meta': ''}, {'name': ' None', 'count': 0, 'meta': ''}, {'name': ' None', 'count': 0, 'meta': ''}, {'name': ' None', 'count': 0, 'meta': ''}, {'name': ' None', 'count': 0, 'meta': ''}, {'name': ' None', 'count': 0, 'meta': ''}, {'name': ' None', 'count': 0, 'meta': ''}, {'name': ' None', 'count': 0, 'meta': ''}, {'name': ' None', 'count': 0, 'meta': ''}, {'name': ' None', 'count': 0, 'meta': ''}, {'name': ' None', 'count': 0, 'meta': ''}, {'name': ' None', 'count': 0, 'meta': ''}, {'name': ' None', 'count': 0, 'meta': ''}, {'name': ' None', 'count': 0, 'meta': ''}, {'name': ' None', 'count': 0, 'meta': ''}, {'name': ' None', 'count': 0, 'meta': ''}, {'name': ' None', 'count': 0, 'meta': ''}, {'name': ' None', 'count': 0, 'meta': ''}, {'name': ' None', 'count': 0, 'meta': ''}, {'name': ' None', 'count': 0, 'meta': ''}, {'name': ' None', 'count': 0, 'meta': ''}]","Armor Slot 0: None, Count: 0; Armor Slot 1: None, Count: 0; Armor Slot 2: None, Count: 0; Armor Slot 3: None, Count: 0; ","Offhand: None, Count: 0; ",[],20.0,20.0,"[-0.5666148798757676, -0.20791243974502968, -0.7973205097717222]",west,6,0 minecraft:air,False,Player is not currently riding anything,0.0784000015258789
113.0,13:49:26.044050100,2025-11-07,literal{minecrafter256},"(106.24545024568366, 72.41999998688698, 152.42065000158024)",20.0,"[{'name': ' Birch Log', 'count': 8, 'meta': ''}, {'name': ' None', 'count': 0, 'meta': ''}, {'name': ' None', 'count': 0, 'meta': ''}, {'name': ' None', 'count': 0, 'meta': ''}, {'name': ' None', 'count': 0, 'meta': ''}, {'name': ' None', 'count': 0, 'meta': ''}, {'name': ' None', 'count': 0, 'meta': ''}, {'name': ' None', 'count': 0, 'meta': ''}, {'name': ' None', 'count': 0, 'meta': ''}, {'name': ' None', 'count': 0, 'meta': ''}, {'name': ' None', 'count': 0, 'meta': ''}, {'name': ' None', 'count': 0, 'meta': ''}, {'name': ' None', 'count': 0, 'meta': ''}, {'name': ' None', 'count': 0, 'meta': ''}, {'name': ' None', 'count': 0, 'meta': ''}, {'name': ' None', 'count': 0, 'meta': ''}, {'name': ' None', 'count': 0, 'meta': ''}, {'name': ' None', 'count': 0, 'meta': ''}, {'name': ' None', 'count': 0, 'meta': ''}, {'name': ' None', 'count': 0, 'meta': ''}, {'name': ' None', 'count': 0, 'meta': ''}, {'name': ' None', 'count': 0, 'meta': ''}, {'name': ' None', 'count': 0, 'meta': ''}, {'name': ' None', 'count': 0, 'meta': ''}, {'name': ' None', 'count': 0, 'meta': ''}, {'name': ' None', 'count': 0, 'meta': ''}, {'name': ' None', 'count': 0, 'meta': ''}, {'name': ' None', 'count': 0, 'meta': ''}, {'name': ' None', 'count': 0, 'meta': ''}, {'name': ' None', 'count': 0, 'meta': ''}, {'name': ' None', 'count': 0, 'meta': ''}, {'name': ' None', 'count': 0, 'meta': ''}, {'name': ' None', 'count': 0, 'meta': ''}, {'name': ' None', 'count': 0, 'meta': ''}, {'name': ' None', 'count': 0, 'meta': ''}, {'name': ' None', 'count': 0, 'meta': ''}]","Armor Slot 0: None, Count: 0; Armor Slot 1: None, Count: 0; Armor Slot 2: None, Count: 0; Armor Slot 3: None, Count: 0; ","Offhand: None, Count: 0; ",[],20.0,20.0,"[-0.5666148798757676, -0.20791243974502968, -0.7973205097717222]",west,6,0 minecraft:air,False,Player is not currently riding anything,0.33319999363422365
113.0,13:49:26.097940100,2025-11-07,literal{minecrafter256},"(106.24545024568366, 72.7531999805212, 152.42065000158024)",20.0,"[{'name': ' Birch Log', 'count': 8, 'meta': ''}, {'name': ' None', 'count': 0, 'meta': ''}, {'name': ' None', 'count': 0, 'meta': ''}, {'name': ' None', 'count': 0, 'meta': ''}, {'name': ' None', 'count': 0, 'meta': ''}, {'name': ' None', 'count': 0, 'meta': ''}, {'name': ' None', 'count': 0, 'meta': ''}, {'name': ' None', 'count': 0, 'meta': ''}, {'name': ' None', 'count': 0, 'meta': ''}, {'name': ' None', 'count': 0, 'meta': ''}, {'name': ' None', 'count': 0, 'meta': ''}, {'name': ' None', 'count': 0, 'meta': ''}, {'name': ' None', 'count': 0, 'meta': ''}, {'name': ' None', 'count': 0, 'meta': ''}, {'name': ' None', 'count': 0, 'meta': ''}, {'name': ' None', 'count': 0, 'meta': ''}, {'name': ' None', 'count': 0, 'meta': ''}, {'name': ' None', 'count': 0, 'meta': ''}, {'name': ' None', 'count': 0, 'meta': ''}, {'name': ' None', 'count': 0, 'meta': ''}, {'name': ' None', 'count': 0, 'meta': ''}, {'name': ' None', 'count': 0, 'meta': ''}, {'name': ' None', 'count': 0, 'meta': ''}, {'name': ' None', 'count': 0, 'meta': ''}, {'name': ' None', 'count': 0, 'meta': ''}, {'name': ' None', 'count': 0, 'meta': ''}, {'name': ' None', 'count': 0, 'meta': ''}, {'name': ' None', 'count': 0, 'meta': ''}, {'name': ' None', 'count': 0, 'meta': ''}, {'name': ' None', 'count': 0, 'meta': ''}, {'name': ' None', 'count': 0, 'meta': ''}, {'name': ' None', 'count': 0, 'meta': ''}, {'name': ' None', 'count': 0, 'meta': ''}, {'name': ' None', 'count': 0, 'meta': ''}, {'name': ' None', 'count': 0, 'meta': ''}, {'name': ' None', 'count': 0, 'meta': ''}]","Armor Slot 0: None, Count: 0; Armor Slot 1: None, Count: 0; Armor Slot 2: None, Count: 0; Armor Slot 3: None, Count: 0; ","Offhand: None, Count: 0; ",[],20.0,20.0,"[-0.5666148798757676, -0.20791243974502968, -0.7973205097717222]",west,6,0 minecraft:air,False,Player is not currently riding anything,0.24813599859094576
113.0,13:49:26.137601600,2025-11-07,literal{minecrafter256},"(106.24545024568366, 73.16610926093821, 152.42065000158024)",20.0,"[{'name': ' Birch Log', 'count': 8, 'meta': ''}, {'name': ' None', 'count': 0, 'meta': ''}, {'name': ' None', 'count': 0, 'meta': ''}, {'name': ' None', 'count': 0, 'meta': ''}, {'name': ' None', 'count': 0, 'meta': ''}, {'name': ' None', 'count': 0, 'meta': ''}, {'name': ' None', 'count': 0, 'meta': ''}, {'name': ' None', 'count': 0, 'meta': ''}, {'name': ' None', 'count': 0, 'meta': ''}, {'name': ' None', 'count': 0, 'meta': ''}, {'name': ' None', 'count': 0, 'meta': ''}, {'name': ' None', 'count': 0, 'meta': ''}, {'name': ' None', 'count': 0, 'meta': ''}, {'name': ' None', 'count': 0, 'meta': ''}, {'name': ' None', 'count': 0, 'meta': ''}, {'name': ' None', 'count': 0, 'meta': ''}, {'name': ' None', 'count': 0, 'meta': ''}, {'name': ' None', 'count': 0, 'meta': ''}, {'name': ' None', 'count': 0, 'meta': ''}, {'name': ' None', 'count': 0, 'meta': ''}, {'name': ' None', 'count': 0, 'meta': ''}, {'name': ' None', 'count': 0, 'meta': ''}, {'name': ' None', 'count': 0, 'meta': ''}, {'name': ' None', 'count': 0, 'meta': ''}, {'name': ' None', 'count': 0, 'meta': ''}, {'name': ' None', 'count': 0, 'meta': ''}, {'name': ' None', 'count': 0, 'meta': ''}, {'name': ' None', 'count': 0, 'meta': ''}, {'name': ' None', 'count': 0, 'meta': ''}, {'name': ' None', 'count': 0, 'meta': ''}, {'name': ' None', 'count': 0, 'meta': ''}, {'name': ' None', 'count': 0, 'meta': ''}, {'name': ' None', 'count': 0, 'meta': ''}, {'name': ' None', 'count': 0, 'meta': ''}, {'name': ' None', 'count': 0, 'meta': ''}, {'name': ' None', 'count': 0, 'meta': ''}]","Armor Slot 0: None, Count: 0; Armor Slot 1: None, Count: 0; Armor Slot 2: None, Count: 0; Armor Slot 3: None, Count: 0; ","Offhand: None, Count: 0; ",[],20.0,20.0,"[-0.5666148798757676, -0.20791243974502968, -0.7973205097717222]",west,6,0 minecraft:air,False,Player is not currently riding anything,0.16477328182606651
113.0,13:49:26.191721100,2025-11-07,literal{minecrafter256},"(106.24545024568366, 73.16610926093821, 152.42065000158024)",20.0,"[{'name': ' Birch Log', 'count': 8, 'meta': ''}, {'name': ' None', 'count': 0, 'meta': ''}, {'name': ' None', 'count': 0, 'meta': ''}, {'name': ' None', 'count': 0, 'meta': ''}, {'name': ' None', 'count': 0, 'meta': ''}, {'name': ' None', 'count': 0, 'meta': ''}, {'name': ' None', 'count': 0, 'meta': ''}, {'name': ' None', 'count': 0, 'meta': ''}, {'name': ' None', 'count': 0, 'meta': ''}, {'name': ' None', 'count': 0, 'meta': ''}, {'name': ' None', 'count': 0, 'meta': ''}, {'name': ' None', 'count': 0, 'meta': ''}, {'name': ' None', 'count': 0, 'meta': ''}, {'name': ' None', 'count': 0, 'meta': ''}, {'name': ' None', 'count': 0, 'meta': ''}, {'name': ' None', 'count': 0, 'meta': ''}, {'name': ' None', 'count': 0, 'meta': ''}, {'name': ' None', 'count': 0, 'meta': ''}, {'name': ' None', 'count': 0, 'meta': ''}, {'name': ' None', 'count': 0, 'meta': ''}, {'name': ' None', 'count': 0, 'meta': ''}, {'name': ' None', 'count': 0, 'meta': ''}, {'name': ' None', 'count': 0, 'meta': ''}, {'name': ' None', 'count': 0, 'meta': ''}, {'name': ' None', 'count': 0, 'meta': ''}, {'name': ' None', 'count': 0, 'meta': ''}, {'name': ' None', 'count': 0, 'meta': ''}, {'name': ' None', 'count': 0, 'meta': ''}, {'name': ' None', 'count': 0, 'meta': ''}, {'name': ' None', 'count': 0, 'meta': ''}, {'name': ' None', 'count': 0, 'meta': ''}, {'name': ' None', 'count': 0, 'meta': ''}, {'name': ' None', 'count': 0, 'meta': ''}, {'name': ' None', 'count': 0, 'meta': ''}, {'name': ' None', 'count': 0, 'meta': ''}, {'name': ' None', 'count': 0, 'meta': ''}]","Armor Slot 0: None, Count: 0; Armor Slot 1: None, Count: 0; Armor Slot 2: None, Count: 0; Armor Slot 3: None, Count: 0; ","Offhand: None, Count: 0; ",[],20.0,20.0,"[-0.5666148798757676, -0.20791243974502968, -0.7973205097717222]",west,6,0 minecraft:air,False,Player is not currently riding anything,0.08307781780646721
113.0,13:49:26.232977400,2025-11-07,literal{minecrafter256},"(106.24545024568366, 73.24918707874468, 152.42065000158024)",20.0,"[{'name': ' Birch Log', 'count': 8, 'meta': ''}, {'name': ' None', 'count': 0, 'meta': ''}, {'name': ' None', 'count': 0, 'meta': ''}, {'name': ' None', 'count': 0, 'meta': ''}, {'name': ' None', 'count': 0, 'meta': ''}, {'name': ' None', 'count': 0, 'meta': ''}, {'name': ' None', 'count': 0, 'meta': ''}, {'name': ' None', 'count': 0, 'meta': ''}, {'name': ' None', 'count': 0, 'meta': ''}, {'name': ' None', 'count': 0, 'meta': ''}, {'name': ' None', 'count': 0, 'meta': ''}, {'name': ' None', 'count': 0, 'meta': ''}, {'name': ' None', 'count': 0, 'meta': ''}, {'name': ' None', 'count': 0, 'meta': ''}, {'name': ' None', 'count': 0, 'meta': ''}, {'name': ' None', 'count': 0, 'meta': ''}, {'name': ' None', 'count': 0, 'meta': ''}, {'name': ' None', 'count': 0, 'meta': ''}, {'name': ' None', 'count': 0, 'meta': ''}, {'name': ' None', 'count': 0, 'meta': ''}, {'name': ' None', 'count': 0, 'meta': ''}, {'name': ' None', 'count': 0, 'meta': ''}, {'name': ' None', 'count': 0, 'meta': ''}, {'name': ' None', 'count': 0, 'meta': ''}, {'name': ' None', 'count': 0, 'meta': ''}, {'name': ' None', 'count': 0, 'meta': ''}, {'name': ' None', 'count': 0, 'meta': ''}, {'name': ' None', 'count': 0, 'meta': ''}, {'name': ' None', 'count': 0, 'meta': ''}, {'name': ' None', 'count': 0, 'meta': ''}, {'name': ' None', 'count': 0, 'meta': ''}, {'name': ' None', 'count': 0, 'meta': ''}, {'name': ' None', 'count': 0, 'meta': ''}, {'name': ' None', 'count': 0, 'meta': ''}, {'name': ' None', 'count': 0, 'meta': ''}, {'name': ' None', 'count': 0, 'meta': ''}]","Armor Slot 0: None, Count: 0; Armor Slot 1: None, Count: 0; Armor Slot 2: None, Count: 0; Armor Slot 3: None, Count: 0; ","Offhand: None, Count: 0; ",[],20.0,20.0,"[-0.5666148798757676, -0.20791243974502968, -0.7973205097717222]",west,6,0 minecraft:air,False,Player is not currently riding anything,0.0030162615090425808
113.0,13:49:26.283111800,2025-11-07,literal{minecrafter256},"(106.24545024568366, 73.25220334025373, 152.42065000158024)",20.0,"[{'name': ' Birch Log', 'count': 8, 'meta': ''}, {'name': ' None', 'count': 0, 'meta': ''}, {'name': ' None', 'count': 0, 'meta': ''}, {'name': ' None', 'count': 0, 'meta': ''}, {'name': ' None', 'count': 0, 'meta': ''}, {'name': ' None', 'count': 0, 'meta': ''}, {'name': ' None', 'count': 0, 'meta': ''}, {'name': ' None', 'count': 0, 'meta': ''}, {'name': ' None', 'count': 0, 'meta': ''}, {'name': ' None', 'count': 0, 'meta': ''}, {'name': ' None', 'count': 0, 'meta': ''}, {'name': ' None', 'count': 0, 'meta': ''}, {'name': ' None', 'count': 0, 'meta': ''}, {'name': ' None', 'count': 0, 'meta': ''}, {'name': ' None', 'count': 0, 'meta': ''}, {'name': ' None', 'count': 0, 'meta': ''}, {'name': ' None', 'count': 0, 'meta': ''}, {'name': ' None', 'count': 0, 'meta': ''}, {'name': ' None', 'count': 0, 'meta': ''}, {'name': ' None', 'count': 0, 'meta': ''}, {'name': ' None', 'count': 0, 'meta': ''}, {'name': ' None', 'count': 0, 'meta': ''}, {'name': ' None', 'count': 0, 'meta': ''}, {'name': ' None', 'count': 0, 'meta': ''}, {'name': ' None', 'count': 0, 'meta': ''}, {'name': ' None', 'count': 0, 'meta': ''}, {'name': ' None', 'count': 0, 'meta': ''}, {'name': ' None', 'count': 0, 'meta': ''}, {'name': ' None', 'count': 0, 'meta': ''}, {'name': ' None', 'count': 0, 'meta': ''}, {'name': ' None', 'count': 0, 'meta': ''}, {'name': ' None', 'count': 0, 'meta': ''}, {'name': ' None', 'count': 0, 'meta': ''}, {'name': ' None', 'count': 0, 'meta': ''}, {'name': ' None', 'count': 0, 'meta': ''}, {'name': ' None', 'count': 0, 'meta': ''}]","Armor Slot 0: None, Count: 0; Armor Slot 1: None, Count: 0; Armor Slot 2: None, Count: 0; Armor Slot 3: None, Count: 0; ","Offhand: None, Count: 0; ",[],20.0,20.0,"[-0.5666148798757676, -0.20791243974502968, -0.7973205097717222]",west,6,0 minecraft:air,False,Player is not currently riding anything,0.07544406518948656
113.0,13:49:26.341756600,2025-11-07,literal{minecrafter256},"(106.24545024568366, 73.02442408821369, 152.42065000158024)",20.0,"[{'name': ' Birch Log', 'count': 8, 'meta': ''}, {'name': ' None', 'count': 0, 'meta': ''}, {'name': ' None', 'count': 0, 'meta': ''}, {'name': ' None', 'count': 0, 'meta': ''}, {'name': ' None', 'count': 0, 'meta': ''}, {'name': ' None', 'count': 0, 'meta': ''}, {'name': ' None', 'count': 0, 'meta': ''}, {'name': ' None', 'count': 0, 'meta': ''}, {'name': ' None', 'count': 0, 'meta': ''}, {'name': ' None', 'count': 0, 'meta': ''}, {'name': ' None', 'count': 0, 'meta': ''}, {'name': ' None', 'count': 0, 'meta': ''}, {'name': ' None', 'count': 0, 'meta': ''}, {'name': ' None', 'count': 0, 'meta': ''}, {'name': ' None', 'count': 0, 'meta': ''}, {'name': ' None', 'count': 0, 'meta': ''}, {'name': ' None', 'count': 0, 'meta': ''}, {'name': ' None', 'count': 0, 'meta': ''}, {'name': ' None', 'count': 0, 'meta': ''}, {'name': ' None', 'count': 0, 'meta': ''}, {'name': ' None', 'count': 0, 'meta': ''}, {'name': ' None', 'count': 0, 'meta': ''}, {'name': ' None', 'count': 0, 'meta': ''}, {'name': ' None', 'count': 0, 'meta': ''}, {'name': ' None', 'count': 0, 'meta': ''}, {'name': ' None', 'count': 0, 'meta': ''}, {'name': ' None', 'count': 0, 'meta': ''}, {'name': ' None', 'count': 0, 'meta': ''}, {'name': ' None', 'count': 0, 'meta': ''}, {'name': ' None', 'count': 0, 'meta': ''}, {'name': ' None', 'count': 0, 'meta': ''}, {'name': ' None', 'count': 0, 'meta': ''}, {'name': ' None', 'count': 0, 'meta': ''}, {'name': ' None', 'count': 0, 'meta': ''}, {'name': ' None', 'count': 0, 'meta': ''}, {'name': ' None', 'count': 0, 'meta': ''}]","Armor Slot 0: None, Count: 0; Armor Slot 1: None, Count: 0; Armor Slot 2: None, Count: 0; Armor Slot 3: None, Count: 0; ","Offhand: None, Count: 0; ",[],20.0,20.0,"[-0.5666148798757676, -0.20791243974502968, -0.7973205097717222]",west,6,0 minecraft:air,False,Player is not currently riding anything,0.15233518685055708
113.0,13:49:26.394959700,2025-11-07,literal{minecrafter256},"(106.24545024568366, 73.02442408821369, 152.42065000158024)",20.0,"[{'name': ' Birch Log', 'count': 8, 'meta': ''}, {'name': ' None', 'count': 0, 'meta': ''}, {'name': ' None', 'count': 0, 'meta': ''}, {'name': ' None', 'count': 0, 'meta': ''}, {'name': ' None', 'count': 0, 'meta': ''}, {'name': ' None', 'count': 0, 'meta': ''}, {'name': ' None', 'count': 0, 'meta': ''}, {'name': ' None', 'count': 0, 'meta': ''}, {'name': ' None', 'count': 0, 'meta': ''}, {'name': ' None', 'count': 0, 'meta': ''}, {'name': ' None', 'count': 0, 'meta': ''}, {'name': ' None', 'count': 0, 'meta': ''}, {'name': ' None', 'count': 0, 'meta': ''}, {'name': ' None', 'count': 0, 'meta': ''}, {'name': ' None', 'count': 0, 'meta': ''}, {'name': ' None', 'count': 0, 'meta': ''}, {'name': ' None', 'count': 0, 'meta': ''}, {'name': ' None', 'count': 0, 'meta': ''}, {'name': ' None', 'count': 0, 'meta': ''}, {'name': ' None', 'count': 0, 'meta': ''}, {'name': ' None', 'count': 0, 'meta': ''}, {'name': ' None', 'count': 0, 'meta': ''}, {'name': ' None', 'count': 0, 'meta': ''}, {'name': ' None', 'count': 0, 'meta': ''}, {'name': ' None', 'count': 0, 'meta': ''}, {'name': ' None', 'count': 0, 'meta': ''}, {'name': ' None', 'count': 0, 'meta': ''}, {'name': ' None', 'count': 0, 'meta': ''}, {'name': ' None', 'count': 0, 'meta': ''}, {'name': ' None', 'count': 0, 'meta': ''}, {'name': ' None', 'count': 0, 'meta': ''}, {'name': ' None', 'count': 0, 'meta': ''}, {'name': ' None', 'count': 0, 'meta': ''}, {'name': ' None', 'count': 0, 'meta': ''}, {'name': ' None', 'count': 0, 'meta': ''}, {'name': ' None', 'count': 0, 'meta': ''}]","Armor Slot 0: None, Count: 0; Armor Slot 1: None, Count: 0; Armor Slot 2: None, Count: 0; Armor Slot 3: None, Count: 0; ","Offhand: None, Count: 0; ",[],20.0,20.0,"[-0.5666148798757676, -0.20791243974502968, -0.7973205097717222]",west,6,0 minecraft:air,False,Player is not currently riding anything,0.22768848754498797
113.0,13:49:26.434270600,2025-11-07,literal{minecrafter256},"(106.24545024568366, 72.79673560066871, 152.42065000158024)",20.0,"[{'name': ' Birch Log', 'count': 8, 'meta': ''}, {'name': ' None', 'count': 0, 'meta': ''}, {'name': ' None', 'count': 0, 'meta': ''}, {'name': ' None', 'count': 0, 'meta': ''}, {'name': ' None', 'count': 0, 'meta': ''}, {'name': ' None', 'count': 0, 'meta': ''}, {'name': ' None', 'count': 0, 'meta': ''}, {'name': ' None', 'count': 0, 'meta': ''}, {'name': ' None', 'count': 0, 'meta': ''}, {'name': ' None', 'count': 0, 'meta': ''}, {'name': ' None', 'count': 0, 'meta': ''}, {'name': ' None', 'count': 0, 'meta': ''}, {'name': ' None', 'count': 0, 'meta': ''}, {'name': ' None', 'count': 0, 'meta': ''}, {'name': ' None', 'count': 0, 'meta': ''}, {'name': ' None', 'count': 0, 'meta': ''}, {'name': ' None', 'count': 0, 'meta': ''}, {'name': ' None', 'count': 0, 'meta': ''}, {'name': ' None', 'count': 0, 'meta': ''}, {'name': ' None', 'count': 0, 'meta': ''}, {'name': ' None', 'count': 0, 'meta': ''}, {'name': ' None', 'count': 0, 'meta': ''}, {'name': ' None', 'count': 0, 'meta': ''}, {'name': ' None', 'count': 0, 'meta': ''}, {'name': ' None', 'count': 0, 'meta': ''}, {'name': ' None', 'count': 0, 'meta': ''}, {'name': ' None', 'count': 0, 'meta': ''}, {'name': ' None', 'count': 0, 'meta': ''}, {'name': ' None', 'count': 0, 'meta': ''}, {'name': ' None', 'count': 0, 'meta': ''}, {'name': ' None', 'count': 0, 'meta': ''}, {'name': ' None', 'count': 0, 'meta': ''}, {'name': ' None', 'count': 0, 'meta': ''}, {'name': ' None', 'count': 0, 'meta': ''}, {'name': ' None', 'count': 0, 'meta': ''}, {'name': ' None', 'count': 0, 'meta': ''}]","Armor Slot 0: None, Count: 0; Armor Slot 1: None, Count: 0; Armor Slot 2: None, Count: 0; Armor Slot 3: None, Count: 0; ","Offhand: None, Count: 0; ",[],20.0,20.0,"[-0.5666148798757676, -0.20791243974502968, -0.7973205097717222]",west,6,0 minecraft:air,False,Player is not currently riding anything,0.30153472366278034
113.0,13:49:26.493335900,2025-11-07,literal{minecrafter256},"(106.24545024568366, 72.1212968405392, 152.42065000158024)",20.0,"[{'name': ' Birch Log', 'count': 8, 'meta': ''}, {'name': ' None', 'count': 0, 'meta': ''}, {'name': ' None', 'count': 0, 'meta': ''}, {'name': ' None', 'count': 0, 'meta': ''}, {'name': ' None', 'count': 0, 'meta': ''}, {'name': ' None', 'count': 0, 'meta': ''}, {'name': ' None', 'count': 0, 'meta': ''}, {'name': ' None', 'count': 0, 'meta': ''}, {'name': ' None', 'count': 0, 'meta': ''}, {'name': ' None', 'count': 0, 'meta': ''}, {'name': ' None', 'count': 0, 'meta': ''}, {'name': ' None', 'count': 0, 'meta': ''}, {'name': ' None', 'count': 0, 'meta': ''}, {'name': ' None', 'count': 0, 'meta': ''}, {'name': ' None', 'count': 0, 'meta': ''}, {'name': ' None', 'count': 0, 'meta': ''}, {'name': ' None', 'count': 0, 'meta': ''}, {'name': ' None', 'count': 0, 'meta': ''}, {'name': ' None', 'count': 0, 'meta': ''}, {'name': ' None', 'count': 0, 'meta': ''}, {'name': ' None', 'count': 0, 'meta': ''}, {'name': ' None', 'count': 0, 'meta': ''}, {'name': ' None', 'count': 0, 'meta': ''}, {'name': ' None', 'count': 0, 'meta': ''}, {'name': ' None', 'count': 0, 'meta': ''}, {'name': ' None', 'count': 0, 'meta': ''}, {'name': ' None', 'count': 0, 'meta': ''}, {'name': ' None', 'count': 0, 'meta': ''}, {'name': ' None', 'count': 0, 'meta': ''}, {'name': ' None', 'count': 0, 'meta': ''}, {'name': ' None', 'count': 0, 'meta': ''}, {'name': ' None', 'count': 0, 'meta': ''}, {'name': ' None', 'count': 0, 'meta': ''}, {'name': ' None', 'count': 0, 'meta': ''}, {'name': ' None', 'count': 0, 'meta': ''}, {'name': ' None', 'count': 0, 'meta': ''}]","Armor Slot 0: None, Count: 0; Armor Slot 1: None, Count: 0; Armor Slot 2: None, Count: 0; Armor Slot 3: None, Count: 0; ","Offhand: None, Count: 0; ",[],20.0,20.0,"[-0.5666148798757676, -0.20791243974502968, -0.7973205097717222]",west,6,0 minecraft:air,False,Player is not currently riding anything,0.0784000015258789
113.0,13:49:26.550366100,2025-11-07,literal{minecrafter256},"(106.24545024568366, 72.0, 152.42065000158024)",20.0,"[{'name': ' Birch Log', 'count': 8, 'meta': ''}, {'name': ' None', 'count': 0, 'meta': ''}, {'name': ' None', 'count': 0, 'meta': ''}, {'name': ' None', 'count': 0, 'meta': ''}, {'name': ' None', 'count': 0, 'meta': ''}, {'name': ' None', 'count': 0, 'meta': ''}, {'name': ' None', 'count': 0, 'meta': ''}, {'name': ' None', 'count': 0, 'meta': ''}, {'name': ' None', 'count': 0, 'meta': ''}, {'name': ' None', 'count': 0, 'meta': ''}, {'name': ' None', 'count': 0, 'meta': ''}, {'name': ' None', 'count': 0, 'meta': ''}, {'name': ' None', 'count': 0, 'meta': ''}, {'name': ' None', 'count': 0, 'meta': ''}, {'name': ' None', 'count': 0, 'meta': ''}, {'name': ' None', 'count': 0, 'meta': ''}, {'name': ' None', 'count': 0, 'meta': ''}, {'name': ' None', 'count': 0, 'meta': ''}, {'name': ' None', 'count': 0, 'meta': ''}, {'name': ' None', 'count': 0, 'meta': ''}, {'name': ' None', 'count': 0, 'meta': ''}, {'name': ' None', 'count': 0, 'meta': ''}, {'name': ' None', 'count': 0, 'meta': ''}, {'name': ' None', 'count': 0, 'meta': ''}, {'name': ' None', 'count': 0, 'meta': ''}, {'name': ' None', 'count': 0, 'meta': ''}, {'name': ' None', 'count': 0, 'meta': ''}, {'name': ' None', 'count': 0, 'meta': ''}, {'name': ' None', 'count': 0, 'meta': ''}, {'name': ' None', 'count': 0, 'meta': ''}, {'name': ' None', 'count': 0, 'meta': ''}, {'name': ' None', 'count': 0, 'meta': ''}, {'name': ' None', 'count': 0, 'meta': ''}, {'name': ' None', 'count': 0, 'meta': ''}, {'name': ' None', 'count': 0, 'meta': ''}, {'name': ' None', 'count': 0, 'meta': ''}]","Armor Slot 0: None, Count: 0; Armor Slot 1: None, Count: 0; Armor Slot 2: None, Count: 0; Armor Slot 3: None, Count: 0; ","Offhand: None, Count: 0; ",[],20.0,20.0,"[-0.5666148798757676, -0.20791243974502968, -0.7973205097717222]",west,6,0 minecraft:air,False,Player is not currently riding anything,0.0784000015258789
113.0,13:49:26.586108300,2025-11-07,literal{minecrafter256},"(106.24545024568366, 72.0, 152.42065000158024)",20.0,"[{'name': ' Birch Log', 'count': 8, 'meta': ''}, {'name': ' None', 'count': 0, 'meta': ''}, {'name': ' None', 'count': 0, 'meta': ''}, {'name': ' None', 'count': 0, 'meta': ''}, {'name': ' None', 'count': 0, 'meta': ''}, {'name': ' None', 'count': 0, 'meta': ''}, {'name': ' None', 'count': 0, 'meta': ''}, {'name': ' None', 'count': 0, 'meta': ''}, {'name': ' None', 'count': 0, 'meta': ''}, {'name': ' None', 'count': 0, 'meta': ''}, {'name': ' None', 'count': 0, 'meta': ''}, {'name': ' None', 'count': 0, 'meta': ''}, {'name': ' None', 'count': 0, 'meta': ''}, {'name': ' None', 'count': 0, 'meta': ''}, {'name': ' None', 'count': 0, 'meta': ''}, {'name': ' None', 'count': 0, 'meta': ''}, {'name': ' None', 'count': 0, 'meta': ''}, {'name': ' None', 'count': 0, 'meta': ''}, {'name': ' None', 'count': 0, 'meta': ''}, {'name': ' None', 'count': 0, 'meta': ''}, {'name': ' None', 'count': 0, 'meta': ''}, {'name': ' None', 'count': 0, 'meta': ''}, {'name': ' None', 'count': 0, 'meta': ''}, {'name': ' None', 'count': 0, 'meta': ''}, {'name': ' None', 'count': 0, 'meta': ''}, {'name': ' None', 'count': 0, 'meta': ''}, {'name': ' None', 'count': 0, 'meta': ''}, {'name': ' None', 'count': 0, 'meta': ''}, {'name': ' None', 'count': 0, 'meta': ''}, {'name': ' None', 'count': 0, 'meta': ''}, {'name': ' None', 'count': 0, 'meta': ''}, {'name': ' None', 'count': 0, 'meta': ''}, {'name': ' None', 'count': 0, 'meta': ''}, {'name': ' None', 'count': 0, 'meta': ''}, {'name': ' None', 'count': 0, 'meta': ''}, {'name': ' None', 'count': 0, 'meta': ''}]","Armor Slot 0: None, Count: 0; Armor Slot 1: None, Count: 0; Armor Slot 2: None, Count: 0; Armor Slot 3: None, Count: 0; ","Offhand: None, Count: 0; ",[],20.0,20.0,"[-0.5666148798757676, -0.20791243974502968, -0.7973205097717222]",west,6,0 minecraft:air,False,Player is not currently riding anything,0.0784000015258789
113.0,13:49:26.634439200,2025-11-07,literal{minecrafter256},"(106.24545024568366, 72.0, 152.42065000158024)",20.0,"[{'name': ' Birch Log', 'count': 8, 'meta': ''}, {'name': ' None', 'count': 0, 'meta': ''}, {'name': ' None', 'count': 0, 'meta': ''}, {'name': ' None', 'count': 0, 'meta': ''}, {'name': ' None', 'count': 0, 'meta': ''}, {'name': ' None', 'count': 0, 'meta': ''}, {'name': ' None', 'count': 0, 'meta': ''}, {'name': ' None', 'count': 0, 'meta': ''}, {'name': ' None', 'count': 0, 'meta': ''}, {'name': ' None', 'count': 0, 'meta': ''}, {'name': ' None', 'count': 0, 'meta': ''}, {'name': ' None', 'count': 0, 'meta': ''}, {'name': ' None', 'count': 0, 'meta': ''}, {'name': ' None', 'count': 0, 'meta': ''}, {'name': ' None', 'count': 0, 'meta': ''}, {'name': ' None', 'count': 0, 'meta': ''}, {'name': ' None', 'count': 0, 'meta': ''}, {'name': ' None', 'count': 0, 'meta': ''}, {'name': ' None', 'count': 0, 'meta': ''}, {'name': ' None', 'count': 0, 'meta': ''}, {'name': ' None', 'count': 0, 'meta': ''}, {'name': ' None', 'count': 0, 'meta': ''}, {'name': ' None', 'count': 0, 'meta': ''}, {'name': ' None', 'count': 0, 'meta': ''}, {'name': ' None', 'count': 0, 'meta': ''}, {'name': ' None', 'count': 0, 'meta': ''}, {'name': ' None', 'count': 0, 'meta': ''}, {'name': ' None', 'count': 0, 'meta': ''}, {'name': ' None', 'count': 0, 'meta': ''}, {'name': ' None', 'count': 0, 'meta': ''}, {'name': ' None', 'count': 0, 'meta': ''}, {'name': ' None', 'count': 0, 'meta': ''}, {'name': ' None', 'count': 0, 'meta': ''}, {'name': ' None', 'count': 0, 'meta': ''}, {'name': ' None', 'count': 0, 'meta': ''}, {'name': ' None', 'count': 0, 'meta': ''}]","Armor Slot 0: None, Count: 0; Armor Slot 1: None, Count: 0; Armor Slot 2: None, Count: 0; Armor Slot 3: None, Count: 0; ","Offhand: None, Count: 0; ",[],20.0,20.0,"[-0.5666148798757676, -0.20791243974502968, -0.7973205097717222]",west,6,0 minecraft:air,False,Player is not currently riding anything,0.0784000015258789
113.0,13:49:26.690980100,2025-11-07,literal{minecrafter256},"(106.24545024568366, 72.0, 152.42065000158024)",20.0,"[{'name': ' Birch Log', 'count': 8, 'meta': ''}, {'name': ' None', 'count': 0, 'meta': ''}, {'name': ' None', 'count': 0, 'meta': ''}, {'name': ' None', 'count': 0, 'meta': ''}, {'name': ' None', 'count': 0, 'meta': ''}, {'name': ' None', 'count': 0, 'meta': ''}, {'name': ' None', 'count': 0, 'meta': ''}, {'name': ' None', 'count': 0, 'meta': ''}, {'name': ' None', 'count': 0, 'meta': ''}, {'name': ' None', 'count': 0, 'meta': ''}, {'name': ' None', 'count': 0, 'meta': ''}, {'name': ' None', 'count': 0, 'meta': ''}, {'name': ' None', 'count': 0, 'meta': ''}, {'name': ' None', 'count': 0, 'meta': ''}, {'name': ' None', 'count': 0, 'meta': ''}, {'name': ' None', 'count': 0, 'meta': ''}, {'name': ' None', 'count': 0, 'meta': ''}, {'name': ' None', 'count': 0, 'meta': ''}, {'name': ' None', 'count': 0, 'meta': ''}, {'name': ' None', 'count': 0, 'meta': ''}, {'name': ' None', 'count': 0, 'meta': ''}, {'name': ' None', 'count': 0, 'meta': ''}, {'name': ' None', 'count': 0, 'meta': ''}, {'name': ' None', 'count': 0, 'meta': ''}, {'name': ' None', 'count': 0, 'meta': ''}, {'name': ' None', 'count': 0, 'meta': ''}, {'name': ' None', 'count': 0, 'meta': ''}, {'name': ' None', 'count': 0, 'meta': ''}, {'name': ' None', 'count': 0, 'meta': ''}, {'name': ' None', 'count': 0, 'meta': ''}, {'name': ' None', 'count': 0, 'meta': ''}, {'name': ' None', 'count': 0, 'meta': ''}, {'name': ' None', 'count': 0, 'meta': ''}, {'name': ' None', 'count': 0, 'meta': ''}, {'name': ' None', 'count': 0, 'meta': ''}, {'name': ' None', 'count': 0, 'meta': ''}]","Armor Slot 0: None, Count: 0; Armor Slot 1: None, Count: 0; Armor Slot 2: None, Count: 0; Armor Slot 3: None, Count: 0; ","Offhand: None, Count: 0; ",[],20.0,20.0,"[-0.5629065031562932, -0.22069816556654723, -0.7965102563180936]",west,6,0 minecraft:air,False,Player is not currently riding anything,0.0784000015258789
113.0,13:49:26.742990600,2025-11-07,literal{minecrafter256},"(106.16541900700017, 72.0, 152.4772097209406)",20.0,"[{'name': ' Birch Log', 'count': 8, 'meta': ''}, {'name': ' None', 'count': 0, 'meta': ''}, {'name': ' None', 'count': 0, 'meta': ''}, {'name': ' None', 'count': 0, 'meta': ''}, {'name': ' None', 'count': 0, 'meta': ''}, {'name': ' None', 'count': 0, 'meta': ''}, {'name': ' None', 'count': 0, 'meta': ''}, {'name': ' None', 'count': 0, 'meta': ''}, {'name': ' None', 'count': 0, 'meta': ''}, {'name': ' None', 'count': 0, 'meta': ''}, {'name': ' None', 'count': 0, 'meta': ''}, {'name': ' None', 'count': 0, 'meta': ''}, {'name': ' None', 'count': 0, 'meta': ''}, {'name': ' None', 'count': 0, 'meta': ''}, {'name': ' None', 'count': 0, 'meta': ''}, {'name': ' None', 'count': 0, 'meta': ''}, {'name': ' None', 'count': 0, 'meta': ''}, {'name': ' None', 'count': 0, 'meta': ''}, {'name': ' None', 'count': 0, 'meta': ''}, {'name': ' None', 'count': 0, 'meta': ''}, {'name': ' None', 'count': 0, 'meta': ''}, {'name': ' None', 'count': 0, 'meta': ''}, {'name': ' None', 'count': 0, 'meta': ''}, {'name': ' None', 'count': 0, 'meta': ''}, {'name': ' None', 'count': 0, 'meta': ''}, {'name': ' None', 'count': 0, 'meta': ''}, {'name': ' None', 'count': 0, 'meta': ''}, {'name': ' None', 'count': 0, 'meta': ''}, {'name': ' None', 'count': 0, 'meta': ''}, {'name': ' None', 'count': 0, 'meta': ''}, {'name': ' None', 'count': 0, 'meta': ''}, {'name': ' None', 'count': 0, 'meta': ''}, {'name': ' None', 'count': 0, 'meta': ''}, {'name': ' None', 'count': 0, 'meta': ''}, {'name': ' None', 'count': 0, 'meta': ''}, {'name': ' None', 'count': 0, 'meta': ''}]","Armor Slot 0: None, Count: 0; Armor Slot 1: None, Count: 0; Armor Slot 2: None, Count: 0; Armor Slot 3: None, Count: 0; ","Offhand: None, Count: 0; ",[],20.0,20.0,"[-0.5625711131385513, -0.2232508396308609, -0.796035680900151]",west,6,0 minecraft:air,False,Player is not currently riding anything,0.0784000015258789
113.0,13:49:26.797575400,2025-11-07,literal{minecrafter256},"(106.04169070691997, 72.0, 152.56465105065874)",20.0,"[{'name': ' Birch Log', 'count': 8, 'meta': ''}, {'name': ' None', 'count': 0, 'meta': ''}, {'name': ' None', 'count': 0, 'meta': ''}, {'name': ' None', 'count': 0, 'meta': ''}, {'name': ' None', 'count': 0, 'meta': ''}, {'name': ' None', 'count': 0, 'meta': ''}, {'name': ' None', 'count': 0, 'meta': ''}, {'name': ' None', 'count': 0, 'meta': ''}, {'name': ' None', 'count': 0, 'meta': ''}, {'name': ' None', 'count': 0, 'meta': ''}, {'name': ' None', 'count': 0, 'meta': ''}, {'name': ' None', 'count': 0, 'meta': ''}, {'name': ' None', 'count': 0, 'meta': ''}, {'name': ' None', 'count': 0, 'meta': ''}, {'name': ' None', 'count': 0, 'meta': ''}, {'name': ' None', 'count': 0, 'meta': ''}, {'name': ' None', 'count': 0, 'meta': ''}, {'name': ' None', 'count': 0, 'meta': ''}, {'name': ' None', 'count': 0, 'meta': ''}, {'name': ' None', 'count': 0, 'meta': ''}, {'name': ' None', 'count': 0, 'meta': ''}, {'name': ' None', 'count': 0, 'meta': ''}, {'name': ' None', 'count': 0, 'meta': ''}, {'name': ' None', 'count': 0, 'meta': ''}, {'name': ' None', 'count': 0, 'meta': ''}, {'name': ' None', 'count': 0, 'meta': ''}, {'name': ' None', 'count': 0, 'meta': ''}, {'name': ' None', 'count': 0, 'meta': ''}, {'name': ' None', 'count': 0, 'meta': ''}, {'name': ' None', 'count': 0, 'meta': ''}, {'name': ' None', 'count': 0, 'meta': ''}, {'name': ' None', 'count': 0, 'meta': ''}, {'name': ' None', 'count': 0, 'meta': ''}, {'name': ' None', 'count': 0, 'meta': ''}, {'name': ' None', 'count': 0, 'meta': ''}, {'name': ' None', 'count': 0, 'meta': ''}]","Armor Slot 0: None, Count: 0; Armor Slot 1: None, Count: 0; Armor Slot 2: None, Count: 0; Armor Slot 3: None, Count: 0; ","Offhand: None, Count: 0; ",[],20.0,20.0,"[-0.5625711131385513, -0.2232508396308609, -0.796035680900151]",west,6,0 minecraft:air,False,Player is not currently riding anything,0.0784000015258789
110.0,13:49:26.837008200,2025-11-07,literal{minecrafter256},"(106.04169070691997, 72.0, 152.56465105065874)",20.0,"[{'name': ' Birch Log', 'count': 8, 'meta': ''}, {'name': ' None', 'count': 0, 'meta': ''}, {'name': ' None', 'count': 0, 'meta': ''}, {'name': ' None', 'count': 0, 'meta': ''}, {'name': ' None', 'count': 0, 'meta': ''}, {'name': ' None', 'count': 0, 'meta': ''}, {'name': ' None', 'count': 0, 'meta': ''}, {'name': ' None', 'count': 0, 'meta': ''}, {'name': ' None', 'count': 0, 'meta': ''}, {'name': ' None', 'count': 0, 'meta': ''}, {'name': ' None', 'count': 0, 'meta': ''}, {'name': ' None', 'count': 0, 'meta': ''}, {'name': ' None', 'count': 0, 'meta': ''}, {'name': ' None', 'count': 0, 'meta': ''}, {'name': ' None', 'count': 0, 'meta': ''}, {'name': ' None', 'count': 0, 'meta': ''}, {'name': ' None', 'count': 0, 'meta': ''}, {'name': ' None', 'count': 0, 'meta': ''}, {'name': ' None', 'count': 0, 'meta': ''}, {'name': ' None', 'count': 0, 'meta': ''}, {'name': ' None', 'count': 0, 'meta': ''}, {'name': ' None', 'count': 0, 'meta': ''}, {'name': ' None', 'count': 0, 'meta': ''}, {'name': ' None', 'count': 0, 'meta': ''}, {'name': ' None', 'count': 0, 'meta': ''}, {'name': ' None', 'count': 0, 'meta': ''}, {'name': ' None', 'count': 0, 'meta': ''}, {'name': ' None', 'count': 0, 'meta': ''}, {'name': ' None', 'count': 0, 'meta': ''}, {'name': ' None', 'count': 0, 'meta': ''}, {'name': ' None', 'count': 0, 'meta': ''}, {'name': ' None', 'count': 0, 'meta': ''}, {'name': ' None', 'count': 0, 'meta': ''}, {'name': ' None', 'count': 0, 'meta': ''}, {'name': ' None', 'count': 0, 'meta': ''}, {'name': ' None', 'count': 0, 'meta': ''}]","Armor Slot 0: None, Count: 0; Armor Slot 1: None, Count: 0; Armor Slot 2: None, Count: 0; Armor Slot 3: None, Count: 0; ","Offhand: None, Count: 0; ",[],20.0,20.0,"[-0.5625711131385513, -0.2232508396308609, -0.796035680900151]",west,6,0 minecraft:air,False,Player is not currently riding anything,0.0784000015258789
110.0,13:49:26.889377200,2025-11-07,literal{minecrafter256},"(105.73349011399034, 72.0, 152.78246273681472)",20.0,"[{'name': ' Birch Log', 'count': 8, 'meta': ''}, {'name': ' None', 'count': 0, 'meta': ''}, {'name': ' None', 'count': 0, 'meta': ''}, {'name': ' None', 'count': 0, 'meta': ''}, {'name': ' None', 'count': 0, 'meta': ''}, {'name': ' None', 'count': 0, 'meta': ''}, {'name': ' None', 'count': 0, 'meta': ''}, {'name': ' None', 'count': 0, 'meta': ''}, {'name': ' None', 'count': 0, 'meta': ''}, {'name': ' None', 'count': 0, 'meta': ''}, {'name': ' None', 'count': 0, 'meta': ''}, {'name': ' None', 'count': 0, 'meta': ''}, {'name': ' None', 'count': 0, 'meta': ''}, {'name': ' None', 'count': 0, 'meta': ''}, {'name': ' None', 'count': 0, 'meta': ''}, {'name': ' None', 'count': 0, 'meta': ''}, {'name': ' None', 'count': 0, 'meta': ''}, {'name': ' None', 'count': 0, 'meta': ''}, {'name': ' None', 'count': 0, 'meta': ''}, {'name': ' None', 'count': 0, 'meta': ''}, {'name': ' None', 'count': 0, 'meta': ''}, {'name': ' None', 'count': 0, 'meta': ''}, {'name': ' None', 'count': 0, 'meta': ''}, {'name': ' None', 'count': 0, 'meta': ''}, {'name': ' None', 'count': 0, 'meta': ''}, {'name': ' None', 'count': 0, 'meta': ''}, {'name': ' None', 'count': 0, 'meta': ''}, {'name': ' None', 'count': 0, 'meta': ''}, {'name': ' None', 'count': 0, 'meta': ''}, {'name': ' None', 'count': 0, 'meta': ''}, {'name': ' None', 'count': 0, 'meta': ''}, {'name': ' None', 'count': 0, 'meta': ''}, {'name': ' None', 'count': 0, 'meta': ''}, {'name': ' None', 'count': 0, 'meta': ''}, {'name': ' None', 'count': 0, 'meta': ''}, {'name': ' None', 'count': 0, 'meta': ''}]","Armor Slot 0: None, Count: 0; Armor Slot 1: None, Count: 0; Armor Slot 2: None, Count: 0; Armor Slot 3: None, Count: 0; ","Offhand: None, Count: 0; ",[],20.0,20.0,"[-0.5625711131385513, -0.2232508396308609, -0.796035680900151]",west,6,0 minecraft:air,False,Player is not currently riding anything,0.0784000015258789
110.0,13:49:26.932797900,2025-11-07,literal{minecrafter256},"(105.56576378789349, 72.0, 152.9009983747661)",20.0,"[{'name': ' Birch Log', 'count': 8, 'meta': ''}, {'name': ' None', 'count': 0, 'meta': ''}, {'name': ' None', 'count': 0, 'meta': ''}, {'name': ' None', 'count': 0, 'meta': ''}, {'name': ' None', 'count': 0, 'meta': ''}, {'name': ' None', 'count': 0, 'meta': ''}, {'name': ' None', 'count': 0, 'meta': ''}, {'name': ' None', 'count': 0, 'meta': ''}, {'name': ' None', 'count': 0, 'meta': ''}, {'name': ' None', 'count': 0, 'meta': ''}, {'name': ' None', 'count': 0, 'meta': ''}, {'name': ' None', 'count': 0, 'meta': ''}, {'name': ' None', 'count': 0, 'meta': ''}, {'name': ' None', 'count': 0, 'meta': ''}, {'name': ' None', 'count': 0, 'meta': ''}, {'name': ' None', 'count': 0, 'meta': ''}, {'name': ' None', 'count': 0, 'meta': ''}, {'name': ' None', 'count': 0, 'meta': ''}, {'name': ' None', 'count': 0, 'meta': ''}, {'name': ' None', 'count': 0, 'meta': ''}, {'name': ' None', 'count': 0, 'meta': ''}, {'name': ' None', 'count': 0, 'meta': ''}, {'name': ' None', 'count': 0, 'meta': ''}, {'name': ' None', 'count': 0, 'meta': ''}, {'name': ' None', 'count': 0, 'meta': ''}, {'name': ' None', 'count': 0, 'meta': ''}, {'name': ' None', 'count': 0, 'meta': ''}, {'name': ' None', 'count': 0, 'meta': ''}, {'name': ' None', 'count': 0, 'meta': ''}, {'name': ' None', 'count': 0, 'meta': ''}, {'name': ' None', 'count': 0, 'meta': ''}, {'name': ' None', 'count': 0, 'meta': ''}, {'name': ' None', 'count': 0, 'meta': ''}, {'name': ' None', 'count': 0, 'meta': ''}, {'name': ' None', 'count': 0, 'meta': ''}, {'name': ' None', 'count': 0, 'meta': ''}]","Armor Slot 0: None, Count: 0; Armor Slot 1: None, Count: 0; Armor Slot 2: None, Count: 0; Armor Slot 3: None, Count: 0; ","Offhand: None, Count: 0; ",[],20.0,20.0,"[-0.5625711131385513, -0.2232508396308609, -0.796035680900151]",west,6,0 minecraft:air,False,Player is not currently riding anything,0.0784000015258789
110.0,13:49:26.998503200,2025-11-07,literal{minecrafter256},"(105.56576378789349, 72.0, 152.9009983747661)",20.0,"[{'name': ' Birch Log', 'count': 8, 'meta': ''}, {'name': ' None', 'count': 0, 'meta': ''}, {'name': ' None', 'count': 0, 'meta': ''}, {'name': ' None', 'count': 0, 'meta': ''}, {'name': ' None', 'count': 0, 'meta': ''}, {'name': ' None', 'count': 0, 'meta': ''}, {'name': ' None', 'count': 0, 'meta': ''}, {'name': ' None', 'count': 0, 'meta': ''}, {'name': ' None', 'count': 0, 'meta': ''}, {'name': ' None', 'count': 0, 'meta': ''}, {'name': ' None', 'count': 0, 'meta': ''}, {'name': ' None', 'count': 0, 'meta': ''}, {'name': ' None', 'count': 0, 'meta': ''}, {'name': ' None', 'count': 0, 'meta': ''}, {'name': ' None', 'count': 0, 'meta': ''}, {'name': ' None', 'count': 0, 'meta': ''}, {'name': ' None', 'count': 0, 'meta': ''}, {'name': ' None', 'count': 0, 'meta': ''}, {'name': ' None', 'count': 0, 'meta': ''}, {'name': ' None', 'count': 0, 'meta': ''}, {'name': ' None', 'count': 0, 'meta': ''}, {'name': ' None', 'count': 0, 'meta': ''}, {'name': ' None', 'count': 0, 'meta': ''}, {'name': ' None', 'count': 0, 'meta': ''}, {'name': ' None', 'count': 0, 'meta': ''}, {'name': ' None', 'count': 0, 'meta': ''}, {'name': ' None', 'count': 0, 'meta': ''}, {'name': ' None', 'count': 0, 'meta': ''}, {'name': ' None', 'count': 0, 'meta': ''}, {'name': ' None', 'count': 0, 'meta': ''}, {'name': ' None', 'count': 0, 'meta': ''}, {'name': ' None', 'count': 0, 'meta': ''}, {'name': ' None', 'count': 0, 'meta': ''}, {'name': ' None', 'count': 0, 'meta': ''}, {'name': ' None', 'count': 0, 'meta': ''}, {'name': ' None', 'count': 0, 'meta': ''}]","Armor Slot 0: None, Count: 0; Armor Slot 1: None, Count: 0; Armor Slot 2: None, Count: 0; Armor Slot 3: None, Count: 0; ","Offhand: None, Count: 0; ",[],20.0,20.0,"[-0.5625711131385513, -0.2232508396308609, -0.796035680900151]",west,6,0 minecraft:air,False,Player is not currently riding anything,0.0784000015258789
110.0,13:49:27.039317400,2025-11-07,literal{minecrafter256},"(105.22042375139742, 72.0, 153.14505726813607)",20.0,"[{'name': ' Birch Log', 'count': 8, 'meta': ''}, {'name': ' None', 'count': 0, 'meta': ''}, {'name': ' None', 'count': 0, 'meta': ''}, {'name': ' None', 'count': 0, 'meta': ''}, {'name': ' None', 'count': 0, 'meta': ''}, {'name': ' None', 'count': 0, 'meta': ''}, {'name': ' None', 'count': 0, 'meta': ''}, {'name': ' None', 'count': 0, 'meta': ''}, {'name': ' None', 'count': 0, 'meta': ''}, {'name': ' None', 'count': 0, 'meta': ''}, {'name': ' None', 'count': 0, 'meta': ''}, {'name': ' None', 'count': 0, 'meta': ''}, {'name': ' None', 'count': 0, 'meta': ''}, {'name': ' None', 'count': 0, 'meta': ''}, {'name': ' None', 'count': 0, 'meta': ''}, {'name': ' None', 'count': 0, 'meta': ''}, {'name': ' None', 'count': 0, 'meta': ''}, {'name': ' None', 'count': 0, 'meta': ''}, {'name': ' None', 'count': 0, 'meta': ''}, {'name': ' None', 'count': 0, 'meta': ''}, {'name': ' None', 'count': 0, 'meta': ''}, {'name': ' None', 'count': 0, 'meta': ''}, {'name': ' None', 'count': 0, 'meta': ''}, {'name': ' None', 'count': 0, 'meta': ''}, {'name': ' None', 'count': 0, 'meta': ''}, {'name': ' None', 'count': 0, 'meta': ''}, {'name': ' None', 'count': 0, 'meta': ''}, {'name': ' None', 'count': 0, 'meta': ''}, {'name': ' None', 'count': 0, 'meta': ''}, {'name': ' None', 'count': 0, 'meta': ''}, {'name': ' None', 'count': 0, 'meta': ''}, {'name': ' None', 'count': 0, 'meta': ''}, {'name': ' None', 'count': 0, 'meta': ''}, {'name': ' None', 'count': 0, 'meta': ''}, {'name': ' None', 'count': 0, 'meta': ''}, {'name': ' None', 'count': 0, 'meta': ''}]","Armor Slot 0: None, Count: 0; Armor Slot 1: None, Count: 0; Armor Slot 2: None, Count: 0; Armor Slot 3: None, Count: 0; ","Offhand: None, Count: 0; ",[],20.0,20.0,"[-0.5625711131385513, -0.2232508396308609, -0.796035680900151]",west,6,0 minecraft:air,False,Player is not currently riding anything,0.0784000015258789
110.0,13:49:27.093179700,2025-11-07,literal{minecrafter256},"(105.22042375139742, 72.0, 153.14505726813607)",20.0,"[{'name': ' Birch Log', 'count': 8, 'meta': ''}, {'name': ' None', 'count': 0, 'meta': ''}, {'name': ' None', 'count': 0, 'meta': ''}, {'name': ' None', 'count': 0, 'meta': ''}, {'name': ' None', 'count': 0, 'meta': ''}, {'name': ' None', 'count': 0, 'meta': ''}, {'name': ' None', 'count': 0, 'meta': ''}, {'name': ' None', 'count': 0, 'meta': ''}, {'name': ' None', 'count': 0, 'meta': ''}, {'name': ' None', 'count': 0, 'meta': ''}, {'name': ' None', 'count': 0, 'meta': ''}, {'name': ' None', 'count': 0, 'meta': ''}, {'name': ' None', 'count': 0, 'meta': ''}, {'name': ' None', 'count': 0, 'meta': ''}, {'name': ' None', 'count': 0, 'meta': ''}, {'name': ' None', 'count': 0, 'meta': ''}, {'name': ' None', 'count': 0, 'meta': ''}, {'name': ' None', 'count': 0, 'meta': ''}, {'name': ' None', 'count': 0, 'meta': ''}, {'name': ' None', 'count': 0, 'meta': ''}, {'name': ' None', 'count': 0, 'meta': ''}, {'name': ' None', 'count': 0, 'meta': ''}, {'name': ' None', 'count': 0, 'meta': ''}, {'name': ' None', 'count': 0, 'meta': ''}, {'name': ' None', 'count': 0, 'meta': ''}, {'name': ' None', 'count': 0, 'meta': ''}, {'name': ' None', 'count': 0, 'meta': ''}, {'name': ' None', 'count': 0, 'meta': ''}, {'name': ' None', 'count': 0, 'meta': ''}, {'name': ' None', 'count': 0, 'meta': ''}, {'name': ' None', 'count': 0, 'meta': ''}, {'name': ' None', 'count': 0, 'meta': ''}, {'name': ' None', 'count': 0, 'meta': ''}, {'name': ' None', 'count': 0, 'meta': ''}, {'name': ' None', 'count': 0, 'meta': ''}, {'name': ' None', 'count': 0, 'meta': ''}]","Armor Slot 0: None, Count: 0; Armor Slot 1: None, Count: 0; Armor Slot 2: None, Count: 0; Armor Slot 3: None, Count: 0; ","Offhand: None, Count: 0; ",[],20.0,20.0,"[-0.5625711131385513, -0.2232508396308609, -0.796035680900151]",west,6,0 minecraft:air,False,Player is not currently riding anything,0.0784000015258789
110.0,13:49:27.157928700,2025-11-07,literal{minecrafter256},"(104.95004697568429, 72.0, 153.33613808616985)",20.0,"[{'name': ' Birch Log', 'count': 8, 'meta': ''}, {'name': ' None', 'count': 0, 'meta': ''}, {'name': ' None', 'count': 0, 'meta': ''}, {'name': ' None', 'count': 0, 'meta': ''}, {'name': ' None', 'count': 0, 'meta': ''}, {'name': ' None', 'count': 0, 'meta': ''}, {'name': ' None', 'count': 0, 'meta': ''}, {'name': ' None', 'count': 0, 'meta': ''}, {'name': ' None', 'count': 0, 'meta': ''}, {'name': ' None', 'count': 0, 'meta': ''}, {'name': ' None', 'count': 0, 'meta': ''}, {'name': ' None', 'count': 0, 'meta': ''}, {'name': ' None', 'count': 0, 'meta': ''}, {'name': ' None', 'count': 0, 'meta': ''}, {'name': ' None', 'count': 0, 'meta': ''}, {'name': ' None', 'count': 0, 'meta': ''}, {'name': ' None', 'count': 0, 'meta': ''}, {'name': ' None', 'count': 0, 'meta': ''}, {'name': ' None', 'count': 0, 'meta': ''}, {'name': ' None', 'count': 0, 'meta': ''}, {'name': ' None', 'count': 0, 'meta': ''}, {'name': ' None', 'count': 0, 'meta': ''}, {'name': ' None', 'count': 0, 'meta': ''}, {'name': ' None', 'count': 0, 'meta': ''}, {'name': ' None', 'count': 0, 'meta': ''}, {'name': ' None', 'count': 0, 'meta': ''}, {'name': ' None', 'count': 0, 'meta': ''}, {'name': ' None', 'count': 0, 'meta': ''}, {'name': ' None', 'count': 0, 'meta': ''}, {'name': ' None', 'count': 0, 'meta': ''}, {'name': ' None', 'count': 0, 'meta': ''}, {'name': ' None', 'count': 0, 'meta': ''}, {'name': ' None', 'count': 0, 'meta': ''}, {'name': ' None', 'count': 0, 'meta': ''}, {'name': ' None', 'count': 0, 'meta': ''}, {'name': ' None', 'count': 0, 'meta': ''}]","Armor Slot 0: None, Count: 0; Armor Slot 1: None, Count: 0; Armor Slot 2: None, Count: 0; Armor Slot 3: None, Count: 0; ","Offhand: None, Count: 0; ",[],20.0,20.0,"[-0.5625711131385513, -0.2232508396308609, -0.796035680900151]",west,6,0 minecraft:air,False,Player is not currently riding anything,0.0784000015258789
110.0,13:49:27.204326500,2025-11-07,literal{minecrafter256},"(104.95004697568429, 72.0, 153.33613808616985)",20.0,"[{'name': ' Birch Log', 'count': 8, 'meta': ''}, {'name': ' None', 'count': 0, 'meta': ''}, {'name': ' None', 'count': 0, 'meta': ''}, {'name': ' None', 'count': 0, 'meta': ''}, {'name': ' None', 'count': 0, 'meta': ''}, {'name': ' None', 'count': 0, 'meta': ''}, {'name': ' None', 'count': 0, 'meta': ''}, {'name': ' None', 'count': 0, 'meta': ''}, {'name': ' None', 'count': 0, 'meta': ''}, {'name': ' None', 'count': 0, 'meta': ''}, {'name': ' None', 'count': 0, 'meta': ''}, {'name': ' None', 'count': 0, 'meta': ''}, {'name': ' None', 'count': 0, 'meta': ''}, {'name': ' None', 'count': 0, 'meta': ''}, {'name': ' None', 'count': 0, 'meta': ''}, {'name': ' None', 'count': 0, 'meta': ''}, {'name': ' None', 'count': 0, 'meta': ''}, {'name': ' None', 'count': 0, 'meta': ''}, {'name': ' None', 'count': 0, 'meta': ''}, {'name': ' None', 'count': 0, 'meta': ''}, {'name': ' None', 'count': 0, 'meta': ''}, {'name': ' None', 'count': 0, 'meta': ''}, {'name': ' None', 'count': 0, 'meta': ''}, {'name': ' None', 'count': 0, 'meta': ''}, {'name': ' None', 'count': 0, 'meta': ''}, {'name': ' None', 'count': 0, 'meta': ''}, {'name': ' None', 'count': 0, 'meta': ''}, {'name': ' None', 'count': 0, 'meta': ''}, {'name': ' None', 'count': 0, 'meta': ''}, {'name': ' None', 'count': 0, 'meta': ''}, {'name': ' None', 'count': 0, 'meta': ''}, {'name': ' None', 'count': 0, 'meta': ''}, {'name': ' None', 'count': 0, 'meta': ''}, {'name': ' None', 'count': 0, 'meta': ''}, {'name': ' None', 'count': 0, 'meta': ''}, {'name': ' None', 'count': 0, 'meta': ''}]","Armor Slot 0: None, Count: 0; Armor Slot 1: None, Count: 0; Armor Slot 2: None, Count: 0; Armor Slot 3: None, Count: 0; ","Offhand: None, Count: 0; ",[],20.0,20.0,"[-0.5625711131385513, -0.2232508396308609, -0.796035680900151]",west,6,0 minecraft:air,False,Player is not currently riding anything,0.0784000015258789
110.0,13:49:27.256939300,2025-11-07,literal{minecrafter256},"(104.89791006864246, 72.0, 153.37298430870885)",20.0,"[{'name': ' Birch Log', 'count': 8, 'meta': ''}, {'name': ' None', 'count': 0, 'meta': ''}, {'name': ' None', 'count': 0, 'meta': ''}, {'name': ' None', 'count': 0, 'meta': ''}, {'name': ' None', 'count': 0, 'meta': ''}, {'name': ' None', 'count': 0, 'meta': ''}, {'name': ' None', 'count': 0, 'meta': ''}, {'name': ' None', 'count': 0, 'meta': ''}, {'name': ' None', 'count': 0, 'meta': ''}, {'name': ' None', 'count': 0, 'meta': ''}, {'name': ' None', 'count': 0, 'meta': ''}, {'name': ' None', 'count': 0, 'meta': ''}, {'name': ' None', 'count': 0, 'meta': ''}, {'name': ' None', 'count': 0, 'meta': ''}, {'name': ' None', 'count': 0, 'meta': ''}, {'name': ' None', 'count': 0, 'meta': ''}, {'name': ' None', 'count': 0, 'meta': ''}, {'name': ' None', 'count': 0, 'meta': ''}, {'name': ' None', 'count': 0, 'meta': ''}, {'name': ' None', 'count': 0, 'meta': ''}, {'name': ' None', 'count': 0, 'meta': ''}, {'name': ' None', 'count': 0, 'meta': ''}, {'name': ' None', 'count': 0, 'meta': ''}, {'name': ' None', 'count': 0, 'meta': ''}, {'name': ' None', 'count': 0, 'meta': ''}, {'name': ' None', 'count': 0, 'meta': ''}, {'name': ' None', 'count': 0, 'meta': ''}, {'name': ' None', 'count': 0, 'meta': ''}, {'name': ' None', 'count': 0, 'meta': ''}, {'name': ' None', 'count': 0, 'meta': ''}, {'name': ' None', 'count': 0, 'meta': ''}, {'name': ' None', 'count': 0, 'meta': ''}, {'name': ' None', 'count': 0, 'meta': ''}, {'name': ' None', 'count': 0, 'meta': ''}, {'name': ' None', 'count': 0, 'meta': ''}, {'name': ' None', 'count': 0, 'meta': ''}]","Armor Slot 0: None, Count: 0; Armor Slot 1: None, Count: 0; Armor Slot 2: None, Count: 0; Armor Slot 3: None, Count: 0; ","Offhand: None, Count: 0; ",[],20.0,20.0,"[-0.5625711131385513, -0.2232508396308609, -0.796035680900151]",west,6,0 minecraft:air,False,Player is not currently riding anything,0.0784000015258789
110.0,13:49:27.291475500,2025-11-07,literal{minecrafter256},"(104.86944331409114, 72.0, 153.3931023485519)",20.0,"[{'name': ' Birch Log', 'count': 8, 'meta': ''}, {'name': ' None', 'count': 0, 'meta': ''}, {'name': ' None', 'count': 0, 'meta': ''}, {'name': ' None', 'count': 0, 'meta': ''}, {'name': ' None', 'count': 0, 'meta': ''}, {'name': ' None', 'count': 0, 'meta': ''}, {'name': ' None', 'count': 0, 'meta': ''}, {'name': ' None', 'count': 0, 'meta': ''}, {'name': ' None', 'count': 0, 'meta': ''}, {'name': ' None', 'count': 0, 'meta': ''}, {'name': ' None', 'count': 0, 'meta': ''}, {'name': ' None', 'count': 0, 'meta': ''}, {'name': ' None', 'count': 0, 'meta': ''}, {'name': ' None', 'count': 0, 'meta': ''}, {'name': ' None', 'count': 0, 'meta': ''}, {'name': ' None', 'count': 0, 'meta': ''}, {'name': ' None', 'count': 0, 'meta': ''}, {'name': ' None', 'count': 0, 'meta': ''}, {'name': ' None', 'count': 0, 'meta': ''}, {'name': ' None', 'count': 0, 'meta': ''}, {'name': ' None', 'count': 0, 'meta': ''}, {'name': ' None', 'count': 0, 'meta': ''}, {'name': ' None', 'count': 0, 'meta': ''}, {'name': ' None', 'count': 0, 'meta': ''}, {'name': ' None', 'count': 0, 'meta': ''}, {'name': ' None', 'count': 0, 'meta': ''}, {'name': ' None', 'count': 0, 'meta': ''}, {'name': ' None', 'count': 0, 'meta': ''}, {'name': ' None', 'count': 0, 'meta': ''}, {'name': ' None', 'count': 0, 'meta': ''}, {'name': ' None', 'count': 0, 'meta': ''}, {'name': ' None', 'count': 0, 'meta': ''}, {'name': ' None', 'count': 0, 'meta': ''}, {'name': ' None', 'count': 0, 'meta': ''}, {'name': ' None', 'count': 0, 'meta': ''}, {'name': ' None', 'count': 0, 'meta': ''}]","Armor Slot 0: None, Count: 0; Armor Slot 1: None, Count: 0; Armor Slot 2: None, Count: 0; Armor Slot 3: None, Count: 0; ","Offhand: None, Count: 0; ",[],20.0,20.0,"[-0.5625711131385513, -0.2232508396308609, -0.796035680900151]",west,6,0 minecraft:air,False,Player is not currently riding anything,0.0784000015258789
110.0,13:49:27.340927700,2025-11-07,literal{minecrafter256},"(104.85390046430078, 72.41999998688698, 153.40408679958207)",20.0,"[{'name': ' Birch Log', 'count': 8, 'meta': ''}, {'name': ' None', 'count': 0, 'meta': ''}, {'name': ' None', 'count': 0, 'meta': ''}, {'name': ' None', 'count': 0, 'meta': ''}, {'name': ' None', 'count': 0, 'meta': ''}, {'name': ' None', 'count': 0, 'meta': ''}, {'name': ' None', 'count': 0, 'meta': ''}, {'name': ' None', 'count': 0, 'meta': ''}, {'name': ' None', 'count': 0, 'meta': ''}, {'name': ' None', 'count': 0, 'meta': ''}, {'name': ' None', 'count': 0, 'meta': ''}, {'name': ' None', 'count': 0, 'meta': ''}, {'name': ' None', 'count': 0, 'meta': ''}, {'name': ' None', 'count': 0, 'meta': ''}, {'name': ' None', 'count': 0, 'meta': ''}, {'name': ' None', 'count': 0, 'meta': ''}, {'name': ' None', 'count': 0, 'meta': ''}, {'name': ' None', 'count': 0, 'meta': ''}, {'name': ' None', 'count': 0, 'meta': ''}, {'name': ' None', 'count': 0, 'meta': ''}, {'name': ' None', 'count': 0, 'meta': ''}, {'name': ' None', 'count': 0, 'meta': ''}, {'name': ' None', 'count': 0, 'meta': ''}, {'name': ' None', 'count': 0, 'meta': ''}, {'name': ' None', 'count': 0, 'meta': ''}, {'name': ' None', 'count': 0, 'meta': ''}, {'name': ' None', 'count': 0, 'meta': ''}, {'name': ' None', 'count': 0, 'meta': ''}, {'name': ' None', 'count': 0, 'meta': ''}, {'name': ' None', 'count': 0, 'meta': ''}, {'name': ' None', 'count': 0, 'meta': ''}, {'name': ' None', 'count': 0, 'meta': ''}, {'name': ' None', 'count': 0, 'meta': ''}, {'name': ' None', 'count': 0, 'meta': ''}, {'name': ' None', 'count': 0, 'meta': ''}, {'name': ' None', 'count': 0, 'meta': ''}]","Armor Slot 0: None, Count: 0; Armor Slot 1: None, Count: 0; Armor Slot 2: None, Count: 0; Armor Slot 3: None, Count: 0; ","Offhand: None, Count: 0; ",[],20.0,20.0,"[-0.5625711131385513, -0.2232508396308609, -0.796035680900151]",west,6,0 minecraft:air,False,Player is not currently riding anything,0.33319999363422365
110.0,13:49:27.388639800,2025-11-07,literal{minecrafter256},"(104.84541406732953, 72.7531999805212, 153.41008431054118)",20.0,"[{'name': ' Birch Log', 'count': 8, 'meta': ''}, {'name': ' None', 'count': 0, 'meta': ''}, {'name': ' None', 'count': 0, 'meta': ''}, {'name': ' None', 'count': 0, 'meta': ''}, {'name': ' None', 'count': 0, 'meta': ''}, {'name': ' None', 'count': 0, 'meta': ''}, {'name': ' None', 'count': 0, 'meta': ''}, {'name': ' None', 'count': 0, 'meta': ''}, {'name': ' None', 'count': 0, 'meta': ''}, {'name': ' None', 'count': 0, 'meta': ''}, {'name': ' None', 'count': 0, 'meta': ''}, {'name': ' None', 'count': 0, 'meta': ''}, {'name': ' None', 'count': 0, 'meta': ''}, {'name': ' None', 'count': 0, 'meta': ''}, {'name': ' None', 'count': 0, 'meta': ''}, {'name': ' None', 'count': 0, 'meta': ''}, {'name': ' None', 'count': 0, 'meta': ''}, {'name': ' None', 'count': 0, 'meta': ''}, {'name': ' None', 'count': 0, 'meta': ''}, {'name': ' None', 'count': 0, 'meta': ''}, {'name': ' None', 'count': 0, 'meta': ''}, {'name': ' None', 'count': 0, 'meta': ''}, {'name': ' None', 'count': 0, 'meta': ''}, {'name': ' None', 'count': 0, 'meta': ''}, {'name': ' None', 'count': 0, 'meta': ''}, {'name': ' None', 'count': 0, 'meta': ''}, {'name': ' None', 'count': 0, 'meta': ''}, {'name': ' None', 'count': 0, 'meta': ''}, {'name': ' None', 'count': 0, 'meta': ''}, {'name': ' None', 'count': 0, 'meta': ''}, {'name': ' None', 'count': 0, 'meta': ''}, {'name': ' None', 'count': 0, 'meta': ''}, {'name': ' None', 'count': 0, 'meta': ''}, {'name': ' None', 'count': 0, 'meta': ''}, {'name': ' None', 'count': 0, 'meta': ''}, {'name': ' None', 'count': 0, 'meta': ''}]","Armor Slot 0: None, Count: 0; Armor Slot 1: None, Count: 0; Armor Slot 2: None, Count: 0; Armor Slot 3: None, Count: 0; ","Offhand: None, Count: 0; ",[],20.0,20.0,"[-0.5625711131385513, -0.2232508396308609, -0.796035680900151]",west,6,0 minecraft:air,False,Player is not currently riding anything,0.24813599859094576
110.0,13:49:27.442312100,2025-11-07,literal{minecrafter256},"(104.83769144586311, 73.00133597911214, 153.41554204567126)",20.0,"[{'name': ' Birch Log', 'count': 8, 'meta': ''}, {'name': ' None', 'count': 0, 'meta': ''}, {'name': ' None', 'count': 0, 'meta': ''}, {'name': ' None', 'count': 0, 'meta': ''}, {'name': ' None', 'count': 0, 'meta': ''}, {'name': ' None', 'count': 0, 'meta': ''}, {'name': ' None', 'count': 0, 'meta': ''}, {'name': ' None', 'count': 0, 'meta': ''}, {'name': ' None', 'count': 0, 'meta': ''}, {'name': ' None', 'count': 0, 'meta': ''}, {'name': ' None', 'count': 0, 'meta': ''}, {'name': ' None', 'count': 0, 'meta': ''}, {'name': ' None', 'count': 0, 'meta': ''}, {'name': ' None', 'count': 0, 'meta': ''}, {'name': ' None', 'count': 0, 'meta': ''}, {'name': ' None', 'count': 0, 'meta': ''}, {'name': ' None', 'count': 0, 'meta': ''}, {'name': ' None', 'count': 0, 'meta': ''}, {'name': ' None', 'count': 0, 'meta': ''}, {'name': ' None', 'count': 0, 'meta': ''}, {'name': ' None', 'count': 0, 'meta': ''}, {'name': ' None', 'count': 0, 'meta': ''}, {'name': ' None', 'count': 0, 'meta': ''}, {'name': ' None', 'count': 0, 'meta': ''}, {'name': ' None', 'count': 0, 'meta': ''}, {'name': ' None', 'count': 0, 'meta': ''}, {'name': ' None', 'count': 0, 'meta': ''}, {'name': ' None', 'count': 0, 'meta': ''}, {'name': ' None', 'count': 0, 'meta': ''}, {'name': ' None', 'count': 0, 'meta': ''}, {'name': ' None', 'count': 0, 'meta': ''}, {'name': ' None', 'count': 0, 'meta': ''}, {'name': ' None', 'count': 0, 'meta': ''}, {'name': ' None', 'count': 0, 'meta': ''}, {'name': ' None', 'count': 0, 'meta': ''}, {'name': ' None', 'count': 0, 'meta': ''}]","Armor Slot 0: None, Count: 0; Armor Slot 1: None, Count: 0; Armor Slot 2: None, Count: 0; Armor Slot 3: None, Count: 0; ","Offhand: None, Count: 0; ",[],20.0,20.0,"[-0.5625711131385513, -0.2232508396308609, -0.796035680900151]",west,6,0 minecraft:air,False,Player is not currently riding anything,0.16477328182606651
110.0,13:49:27.488528800,2025-11-07,literal{minecrafter256},"(104.82426875692121, 73.24918707874468, 153.42502813550448)",20.0,"[{'name': ' Birch Log', 'count': 8, 'meta': ''}, {'name': ' None', 'count': 0, 'meta': ''}, {'name': ' None', 'count': 0, 'meta': ''}, {'name': ' None', 'count': 0, 'meta': ''}, {'name': ' None', 'count': 0, 'meta': ''}, {'name': ' None', 'count': 0, 'meta': ''}, {'name': ' None', 'count': 0, 'meta': ''}, {'name': ' None', 'count': 0, 'meta': ''}, {'name': ' None', 'count': 0, 'meta': ''}, {'name': ' None', 'count': 0, 'meta': ''}, {'name': ' None', 'count': 0, 'meta': ''}, {'name': ' None', 'count': 0, 'meta': ''}, {'name': ' None', 'count': 0, 'meta': ''}, {'name': ' None', 'count': 0, 'meta': ''}, {'name': ' None', 'count': 0, 'meta': ''}, {'name': ' None', 'count': 0, 'meta': ''}, {'name': ' None', 'count': 0, 'meta': ''}, {'name': ' None', 'count': 0, 'meta': ''}, {'name': ' None', 'count': 0, 'meta': ''}, {'name': ' None', 'count': 0, 'meta': ''}, {'name': ' None', 'count': 0, 'meta': ''}, {'name': ' None', 'count': 0, 'meta': ''}, {'name': ' None', 'count': 0, 'meta': ''}, {'name': ' None', 'count': 0, 'meta': ''}, {'name': ' None', 'count': 0, 'meta': ''}, {'name': ' None', 'count': 0, 'meta': ''}, {'name': ' None', 'count': 0, 'meta': ''}, {'name': ' None', 'count': 0, 'meta': ''}, {'name': ' None', 'count': 0, 'meta': ''}, {'name': ' None', 'count': 0, 'meta': ''}, {'name': ' None', 'count': 0, 'meta': ''}, {'name': ' None', 'count': 0, 'meta': ''}, {'name': ' None', 'count': 0, 'meta': ''}, {'name': ' None', 'count': 0, 'meta': ''}, {'name': ' None', 'count': 0, 'meta': ''}, {'name': ' None', 'count': 0, 'meta': ''}]","Armor Slot 0: None, Count: 0; Armor Slot 1: None, Count: 0; Armor Slot 2: None, Count: 0; Armor Slot 3: None, Count: 0; ","Offhand: None, Count: 0; ",[],20.0,20.0,"[-0.5563176485426575, -0.23853417204030766, -0.7959975644994229]",west,6,0 minecraft:air,False,Player is not currently riding anything,0.08307781780646721
110.0,13:49:27.542290800,2025-11-07,literal{minecrafter256},"(104.82426875692121, 73.24918707874468, 153.42502813550448)",20.0,"[{'name': ' Birch Log', 'count': 8, 'meta': ''}, {'name': ' None', 'count': 0, 'meta': ''}, {'name': ' None', 'count': 0, 'meta': ''}, {'name': ' None', 'count': 0, 'meta': ''}, {'name': ' None', 'count': 0, 'meta': ''}, {'name': ' None', 'count': 0, 'meta': ''}, {'name': ' None', 'count': 0, 'meta': ''}, {'name': ' None', 'count': 0, 'meta': ''}, {'name': ' None', 'count': 0, 'meta': ''}, {'name': ' None', 'count': 0, 'meta': ''}, {'name': ' None', 'count': 0, 'meta': ''}, {'name': ' None', 'count': 0, 'meta': ''}, {'name': ' None', 'count': 0, 'meta': ''}, {'name': ' None', 'count': 0, 'meta': ''}, {'name': ' None', 'count': 0, 'meta': ''}, {'name': ' None', 'count': 0, 'meta': ''}, {'name': ' None', 'count': 0, 'meta': ''}, {'name': ' None', 'count': 0, 'meta': ''}, {'name': ' None', 'count': 0, 'meta': ''}, {'name': ' None', 'count': 0, 'meta': ''}, {'name': ' None', 'count': 0, 'meta': ''}, {'name': ' None', 'count': 0, 'meta': ''}, {'name': ' None', 'count': 0, 'meta': ''}, {'name': ' None', 'count': 0, 'meta': ''}, {'name': ' None', 'count': 0, 'meta': ''}, {'name': ' None', 'count': 0, 'meta': ''}, {'name': ' None', 'count': 0, 'meta': ''}, {'name': ' None', 'count': 0, 'meta': ''}, {'name': ' None', 'count': 0, 'meta': ''}, {'name': ' None', 'count': 0, 'meta': ''}, {'name': ' None', 'count': 0, 'meta': ''}, {'name': ' None', 'count': 0, 'meta': ''}, {'name': ' None', 'count': 0, 'meta': ''}, {'name': ' None', 'count': 0, 'meta': ''}, {'name': ' None', 'count': 0, 'meta': ''}, {'name': ' None', 'count': 0, 'meta': ''}]","Armor Slot 0: None, Count: 0; Armor Slot 1: None, Count: 0; Armor Slot 2: None, Count: 0; Armor Slot 3: None, Count: 0; ","Offhand: None, Count: 0; ",[],20.0,20.0,"[-0.5563176485426575, -0.23853417204030766, -0.7959975644994229]",west,6,0 minecraft:air,False,Player is not currently riding anything,0.0030162615090425808
110.0,13:49:27.585133800,2025-11-07,literal{minecrafter256},"(104.81315342756773, 73.17675927506424, 153.43288356694816)",20.0,"[{'name': ' Birch Log', 'count': 8, 'meta': ''}, {'name': ' None', 'count': 0, 'meta': ''}, {'name': ' None', 'count': 0, 'meta': ''}, {'name': ' None', 'count': 0, 'meta': ''}, {'name': ' None', 'count': 0, 'meta': ''}, {'name': ' None', 'count': 0, 'meta': ''}, {'name': ' None', 'count': 0, 'meta': ''}, {'name': ' None', 'count': 0, 'meta': ''}, {'name': ' None', 'count': 0, 'meta': ''}, {'name': ' None', 'count': 0, 'meta': ''}, {'name': ' None', 'count': 0, 'meta': ''}, {'name': ' None', 'count': 0, 'meta': ''}, {'name': ' None', 'count': 0, 'meta': ''}, {'name': ' None', 'count': 0, 'meta': ''}, {'name': ' None', 'count': 0, 'meta': ''}, {'name': ' None', 'count': 0, 'meta': ''}, {'name': ' None', 'count': 0, 'meta': ''}, {'name': ' None', 'count': 0, 'meta': ''}, {'name': ' None', 'count': 0, 'meta': ''}, {'name': ' None', 'count': 0, 'meta': ''}, {'name': ' None', 'count': 0, 'meta': ''}, {'name': ' None', 'count': 0, 'meta': ''}, {'name': ' None', 'count': 0, 'meta': ''}, {'name': ' None', 'count': 0, 'meta': ''}, {'name': ' None', 'count': 0, 'meta': ''}, {'name': ' None', 'count': 0, 'meta': ''}, {'name': ' None', 'count': 0, 'meta': ''}, {'name': ' None', 'count': 0, 'meta': ''}, {'name': ' None', 'count': 0, 'meta': ''}, {'name': ' None', 'count': 0, 'meta': ''}, {'name': ' None', 'count': 0, 'meta': ''}, {'name': ' None', 'count': 0, 'meta': ''}, {'name': ' None', 'count': 0, 'meta': ''}, {'name': ' None', 'count': 0, 'meta': ''}, {'name': ' None', 'count': 0, 'meta': ''}, {'name': ' None', 'count': 0, 'meta': ''}]","Armor Slot 0: None, Count: 0; Armor Slot 1: None, Count: 0; Armor Slot 2: None, Count: 0; Armor Slot 3: None, Count: 0; ","Offhand: None, Count: 0; ",[],20.0,20.0,"[-0.5542318064655428, -0.23853417204030766, -0.7974512859548137]",west,6,0 minecraft:air,False,Player is not currently riding anything,0.07544406518948656
110.0,13:49:27.632583900,2025-11-07,literal{minecrafter256},"(104.80833426283381, 73.02442408821369, 153.43628936959954)",20.0,"[{'name': ' Birch Log', 'count': 8, 'meta': ''}, {'name': ' None', 'count': 0, 'meta': ''}, {'name': ' None', 'count': 0, 'meta': ''}, {'name': ' None', 'count': 0, 'meta': ''}, {'name': ' None', 'count': 0, 'meta': ''}, {'name': ' None', 'count': 0, 'meta': ''}, {'name': ' None', 'count': 0, 'meta': ''}, {'name': ' None', 'count': 0, 'meta': ''}, {'name': ' None', 'count': 0, 'meta': ''}, {'name': ' None', 'count': 0, 'meta': ''}, {'name': ' None', 'count': 0, 'meta': ''}, {'name': ' None', 'count': 0, 'meta': ''}, {'name': ' None', 'count': 0, 'meta': ''}, {'name': ' None', 'count': 0, 'meta': ''}, {'name': ' None', 'count': 0, 'meta': ''}, {'name': ' None', 'count': 0, 'meta': ''}, {'name': ' None', 'count': 0, 'meta': ''}, {'name': ' None', 'count': 0, 'meta': ''}, {'name': ' None', 'count': 0, 'meta': ''}, {'name': ' None', 'count': 0, 'meta': ''}, {'name': ' None', 'count': 0, 'meta': ''}, {'name': ' None', 'count': 0, 'meta': ''}, {'name': ' None', 'count': 0, 'meta': ''}, {'name': ' None', 'count': 0, 'meta': ''}, {'name': ' None', 'count': 0, 'meta': ''}, {'name': ' None', 'count': 0, 'meta': ''}, {'name': ' None', 'count': 0, 'meta': ''}, {'name': ' None', 'count': 0, 'meta': ''}, {'name': ' None', 'count': 0, 'meta': ''}, {'name': ' None', 'count': 0, 'meta': ''}, {'name': ' None', 'count': 0, 'meta': ''}, {'name': ' None', 'count': 0, 'meta': ''}, {'name': ' None', 'count': 0, 'meta': ''}, {'name': ' None', 'count': 0, 'meta': ''}, {'name': ' None', 'count': 0, 'meta': ''}, {'name': ' None', 'count': 0, 'meta': ''}]","Armor Slot 0: None, Count: 0; Armor Slot 1: None, Count: 0; Armor Slot 2: None, Count: 0; Armor Slot 3: None, Count: 0; ","Offhand: None, Count: 0; ",[],20.0,20.0,"[-0.5465121045418504, -0.24869057395480013, -0.7996733820850045]",west,6,0 minecraft:air,False,Player is not currently riding anything,0.15233518685055708
110.0,13:49:27.682773800,2025-11-07,literal{minecrafter256},"(104.80394882279955, 72.79673560066871, 153.43938865010162)",20.0,"[{'name': ' Birch Log', 'count': 8, 'meta': ''}, {'name': ' None', 'count': 0, 'meta': ''}, {'name': ' None', 'count': 0, 'meta': ''}, {'name': ' None', 'count': 0, 'meta': ''}, {'name': ' None', 'count': 0, 'meta': ''}, {'name': ' None', 'count': 0, 'meta': ''}, {'name': ' None', 'count': 0, 'meta': ''}, {'name': ' None', 'count': 0, 'meta': ''}, {'name': ' None', 'count': 0, 'meta': ''}, {'name': ' None', 'count': 0, 'meta': ''}, {'name': ' None', 'count': 0, 'meta': ''}, {'name': ' None', 'count': 0, 'meta': ''}, {'name': ' None', 'count': 0, 'meta': ''}, {'name': ' None', 'count': 0, 'meta': ''}, {'name': ' None', 'count': 0, 'meta': ''}, {'name': ' None', 'count': 0, 'meta': ''}, {'name': ' None', 'count': 0, 'meta': ''}, {'name': ' None', 'count': 0, 'meta': ''}, {'name': ' None', 'count': 0, 'meta': ''}, {'name': ' None', 'count': 0, 'meta': ''}, {'name': ' None', 'count': 0, 'meta': ''}, {'name': ' None', 'count': 0, 'meta': ''}, {'name': ' None', 'count': 0, 'meta': ''}, {'name': ' None', 'count': 0, 'meta': ''}, {'name': ' None', 'count': 0, 'meta': ''}, {'name': ' None', 'count': 0, 'meta': ''}, {'name': ' None', 'count': 0, 'meta': ''}, {'name': ' None', 'count': 0, 'meta': ''}, {'name': ' None', 'count': 0, 'meta': ''}, {'name': ' None', 'count': 0, 'meta': ''}, {'name': ' None', 'count': 0, 'meta': ''}, {'name': ' None', 'count': 0, 'meta': ''}, {'name': ' None', 'count': 0, 'meta': ''}, {'name': ' None', 'count': 0, 'meta': ''}, {'name': ' None', 'count': 0, 'meta': ''}, {'name': ' None', 'count': 0, 'meta': ''}]","Armor Slot 0: None, Count: 0; Armor Slot 1: None, Count: 0; Armor Slot 2: None, Count: 0; Armor Slot 3: None, Count: 0; ","Offhand: None, Count: 0; ",[],20.0,20.0,"[-0.5429230475753779, -0.2588197203616776, -0.7989035716301229]",west,6,0 minecraft:air,False,Player is not currently riding anything,0.22768848754498797
110.0,13:49:27.731033800,2025-11-07,literal{minecrafter256},"(104.80394882279955, 72.79673560066871, 153.43938865010162)",20.0,"[{'name': ' Birch Log', 'count': 8, 'meta': ''}, {'name': ' None', 'count': 0, 'meta': ''}, {'name': ' None', 'count': 0, 'meta': ''}, {'name': ' None', 'count': 0, 'meta': ''}, {'name': ' None', 'count': 0, 'meta': ''}, {'name': ' None', 'count': 0, 'meta': ''}, {'name': ' None', 'count': 0, 'meta': ''}, {'name': ' None', 'count': 0, 'meta': ''}, {'name': ' None', 'count': 0, 'meta': ''}, {'name': ' None', 'count': 0, 'meta': ''}, {'name': ' None', 'count': 0, 'meta': ''}, {'name': ' None', 'count': 0, 'meta': ''}, {'name': ' None', 'count': 0, 'meta': ''}, {'name': ' None', 'count': 0, 'meta': ''}, {'name': ' None', 'count': 0, 'meta': ''}, {'name': ' None', 'count': 0, 'meta': ''}, {'name': ' None', 'count': 0, 'meta': ''}, {'name': ' None', 'count': 0, 'meta': ''}, {'name': ' None', 'count': 0, 'meta': ''}, {'name': ' None', 'count': 0, 'meta': ''}, {'name': ' None', 'count': 0, 'meta': ''}, {'name': ' None', 'count': 0, 'meta': ''}, {'name': ' None', 'count': 0, 'meta': ''}, {'name': ' None', 'count': 0, 'meta': ''}, {'name': ' None', 'count': 0, 'meta': ''}, {'name': ' None', 'count': 0, 'meta': ''}, {'name': ' None', 'count': 0, 'meta': ''}, {'name': ' None', 'count': 0, 'meta': ''}, {'name': ' None', 'count': 0, 'meta': ''}, {'name': ' None', 'count': 0, 'meta': ''}, {'name': ' None', 'count': 0, 'meta': ''}, {'name': ' None', 'count': 0, 'meta': ''}, {'name': ' None', 'count': 0, 'meta': ''}, {'name': ' None', 'count': 0, 'meta': ''}, {'name': ' None', 'count': 0, 'meta': ''}, {'name': ' None', 'count': 0, 'meta': ''}]","Armor Slot 0: None, Count: 0; Armor Slot 1: None, Count: 0; Armor Slot 2: None, Count: 0; Armor Slot 3: None, Count: 0; ","Offhand: None, Count: 0; ",[],20.0,20.0,"[-0.5429230475753779, -0.2588197203616776, -0.7989035716301229]",west,6,0 minecraft:air,False,Player is not currently riding anything,0.30153472366278034
110.0,13:49:27.781716400,2025-11-07,literal{minecrafter256},"(104.79995807225338, 72.49520087700593, 153.43938865010162)",20.0,"[{'name': ' Birch Log', 'count': 8, 'meta': ''}, {'name': ' None', 'count': 0, 'meta': ''}, {'name': ' None', 'count': 0, 'meta': ''}, {'name': ' None', 'count': 0, 'meta': ''}, {'name': ' None', 'count': 0, 'meta': ''}, {'name': ' None', 'count': 0, 'meta': ''}, {'name': ' None', 'count': 0, 'meta': ''}, {'name': ' None', 'count': 0, 'meta': ''}, {'name': ' None', 'count': 0, 'meta': ''}, {'name': ' None', 'count': 0, 'meta': ''}, {'name': ' None', 'count': 0, 'meta': ''}, {'name': ' None', 'count': 0, 'meta': ''}, {'name': ' None', 'count': 0, 'meta': ''}, {'name': ' None', 'count': 0, 'meta': ''}, {'name': ' None', 'count': 0, 'meta': ''}, {'name': ' None', 'count': 0, 'meta': ''}, {'name': ' None', 'count': 0, 'meta': ''}, {'name': ' None', 'count': 0, 'meta': ''}, {'name': ' None', 'count': 0, 'meta': ''}, {'name': ' None', 'count': 0, 'meta': ''}, {'name': ' None', 'count': 0, 'meta': ''}, {'name': ' None', 'count': 0, 'meta': ''}, {'name': ' None', 'count': 0, 'meta': ''}, {'name': ' None', 'count': 0, 'meta': ''}, {'name': ' None', 'count': 0, 'meta': ''}, {'name': ' None', 'count': 0, 'meta': ''}, {'name': ' None', 'count': 0, 'meta': ''}, {'name': ' None', 'count': 0, 'meta': ''}, {'name': ' None', 'count': 0, 'meta': ''}, {'name': ' None', 'count': 0, 'meta': ''}, {'name': ' None', 'count': 0, 'meta': ''}, {'name': ' None', 'count': 0, 'meta': ''}, {'name': ' None', 'count': 0, 'meta': ''}, {'name': ' None', 'count': 0, 'meta': ''}, {'name': ' None', 'count': 0, 'meta': ''}, {'name': ' None', 'count': 0, 'meta': ''}]","Armor Slot 0: None, Count: 0; Armor Slot 1: None, Count: 0; Armor Slot 2: None, Count: 0; Armor Slot 3: None, Count: 0; ","Offhand: None, Count: 0; ",[],20.0,20.0,"[-0.5408296434241662, -0.2588197203616776, -0.8003222158265959]",west,6,0 minecraft:air,False,Player is not currently riding anything,0.3739040364667221
110.0,13:49:27.832493,2025-11-07,literal{minecrafter256},"(104.7963264891517, 72.1212968405392, 153.43938865010162)",20.0,"[{'name': ' Birch Log', 'count': 8, 'meta': ''}, {'name': ' None', 'count': 0, 'meta': ''}, {'name': ' None', 'count': 0, 'meta': ''}, {'name': ' None', 'count': 0, 'meta': ''}, {'name': ' None', 'count': 0, 'meta': ''}, {'name': ' None', 'count': 0, 'meta': ''}, {'name': ' None', 'count': 0, 'meta': ''}, {'name': ' None', 'count': 0, 'meta': ''}, {'name': ' None', 'count': 0, 'meta': ''}, {'name': ' None', 'count': 0, 'meta': ''}, {'name': ' None', 'count': 0, 'meta': ''}, {'name': ' None', 'count': 0, 'meta': ''}, {'name': ' None', 'count': 0, 'meta': ''}, {'name': ' None', 'count': 0, 'meta': ''}, {'name': ' None', 'count': 0, 'meta': ''}, {'name': ' None', 'count': 0, 'meta': ''}, {'name': ' None', 'count': 0, 'meta': ''}, {'name': ' None', 'count': 0, 'meta': ''}, {'name': ' None', 'count': 0, 'meta': ''}, {'name': ' None', 'count': 0, 'meta': ''}, {'name': ' None', 'count': 0, 'meta': ''}, {'name': ' None', 'count': 0, 'meta': ''}, {'name': ' None', 'count': 0, 'meta': ''}, {'name': ' None', 'count': 0, 'meta': ''}, {'name': ' None', 'count': 0, 'meta': ''}, {'name': ' None', 'count': 0, 'meta': ''}, {'name': ' None', 'count': 0, 'meta': ''}, {'name': ' None', 'count': 0, 'meta': ''}, {'name': ' None', 'count': 0, 'meta': ''}, {'name': ' None', 'count': 0, 'meta': ''}, {'name': ' None', 'count': 0, 'meta': ''}, {'name': ' None', 'count': 0, 'meta': ''}, {'name': ' None', 'count': 0, 'meta': ''}, {'name': ' None', 'count': 0, 'meta': ''}, {'name': ' None', 'count': 0, 'meta': ''}, {'name': ' None', 'count': 0, 'meta': ''}]","Armor Slot 0: None, Count: 0; Armor Slot 1: None, Count: 0; Armor Slot 2: None, Count: 0; Armor Slot 3: None, Count: 0; ","Offhand: None, Count: 0; ",[],20.0,20.0,"[-0.5412071759358973, -0.25629005529905485, -0.8008808901892329]",west,6,0 minecraft:air,False,Player is not currently riding anything,0.0784000015258789
103.0,13:49:27.879938300,2025-11-07,literal{minecrafter256},"(104.79302174843392, 72.0, 153.43938865010162)",20.0,"[{'name': ' Birch Log', 'count': 8, 'meta': ''}, {'name': ' None', 'count': 0, 'meta': ''}, {'name': ' None', 'count': 0, 'meta': ''}, {'name': ' None', 'count': 0, 'meta': ''}, {'name': ' None', 'count': 0, 'meta': ''}, {'name': ' None', 'count': 0, 'meta': ''}, {'name': ' None', 'count': 0, 'meta': ''}, {'name': ' None', 'count': 0, 'meta': ''}, {'name': ' None', 'count': 0, 'meta': ''}, {'name': ' None', 'count': 0, 'meta': ''}, {'name': ' None', 'count': 0, 'meta': ''}, {'name': ' None', 'count': 0, 'meta': ''}, {'name': ' None', 'count': 0, 'meta': ''}, {'name': ' None', 'count': 0, 'meta': ''}, {'name': ' None', 'count': 0, 'meta': ''}, {'name': ' None', 'count': 0, 'meta': ''}, {'name': ' None', 'count': 0, 'meta': ''}, {'name': ' None', 'count': 0, 'meta': ''}, {'name': ' None', 'count': 0, 'meta': ''}, {'name': ' None', 'count': 0, 'meta': ''}, {'name': ' None', 'count': 0, 'meta': ''}, {'name': ' None', 'count': 0, 'meta': ''}, {'name': ' None', 'count': 0, 'meta': ''}, {'name': ' None', 'count': 0, 'meta': ''}, {'name': ' None', 'count': 0, 'meta': ''}, {'name': ' None', 'count': 0, 'meta': ''}, {'name': ' None', 'count': 0, 'meta': ''}, {'name': ' None', 'count': 0, 'meta': ''}, {'name': ' None', 'count': 0, 'meta': ''}, {'name': ' None', 'count': 0, 'meta': ''}, {'name': ' None', 'count': 0, 'meta': ''}, {'name': ' None', 'count': 0, 'meta': ''}, {'name': ' None', 'count': 0, 'meta': ''}, {'name': ' None', 'count': 0, 'meta': ''}, {'name': ' None', 'count': 0, 'meta': ''}, {'name': ' None', 'count': 0, 'meta': ''}]","Armor Slot 0: None, Count: 0; Armor Slot 1: None, Count: 0; Armor Slot 2: None, Count: 0; Armor Slot 3: None, Count: 0; ","Offhand: None, Count: 0; ",[],20.0,20.0,"[-0.5412071759358973, -0.25629005529905485, -0.8008808901892329]",west,6,0 minecraft:air,False,Player is not currently riding anything,0.0784000015258789
103.0,13:49:27.931352900,2025-11-07,literal{minecrafter256},"(104.79001443429406, 72.0, 153.43938865010162)",20.0,"[{'name': ' Birch Log', 'count': 8, 'meta': ''}, {'name': ' None', 'count': 0, 'meta': ''}, {'name': ' None', 'count': 0, 'meta': ''}, {'name': ' None', 'count': 0, 'meta': ''}, {'name': ' None', 'count': 0, 'meta': ''}, {'name': ' None', 'count': 0, 'meta': ''}, {'name': ' None', 'count': 0, 'meta': ''}, {'name': ' None', 'count': 0, 'meta': ''}, {'name': ' None', 'count': 0, 'meta': ''}, {'name': ' None', 'count': 0, 'meta': ''}, {'name': ' None', 'count': 0, 'meta': ''}, {'name': ' None', 'count': 0, 'meta': ''}, {'name': ' None', 'count': 0, 'meta': ''}, {'name': ' None', 'count': 0, 'meta': ''}, {'name': ' None', 'count': 0, 'meta': ''}, {'name': ' None', 'count': 0, 'meta': ''}, {'name': ' None', 'count': 0, 'meta': ''}, {'name': ' None', 'count': 0, 'meta': ''}, {'name': ' None', 'count': 0, 'meta': ''}, {'name': ' None', 'count': 0, 'meta': ''}, {'name': ' None', 'count': 0, 'meta': ''}, {'name': ' None', 'count': 0, 'meta': ''}, {'name': ' None', 'count': 0, 'meta': ''}, {'name': ' None', 'count': 0, 'meta': ''}, {'name': ' None', 'count': 0, 'meta': ''}, {'name': ' None', 'count': 0, 'meta': ''}, {'name': ' None', 'count': 0, 'meta': ''}, {'name': ' None', 'count': 0, 'meta': ''}, {'name': ' None', 'count': 0, 'meta': ''}, {'name': ' None', 'count': 0, 'meta': ''}, {'name': ' None', 'count': 0, 'meta': ''}, {'name': ' None', 'count': 0, 'meta': ''}, {'name': ' None', 'count': 0, 'meta': ''}, {'name': ' None', 'count': 0, 'meta': ''}, {'name': ' None', 'count': 0, 'meta': ''}, {'name': ' None', 'count': 0, 'meta': ''}]","Armor Slot 0: None, Count: 0; Armor Slot 1: None, Count: 0; Armor Slot 2: None, Count: 0; Armor Slot 3: None, Count: 0; ","Offhand: None, Count: 0; ",[],20.0,20.0,"[-0.5412071759358973, -0.25629005529905485, -0.8008808901892329]",west,6,0 minecraft:air,False,Player is not currently riding anything,0.0784000015258789
103.0,13:49:27.984018200,2025-11-07,literal{minecrafter256},"(104.79001443429406, 72.0, 153.43938865010162)",20.0,"[{'name': ' Birch Log', 'count': 8, 'meta': ''}, {'name': ' None', 'count': 0, 'meta': ''}, {'name': ' None', 'count': 0, 'meta': ''}, {'name': ' None', 'count': 0, 'meta': ''}, {'name': ' None', 'count': 0, 'meta': ''}, {'name': ' None', 'count': 0, 'meta': ''}, {'name': ' None', 'count': 0, 'meta': ''}, {'name': ' None', 'count': 0, 'meta': ''}, {'name': ' None', 'count': 0, 'meta': ''}, {'name': ' None', 'count': 0, 'meta': ''}, {'name': ' None', 'count': 0, 'meta': ''}, {'name': ' None', 'count': 0, 'meta': ''}, {'name': ' None', 'count': 0, 'meta': ''}, {'name': ' None', 'count': 0, 'meta': ''}, {'name': ' None', 'count': 0, 'meta': ''}, {'name': ' None', 'count': 0, 'meta': ''}, {'name': ' None', 'count': 0, 'meta': ''}, {'name': ' None', 'count': 0, 'meta': ''}, {'name': ' None', 'count': 0, 'meta': ''}, {'name': ' None', 'count': 0, 'meta': ''}, {'name': ' None', 'count': 0, 'meta': ''}, {'name': ' None', 'count': 0, 'meta': ''}, {'name': ' None', 'count': 0, 'meta': ''}, {'name': ' None', 'count': 0, 'meta': ''}, {'name': ' None', 'count': 0, 'meta': ''}, {'name': ' None', 'count': 0, 'meta': ''}, {'name': ' None', 'count': 0, 'meta': ''}, {'name': ' None', 'count': 0, 'meta': ''}, {'name': ' None', 'count': 0, 'meta': ''}, {'name': ' None', 'count': 0, 'meta': ''}, {'name': ' None', 'count': 0, 'meta': ''}, {'name': ' None', 'count': 0, 'meta': ''}, {'name': ' None', 'count': 0, 'meta': ''}, {'name': ' None', 'count': 0, 'meta': ''}, {'name': ' None', 'count': 0, 'meta': ''}, {'name': ' None', 'count': 0, 'meta': ''}]","Armor Slot 0: None, Count: 0; Armor Slot 1: None, Count: 0; Armor Slot 2: None, Count: 0; Armor Slot 3: None, Count: 0; ","Offhand: None, Count: 0; ",[],20.0,20.0,"[-0.5412071759358973, -0.25629005529905485, -0.8008808901892329]",west,6,0 minecraft:air,False,Player is not currently riding anything,0.0784000015258789
103.0,13:49:28.032208200,2025-11-07,literal{minecrafter256},"(104.79001443429406, 72.0, 153.43938865010162)",20.0,"[{'name': ' Birch Log', 'count': 8, 'meta': ''}, {'name': ' None', 'count': 0, 'meta': ''}, {'name': ' None', 'count': 0, 'meta': ''}, {'name': ' None', 'count': 0, 'meta': ''}, {'name': ' None', 'count': 0, 'meta': ''}, {'name': ' None', 'count': 0, 'meta': ''}, {'name': ' None', 'count': 0, 'meta': ''}, {'name': ' None', 'count': 0, 'meta': ''}, {'name': ' None', 'count': 0, 'meta': ''}, {'name': ' None', 'count': 0, 'meta': ''}, {'name': ' None', 'count': 0, 'meta': ''}, {'name': ' None', 'count': 0, 'meta': ''}, {'name': ' None', 'count': 0, 'meta': ''}, {'name': ' None', 'count': 0, 'meta': ''}, {'name': ' None', 'count': 0, 'meta': ''}, {'name': ' None', 'count': 0, 'meta': ''}, {'name': ' None', 'count': 0, 'meta': ''}, {'name': ' None', 'count': 0, 'meta': ''}, {'name': ' None', 'count': 0, 'meta': ''}, {'name': ' None', 'count': 0, 'meta': ''}, {'name': ' None', 'count': 0, 'meta': ''}, {'name': ' None', 'count': 0, 'meta': ''}, {'name': ' None', 'count': 0, 'meta': ''}, {'name': ' None', 'count': 0, 'meta': ''}, {'name': ' None', 'count': 0, 'meta': ''}, {'name': ' None', 'count': 0, 'meta': ''}, {'name': ' None', 'count': 0, 'meta': ''}, {'name': ' None', 'count': 0, 'meta': ''}, {'name': ' None', 'count': 0, 'meta': ''}, {'name': ' None', 'count': 0, 'meta': ''}, {'name': ' None', 'count': 0, 'meta': ''}, {'name': ' None', 'count': 0, 'meta': ''}, {'name': ' None', 'count': 0, 'meta': ''}, {'name': ' None', 'count': 0, 'meta': ''}, {'name': ' None', 'count': 0, 'meta': ''}, {'name': ' None', 'count': 0, 'meta': ''}]","Armor Slot 0: None, Count: 0; Armor Slot 1: None, Count: 0; Armor Slot 2: None, Count: 0; Armor Slot 3: None, Count: 0; ","Offhand: None, Count: 0; ",[],20.0,20.0,"[-0.5412071759358973, -0.25629005529905485, -0.8008808901892329]",west,6,0 minecraft:air,False,Player is not currently riding anything,0.0784000015258789
