fps,time,date,plyrName,plyrLocation,plyrHealth,plyrInventory,plyrArmor,plyrOffhand,plyrStatus,plyrHunger,plyrSat,plyrView,plyrFacing,plyrSelectedSlot,plyrSelectedItem,plyrRideState,plyrRideVehicle,plyrMomentum
45.0,14:42:55.523922100,2025-07-30,literal{MF},"(-6.894311325480696, 69.0, 36.555416407642895)",20.0,"[{'name': ' None', 'count': 0, 'meta': ''}, {'name': ' None', 'count': 0, 'meta': ''}, {'name': ' None', 'count': 0, 'meta': ''}, {'name': ' None', 'count': 0, 'meta': ''}, {'name': ' None', 'count': 0, 'meta': ''}, {'name': ' None', 'count': 0, 'meta': ''}, {'name': ' None', 'count': 0, 'meta': ''}, {'name': ' None', 'count': 0, 'meta': ''}, {'name': ' None', 'count': 0, 'meta': ''}, {'name': ' None', 'count': 0, 'meta': ''}, {'name': ' None', 'count': 0, 'meta': ''}, {'name': ' None', 'count': 0, 'meta': ''}, {'name': ' None', 'count': 0, 'meta': ''}, {'name': ' None', 'count': 0, 'meta': ''}, {'name': ' None', 'count': 0, 'meta': ''}, {'name': ' None', 'count': 0, 'meta': ''}, {'name': ' None', 'count': 0, 'meta': ''}, {'name': ' None', 'count': 0, 'meta': ''}, {'name': ' None', 'count': 0, 'meta': ''}, {'name': ' None', 'count': 0, 'meta': ''}, {'name': ' None', 'count': 0, 'meta': ''}, {'name': ' None', 'count': 0, 'meta': ''}, {'name': ' None', 'count': 0, 'meta': ''}, {'name': ' None', 'count': 0, 'meta': ''}, {'name': ' None', 'count': 0, 'meta': ''}, {'name': ' None', 'count': 0, 'meta': ''}, {'name': ' None', 'count': 0, 'meta': ''}, {'name': ' None', 'count': 0, 'meta': ''}, {'name': ' None', 'count': 0, 'meta': ''}, {'name': ' None', 'count': 0, 'meta': ''}, {'name': ' None', 'count': 0, 'meta': ''}, {'name': ' None', 'count': 0, 'meta': ''}, {'name': ' None', 'count': 0, 'meta': ''}, {'name': ' None', 'count': 0, 'meta': ''}, {'name': ' None', 'count': 0, 'meta': ''}, {'name': ' None', 'count': 0, 'meta': ''}]","Armor Slot 0: None, Count: 0; Armor Slot 1: None, Count: 0; Armor Slot 2: None, Count: 0; Armor Slot 3: None, Count: 0; ","Offhand: None, Count: 0; ",[],20.0,20.0,"[-0.9755216348899403, -0.15384825868438975, -0.15712496033870396]",south,0,0 minecraft:air,False,Player is not currently riding anything,0.0784000015258789
45.0,14:42:55.535071,2025-07-30,literal{MF},"(-6.894311325480696, 69.0, 36.555416407642895)",20.0,"[{'name': ' None', 'count': 0, 'meta': ''}, {'name': ' None', 'count': 0, 'meta': ''}, {'name': ' None', 'count': 0, 'meta': ''}, {'name': ' None', 'count': 0, 'meta': ''}, {'name': ' None', 'count': 0, 'meta': ''}, {'name': ' None', 'count': 0, 'meta': ''}, {'name': ' None', 'count': 0, 'meta': ''}, {'name': ' None', 'count': 0, 'meta': ''}, {'name': ' None', 'count': 0, 'meta': ''}, {'name': ' None', 'count': 0, 'meta': ''}, {'name': ' None', 'count': 0, 'meta': ''}, {'name': ' None', 'count': 0, 'meta': ''}, {'name': ' None', 'count': 0, 'meta': ''}, {'name': ' None', 'count': 0, 'meta': ''}, {'name': ' None', 'count': 0, 'meta': ''}, {'name': ' None', 'count': 0, 'meta': ''}, {'name': ' None', 'count': 0, 'meta': ''}, {'name': ' None', 'count': 0, 'meta': ''}, {'name': ' None', 'count': 0, 'meta': ''}, {'name': ' None', 'count': 0, 'meta': ''}, {'name': ' None', 'count': 0, 'meta': ''}, {'name': ' None', 'count': 0, 'meta': ''}, {'name': ' None', 'count': 0, 'meta': ''}, {'name': ' None', 'count': 0, 'meta': ''}, {'name': ' None', 'count': 0, 'meta': ''}, {'name': ' None', 'count': 0, 'meta': ''}, {'name': ' None', 'count': 0, 'meta': ''}, {'name': ' None', 'count': 0, 'meta': ''}, {'name': ' None', 'count': 0, 'meta': ''}, {'name': ' None', 'count': 0, 'meta': ''}, {'name': ' None', 'count': 0, 'meta': ''}, {'name': ' None', 'count': 0, 'meta': ''}, {'name': ' None', 'count': 0, 'meta': ''}, {'name': ' None', 'count': 0, 'meta': ''}, {'name': ' None', 'count': 0, 'meta': ''}, {'name': ' None', 'count': 0, 'meta': ''}]","Armor Slot 0: None, Count: 0; Armor Slot 1: None, Count: 0; Armor Slot 2: None, Count: 0; Armor Slot 3: None, Count: 0; ","Offhand: None, Count: 0; ",[],20.0,20.0,"[-0.9755216348899403, -0.15384825868438975, -0.15712496033870396]",south,0,0 minecraft:air,False,Player is not currently riding anything,0.0784000015258789
45.0,14:42:55.540214200,2025-07-30,literal{MF},"(-6.894311325480696, 69.0, 36.555416407642895)",20.0,"[{'name': ' None', 'count': 0, 'meta': ''}, {'name': ' None', 'count': 0, 'meta': ''}, {'name': ' None', 'count': 0, 'meta': ''}, {'name': ' None', 'count': 0, 'meta': ''}, {'name': ' None', 'count': 0, 'meta': ''}, {'name': ' None', 'count': 0, 'meta': ''}, {'name': ' None', 'count': 0, 'meta': ''}, {'name': ' None', 'count': 0, 'meta': ''}, {'name': ' None', 'count': 0, 'meta': ''}, {'name': ' None', 'count': 0, 'meta': ''}, {'name': ' None', 'count': 0, 'meta': ''}, {'name': ' None', 'count': 0, 'meta': ''}, {'name': ' None', 'count': 0, 'meta': ''}, {'name': ' None', 'count': 0, 'meta': ''}, {'name': ' None', 'count': 0, 'meta': ''}, {'name': ' None', 'count': 0, 'meta': ''}, {'name': ' None', 'count': 0, 'meta': ''}, {'name': ' None', 'count': 0, 'meta': ''}, {'name': ' None', 'count': 0, 'meta': ''}, {'name': ' None', 'count': 0, 'meta': ''}, {'name': ' None', 'count': 0, 'meta': ''}, {'name': ' None', 'count': 0, 'meta': ''}, {'name': ' None', 'count': 0, 'meta': ''}, {'name': ' None', 'count': 0, 'meta': ''}, {'name': ' None', 'count': 0, 'meta': ''}, {'name': ' None', 'count': 0, 'meta': ''}, {'name': ' None', 'count': 0, 'meta': ''}, {'name': ' None', 'count': 0, 'meta': ''}, {'name': ' None', 'count': 0, 'meta': ''}, {'name': ' None', 'count': 0, 'meta': ''}, {'name': ' None', 'count': 0, 'meta': ''}, {'name': ' None', 'count': 0, 'meta': ''}, {'name': ' None', 'count': 0, 'meta': ''}, {'name': ' None', 'count': 0, 'meta': ''}, {'name': ' None', 'count': 0, 'meta': ''}, {'name': ' None', 'count': 0, 'meta': ''}]","Armor Slot 0: None, Count: 0; Armor Slot 1: None, Count: 0; Armor Slot 2: None, Count: 0; Armor Slot 3: None, Count: 0; ","Offhand: None, Count: 0; ",[],20.0,20.0,"[-0.9755216348899403, -0.15384825868438975, -0.15712496033870396]",south,0,0 minecraft:air,False,Player is not currently riding anything,0.0784000015258789
45.0,14:42:55.545211,2025-07-30,literal{MF},"(-6.894311325480696, 69.0, 36.555416407642895)",20.0,"[{'name': ' None', 'count': 0, 'meta': ''}, {'name': ' None', 'count': 0, 'meta': ''}, {'name': ' None', 'count': 0, 'meta': ''}, {'name': ' None', 'count': 0, 'meta': ''}, {'name': ' None', 'count': 0, 'meta': ''}, {'name': ' None', 'count': 0, 'meta': ''}, {'name': ' None', 'count': 0, 'meta': ''}, {'name': ' None', 'count': 0, 'meta': ''}, {'name': ' None', 'count': 0, 'meta': ''}, {'name': ' None', 'count': 0, 'meta': ''}, {'name': ' None', 'count': 0, 'meta': ''}, {'name': ' None', 'count': 0, 'meta': ''}, {'name': ' None', 'count': 0, 'meta': ''}, {'name': ' None', 'count': 0, 'meta': ''}, {'name': ' None', 'count': 0, 'meta': ''}, {'name': ' None', 'count': 0, 'meta': ''}, {'name': ' None', 'count': 0, 'meta': ''}, {'name': ' None', 'count': 0, 'meta': ''}, {'name': ' None', 'count': 0, 'meta': ''}, {'name': ' None', 'count': 0, 'meta': ''}, {'name': ' None', 'count': 0, 'meta': ''}, {'name': ' None', 'count': 0, 'meta': ''}, {'name': ' None', 'count': 0, 'meta': ''}, {'name': ' None', 'count': 0, 'meta': ''}, {'name': ' None', 'count': 0, 'meta': ''}, {'name': ' None', 'count': 0, 'meta': ''}, {'name': ' None', 'count': 0, 'meta': ''}, {'name': ' None', 'count': 0, 'meta': ''}, {'name': ' None', 'count': 0, 'meta': ''}, {'name': ' None', 'count': 0, 'meta': ''}, {'name': ' None', 'count': 0, 'meta': ''}, {'name': ' None', 'count': 0, 'meta': ''}, {'name': ' None', 'count': 0, 'meta': ''}, {'name': ' None', 'count': 0, 'meta': ''}, {'name': ' None', 'count': 0, 'meta': ''}, {'name': ' None', 'count': 0, 'meta': ''}]","Armor Slot 0: None, Count: 0; Armor Slot 1: None, Count: 0; Armor Slot 2: None, Count: 0; Armor Slot 3: None, Count: 0; ","Offhand: None, Count: 0; ",[],20.0,20.0,"[-0.9755216348899403, -0.15384825868438975, -0.15712496033870396]",south,0,0 minecraft:air,False,Player is not currently riding anything,0.0784000015258789
45.0,14:42:55.590083900,2025-07-30,literal{MF},"(-6.894311325480696, 69.0, 36.555416407642895)",20.0,"[{'name': ' None', 'count': 0, 'meta': ''}, {'name': ' None', 'count': 0, 'meta': ''}, {'name': ' None', 'count': 0, 'meta': ''}, {'name': ' None', 'count': 0, 'meta': ''}, {'name': ' None', 'count': 0, 'meta': ''}, {'name': ' None', 'count': 0, 'meta': ''}, {'name': ' None', 'count': 0, 'meta': ''}, {'name': ' None', 'count': 0, 'meta': ''}, {'name': ' None', 'count': 0, 'meta': ''}, {'name': ' None', 'count': 0, 'meta': ''}, {'name': ' None', 'count': 0, 'meta': ''}, {'name': ' None', 'count': 0, 'meta': ''}, {'name': ' None', 'count': 0, 'meta': ''}, {'name': ' None', 'count': 0, 'meta': ''}, {'name': ' None', 'count': 0, 'meta': ''}, {'name': ' None', 'count': 0, 'meta': ''}, {'name': ' None', 'count': 0, 'meta': ''}, {'name': ' None', 'count': 0, 'meta': ''}, {'name': ' None', 'count': 0, 'meta': ''}, {'name': ' None', 'count': 0, 'meta': ''}, {'name': ' None', 'count': 0, 'meta': ''}, {'name': ' None', 'count': 0, 'meta': ''}, {'name': ' None', 'count': 0, 'meta': ''}, {'name': ' None', 'count': 0, 'meta': ''}, {'name': ' None', 'count': 0, 'meta': ''}, {'name': ' None', 'count': 0, 'meta': ''}, {'name': ' None', 'count': 0, 'meta': ''}, {'name': ' None', 'count': 0, 'meta': ''}, {'name': ' None', 'count': 0, 'meta': ''}, {'name': ' None', 'count': 0, 'meta': ''}, {'name': ' None', 'count': 0, 'meta': ''}, {'name': ' None', 'count': 0, 'meta': ''}, {'name': ' None', 'count': 0, 'meta': ''}, {'name': ' None', 'count': 0, 'meta': ''}, {'name': ' None', 'count': 0, 'meta': ''}, {'name': ' None', 'count': 0, 'meta': ''}]","Armor Slot 0: None, Count: 0; Armor Slot 1: None, Count: 0; Armor Slot 2: None, Count: 0; Armor Slot 3: None, Count: 0; ","Offhand: None, Count: 0; ",[],20.0,20.0,"[-0.9755216348899403, -0.15384825868438975, -0.15712496033870396]",south,0,0 minecraft:air,False,Player is not currently riding anything,0.0784000015258789
45.0,14:42:55.637040100,2025-07-30,literal{MF},"(-6.894311325480696, 69.0, 36.555416407642895)",20.0,"[{'name': ' None', 'count': 0, 'meta': ''}, {'name': ' None', 'count': 0, 'meta': ''}, {'name': ' None', 'count': 0, 'meta': ''}, {'name': ' None', 'count': 0, 'meta': ''}, {'name': ' None', 'count': 0, 'meta': ''}, {'name': ' None', 'count': 0, 'meta': ''}, {'name': ' None', 'count': 0, 'meta': ''}, {'name': ' None', 'count': 0, 'meta': ''}, {'name': ' None', 'count': 0, 'meta': ''}, {'name': ' None', 'count': 0, 'meta': ''}, {'name': ' None', 'count': 0, 'meta': ''}, {'name': ' None', 'count': 0, 'meta': ''}, {'name': ' None', 'count': 0, 'meta': ''}, {'name': ' None', 'count': 0, 'meta': ''}, {'name': ' None', 'count': 0, 'meta': ''}, {'name': ' None', 'count': 0, 'meta': ''}, {'name': ' None', 'count': 0, 'meta': ''}, {'name': ' None', 'count': 0, 'meta': ''}, {'name': ' None', 'count': 0, 'meta': ''}, {'name': ' None', 'count': 0, 'meta': ''}, {'name': ' None', 'count': 0, 'meta': ''}, {'name': ' None', 'count': 0, 'meta': ''}, {'name': ' None', 'count': 0, 'meta': ''}, {'name': ' None', 'count': 0, 'meta': ''}, {'name': ' None', 'count': 0, 'meta': ''}, {'name': ' None', 'count': 0, 'meta': ''}, {'name': ' None', 'count': 0, 'meta': ''}, {'name': ' None', 'count': 0, 'meta': ''}, {'name': ' None', 'count': 0, 'meta': ''}, {'name': ' None', 'count': 0, 'meta': ''}, {'name': ' None', 'count': 0, 'meta': ''}, {'name': ' None', 'count': 0, 'meta': ''}, {'name': ' None', 'count': 0, 'meta': ''}, {'name': ' None', 'count': 0, 'meta': ''}, {'name': ' None', 'count': 0, 'meta': ''}, {'name': ' None', 'count': 0, 'meta': ''}]","Armor Slot 0: None, Count: 0; Armor Slot 1: None, Count: 0; Armor Slot 2: None, Count: 0; Armor Slot 3: None, Count: 0; ","Offhand: None, Count: 0; ",[],20.0,20.0,"[-0.9755216348899403, -0.15384825868438975, -0.15712496033870396]",south,0,0 minecraft:air,False,Player is not currently riding anything,0.0784000015258789
45.0,14:42:55.688328400,2025-07-30,literal{MF},"(-6.894311325480696, 69.0, 36.555416407642895)",20.0,"[{'name': ' None', 'count': 0, 'meta': ''}, {'name': ' None', 'count': 0, 'meta': ''}, {'name': ' None', 'count': 0, 'meta': ''}, {'name': ' None', 'count': 0, 'meta': ''}, {'name': ' None', 'count': 0, 'meta': ''}, {'name': ' None', 'count': 0, 'meta': ''}, {'name': ' None', 'count': 0, 'meta': ''}, {'name': ' None', 'count': 0, 'meta': ''}, {'name': ' None', 'count': 0, 'meta': ''}, {'name': ' None', 'count': 0, 'meta': ''}, {'name': ' None', 'count': 0, 'meta': ''}, {'name': ' None', 'count': 0, 'meta': ''}, {'name': ' None', 'count': 0, 'meta': ''}, {'name': ' None', 'count': 0, 'meta': ''}, {'name': ' None', 'count': 0, 'meta': ''}, {'name': ' None', 'count': 0, 'meta': ''}, {'name': ' None', 'count': 0, 'meta': ''}, {'name': ' None', 'count': 0, 'meta': ''}, {'name': ' None', 'count': 0, 'meta': ''}, {'name': ' None', 'count': 0, 'meta': ''}, {'name': ' None', 'count': 0, 'meta': ''}, {'name': ' None', 'count': 0, 'meta': ''}, {'name': ' None', 'count': 0, 'meta': ''}, {'name': ' None', 'count': 0, 'meta': ''}, {'name': ' None', 'count': 0, 'meta': ''}, {'name': ' None', 'count': 0, 'meta': ''}, {'name': ' None', 'count': 0, 'meta': ''}, {'name': ' None', 'count': 0, 'meta': ''}, {'name': ' None', 'count': 0, 'meta': ''}, {'name': ' None', 'count': 0, 'meta': ''}, {'name': ' None', 'count': 0, 'meta': ''}, {'name': ' None', 'count': 0, 'meta': ''}, {'name': ' None', 'count': 0, 'meta': ''}, {'name': ' None', 'count': 0, 'meta': ''}, {'name': ' None', 'count': 0, 'meta': ''}, {'name': ' None', 'count': 0, 'meta': ''}]","Armor Slot 0: None, Count: 0; Armor Slot 1: None, Count: 0; Armor Slot 2: None, Count: 0; Armor Slot 3: None, Count: 0; ","Offhand: None, Count: 0; ",[],20.0,20.0,"[-0.9755216348899403, -0.15384825868438975, -0.15712496033870396]",south,0,0 minecraft:air,False,Player is not currently riding anything,0.0784000015258789
45.0,14:42:55.737395200,2025-07-30,literal{MF},"(-6.894311325480696, 69.0, 36.555416407642895)",20.0,"[{'name': ' None', 'count': 0, 'meta': ''}, {'name': ' None', 'count': 0, 'meta': ''}, {'name': ' None', 'count': 0, 'meta': ''}, {'name': ' None', 'count': 0, 'meta': ''}, {'name': ' None', 'count': 0, 'meta': ''}, {'name': ' None', 'count': 0, 'meta': ''}, {'name': ' None', 'count': 0, 'meta': ''}, {'name': ' None', 'count': 0, 'meta': ''}, {'name': ' None', 'count': 0, 'meta': ''}, {'name': ' None', 'count': 0, 'meta': ''}, {'name': ' None', 'count': 0, 'meta': ''}, {'name': ' None', 'count': 0, 'meta': ''}, {'name': ' None', 'count': 0, 'meta': ''}, {'name': ' None', 'count': 0, 'meta': ''}, {'name': ' None', 'count': 0, 'meta': ''}, {'name': ' None', 'count': 0, 'meta': ''}, {'name': ' None', 'count': 0, 'meta': ''}, {'name': ' None', 'count': 0, 'meta': ''}, {'name': ' None', 'count': 0, 'meta': ''}, {'name': ' None', 'count': 0, 'meta': ''}, {'name': ' None', 'count': 0, 'meta': ''}, {'name': ' None', 'count': 0, 'meta': ''}, {'name': ' None', 'count': 0, 'meta': ''}, {'name': ' None', 'count': 0, 'meta': ''}, {'name': ' None', 'count': 0, 'meta': ''}, {'name': ' None', 'count': 0, 'meta': ''}, {'name': ' None', 'count': 0, 'meta': ''}, {'name': ' None', 'count': 0, 'meta': ''}, {'name': ' None', 'count': 0, 'meta': ''}, {'name': ' None', 'count': 0, 'meta': ''}, {'name': ' None', 'count': 0, 'meta': ''}, {'name': ' None', 'count': 0, 'meta': ''}, {'name': ' None', 'count': 0, 'meta': ''}, {'name': ' None', 'count': 0, 'meta': ''}, {'name': ' None', 'count': 0, 'meta': ''}, {'name': ' None', 'count': 0, 'meta': ''}]","Armor Slot 0: None, Count: 0; Armor Slot 1: None, Count: 0; Armor Slot 2: None, Count: 0; Armor Slot 3: None, Count: 0; ","Offhand: None, Count: 0; ",[],20.0,20.0,"[-0.9755216348899403, -0.15384825868438975, -0.15712496033870396]",south,0,0 minecraft:air,False,Player is not currently riding anything,0.0784000015258789
45.0,14:42:55.790979500,2025-07-30,literal{MF},"(-6.894311325480696, 69.0, 36.555416407642895)",20.0,"[{'name': ' None', 'count': 0, 'meta': ''}, {'name': ' None', 'count': 0, 'meta': ''}, {'name': ' None', 'count': 0, 'meta': ''}, {'name': ' None', 'count': 0, 'meta': ''}, {'name': ' None', 'count': 0, 'meta': ''}, {'name': ' None', 'count': 0, 'meta': ''}, {'name': ' None', 'count': 0, 'meta': ''}, {'name': ' None', 'count': 0, 'meta': ''}, {'name': ' None', 'count': 0, 'meta': ''}, {'name': ' None', 'count': 0, 'meta': ''}, {'name': ' None', 'count': 0, 'meta': ''}, {'name': ' None', 'count': 0, 'meta': ''}, {'name': ' None', 'count': 0, 'meta': ''}, {'name': ' None', 'count': 0, 'meta': ''}, {'name': ' None', 'count': 0, 'meta': ''}, {'name': ' None', 'count': 0, 'meta': ''}, {'name': ' None', 'count': 0, 'meta': ''}, {'name': ' None', 'count': 0, 'meta': ''}, {'name': ' None', 'count': 0, 'meta': ''}, {'name': ' None', 'count': 0, 'meta': ''}, {'name': ' None', 'count': 0, 'meta': ''}, {'name': ' None', 'count': 0, 'meta': ''}, {'name': ' None', 'count': 0, 'meta': ''}, {'name': ' None', 'count': 0, 'meta': ''}, {'name': ' None', 'count': 0, 'meta': ''}, {'name': ' None', 'count': 0, 'meta': ''}, {'name': ' None', 'count': 0, 'meta': ''}, {'name': ' None', 'count': 0, 'meta': ''}, {'name': ' None', 'count': 0, 'meta': ''}, {'name': ' None', 'count': 0, 'meta': ''}, {'name': ' None', 'count': 0, 'meta': ''}, {'name': ' None', 'count': 0, 'meta': ''}, {'name': ' None', 'count': 0, 'meta': ''}, {'name': ' None', 'count': 0, 'meta': ''}, {'name': ' None', 'count': 0, 'meta': ''}, {'name': ' None', 'count': 0, 'meta': ''}]","Armor Slot 0: None, Count: 0; Armor Slot 1: None, Count: 0; Armor Slot 2: None, Count: 0; Armor Slot 3: None, Count: 0; ","Offhand: None, Count: 0; ",[],20.0,20.0,"[-0.9755216348899403, -0.15384825868438975, -0.15712496033870396]",south,0,0 minecraft:air,False,Player is not currently riding anything,0.0784000015258789
45.0,14:42:55.863140600,2025-07-30,literal{MF},"(-6.894311325480696, 69.0, 36.555416407642895)",20.0,"[{'name': ' None', 'count': 0, 'meta': ''}, {'name': ' None', 'count': 0, 'meta': ''}, {'name': ' None', 'count': 0, 'meta': ''}, {'name': ' None', 'count': 0, 'meta': ''}, {'name': ' None', 'count': 0, 'meta': ''}, {'name': ' None', 'count': 0, 'meta': ''}, {'name': ' None', 'count': 0, 'meta': ''}, {'name': ' None', 'count': 0, 'meta': ''}, {'name': ' None', 'count': 0, 'meta': ''}, {'name': ' None', 'count': 0, 'meta': ''}, {'name': ' None', 'count': 0, 'meta': ''}, {'name': ' None', 'count': 0, 'meta': ''}, {'name': ' None', 'count': 0, 'meta': ''}, {'name': ' None', 'count': 0, 'meta': ''}, {'name': ' None', 'count': 0, 'meta': ''}, {'name': ' None', 'count': 0, 'meta': ''}, {'name': ' None', 'count': 0, 'meta': ''}, {'name': ' None', 'count': 0, 'meta': ''}, {'name': ' None', 'count': 0, 'meta': ''}, {'name': ' None', 'count': 0, 'meta': ''}, {'name': ' None', 'count': 0, 'meta': ''}, {'name': ' None', 'count': 0, 'meta': ''}, {'name': ' None', 'count': 0, 'meta': ''}, {'name': ' None', 'count': 0, 'meta': ''}, {'name': ' None', 'count': 0, 'meta': ''}, {'name': ' None', 'count': 0, 'meta': ''}, {'name': ' None', 'count': 0, 'meta': ''}, {'name': ' None', 'count': 0, 'meta': ''}, {'name': ' None', 'count': 0, 'meta': ''}, {'name': ' None', 'count': 0, 'meta': ''}, {'name': ' None', 'count': 0, 'meta': ''}, {'name': ' None', 'count': 0, 'meta': ''}, {'name': ' None', 'count': 0, 'meta': ''}, {'name': ' None', 'count': 0, 'meta': ''}, {'name': ' None', 'count': 0, 'meta': ''}, {'name': ' None', 'count': 0, 'meta': ''}]","Armor Slot 0: None, Count: 0; Armor Slot 1: None, Count: 0; Armor Slot 2: None, Count: 0; Armor Slot 3: None, Count: 0; ","Offhand: None, Count: 0; ",[],20.0,20.0,"[-0.9755216348899403, -0.15384825868438975, -0.15712496033870396]",south,0,0 minecraft:air,False,Player is not currently riding anything,0.0784000015258789
45.0,14:42:55.893295500,2025-07-30,literal{MF},"(-6.894311325480696, 69.0, 36.555416407642895)",20.0,"[{'name': ' None', 'count': 0, 'meta': ''}, {'name': ' None', 'count': 0, 'meta': ''}, {'name': ' None', 'count': 0, 'meta': ''}, {'name': ' None', 'count': 0, 'meta': ''}, {'name': ' None', 'count': 0, 'meta': ''}, {'name': ' None', 'count': 0, 'meta': ''}, {'name': ' None', 'count': 0, 'meta': ''}, {'name': ' None', 'count': 0, 'meta': ''}, {'name': ' None', 'count': 0, 'meta': ''}, {'name': ' None', 'count': 0, 'meta': ''}, {'name': ' None', 'count': 0, 'meta': ''}, {'name': ' None', 'count': 0, 'meta': ''}, {'name': ' None', 'count': 0, 'meta': ''}, {'name': ' None', 'count': 0, 'meta': ''}, {'name': ' None', 'count': 0, 'meta': ''}, {'name': ' None', 'count': 0, 'meta': ''}, {'name': ' None', 'count': 0, 'meta': ''}, {'name': ' None', 'count': 0, 'meta': ''}, {'name': ' None', 'count': 0, 'meta': ''}, {'name': ' None', 'count': 0, 'meta': ''}, {'name': ' None', 'count': 0, 'meta': ''}, {'name': ' None', 'count': 0, 'meta': ''}, {'name': ' None', 'count': 0, 'meta': ''}, {'name': ' None', 'count': 0, 'meta': ''}, {'name': ' None', 'count': 0, 'meta': ''}, {'name': ' None', 'count': 0, 'meta': ''}, {'name': ' None', 'count': 0, 'meta': ''}, {'name': ' None', 'count': 0, 'meta': ''}, {'name': ' None', 'count': 0, 'meta': ''}, {'name': ' None', 'count': 0, 'meta': ''}, {'name': ' None', 'count': 0, 'meta': ''}, {'name': ' None', 'count': 0, 'meta': ''}, {'name': ' None', 'count': 0, 'meta': ''}, {'name': ' None', 'count': 0, 'meta': ''}, {'name': ' None', 'count': 0, 'meta': ''}, {'name': ' None', 'count': 0, 'meta': ''}]","Armor Slot 0: None, Count: 0; Armor Slot 1: None, Count: 0; Armor Slot 2: None, Count: 0; Armor Slot 3: None, Count: 0; ","Offhand: None, Count: 0; ",[],20.0,20.0,"[-0.9755216348899403, -0.15384825868438975, -0.15712496033870396]",south,0,0 minecraft:air,False,Player is not currently riding anything,0.0784000015258789
26.0,14:42:55.941854100,2025-07-30,literal{MF},"(-6.894311325480696, 69.0, 36.555416407642895)",20.0,"[{'name': ' None', 'count': 0, 'meta': ''}, {'name': ' None', 'count': 0, 'meta': ''}, {'name': ' None', 'count': 0, 'meta': ''}, {'name': ' None', 'count': 0, 'meta': ''}, {'name': ' None', 'count': 0, 'meta': ''}, {'name': ' None', 'count': 0, 'meta': ''}, {'name': ' None', 'count': 0, 'meta': ''}, {'name': ' None', 'count': 0, 'meta': ''}, {'name': ' None', 'count': 0, 'meta': ''}, {'name': ' None', 'count': 0, 'meta': ''}, {'name': ' None', 'count': 0, 'meta': ''}, {'name': ' None', 'count': 0, 'meta': ''}, {'name': ' None', 'count': 0, 'meta': ''}, {'name': ' None', 'count': 0, 'meta': ''}, {'name': ' None', 'count': 0, 'meta': ''}, {'name': ' None', 'count': 0, 'meta': ''}, {'name': ' None', 'count': 0, 'meta': ''}, {'name': ' None', 'count': 0, 'meta': ''}, {'name': ' None', 'count': 0, 'meta': ''}, {'name': ' None', 'count': 0, 'meta': ''}, {'name': ' None', 'count': 0, 'meta': ''}, {'name': ' None', 'count': 0, 'meta': ''}, {'name': ' None', 'count': 0, 'meta': ''}, {'name': ' None', 'count': 0, 'meta': ''}, {'name': ' None', 'count': 0, 'meta': ''}, {'name': ' None', 'count': 0, 'meta': ''}, {'name': ' None', 'count': 0, 'meta': ''}, {'name': ' None', 'count': 0, 'meta': ''}, {'name': ' None', 'count': 0, 'meta': ''}, {'name': ' None', 'count': 0, 'meta': ''}, {'name': ' None', 'count': 0, 'meta': ''}, {'name': ' None', 'count': 0, 'meta': ''}, {'name': ' None', 'count': 0, 'meta': ''}, {'name': ' None', 'count': 0, 'meta': ''}, {'name': ' None', 'count': 0, 'meta': ''}, {'name': ' None', 'count': 0, 'meta': ''}]","Armor Slot 0: None, Count: 0; Armor Slot 1: None, Count: 0; Armor Slot 2: None, Count: 0; Armor Slot 3: None, Count: 0; ","Offhand: None, Count: 0; ",[],20.0,20.0,"[-0.9755216348899403, -0.15384825868438975, -0.15712496033870396]",south,0,0 minecraft:air,False,Player is not currently riding anything,0.0784000015258789
26.0,14:42:55.990730100,2025-07-30,literal{MF},"(-6.894311325480696, 69.0, 36.555416407642895)",20.0,"[{'name': ' None', 'count': 0, 'meta': ''}, {'name': ' None', 'count': 0, 'meta': ''}, {'name': ' None', 'count': 0, 'meta': ''}, {'name': ' None', 'count': 0, 'meta': ''}, {'name': ' None', 'count': 0, 'meta': ''}, {'name': ' None', 'count': 0, 'meta': ''}, {'name': ' None', 'count': 0, 'meta': ''}, {'name': ' None', 'count': 0, 'meta': ''}, {'name': ' None', 'count': 0, 'meta': ''}, {'name': ' None', 'count': 0, 'meta': ''}, {'name': ' None', 'count': 0, 'meta': ''}, {'name': ' None', 'count': 0, 'meta': ''}, {'name': ' None', 'count': 0, 'meta': ''}, {'name': ' None', 'count': 0, 'meta': ''}, {'name': ' None', 'count': 0, 'meta': ''}, {'name': ' None', 'count': 0, 'meta': ''}, {'name': ' None', 'count': 0, 'meta': ''}, {'name': ' None', 'count': 0, 'meta': ''}, {'name': ' None', 'count': 0, 'meta': ''}, {'name': ' None', 'count': 0, 'meta': ''}, {'name': ' None', 'count': 0, 'meta': ''}, {'name': ' None', 'count': 0, 'meta': ''}, {'name': ' None', 'count': 0, 'meta': ''}, {'name': ' None', 'count': 0, 'meta': ''}, {'name': ' None', 'count': 0, 'meta': ''}, {'name': ' None', 'count': 0, 'meta': ''}, {'name': ' None', 'count': 0, 'meta': ''}, {'name': ' None', 'count': 0, 'meta': ''}, {'name': ' None', 'count': 0, 'meta': ''}, {'name': ' None', 'count': 0, 'meta': ''}, {'name': ' None', 'count': 0, 'meta': ''}, {'name': ' None', 'count': 0, 'meta': ''}, {'name': ' None', 'count': 0, 'meta': ''}, {'name': ' None', 'count': 0, 'meta': ''}, {'name': ' None', 'count': 0, 'meta': ''}, {'name': ' None', 'count': 0, 'meta': ''}]","Armor Slot 0: None, Count: 0; Armor Slot 1: None, Count: 0; Armor Slot 2: None, Count: 0; Armor Slot 3: None, Count: 0; ","Offhand: None, Count: 0; ",[],20.0,20.0,"[-0.9755216348899403, -0.15384825868438975, -0.15712496033870396]",south,0,0 minecraft:air,False,Player is not currently riding anything,0.0784000015258789
26.0,14:42:56.037945100,2025-07-30,literal{MF},"(-6.894311325480696, 69.0, 36.555416407642895)",20.0,"[{'name': ' None', 'count': 0, 'meta': ''}, {'name': ' None', 'count': 0, 'meta': ''}, {'name': ' None', 'count': 0, 'meta': ''}, {'name': ' None', 'count': 0, 'meta': ''}, {'name': ' None', 'count': 0, 'meta': ''}, {'name': ' None', 'count': 0, 'meta': ''}, {'name': ' None', 'count': 0, 'meta': ''}, {'name': ' None', 'count': 0, 'meta': ''}, {'name': ' None', 'count': 0, 'meta': ''}, {'name': ' None', 'count': 0, 'meta': ''}, {'name': ' None', 'count': 0, 'meta': ''}, {'name': ' None', 'count': 0, 'meta': ''}, {'name': ' None', 'count': 0, 'meta': ''}, {'name': ' None', 'count': 0, 'meta': ''}, {'name': ' None', 'count': 0, 'meta': ''}, {'name': ' None', 'count': 0, 'meta': ''}, {'name': ' None', 'count': 0, 'meta': ''}, {'name': ' None', 'count': 0, 'meta': ''}, {'name': ' None', 'count': 0, 'meta': ''}, {'name': ' None', 'count': 0, 'meta': ''}, {'name': ' None', 'count': 0, 'meta': ''}, {'name': ' None', 'count': 0, 'meta': ''}, {'name': ' None', 'count': 0, 'meta': ''}, {'name': ' None', 'count': 0, 'meta': ''}, {'name': ' None', 'count': 0, 'meta': ''}, {'name': ' None', 'count': 0, 'meta': ''}, {'name': ' None', 'count': 0, 'meta': ''}, {'name': ' None', 'count': 0, 'meta': ''}, {'name': ' None', 'count': 0, 'meta': ''}, {'name': ' None', 'count': 0, 'meta': ''}, {'name': ' None', 'count': 0, 'meta': ''}, {'name': ' None', 'count': 0, 'meta': ''}, {'name': ' None', 'count': 0, 'meta': ''}, {'name': ' None', 'count': 0, 'meta': ''}, {'name': ' None', 'count': 0, 'meta': ''}, {'name': ' None', 'count': 0, 'meta': ''}]","Armor Slot 0: None, Count: 0; Armor Slot 1: None, Count: 0; Armor Slot 2: None, Count: 0; Armor Slot 3: None, Count: 0; ","Offhand: None, Count: 0; ",[],20.0,20.0,"[-0.9755216348899403, -0.15384825868438975, -0.15712496033870396]",south,0,0 minecraft:air,False,Player is not currently riding anything,0.0784000015258789
26.0,14:42:56.093131100,2025-07-30,literal{MF},"(-6.894311325480696, 69.0, 36.555416407642895)",20.0,"[{'name': ' None', 'count': 0, 'meta': ''}, {'name': ' None', 'count': 0, 'meta': ''}, {'name': ' None', 'count': 0, 'meta': ''}, {'name': ' None', 'count': 0, 'meta': ''}, {'name': ' None', 'count': 0, 'meta': ''}, {'name': ' None', 'count': 0, 'meta': ''}, {'name': ' None', 'count': 0, 'meta': ''}, {'name': ' None', 'count': 0, 'meta': ''}, {'name': ' None', 'count': 0, 'meta': ''}, {'name': ' None', 'count': 0, 'meta': ''}, {'name': ' None', 'count': 0, 'meta': ''}, {'name': ' None', 'count': 0, 'meta': ''}, {'name': ' None', 'count': 0, 'meta': ''}, {'name': ' None', 'count': 0, 'meta': ''}, {'name': ' None', 'count': 0, 'meta': ''}, {'name': ' None', 'count': 0, 'meta': ''}, {'name': ' None', 'count': 0, 'meta': ''}, {'name': ' None', 'count': 0, 'meta': ''}, {'name': ' None', 'count': 0, 'meta': ''}, {'name': ' None', 'count': 0, 'meta': ''}, {'name': ' None', 'count': 0, 'meta': ''}, {'name': ' None', 'count': 0, 'meta': ''}, {'name': ' None', 'count': 0, 'meta': ''}, {'name': ' None', 'count': 0, 'meta': ''}, {'name': ' None', 'count': 0, 'meta': ''}, {'name': ' None', 'count': 0, 'meta': ''}, {'name': ' None', 'count': 0, 'meta': ''}, {'name': ' None', 'count': 0, 'meta': ''}, {'name': ' None', 'count': 0, 'meta': ''}, {'name': ' None', 'count': 0, 'meta': ''}, {'name': ' None', 'count': 0, 'meta': ''}, {'name': ' None', 'count': 0, 'meta': ''}, {'name': ' None', 'count': 0, 'meta': ''}, {'name': ' None', 'count': 0, 'meta': ''}, {'name': ' None', 'count': 0, 'meta': ''}, {'name': ' None', 'count': 0, 'meta': ''}]","Armor Slot 0: None, Count: 0; Armor Slot 1: None, Count: 0; Armor Slot 2: None, Count: 0; Armor Slot 3: None, Count: 0; ","Offhand: None, Count: 0; ",[],20.0,20.0,"[-0.9755216348899403, -0.15384825868438975, -0.15712496033870396]",south,0,0 minecraft:air,False,Player is not currently riding anything,0.0784000015258789
26.0,14:42:56.140917,2025-07-30,literal{MF},"(-6.894311325480696, 69.0, 36.555416407642895)",20.0,"[{'name': ' None', 'count': 0, 'meta': ''}, {'name': ' None', 'count': 0, 'meta': ''}, {'name': ' None', 'count': 0, 'meta': ''}, {'name': ' None', 'count': 0, 'meta': ''}, {'name': ' None', 'count': 0, 'meta': ''}, {'name': ' None', 'count': 0, 'meta': ''}, {'name': ' None', 'count': 0, 'meta': ''}, {'name': ' None', 'count': 0, 'meta': ''}, {'name': ' None', 'count': 0, 'meta': ''}, {'name': ' None', 'count': 0, 'meta': ''}, {'name': ' None', 'count': 0, 'meta': ''}, {'name': ' None', 'count': 0, 'meta': ''}, {'name': ' None', 'count': 0, 'meta': ''}, {'name': ' None', 'count': 0, 'meta': ''}, {'name': ' None', 'count': 0, 'meta': ''}, {'name': ' None', 'count': 0, 'meta': ''}, {'name': ' None', 'count': 0, 'meta': ''}, {'name': ' None', 'count': 0, 'meta': ''}, {'name': ' None', 'count': 0, 'meta': ''}, {'name': ' None', 'count': 0, 'meta': ''}, {'name': ' None', 'count': 0, 'meta': ''}, {'name': ' None', 'count': 0, 'meta': ''}, {'name': ' None', 'count': 0, 'meta': ''}, {'name': ' None', 'count': 0, 'meta': ''}, {'name': ' None', 'count': 0, 'meta': ''}, {'name': ' None', 'count': 0, 'meta': ''}, {'name': ' None', 'count': 0, 'meta': ''}, {'name': ' None', 'count': 0, 'meta': ''}, {'name': ' None', 'count': 0, 'meta': ''}, {'name': ' None', 'count': 0, 'meta': ''}, {'name': ' None', 'count': 0, 'meta': ''}, {'name': ' None', 'count': 0, 'meta': ''}, {'name': ' None', 'count': 0, 'meta': ''}, {'name': ' None', 'count': 0, 'meta': ''}, {'name': ' None', 'count': 0, 'meta': ''}, {'name': ' None', 'count': 0, 'meta': ''}]","Armor Slot 0: None, Count: 0; Armor Slot 1: None, Count: 0; Armor Slot 2: None, Count: 0; Armor Slot 3: None, Count: 0; ","Offhand: None, Count: 0; ",[],20.0,20.0,"[-0.9729812468219667, -0.15643454723939149, -0.16981085290044845]",south,0,0 minecraft:air,False,Player is not currently riding anything,0.0784000015258789
26.0,14:42:56.190803900,2025-07-30,literal{MF},"(-6.894311325480696, 69.0, 36.555416407642895)",20.0,"[{'name': ' None', 'count': 0, 'meta': ''}, {'name': ' None', 'count': 0, 'meta': ''}, {'name': ' None', 'count': 0, 'meta': ''}, {'name': ' None', 'count': 0, 'meta': ''}, {'name': ' None', 'count': 0, 'meta': ''}, {'name': ' None', 'count': 0, 'meta': ''}, {'name': ' None', 'count': 0, 'meta': ''}, {'name': ' None', 'count': 0, 'meta': ''}, {'name': ' None', 'count': 0, 'meta': ''}, {'name': ' None', 'count': 0, 'meta': ''}, {'name': ' None', 'count': 0, 'meta': ''}, {'name': ' None', 'count': 0, 'meta': ''}, {'name': ' None', 'count': 0, 'meta': ''}, {'name': ' None', 'count': 0, 'meta': ''}, {'name': ' None', 'count': 0, 'meta': ''}, {'name': ' None', 'count': 0, 'meta': ''}, {'name': ' None', 'count': 0, 'meta': ''}, {'name': ' None', 'count': 0, 'meta': ''}, {'name': ' None', 'count': 0, 'meta': ''}, {'name': ' None', 'count': 0, 'meta': ''}, {'name': ' None', 'count': 0, 'meta': ''}, {'name': ' None', 'count': 0, 'meta': ''}, {'name': ' None', 'count': 0, 'meta': ''}, {'name': ' None', 'count': 0, 'meta': ''}, {'name': ' None', 'count': 0, 'meta': ''}, {'name': ' None', 'count': 0, 'meta': ''}, {'name': ' None', 'count': 0, 'meta': ''}, {'name': ' None', 'count': 0, 'meta': ''}, {'name': ' None', 'count': 0, 'meta': ''}, {'name': ' None', 'count': 0, 'meta': ''}, {'name': ' None', 'count': 0, 'meta': ''}, {'name': ' None', 'count': 0, 'meta': ''}, {'name': ' None', 'count': 0, 'meta': ''}, {'name': ' None', 'count': 0, 'meta': ''}, {'name': ' None', 'count': 0, 'meta': ''}, {'name': ' None', 'count': 0, 'meta': ''}]","Armor Slot 0: None, Count: 0; Armor Slot 1: None, Count: 0; Armor Slot 2: None, Count: 0; Armor Slot 3: None, Count: 0; ","Offhand: None, Count: 0; ",[],20.0,20.0,"[-0.9708396034634413, -0.1641869253794629, -0.17468004431355863]",south,0,0 minecraft:air,False,Player is not currently riding anything,0.0784000015258789
26.0,14:42:56.246354,2025-07-30,literal{MF},"(-6.894311325480696, 69.0, 36.555416407642895)",20.0,"[{'name': ' None', 'count': 0, 'meta': ''}, {'name': ' None', 'count': 0, 'meta': ''}, {'name': ' None', 'count': 0, 'meta': ''}, {'name': ' None', 'count': 0, 'meta': ''}, {'name': ' None', 'count': 0, 'meta': ''}, {'name': ' None', 'count': 0, 'meta': ''}, {'name': ' None', 'count': 0, 'meta': ''}, {'name': ' None', 'count': 0, 'meta': ''}, {'name': ' None', 'count': 0, 'meta': ''}, {'name': ' None', 'count': 0, 'meta': ''}, {'name': ' None', 'count': 0, 'meta': ''}, {'name': ' None', 'count': 0, 'meta': ''}, {'name': ' None', 'count': 0, 'meta': ''}, {'name': ' None', 'count': 0, 'meta': ''}, {'name': ' None', 'count': 0, 'meta': ''}, {'name': ' None', 'count': 0, 'meta': ''}, {'name': ' None', 'count': 0, 'meta': ''}, {'name': ' None', 'count': 0, 'meta': ''}, {'name': ' None', 'count': 0, 'meta': ''}, {'name': ' None', 'count': 0, 'meta': ''}, {'name': ' None', 'count': 0, 'meta': ''}, {'name': ' None', 'count': 0, 'meta': ''}, {'name': ' None', 'count': 0, 'meta': ''}, {'name': ' None', 'count': 0, 'meta': ''}, {'name': ' None', 'count': 0, 'meta': ''}, {'name': ' None', 'count': 0, 'meta': ''}, {'name': ' None', 'count': 0, 'meta': ''}, {'name': ' None', 'count': 0, 'meta': ''}, {'name': ' None', 'count': 0, 'meta': ''}, {'name': ' None', 'count': 0, 'meta': ''}, {'name': ' None', 'count': 0, 'meta': ''}, {'name': ' None', 'count': 0, 'meta': ''}, {'name': ' None', 'count': 0, 'meta': ''}, {'name': ' None', 'count': 0, 'meta': ''}, {'name': ' None', 'count': 0, 'meta': ''}, {'name': ' None', 'count': 0, 'meta': ''}]","Armor Slot 0: None, Count: 0; Armor Slot 1: None, Count: 0; Armor Slot 2: None, Count: 0; Armor Slot 3: None, Count: 0; ","Offhand: None, Count: 0; ",[],20.0,20.0,"[-0.9699527966120529, -0.16676881892742454, -0.17714325665406866]",south,0,0 minecraft:air,False,Player is not currently riding anything,0.0784000015258789
26.0,14:42:56.290410500,2025-07-30,literal{MF},"(-6.894311325480696, 69.0, 36.555416407642895)",20.0,"[{'name': ' None', 'count': 0, 'meta': ''}, {'name': ' None', 'count': 0, 'meta': ''}, {'name': ' None', 'count': 0, 'meta': ''}, {'name': ' None', 'count': 0, 'meta': ''}, {'name': ' None', 'count': 0, 'meta': ''}, {'name': ' None', 'count': 0, 'meta': ''}, {'name': ' None', 'count': 0, 'meta': ''}, {'name': ' None', 'count': 0, 'meta': ''}, {'name': ' None', 'count': 0, 'meta': ''}, {'name': ' None', 'count': 0, 'meta': ''}, {'name': ' None', 'count': 0, 'meta': ''}, {'name': ' None', 'count': 0, 'meta': ''}, {'name': ' None', 'count': 0, 'meta': ''}, {'name': ' None', 'count': 0, 'meta': ''}, {'name': ' None', 'count': 0, 'meta': ''}, {'name': ' None', 'count': 0, 'meta': ''}, {'name': ' None', 'count': 0, 'meta': ''}, {'name': ' None', 'count': 0, 'meta': ''}, {'name': ' None', 'count': 0, 'meta': ''}, {'name': ' None', 'count': 0, 'meta': ''}, {'name': ' None', 'count': 0, 'meta': ''}, {'name': ' None', 'count': 0, 'meta': ''}, {'name': ' None', 'count': 0, 'meta': ''}, {'name': ' None', 'count': 0, 'meta': ''}, {'name': ' None', 'count': 0, 'meta': ''}, {'name': ' None', 'count': 0, 'meta': ''}, {'name': ' None', 'count': 0, 'meta': ''}, {'name': ' None', 'count': 0, 'meta': ''}, {'name': ' None', 'count': 0, 'meta': ''}, {'name': ' None', 'count': 0, 'meta': ''}, {'name': ' None', 'count': 0, 'meta': ''}, {'name': ' None', 'count': 0, 'meta': ''}, {'name': ' None', 'count': 0, 'meta': ''}, {'name': ' None', 'count': 0, 'meta': ''}, {'name': ' None', 'count': 0, 'meta': ''}, {'name': ' None', 'count': 0, 'meta': ''}]","Armor Slot 0: None, Count: 0; Armor Slot 1: None, Count: 0; Armor Slot 2: None, Count: 0; Armor Slot 3: None, Count: 0; ","Offhand: None, Count: 0; ",[],20.0,20.0,"[-0.9666808406970917, -0.17192917570517283, -0.1896536600503763]",south,0,0 minecraft:air,False,Player is not currently riding anything,0.0784000015258789
26.0,14:42:56.343144300,2025-07-30,literal{MF},"(-6.894311325480696, 69.0, 36.555416407642895)",20.0,"[{'name': ' None', 'count': 0, 'meta': ''}, {'name': ' None', 'count': 0, 'meta': ''}, {'name': ' None', 'count': 0, 'meta': ''}, {'name': ' None', 'count': 0, 'meta': ''}, {'name': ' None', 'count': 0, 'meta': ''}, {'name': ' None', 'count': 0, 'meta': ''}, {'name': ' None', 'count': 0, 'meta': ''}, {'name': ' None', 'count': 0, 'meta': ''}, {'name': ' None', 'count': 0, 'meta': ''}, {'name': ' None', 'count': 0, 'meta': ''}, {'name': ' None', 'count': 0, 'meta': ''}, {'name': ' None', 'count': 0, 'meta': ''}, {'name': ' None', 'count': 0, 'meta': ''}, {'name': ' None', 'count': 0, 'meta': ''}, {'name': ' None', 'count': 0, 'meta': ''}, {'name': ' None', 'count': 0, 'meta': ''}, {'name': ' None', 'count': 0, 'meta': ''}, {'name': ' None', 'count': 0, 'meta': ''}, {'name': ' None', 'count': 0, 'meta': ''}, {'name': ' None', 'count': 0, 'meta': ''}, {'name': ' None', 'count': 0, 'meta': ''}, {'name': ' None', 'count': 0, 'meta': ''}, {'name': ' None', 'count': 0, 'meta': ''}, {'name': ' None', 'count': 0, 'meta': ''}, {'name': ' None', 'count': 0, 'meta': ''}, {'name': ' None', 'count': 0, 'meta': ''}, {'name': ' None', 'count': 0, 'meta': ''}, {'name': ' None', 'count': 0, 'meta': ''}, {'name': ' None', 'count': 0, 'meta': ''}, {'name': ' None', 'count': 0, 'meta': ''}, {'name': ' None', 'count': 0, 'meta': ''}, {'name': ' None', 'count': 0, 'meta': ''}, {'name': ' None', 'count': 0, 'meta': ''}, {'name': ' None', 'count': 0, 'meta': ''}, {'name': ' None', 'count': 0, 'meta': ''}, {'name': ' None', 'count': 0, 'meta': ''}]","Armor Slot 0: None, Count: 0; Armor Slot 1: None, Count: 0; Armor Slot 2: None, Count: 0; Armor Slot 3: None, Count: 0; ","Offhand: None, Count: 0; ",[],20.0,20.0,"[-0.9661810176617335, -0.17192917570517283, -0.19218376531714831]",south,0,0 minecraft:air,False,Player is not currently riding anything,0.0784000015258789
26.0,14:42:56.409620900,2025-07-30,literal{MF},"(-6.894311325480696, 69.0, 36.555416407642895)",20.0,"[{'name': ' None', 'count': 0, 'meta': ''}, {'name': ' None', 'count': 0, 'meta': ''}, {'name': ' None', 'count': 0, 'meta': ''}, {'name': ' None', 'count': 0, 'meta': ''}, {'name': ' None', 'count': 0, 'meta': ''}, {'name': ' None', 'count': 0, 'meta': ''}, {'name': ' None', 'count': 0, 'meta': ''}, {'name': ' None', 'count': 0, 'meta': ''}, {'name': ' None', 'count': 0, 'meta': ''}, {'name': ' None', 'count': 0, 'meta': ''}, {'name': ' None', 'count': 0, 'meta': ''}, {'name': ' None', 'count': 0, 'meta': ''}, {'name': ' None', 'count': 0, 'meta': ''}, {'name': ' None', 'count': 0, 'meta': ''}, {'name': ' None', 'count': 0, 'meta': ''}, {'name': ' None', 'count': 0, 'meta': ''}, {'name': ' None', 'count': 0, 'meta': ''}, {'name': ' None', 'count': 0, 'meta': ''}, {'name': ' None', 'count': 0, 'meta': ''}, {'name': ' None', 'count': 0, 'meta': ''}, {'name': ' None', 'count': 0, 'meta': ''}, {'name': ' None', 'count': 0, 'meta': ''}, {'name': ' None', 'count': 0, 'meta': ''}, {'name': ' None', 'count': 0, 'meta': ''}, {'name': ' None', 'count': 0, 'meta': ''}, {'name': ' None', 'count': 0, 'meta': ''}, {'name': ' None', 'count': 0, 'meta': ''}, {'name': ' None', 'count': 0, 'meta': ''}, {'name': ' None', 'count': 0, 'meta': ''}, {'name': ' None', 'count': 0, 'meta': ''}, {'name': ' None', 'count': 0, 'meta': ''}, {'name': ' None', 'count': 0, 'meta': ''}, {'name': ' None', 'count': 0, 'meta': ''}, {'name': ' None', 'count': 0, 'meta': ''}, {'name': ' None', 'count': 0, 'meta': ''}, {'name': ' None', 'count': 0, 'meta': ''}]","Armor Slot 0: None, Count: 0; Armor Slot 1: None, Count: 0; Armor Slot 2: None, Count: 0; Armor Slot 3: None, Count: 0; ","Offhand: None, Count: 0; ",[],20.0,20.0,"[-0.9661810176617335, -0.17192917570517283, -0.19218376531714831]",south,0,0 minecraft:air,False,Player is not currently riding anything,0.0784000015258789
26.0,14:42:56.442175700,2025-07-30,literal{MF},"(-6.894311325480696, 69.0, 36.555416407642895)",20.0,"[{'name': ' None', 'count': 0, 'meta': ''}, {'name': ' None', 'count': 0, 'meta': ''}, {'name': ' None', 'count': 0, 'meta': ''}, {'name': ' None', 'count': 0, 'meta': ''}, {'name': ' None', 'count': 0, 'meta': ''}, {'name': ' None', 'count': 0, 'meta': ''}, {'name': ' None', 'count': 0, 'meta': ''}, {'name': ' None', 'count': 0, 'meta': ''}, {'name': ' None', 'count': 0, 'meta': ''}, {'name': ' None', 'count': 0, 'meta': ''}, {'name': ' None', 'count': 0, 'meta': ''}, {'name': ' None', 'count': 0, 'meta': ''}, {'name': ' None', 'count': 0, 'meta': ''}, {'name': ' None', 'count': 0, 'meta': ''}, {'name': ' None', 'count': 0, 'meta': ''}, {'name': ' None', 'count': 0, 'meta': ''}, {'name': ' None', 'count': 0, 'meta': ''}, {'name': ' None', 'count': 0, 'meta': ''}, {'name': ' None', 'count': 0, 'meta': ''}, {'name': ' None', 'count': 0, 'meta': ''}, {'name': ' None', 'count': 0, 'meta': ''}, {'name': ' None', 'count': 0, 'meta': ''}, {'name': ' None', 'count': 0, 'meta': ''}, {'name': ' None', 'count': 0, 'meta': ''}, {'name': ' None', 'count': 0, 'meta': ''}, {'name': ' None', 'count': 0, 'meta': ''}, {'name': ' None', 'count': 0, 'meta': ''}, {'name': ' None', 'count': 0, 'meta': ''}, {'name': ' None', 'count': 0, 'meta': ''}, {'name': ' None', 'count': 0, 'meta': ''}, {'name': ' None', 'count': 0, 'meta': ''}, {'name': ' None', 'count': 0, 'meta': ''}, {'name': ' None', 'count': 0, 'meta': ''}, {'name': ' None', 'count': 0, 'meta': ''}, {'name': ' None', 'count': 0, 'meta': ''}, {'name': ' None', 'count': 0, 'meta': ''}]","Armor Slot 0: None, Count: 0; Armor Slot 1: None, Count: 0; Armor Slot 2: None, Count: 0; Armor Slot 3: None, Count: 0; ","Offhand: None, Count: 0; ",[],20.0,20.0,"[-0.9661810176617335, -0.17192917570517283, -0.19218376531714831]",south,0,0 minecraft:air,False,Player is not currently riding anything,0.0784000015258789
26.0,14:42:56.493453200,2025-07-30,literal{MF},"(-6.894311325480696, 69.0, 36.555416407642895)",20.0,"[{'name': ' None', 'count': 0, 'meta': ''}, {'name': ' None', 'count': 0, 'meta': ''}, {'name': ' None', 'count': 0, 'meta': ''}, {'name': ' None', 'count': 0, 'meta': ''}, {'name': ' None', 'count': 0, 'meta': ''}, {'name': ' None', 'count': 0, 'meta': ''}, {'name': ' None', 'count': 0, 'meta': ''}, {'name': ' None', 'count': 0, 'meta': ''}, {'name': ' None', 'count': 0, 'meta': ''}, {'name': ' None', 'count': 0, 'meta': ''}, {'name': ' None', 'count': 0, 'meta': ''}, {'name': ' None', 'count': 0, 'meta': ''}, {'name': ' None', 'count': 0, 'meta': ''}, {'name': ' None', 'count': 0, 'meta': ''}, {'name': ' None', 'count': 0, 'meta': ''}, {'name': ' None', 'count': 0, 'meta': ''}, {'name': ' None', 'count': 0, 'meta': ''}, {'name': ' None', 'count': 0, 'meta': ''}, {'name': ' None', 'count': 0, 'meta': ''}, {'name': ' None', 'count': 0, 'meta': ''}, {'name': ' None', 'count': 0, 'meta': ''}, {'name': ' None', 'count': 0, 'meta': ''}, {'name': ' None', 'count': 0, 'meta': ''}, {'name': ' None', 'count': 0, 'meta': ''}, {'name': ' None', 'count': 0, 'meta': ''}, {'name': ' None', 'count': 0, 'meta': ''}, {'name': ' None', 'count': 0, 'meta': ''}, {'name': ' None', 'count': 0, 'meta': ''}, {'name': ' None', 'count': 0, 'meta': ''}, {'name': ' None', 'count': 0, 'meta': ''}, {'name': ' None', 'count': 0, 'meta': ''}, {'name': ' None', 'count': 0, 'meta': ''}, {'name': ' None', 'count': 0, 'meta': ''}, {'name': ' None', 'count': 0, 'meta': ''}, {'name': ' None', 'count': 0, 'meta': ''}, {'name': ' None', 'count': 0, 'meta': ''}]","Armor Slot 0: None, Count: 0; Armor Slot 1: None, Count: 0; Armor Slot 2: None, Count: 0; Armor Slot 3: None, Count: 0; ","Offhand: None, Count: 0; ",[],20.0,20.0,"[-0.9661810176617335, -0.17192917570517283, -0.19218376531714831]",south,0,0 minecraft:air,False,Player is not currently riding anything,0.0784000015258789
26.0,14:42:56.558156100,2025-07-30,literal{MF},"(-6.894311325480696, 69.0, 36.555416407642895)",20.0,"[{'name': ' None', 'count': 0, 'meta': ''}, {'name': ' None', 'count': 0, 'meta': ''}, {'name': ' None', 'count': 0, 'meta': ''}, {'name': ' None', 'count': 0, 'meta': ''}, {'name': ' None', 'count': 0, 'meta': ''}, {'name': ' None', 'count': 0, 'meta': ''}, {'name': ' None', 'count': 0, 'meta': ''}, {'name': ' None', 'count': 0, 'meta': ''}, {'name': ' None', 'count': 0, 'meta': ''}, {'name': ' None', 'count': 0, 'meta': ''}, {'name': ' None', 'count': 0, 'meta': ''}, {'name': ' None', 'count': 0, 'meta': ''}, {'name': ' None', 'count': 0, 'meta': ''}, {'name': ' None', 'count': 0, 'meta': ''}, {'name': ' None', 'count': 0, 'meta': ''}, {'name': ' None', 'count': 0, 'meta': ''}, {'name': ' None', 'count': 0, 'meta': ''}, {'name': ' None', 'count': 0, 'meta': ''}, {'name': ' None', 'count': 0, 'meta': ''}, {'name': ' None', 'count': 0, 'meta': ''}, {'name': ' None', 'count': 0, 'meta': ''}, {'name': ' None', 'count': 0, 'meta': ''}, {'name': ' None', 'count': 0, 'meta': ''}, {'name': ' None', 'count': 0, 'meta': ''}, {'name': ' None', 'count': 0, 'meta': ''}, {'name': ' None', 'count': 0, 'meta': ''}, {'name': ' None', 'count': 0, 'meta': ''}, {'name': ' None', 'count': 0, 'meta': ''}, {'name': ' None', 'count': 0, 'meta': ''}, {'name': ' None', 'count': 0, 'meta': ''}, {'name': ' None', 'count': 0, 'meta': ''}, {'name': ' None', 'count': 0, 'meta': ''}, {'name': ' None', 'count': 0, 'meta': ''}, {'name': ' None', 'count': 0, 'meta': ''}, {'name': ' None', 'count': 0, 'meta': ''}, {'name': ' None', 'count': 0, 'meta': ''}]","Armor Slot 0: None, Count: 0; Armor Slot 1: None, Count: 0; Armor Slot 2: None, Count: 0; Armor Slot 3: None, Count: 0; ","Offhand: None, Count: 0; ",[],20.0,20.0,"[-0.9666191659432419, -0.16934958587072868, -0.1922709177088516]",south,0,0 minecraft:air,False,Player is not currently riding anything,0.0784000015258789
26.0,14:42:56.598628600,2025-07-30,literal{MF},"(-6.894311325480696, 69.0, 36.555416407642895)",20.0,"[{'name': ' None', 'count': 0, 'meta': ''}, {'name': ' None', 'count': 0, 'meta': ''}, {'name': ' None', 'count': 0, 'meta': ''}, {'name': ' None', 'count': 0, 'meta': ''}, {'name': ' None', 'count': 0, 'meta': ''}, {'name': ' None', 'count': 0, 'meta': ''}, {'name': ' None', 'count': 0, 'meta': ''}, {'name': ' None', 'count': 0, 'meta': ''}, {'name': ' None', 'count': 0, 'meta': ''}, {'name': ' None', 'count': 0, 'meta': ''}, {'name': ' None', 'count': 0, 'meta': ''}, {'name': ' None', 'count': 0, 'meta': ''}, {'name': ' None', 'count': 0, 'meta': ''}, {'name': ' None', 'count': 0, 'meta': ''}, {'name': ' None', 'count': 0, 'meta': ''}, {'name': ' None', 'count': 0, 'meta': ''}, {'name': ' None', 'count': 0, 'meta': ''}, {'name': ' None', 'count': 0, 'meta': ''}, {'name': ' None', 'count': 0, 'meta': ''}, {'name': ' None', 'count': 0, 'meta': ''}, {'name': ' None', 'count': 0, 'meta': ''}, {'name': ' None', 'count': 0, 'meta': ''}, {'name': ' None', 'count': 0, 'meta': ''}, {'name': ' None', 'count': 0, 'meta': ''}, {'name': ' None', 'count': 0, 'meta': ''}, {'name': ' None', 'count': 0, 'meta': ''}, {'name': ' None', 'count': 0, 'meta': ''}, {'name': ' None', 'count': 0, 'meta': ''}, {'name': ' None', 'count': 0, 'meta': ''}, {'name': ' None', 'count': 0, 'meta': ''}, {'name': ' None', 'count': 0, 'meta': ''}, {'name': ' None', 'count': 0, 'meta': ''}, {'name': ' None', 'count': 0, 'meta': ''}, {'name': ' None', 'count': 0, 'meta': ''}, {'name': ' None', 'count': 0, 'meta': ''}, {'name': ' None', 'count': 0, 'meta': ''}]","Armor Slot 0: None, Count: 0; Armor Slot 1: None, Count: 0; Armor Slot 2: None, Count: 0; Armor Slot 3: None, Count: 0; ","Offhand: None, Count: 0; ",[],20.0,20.0,"[-0.9666191659432419, -0.16934958587072868, -0.1922709177088516]",south,0,0 minecraft:air,False,Player is not currently riding anything,0.0784000015258789
26.0,14:42:56.652743100,2025-07-30,literal{MF},"(-6.894311325480696, 69.0, 36.555416407642895)",20.0,"[{'name': ' None', 'count': 0, 'meta': ''}, {'name': ' None', 'count': 0, 'meta': ''}, {'name': ' None', 'count': 0, 'meta': ''}, {'name': ' None', 'count': 0, 'meta': ''}, {'name': ' None', 'count': 0, 'meta': ''}, {'name': ' None', 'count': 0, 'meta': ''}, {'name': ' None', 'count': 0, 'meta': ''}, {'name': ' None', 'count': 0, 'meta': ''}, {'name': ' None', 'count': 0, 'meta': ''}, {'name': ' None', 'count': 0, 'meta': ''}, {'name': ' None', 'count': 0, 'meta': ''}, {'name': ' None', 'count': 0, 'meta': ''}, {'name': ' None', 'count': 0, 'meta': ''}, {'name': ' None', 'count': 0, 'meta': ''}, {'name': ' None', 'count': 0, 'meta': ''}, {'name': ' None', 'count': 0, 'meta': ''}, {'name': ' None', 'count': 0, 'meta': ''}, {'name': ' None', 'count': 0, 'meta': ''}, {'name': ' None', 'count': 0, 'meta': ''}, {'name': ' None', 'count': 0, 'meta': ''}, {'name': ' None', 'count': 0, 'meta': ''}, {'name': ' None', 'count': 0, 'meta': ''}, {'name': ' None', 'count': 0, 'meta': ''}, {'name': ' None', 'count': 0, 'meta': ''}, {'name': ' None', 'count': 0, 'meta': ''}, {'name': ' None', 'count': 0, 'meta': ''}, {'name': ' None', 'count': 0, 'meta': ''}, {'name': ' None', 'count': 0, 'meta': ''}, {'name': ' None', 'count': 0, 'meta': ''}, {'name': ' None', 'count': 0, 'meta': ''}, {'name': ' None', 'count': 0, 'meta': ''}, {'name': ' None', 'count': 0, 'meta': ''}, {'name': ' None', 'count': 0, 'meta': ''}, {'name': ' None', 'count': 0, 'meta': ''}, {'name': ' None', 'count': 0, 'meta': ''}, {'name': ' None', 'count': 0, 'meta': ''}]","Armor Slot 0: None, Count: 0; Armor Slot 1: None, Count: 0; Armor Slot 2: None, Count: 0; Armor Slot 3: None, Count: 0; ","Offhand: None, Count: 0; ",[],20.0,20.0,"[-0.9670506891589157, -0.1667688353390886, -0.19235675230391602]",south,0,0 minecraft:air,False,Player is not currently riding anything,0.0784000015258789
26.0,14:42:56.691624500,2025-07-30,literal{MF},"(-6.894311325480696, 69.0, 36.555416407642895)",20.0,"[{'name': ' None', 'count': 0, 'meta': ''}, {'name': ' None', 'count': 0, 'meta': ''}, {'name': ' None', 'count': 0, 'meta': ''}, {'name': ' None', 'count': 0, 'meta': ''}, {'name': ' None', 'count': 0, 'meta': ''}, {'name': ' None', 'count': 0, 'meta': ''}, {'name': ' None', 'count': 0, 'meta': ''}, {'name': ' None', 'count': 0, 'meta': ''}, {'name': ' None', 'count': 0, 'meta': ''}, {'name': ' None', 'count': 0, 'meta': ''}, {'name': ' None', 'count': 0, 'meta': ''}, {'name': ' None', 'count': 0, 'meta': ''}, {'name': ' None', 'count': 0, 'meta': ''}, {'name': ' None', 'count': 0, 'meta': ''}, {'name': ' None', 'count': 0, 'meta': ''}, {'name': ' None', 'count': 0, 'meta': ''}, {'name': ' None', 'count': 0, 'meta': ''}, {'name': ' None', 'count': 0, 'meta': ''}, {'name': ' None', 'count': 0, 'meta': ''}, {'name': ' None', 'count': 0, 'meta': ''}, {'name': ' None', 'count': 0, 'meta': ''}, {'name': ' None', 'count': 0, 'meta': ''}, {'name': ' None', 'count': 0, 'meta': ''}, {'name': ' None', 'count': 0, 'meta': ''}, {'name': ' None', 'count': 0, 'meta': ''}, {'name': ' None', 'count': 0, 'meta': ''}, {'name': ' None', 'count': 0, 'meta': ''}, {'name': ' None', 'count': 0, 'meta': ''}, {'name': ' None', 'count': 0, 'meta': ''}, {'name': ' None', 'count': 0, 'meta': ''}, {'name': ' None', 'count': 0, 'meta': ''}, {'name': ' None', 'count': 0, 'meta': ''}, {'name': ' None', 'count': 0, 'meta': ''}, {'name': ' None', 'count': 0, 'meta': ''}, {'name': ' None', 'count': 0, 'meta': ''}, {'name': ' None', 'count': 0, 'meta': ''}]","Armor Slot 0: None, Count: 0; Armor Slot 1: None, Count: 0; Armor Slot 2: None, Count: 0; Armor Slot 3: None, Count: 0; ","Offhand: None, Count: 0; ",[],20.0,20.0,"[-0.9695674999079027, -0.1279302321907941, -0.208740793363321]",south,0,0 minecraft:air,False,Player is not currently riding anything,0.0784000015258789
26.0,14:42:56.741641,2025-07-30,literal{MF},"(-6.894311325480696, 69.0, 36.555416407642895)",20.0,"[{'name': ' None', 'count': 0, 'meta': ''}, {'name': ' None', 'count': 0, 'meta': ''}, {'name': ' None', 'count': 0, 'meta': ''}, {'name': ' None', 'count': 0, 'meta': ''}, {'name': ' None', 'count': 0, 'meta': ''}, {'name': ' None', 'count': 0, 'meta': ''}, {'name': ' None', 'count': 0, 'meta': ''}, {'name': ' None', 'count': 0, 'meta': ''}, {'name': ' None', 'count': 0, 'meta': ''}, {'name': ' None', 'count': 0, 'meta': ''}, {'name': ' None', 'count': 0, 'meta': ''}, {'name': ' None', 'count': 0, 'meta': ''}, {'name': ' None', 'count': 0, 'meta': ''}, {'name': ' None', 'count': 0, 'meta': ''}, {'name': ' None', 'count': 0, 'meta': ''}, {'name': ' None', 'count': 0, 'meta': ''}, {'name': ' None', 'count': 0, 'meta': ''}, {'name': ' None', 'count': 0, 'meta': ''}, {'name': ' None', 'count': 0, 'meta': ''}, {'name': ' None', 'count': 0, 'meta': ''}, {'name': ' None', 'count': 0, 'meta': ''}, {'name': ' None', 'count': 0, 'meta': ''}, {'name': ' None', 'count': 0, 'meta': ''}, {'name': ' None', 'count': 0, 'meta': ''}, {'name': ' None', 'count': 0, 'meta': ''}, {'name': ' None', 'count': 0, 'meta': ''}, {'name': ' None', 'count': 0, 'meta': ''}, {'name': ' None', 'count': 0, 'meta': ''}, {'name': ' None', 'count': 0, 'meta': ''}, {'name': ' None', 'count': 0, 'meta': ''}, {'name': ' None', 'count': 0, 'meta': ''}, {'name': ' None', 'count': 0, 'meta': ''}, {'name': ' None', 'count': 0, 'meta': ''}, {'name': ' None', 'count': 0, 'meta': ''}, {'name': ' None', 'count': 0, 'meta': ''}, {'name': ' None', 'count': 0, 'meta': ''}]","Armor Slot 0: None, Count: 0; Armor Slot 1: None, Count: 0; Armor Slot 2: None, Count: 0; Armor Slot 3: None, Count: 0; ","Offhand: None, Count: 0; ",[],20.0,20.0,"[-0.9703005383615826, -0.10713183043910522, -0.21688622861304485]",south,0,0 minecraft:air,False,Player is not currently riding anything,0.0784000015258789
26.0,14:42:56.789346700,2025-07-30,literal{MF},"(-6.894311325480696, 69.0, 36.555416407642895)",20.0,"[{'name': ' None', 'count': 0, 'meta': ''}, {'name': ' None', 'count': 0, 'meta': ''}, {'name': ' None', 'count': 0, 'meta': ''}, {'name': ' None', 'count': 0, 'meta': ''}, {'name': ' None', 'count': 0, 'meta': ''}, {'name': ' None', 'count': 0, 'meta': ''}, {'name': ' None', 'count': 0, 'meta': ''}, {'name': ' None', 'count': 0, 'meta': ''}, {'name': ' None', 'count': 0, 'meta': ''}, {'name': ' None', 'count': 0, 'meta': ''}, {'name': ' None', 'count': 0, 'meta': ''}, {'name': ' None', 'count': 0, 'meta': ''}, {'name': ' None', 'count': 0, 'meta': ''}, {'name': ' None', 'count': 0, 'meta': ''}, {'name': ' None', 'count': 0, 'meta': ''}, {'name': ' None', 'count': 0, 'meta': ''}, {'name': ' None', 'count': 0, 'meta': ''}, {'name': ' None', 'count': 0, 'meta': ''}, {'name': ' None', 'count': 0, 'meta': ''}, {'name': ' None', 'count': 0, 'meta': ''}, {'name': ' None', 'count': 0, 'meta': ''}, {'name': ' None', 'count': 0, 'meta': ''}, {'name': ' None', 'count': 0, 'meta': ''}, {'name': ' None', 'count': 0, 'meta': ''}, {'name': ' None', 'count': 0, 'meta': ''}, {'name': ' None', 'count': 0, 'meta': ''}, {'name': ' None', 'count': 0, 'meta': ''}, {'name': ' None', 'count': 0, 'meta': ''}, {'name': ' None', 'count': 0, 'meta': ''}, {'name': ' None', 'count': 0, 'meta': ''}, {'name': ' None', 'count': 0, 'meta': ''}, {'name': ' None', 'count': 0, 'meta': ''}, {'name': ' None', 'count': 0, 'meta': ''}, {'name': ' None', 'count': 0, 'meta': ''}, {'name': ' None', 'count': 0, 'meta': ''}, {'name': ' None', 'count': 0, 'meta': ''}]","Armor Slot 0: None, Count: 0; Armor Slot 1: None, Count: 0; Armor Slot 2: None, Count: 0; Armor Slot 3: None, Count: 0; ","Offhand: None, Count: 0; ",[],20.0,20.0,"[-0.9624647842940458, -0.07584897108524756, -0.26059254129603393]",south,0,0 minecraft:air,False,Player is not currently riding anything,0.0784000015258789
26.0,14:42:56.846263800,2025-07-30,literal{MF},"(-6.894311325480696, 69.0, 36.555416407642895)",20.0,"[{'name': ' None', 'count': 0, 'meta': ''}, {'name': ' None', 'count': 0, 'meta': ''}, {'name': ' None', 'count': 0, 'meta': ''}, {'name': ' None', 'count': 0, 'meta': ''}, {'name': ' None', 'count': 0, 'meta': ''}, {'name': ' None', 'count': 0, 'meta': ''}, {'name': ' None', 'count': 0, 'meta': ''}, {'name': ' None', 'count': 0, 'meta': ''}, {'name': ' None', 'count': 0, 'meta': ''}, {'name': ' None', 'count': 0, 'meta': ''}, {'name': ' None', 'count': 0, 'meta': ''}, {'name': ' None', 'count': 0, 'meta': ''}, {'name': ' None', 'count': 0, 'meta': ''}, {'name': ' None', 'count': 0, 'meta': ''}, {'name': ' None', 'count': 0, 'meta': ''}, {'name': ' None', 'count': 0, 'meta': ''}, {'name': ' None', 'count': 0, 'meta': ''}, {'name': ' None', 'count': 0, 'meta': ''}, {'name': ' None', 'count': 0, 'meta': ''}, {'name': ' None', 'count': 0, 'meta': ''}, {'name': ' None', 'count': 0, 'meta': ''}, {'name': ' None', 'count': 0, 'meta': ''}, {'name': ' None', 'count': 0, 'meta': ''}, {'name': ' None', 'count': 0, 'meta': ''}, {'name': ' None', 'count': 0, 'meta': ''}, {'name': ' None', 'count': 0, 'meta': ''}, {'name': ' None', 'count': 0, 'meta': ''}, {'name': ' None', 'count': 0, 'meta': ''}, {'name': ' None', 'count': 0, 'meta': ''}, {'name': ' None', 'count': 0, 'meta': ''}, {'name': ' None', 'count': 0, 'meta': ''}, {'name': ' None', 'count': 0, 'meta': ''}, {'name': ' None', 'count': 0, 'meta': ''}, {'name': ' None', 'count': 0, 'meta': ''}, {'name': ' None', 'count': 0, 'meta': ''}, {'name': ' None', 'count': 0, 'meta': ''}]","Armor Slot 0: None, Count: 0; Armor Slot 1: None, Count: 0; Armor Slot 2: None, Count: 0; Armor Slot 3: None, Count: 0; ","Offhand: None, Count: 0; ",[],20.0,20.0,"[-0.9393599777493095, -0.036643769419116234, -0.3409693041397944]",south,0,0 minecraft:air,False,Player is not currently riding anything,0.0784000015258789
26.0,14:42:56.890093100,2025-07-30,literal{MF},"(-6.894311325480696, 69.0, 36.555416407642895)",20.0,"[{'name': ' None', 'count': 0, 'meta': ''}, {'name': ' None', 'count': 0, 'meta': ''}, {'name': ' None', 'count': 0, 'meta': ''}, {'name': ' None', 'count': 0, 'meta': ''}, {'name': ' None', 'count': 0, 'meta': ''}, {'name': ' None', 'count': 0, 'meta': ''}, {'name': ' None', 'count': 0, 'meta': ''}, {'name': ' None', 'count': 0, 'meta': ''}, {'name': ' None', 'count': 0, 'meta': ''}, {'name': ' None', 'count': 0, 'meta': ''}, {'name': ' None', 'count': 0, 'meta': ''}, {'name': ' None', 'count': 0, 'meta': ''}, {'name': ' None', 'count': 0, 'meta': ''}, {'name': ' None', 'count': 0, 'meta': ''}, {'name': ' None', 'count': 0, 'meta': ''}, {'name': ' None', 'count': 0, 'meta': ''}, {'name': ' None', 'count': 0, 'meta': ''}, {'name': ' None', 'count': 0, 'meta': ''}, {'name': ' None', 'count': 0, 'meta': ''}, {'name': ' None', 'count': 0, 'meta': ''}, {'name': ' None', 'count': 0, 'meta': ''}, {'name': ' None', 'count': 0, 'meta': ''}, {'name': ' None', 'count': 0, 'meta': ''}, {'name': ' None', 'count': 0, 'meta': ''}, {'name': ' None', 'count': 0, 'meta': ''}, {'name': ' None', 'count': 0, 'meta': ''}, {'name': ' None', 'count': 0, 'meta': ''}, {'name': ' None', 'count': 0, 'meta': ''}, {'name': ' None', 'count': 0, 'meta': ''}, {'name': ' None', 'count': 0, 'meta': ''}, {'name': ' None', 'count': 0, 'meta': ''}, {'name': ' None', 'count': 0, 'meta': ''}, {'name': ' None', 'count': 0, 'meta': ''}, {'name': ' None', 'count': 0, 'meta': ''}, {'name': ' None', 'count': 0, 'meta': ''}, {'name': ' None', 'count': 0, 'meta': ''}]","Armor Slot 0: None, Count: 0; Armor Slot 1: None, Count: 0; Armor Slot 2: None, Count: 0; Armor Slot 3: None, Count: 0; ","Offhand: None, Count: 0; ",[],20.0,20.0,"[-0.8787907706801505, 0.007853845546601852, -0.47714263955081326]",south,0,0 minecraft:air,False,Player is not currently riding anything,0.0784000015258789
93.0,14:42:56.938107100,2025-07-30,literal{MF},"(-6.894311325480696, 69.0, 36.555416407642895)",20.0,"[{'name': ' None', 'count': 0, 'meta': ''}, {'name': ' None', 'count': 0, 'meta': ''}, {'name': ' None', 'count': 0, 'meta': ''}, {'name': ' None', 'count': 0, 'meta': ''}, {'name': ' None', 'count': 0, 'meta': ''}, {'name': ' None', 'count': 0, 'meta': ''}, {'name': ' None', 'count': 0, 'meta': ''}, {'name': ' None', 'count': 0, 'meta': ''}, {'name': ' None', 'count': 0, 'meta': ''}, {'name': ' None', 'count': 0, 'meta': ''}, {'name': ' None', 'count': 0, 'meta': ''}, {'name': ' None', 'count': 0, 'meta': ''}, {'name': ' None', 'count': 0, 'meta': ''}, {'name': ' None', 'count': 0, 'meta': ''}, {'name': ' None', 'count': 0, 'meta': ''}, {'name': ' None', 'count': 0, 'meta': ''}, {'name': ' None', 'count': 0, 'meta': ''}, {'name': ' None', 'count': 0, 'meta': ''}, {'name': ' None', 'count': 0, 'meta': ''}, {'name': ' None', 'count': 0, 'meta': ''}, {'name': ' None', 'count': 0, 'meta': ''}, {'name': ' None', 'count': 0, 'meta': ''}, {'name': ' None', 'count': 0, 'meta': ''}, {'name': ' None', 'count': 0, 'meta': ''}, {'name': ' None', 'count': 0, 'meta': ''}, {'name': ' None', 'count': 0, 'meta': ''}, {'name': ' None', 'count': 0, 'meta': ''}, {'name': ' None', 'count': 0, 'meta': ''}, {'name': ' None', 'count': 0, 'meta': ''}, {'name': ' None', 'count': 0, 'meta': ''}, {'name': ' None', 'count': 0, 'meta': ''}, {'name': ' None', 'count': 0, 'meta': ''}, {'name': ' None', 'count': 0, 'meta': ''}, {'name': ' None', 'count': 0, 'meta': ''}, {'name': ' None', 'count': 0, 'meta': ''}, {'name': ' None', 'count': 0, 'meta': ''}]","Armor Slot 0: None, Count: 0; Armor Slot 1: None, Count: 0; Armor Slot 2: None, Count: 0; Armor Slot 3: None, Count: 0; ","Offhand: None, Count: 0; ",[],20.0,20.0,"[-0.8412232741233882, 0.02617689631083227, -0.540053861362604]",south,0,0 minecraft:air,False,Player is not currently riding anything,0.0784000015258789
93.0,14:42:56.999858500,2025-07-30,literal{MF},"(-6.894311325480696, 69.0, 36.555416407642895)",20.0,"[{'name': ' None', 'count': 0, 'meta': ''}, {'name': ' None', 'count': 0, 'meta': ''}, {'name': ' None', 'count': 0, 'meta': ''}, {'name': ' None', 'count': 0, 'meta': ''}, {'name': ' None', 'count': 0, 'meta': ''}, {'name': ' None', 'count': 0, 'meta': ''}, {'name': ' None', 'count': 0, 'meta': ''}, {'name': ' None', 'count': 0, 'meta': ''}, {'name': ' None', 'count': 0, 'meta': ''}, {'name': ' None', 'count': 0, 'meta': ''}, {'name': ' None', 'count': 0, 'meta': ''}, {'name': ' None', 'count': 0, 'meta': ''}, {'name': ' None', 'count': 0, 'meta': ''}, {'name': ' None', 'count': 0, 'meta': ''}, {'name': ' None', 'count': 0, 'meta': ''}, {'name': ' None', 'count': 0, 'meta': ''}, {'name': ' None', 'count': 0, 'meta': ''}, {'name': ' None', 'count': 0, 'meta': ''}, {'name': ' None', 'count': 0, 'meta': ''}, {'name': ' None', 'count': 0, 'meta': ''}, {'name': ' None', 'count': 0, 'meta': ''}, {'name': ' None', 'count': 0, 'meta': ''}, {'name': ' None', 'count': 0, 'meta': ''}, {'name': ' None', 'count': 0, 'meta': ''}, {'name': ' None', 'count': 0, 'meta': ''}, {'name': ' None', 'count': 0, 'meta': ''}, {'name': ' None', 'count': 0, 'meta': ''}, {'name': ' None', 'count': 0, 'meta': ''}, {'name': ' None', 'count': 0, 'meta': ''}, {'name': ' None', 'count': 0, 'meta': ''}, {'name': ' None', 'count': 0, 'meta': ''}, {'name': ' None', 'count': 0, 'meta': ''}, {'name': ' None', 'count': 0, 'meta': ''}, {'name': ' None', 'count': 0, 'meta': ''}, {'name': ' None', 'count': 0, 'meta': ''}, {'name': ' None', 'count': 0, 'meta': ''}]","Armor Slot 0: None, Count: 0; Armor Slot 1: None, Count: 0; Armor Slot 2: None, Count: 0; Armor Slot 3: None, Count: 0; ","Offhand: None, Count: 0; ",[],20.0,20.0,"[-0.8251996663829804, 0.031410706257102225, -0.5639670895840004]",south,0,0 minecraft:air,False,Player is not currently riding anything,0.0784000015258789
93.0,14:42:57.040047800,2025-07-30,literal{MF},"(-6.894311325480696, 69.0, 36.555416407642895)",20.0,"[{'name': ' None', 'count': 0, 'meta': ''}, {'name': ' None', 'count': 0, 'meta': ''}, {'name': ' None', 'count': 0, 'meta': ''}, {'name': ' None', 'count': 0, 'meta': ''}, {'name': ' None', 'count': 0, 'meta': ''}, {'name': ' None', 'count': 0, 'meta': ''}, {'name': ' None', 'count': 0, 'meta': ''}, {'name': ' None', 'count': 0, 'meta': ''}, {'name': ' None', 'count': 0, 'meta': ''}, {'name': ' None', 'count': 0, 'meta': ''}, {'name': ' None', 'count': 0, 'meta': ''}, {'name': ' None', 'count': 0, 'meta': ''}, {'name': ' None', 'count': 0, 'meta': ''}, {'name': ' None', 'count': 0, 'meta': ''}, {'name': ' None', 'count': 0, 'meta': ''}, {'name': ' None', 'count': 0, 'meta': ''}, {'name': ' None', 'count': 0, 'meta': ''}, {'name': ' None', 'count': 0, 'meta': ''}, {'name': ' None', 'count': 0, 'meta': ''}, {'name': ' None', 'count': 0, 'meta': ''}, {'name': ' None', 'count': 0, 'meta': ''}, {'name': ' None', 'count': 0, 'meta': ''}, {'name': ' None', 'count': 0, 'meta': ''}, {'name': ' None', 'count': 0, 'meta': ''}, {'name': ' None', 'count': 0, 'meta': ''}, {'name': ' None', 'count': 0, 'meta': ''}, {'name': ' None', 'count': 0, 'meta': ''}, {'name': ' None', 'count': 0, 'meta': ''}, {'name': ' None', 'count': 0, 'meta': ''}, {'name': ' None', 'count': 0, 'meta': ''}, {'name': ' None', 'count': 0, 'meta': ''}, {'name': ' None', 'count': 0, 'meta': ''}, {'name': ' None', 'count': 0, 'meta': ''}, {'name': ' None', 'count': 0, 'meta': ''}, {'name': ' None', 'count': 0, 'meta': ''}, {'name': ' None', 'count': 0, 'meta': ''}]","Armor Slot 0: None, Count: 0; Armor Slot 1: None, Count: 0; Armor Slot 2: None, Count: 0; Armor Slot 3: None, Count: 0; ","Offhand: None, Count: 0; ",[],20.0,20.0,"[-0.8251996663829804, 0.031410706257102225, -0.5639670895840004]",south,0,0 minecraft:air,False,Player is not currently riding anything,0.0784000015258789
93.0,14:42:57.113736400,2025-07-30,literal{MF},"(-6.894311325480696, 69.0, 36.555416407642895)",20.0,"[{'name': ' None', 'count': 0, 'meta': ''}, {'name': ' None', 'count': 0, 'meta': ''}, {'name': ' None', 'count': 0, 'meta': ''}, {'name': ' None', 'count': 0, 'meta': ''}, {'name': ' None', 'count': 0, 'meta': ''}, {'name': ' None', 'count': 0, 'meta': ''}, {'name': ' None', 'count': 0, 'meta': ''}, {'name': ' None', 'count': 0, 'meta': ''}, {'name': ' None', 'count': 0, 'meta': ''}, {'name': ' None', 'count': 0, 'meta': ''}, {'name': ' None', 'count': 0, 'meta': ''}, {'name': ' None', 'count': 0, 'meta': ''}, {'name': ' None', 'count': 0, 'meta': ''}, {'name': ' None', 'count': 0, 'meta': ''}, {'name': ' None', 'count': 0, 'meta': ''}, {'name': ' None', 'count': 0, 'meta': ''}, {'name': ' None', 'count': 0, 'meta': ''}, {'name': ' None', 'count': 0, 'meta': ''}, {'name': ' None', 'count': 0, 'meta': ''}, {'name': ' None', 'count': 0, 'meta': ''}, {'name': ' None', 'count': 0, 'meta': ''}, {'name': ' None', 'count': 0, 'meta': ''}, {'name': ' None', 'count': 0, 'meta': ''}, {'name': ' None', 'count': 0, 'meta': ''}, {'name': ' None', 'count': 0, 'meta': ''}, {'name': ' None', 'count': 0, 'meta': ''}, {'name': ' None', 'count': 0, 'meta': ''}, {'name': ' None', 'count': 0, 'meta': ''}, {'name': ' None', 'count': 0, 'meta': ''}, {'name': ' None', 'count': 0, 'meta': ''}, {'name': ' None', 'count': 0, 'meta': ''}, {'name': ' None', 'count': 0, 'meta': ''}, {'name': ' None', 'count': 0, 'meta': ''}, {'name': ' None', 'count': 0, 'meta': ''}, {'name': ' None', 'count': 0, 'meta': ''}, {'name': ' None', 'count': 0, 'meta': ''}]","Armor Slot 0: None, Count: 0; Armor Slot 1: None, Count: 0; Armor Slot 2: None, Count: 0; Armor Slot 3: None, Count: 0; ","Offhand: None, Count: 0; ",[],20.0,20.0,"[-0.8251996663829804, 0.031410706257102225, -0.5639670895840004]",south,0,0 minecraft:air,False,Player is not currently riding anything,0.0784000015258789
93.0,14:42:57.162933400,2025-07-30,literal{MF},"(-6.894311325480696, 69.0, 36.555416407642895)",20.0,"[{'name': ' None', 'count': 0, 'meta': ''}, {'name': ' None', 'count': 0, 'meta': ''}, {'name': ' None', 'count': 0, 'meta': ''}, {'name': ' None', 'count': 0, 'meta': ''}, {'name': ' None', 'count': 0, 'meta': ''}, {'name': ' None', 'count': 0, 'meta': ''}, {'name': ' None', 'count': 0, 'meta': ''}, {'name': ' None', 'count': 0, 'meta': ''}, {'name': ' None', 'count': 0, 'meta': ''}, {'name': ' None', 'count': 0, 'meta': ''}, {'name': ' None', 'count': 0, 'meta': ''}, {'name': ' None', 'count': 0, 'meta': ''}, {'name': ' None', 'count': 0, 'meta': ''}, {'name': ' None', 'count': 0, 'meta': ''}, {'name': ' None', 'count': 0, 'meta': ''}, {'name': ' None', 'count': 0, 'meta': ''}, {'name': ' None', 'count': 0, 'meta': ''}, {'name': ' None', 'count': 0, 'meta': ''}, {'name': ' None', 'count': 0, 'meta': ''}, {'name': ' None', 'count': 0, 'meta': ''}, {'name': ' None', 'count': 0, 'meta': ''}, {'name': ' None', 'count': 0, 'meta': ''}, {'name': ' None', 'count': 0, 'meta': ''}, {'name': ' None', 'count': 0, 'meta': ''}, {'name': ' None', 'count': 0, 'meta': ''}, {'name': ' None', 'count': 0, 'meta': ''}, {'name': ' None', 'count': 0, 'meta': ''}, {'name': ' None', 'count': 0, 'meta': ''}, {'name': ' None', 'count': 0, 'meta': ''}, {'name': ' None', 'count': 0, 'meta': ''}, {'name': ' None', 'count': 0, 'meta': ''}, {'name': ' None', 'count': 0, 'meta': ''}, {'name': ' None', 'count': 0, 'meta': ''}, {'name': ' None', 'count': 0, 'meta': ''}, {'name': ' None', 'count': 0, 'meta': ''}, {'name': ' None', 'count': 0, 'meta': ''}]","Armor Slot 0: None, Count: 0; Armor Slot 1: None, Count: 0; Armor Slot 2: None, Count: 0; Armor Slot 3: None, Count: 0; ","Offhand: None, Count: 0; ",[],20.0,20.0,"[-0.8251996663829804, 0.031410706257102225, -0.5639670895840004]",south,0,0 minecraft:air,False,Player is not currently riding anything,0.0784000015258789
93.0,14:42:57.193827200,2025-07-30,literal{MF},"(-6.894311325480696, 69.0, 36.555416407642895)",20.0,"[{'name': ' None', 'count': 0, 'meta': ''}, {'name': ' None', 'count': 0, 'meta': ''}, {'name': ' None', 'count': 0, 'meta': ''}, {'name': ' None', 'count': 0, 'meta': ''}, {'name': ' None', 'count': 0, 'meta': ''}, {'name': ' None', 'count': 0, 'meta': ''}, {'name': ' None', 'count': 0, 'meta': ''}, {'name': ' None', 'count': 0, 'meta': ''}, {'name': ' None', 'count': 0, 'meta': ''}, {'name': ' None', 'count': 0, 'meta': ''}, {'name': ' None', 'count': 0, 'meta': ''}, {'name': ' None', 'count': 0, 'meta': ''}, {'name': ' None', 'count': 0, 'meta': ''}, {'name': ' None', 'count': 0, 'meta': ''}, {'name': ' None', 'count': 0, 'meta': ''}, {'name': ' None', 'count': 0, 'meta': ''}, {'name': ' None', 'count': 0, 'meta': ''}, {'name': ' None', 'count': 0, 'meta': ''}, {'name': ' None', 'count': 0, 'meta': ''}, {'name': ' None', 'count': 0, 'meta': ''}, {'name': ' None', 'count': 0, 'meta': ''}, {'name': ' None', 'count': 0, 'meta': ''}, {'name': ' None', 'count': 0, 'meta': ''}, {'name': ' None', 'count': 0, 'meta': ''}, {'name': ' None', 'count': 0, 'meta': ''}, {'name': ' None', 'count': 0, 'meta': ''}, {'name': ' None', 'count': 0, 'meta': ''}, {'name': ' None', 'count': 0, 'meta': ''}, {'name': ' None', 'count': 0, 'meta': ''}, {'name': ' None', 'count': 0, 'meta': ''}, {'name': ' None', 'count': 0, 'meta': ''}, {'name': ' None', 'count': 0, 'meta': ''}, {'name': ' None', 'count': 0, 'meta': ''}, {'name': ' None', 'count': 0, 'meta': ''}, {'name': ' None', 'count': 0, 'meta': ''}, {'name': ' None', 'count': 0, 'meta': ''}]","Armor Slot 0: None, Count: 0; Armor Slot 1: None, Count: 0; Armor Slot 2: None, Count: 0; Armor Slot 3: None, Count: 0; ","Offhand: None, Count: 0; ",[],20.0,20.0,"[-0.8251996663829804, 0.031410706257102225, -0.5639670895840004]",south,0,0 minecraft:air,False,Player is not currently riding anything,0.0784000015258789
93.0,14:42:57.245179500,2025-07-30,literal{MF},"(-6.894311325480696, 69.0, 36.555416407642895)",20.0,"[{'name': ' None', 'count': 0, 'meta': ''}, {'name': ' None', 'count': 0, 'meta': ''}, {'name': ' None', 'count': 0, 'meta': ''}, {'name': ' None', 'count': 0, 'meta': ''}, {'name': ' None', 'count': 0, 'meta': ''}, {'name': ' None', 'count': 0, 'meta': ''}, {'name': ' None', 'count': 0, 'meta': ''}, {'name': ' None', 'count': 0, 'meta': ''}, {'name': ' None', 'count': 0, 'meta': ''}, {'name': ' None', 'count': 0, 'meta': ''}, {'name': ' None', 'count': 0, 'meta': ''}, {'name': ' None', 'count': 0, 'meta': ''}, {'name': ' None', 'count': 0, 'meta': ''}, {'name': ' None', 'count': 0, 'meta': ''}, {'name': ' None', 'count': 0, 'meta': ''}, {'name': ' None', 'count': 0, 'meta': ''}, {'name': ' None', 'count': 0, 'meta': ''}, {'name': ' None', 'count': 0, 'meta': ''}, {'name': ' None', 'count': 0, 'meta': ''}, {'name': ' None', 'count': 0, 'meta': ''}, {'name': ' None', 'count': 0, 'meta': ''}, {'name': ' None', 'count': 0, 'meta': ''}, {'name': ' None', 'count': 0, 'meta': ''}, {'name': ' None', 'count': 0, 'meta': ''}, {'name': ' None', 'count': 0, 'meta': ''}, {'name': ' None', 'count': 0, 'meta': ''}, {'name': ' None', 'count': 0, 'meta': ''}, {'name': ' None', 'count': 0, 'meta': ''}, {'name': ' None', 'count': 0, 'meta': ''}, {'name': ' None', 'count': 0, 'meta': ''}, {'name': ' None', 'count': 0, 'meta': ''}, {'name': ' None', 'count': 0, 'meta': ''}, {'name': ' None', 'count': 0, 'meta': ''}, {'name': ' None', 'count': 0, 'meta': ''}, {'name': ' None', 'count': 0, 'meta': ''}, {'name': ' None', 'count': 0, 'meta': ''}]","Armor Slot 0: None, Count: 0; Armor Slot 1: None, Count: 0; Armor Slot 2: None, Count: 0; Armor Slot 3: None, Count: 0; ","Offhand: None, Count: 0; ",[],20.0,20.0,"[-0.8252647305574908, 0.028793899959019018, -0.5640115564622963]",south,0,0 minecraft:air,False,Player is not currently riding anything,0.0784000015258789
93.0,14:42:57.288255900,2025-07-30,literal{MF},"(-6.894311325480696, 69.0, 36.555416407642895)",20.0,"[{'name': ' None', 'count': 0, 'meta': ''}, {'name': ' None', 'count': 0, 'meta': ''}, {'name': ' None', 'count': 0, 'meta': ''}, {'name': ' None', 'count': 0, 'meta': ''}, {'name': ' None', 'count': 0, 'meta': ''}, {'name': ' None', 'count': 0, 'meta': ''}, {'name': ' None', 'count': 0, 'meta': ''}, {'name': ' None', 'count': 0, 'meta': ''}, {'name': ' None', 'count': 0, 'meta': ''}, {'name': ' None', 'count': 0, 'meta': ''}, {'name': ' None', 'count': 0, 'meta': ''}, {'name': ' None', 'count': 0, 'meta': ''}, {'name': ' None', 'count': 0, 'meta': ''}, {'name': ' None', 'count': 0, 'meta': ''}, {'name': ' None', 'count': 0, 'meta': ''}, {'name': ' None', 'count': 0, 'meta': ''}, {'name': ' None', 'count': 0, 'meta': ''}, {'name': ' None', 'count': 0, 'meta': ''}, {'name': ' None', 'count': 0, 'meta': ''}, {'name': ' None', 'count': 0, 'meta': ''}, {'name': ' None', 'count': 0, 'meta': ''}, {'name': ' None', 'count': 0, 'meta': ''}, {'name': ' None', 'count': 0, 'meta': ''}, {'name': ' None', 'count': 0, 'meta': ''}, {'name': ' None', 'count': 0, 'meta': ''}, {'name': ' None', 'count': 0, 'meta': ''}, {'name': ' None', 'count': 0, 'meta': ''}, {'name': ' None', 'count': 0, 'meta': ''}, {'name': ' None', 'count': 0, 'meta': ''}, {'name': ' None', 'count': 0, 'meta': ''}, {'name': ' None', 'count': 0, 'meta': ''}, {'name': ' None', 'count': 0, 'meta': ''}, {'name': ' None', 'count': 0, 'meta': ''}, {'name': ' None', 'count': 0, 'meta': ''}, {'name': ' None', 'count': 0, 'meta': ''}, {'name': ' None', 'count': 0, 'meta': ''}]","Armor Slot 0: None, Count: 0; Armor Slot 1: None, Count: 0; Armor Slot 2: None, Count: 0; Armor Slot 3: None, Count: 0; ","Offhand: None, Count: 0; ",[],20.0,20.0,"[-0.8342650638957383, 0.01570726384713601, -0.5511398053357025]",south,0,0 minecraft:air,False,Player is not currently riding anything,0.0784000015258789
93.0,14:42:57.343526700,2025-07-30,literal{MF},"(-6.894311325480696, 69.0, 36.555416407642895)",20.0,"[{'name': ' None', 'count': 0, 'meta': ''}, {'name': ' None', 'count': 0, 'meta': ''}, {'name': ' None', 'count': 0, 'meta': ''}, {'name': ' None', 'count': 0, 'meta': ''}, {'name': ' None', 'count': 0, 'meta': ''}, {'name': ' None', 'count': 0, 'meta': ''}, {'name': ' None', 'count': 0, 'meta': ''}, {'name': ' None', 'count': 0, 'meta': ''}, {'name': ' None', 'count': 0, 'meta': ''}, {'name': ' None', 'count': 0, 'meta': ''}, {'name': ' None', 'count': 0, 'meta': ''}, {'name': ' None', 'count': 0, 'meta': ''}, {'name': ' None', 'count': 0, 'meta': ''}, {'name': ' None', 'count': 0, 'meta': ''}, {'name': ' None', 'count': 0, 'meta': ''}, {'name': ' None', 'count': 0, 'meta': ''}, {'name': ' None', 'count': 0, 'meta': ''}, {'name': ' None', 'count': 0, 'meta': ''}, {'name': ' None', 'count': 0, 'meta': ''}, {'name': ' None', 'count': 0, 'meta': ''}, {'name': ' None', 'count': 0, 'meta': ''}, {'name': ' None', 'count': 0, 'meta': ''}, {'name': ' None', 'count': 0, 'meta': ''}, {'name': ' None', 'count': 0, 'meta': ''}, {'name': ' None', 'count': 0, 'meta': ''}, {'name': ' None', 'count': 0, 'meta': ''}, {'name': ' None', 'count': 0, 'meta': ''}, {'name': ' None', 'count': 0, 'meta': ''}, {'name': ' None', 'count': 0, 'meta': ''}, {'name': ' None', 'count': 0, 'meta': ''}, {'name': ' None', 'count': 0, 'meta': ''}, {'name': ' None', 'count': 0, 'meta': ''}, {'name': ' None', 'count': 0, 'meta': ''}, {'name': ' None', 'count': 0, 'meta': ''}, {'name': ' None', 'count': 0, 'meta': ''}, {'name': ' None', 'count': 0, 'meta': ''}]","Armor Slot 0: None, Count: 0; Armor Slot 1: None, Count: 0; Armor Slot 2: None, Count: 0; Armor Slot 3: None, Count: 0; ","Offhand: None, Count: 0; ",[],20.0,20.0,"[-0.855420577922607, -0.07845916210163109, -0.5119568289893819]",south,0,0 minecraft:air,False,Player is not currently riding anything,0.0784000015258789
93.0,14:42:57.403758600,2025-07-30,literal{MF},"(-6.894311325480696, 69.0, 36.555416407642895)",20.0,"[{'name': ' None', 'count': 0, 'meta': ''}, {'name': ' None', 'count': 0, 'meta': ''}, {'name': ' None', 'count': 0, 'meta': ''}, {'name': ' None', 'count': 0, 'meta': ''}, {'name': ' None', 'count': 0, 'meta': ''}, {'name': ' None', 'count': 0, 'meta': ''}, {'name': ' None', 'count': 0, 'meta': ''}, {'name': ' None', 'count': 0, 'meta': ''}, {'name': ' None', 'count': 0, 'meta': ''}, {'name': ' None', 'count': 0, 'meta': ''}, {'name': ' None', 'count': 0, 'meta': ''}, {'name': ' None', 'count': 0, 'meta': ''}, {'name': ' None', 'count': 0, 'meta': ''}, {'name': ' None', 'count': 0, 'meta': ''}, {'name': ' None', 'count': 0, 'meta': ''}, {'name': ' None', 'count': 0, 'meta': ''}, {'name': ' None', 'count': 0, 'meta': ''}, {'name': ' None', 'count': 0, 'meta': ''}, {'name': ' None', 'count': 0, 'meta': ''}, {'name': ' None', 'count': 0, 'meta': ''}, {'name': ' None', 'count': 0, 'meta': ''}, {'name': ' None', 'count': 0, 'meta': ''}, {'name': ' None', 'count': 0, 'meta': ''}, {'name': ' None', 'count': 0, 'meta': ''}, {'name': ' None', 'count': 0, 'meta': ''}, {'name': ' None', 'count': 0, 'meta': ''}, {'name': ' None', 'count': 0, 'meta': ''}, {'name': ' None', 'count': 0, 'meta': ''}, {'name': ' None', 'count': 0, 'meta': ''}, {'name': ' None', 'count': 0, 'meta': ''}, {'name': ' None', 'count': 0, 'meta': ''}, {'name': ' None', 'count': 0, 'meta': ''}, {'name': ' None', 'count': 0, 'meta': ''}, {'name': ' None', 'count': 0, 'meta': ''}, {'name': ' None', 'count': 0, 'meta': ''}, {'name': ' None', 'count': 0, 'meta': ''}]","Armor Slot 0: None, Count: 0; Armor Slot 1: None, Count: 0; Armor Slot 2: None, Count: 0; Armor Slot 3: None, Count: 0; ","Offhand: None, Count: 0; ",[],20.0,20.0,"[-0.8808192885911983, -0.17450758716229106, -0.4401187145174481]",south,0,0 minecraft:air,False,Player is not currently riding anything,0.0784000015258789
93.0,14:42:57.448341600,2025-07-30,literal{MF},"(-6.894311325480696, 69.0, 36.555416407642895)",20.0,"[{'name': ' None', 'count': 0, 'meta': ''}, {'name': ' None', 'count': 0, 'meta': ''}, {'name': ' None', 'count': 0, 'meta': ''}, {'name': ' None', 'count': 0, 'meta': ''}, {'name': ' None', 'count': 0, 'meta': ''}, {'name': ' None', 'count': 0, 'meta': ''}, {'name': ' None', 'count': 0, 'meta': ''}, {'name': ' None', 'count': 0, 'meta': ''}, {'name': ' None', 'count': 0, 'meta': ''}, {'name': ' None', 'count': 0, 'meta': ''}, {'name': ' None', 'count': 0, 'meta': ''}, {'name': ' None', 'count': 0, 'meta': ''}, {'name': ' None', 'count': 0, 'meta': ''}, {'name': ' None', 'count': 0, 'meta': ''}, {'name': ' None', 'count': 0, 'meta': ''}, {'name': ' None', 'count': 0, 'meta': ''}, {'name': ' None', 'count': 0, 'meta': ''}, {'name': ' None', 'count': 0, 'meta': ''}, {'name': ' None', 'count': 0, 'meta': ''}, {'name': ' None', 'count': 0, 'meta': ''}, {'name': ' None', 'count': 0, 'meta': ''}, {'name': ' None', 'count': 0, 'meta': ''}, {'name': ' None', 'count': 0, 'meta': ''}, {'name': ' None', 'count': 0, 'meta': ''}, {'name': ' None', 'count': 0, 'meta': ''}, {'name': ' None', 'count': 0, 'meta': ''}, {'name': ' None', 'count': 0, 'meta': ''}, {'name': ' None', 'count': 0, 'meta': ''}, {'name': ' None', 'count': 0, 'meta': ''}, {'name': ' None', 'count': 0, 'meta': ''}, {'name': ' None', 'count': 0, 'meta': ''}, {'name': ' None', 'count': 0, 'meta': ''}, {'name': ' None', 'count': 0, 'meta': ''}, {'name': ' None', 'count': 0, 'meta': ''}, {'name': ' None', 'count': 0, 'meta': ''}, {'name': ' None', 'count': 0, 'meta': ''}]","Armor Slot 0: None, Count: 0; Armor Slot 1: None, Count: 0; Armor Slot 2: None, Count: 0; Armor Slot 3: None, Count: 0; ","Offhand: None, Count: 0; ",[],20.0,20.0,"[-0.8811379773194841, -0.17966082063845676, -0.4373989648511352]",south,0,0 minecraft:air,False,Player is not currently riding anything,0.0784000015258789
93.0,14:42:57.493427400,2025-07-30,literal{MF},"(-6.894311325480696, 69.0, 36.555416407642895)",20.0,"[{'name': ' None', 'count': 0, 'meta': ''}, {'name': ' None', 'count': 0, 'meta': ''}, {'name': ' None', 'count': 0, 'meta': ''}, {'name': ' None', 'count': 0, 'meta': ''}, {'name': ' None', 'count': 0, 'meta': ''}, {'name': ' None', 'count': 0, 'meta': ''}, {'name': ' None', 'count': 0, 'meta': ''}, {'name': ' None', 'count': 0, 'meta': ''}, {'name': ' None', 'count': 0, 'meta': ''}, {'name': ' None', 'count': 0, 'meta': ''}, {'name': ' None', 'count': 0, 'meta': ''}, {'name': ' None', 'count': 0, 'meta': ''}, {'name': ' None', 'count': 0, 'meta': ''}, {'name': ' None', 'count': 0, 'meta': ''}, {'name': ' None', 'count': 0, 'meta': ''}, {'name': ' None', 'count': 0, 'meta': ''}, {'name': ' None', 'count': 0, 'meta': ''}, {'name': ' None', 'count': 0, 'meta': ''}, {'name': ' None', 'count': 0, 'meta': ''}, {'name': ' None', 'count': 0, 'meta': ''}, {'name': ' None', 'count': 0, 'meta': ''}, {'name': ' None', 'count': 0, 'meta': ''}, {'name': ' None', 'count': 0, 'meta': ''}, {'name': ' None', 'count': 0, 'meta': ''}, {'name': ' None', 'count': 0, 'meta': ''}, {'name': ' None', 'count': 0, 'meta': ''}, {'name': ' None', 'count': 0, 'meta': ''}, {'name': ' None', 'count': 0, 'meta': ''}, {'name': ' None', 'count': 0, 'meta': ''}, {'name': ' None', 'count': 0, 'meta': ''}, {'name': ' None', 'count': 0, 'meta': ''}, {'name': ' None', 'count': 0, 'meta': ''}, {'name': ' None', 'count': 0, 'meta': ''}, {'name': ' None', 'count': 0, 'meta': ''}, {'name': ' None', 'count': 0, 'meta': ''}, {'name': ' None', 'count': 0, 'meta': ''}]","Armor Slot 0: None, Count: 0; Armor Slot 1: None, Count: 0; Armor Slot 2: None, Count: 0; Armor Slot 3: None, Count: 0; ","Offhand: None, Count: 0; ",[],20.0,20.0,"[-0.9036730564244285, -0.17450758716229106, -0.3910525656677462]",south,0,0 minecraft:air,False,Player is not currently riding anything,0.0784000015258789
93.0,14:42:57.551214900,2025-07-30,literal{MF},"(-6.894311325480696, 69.0, 36.555416407642895)",20.0,"[{'name': ' None', 'count': 0, 'meta': ''}, {'name': ' None', 'count': 0, 'meta': ''}, {'name': ' None', 'count': 0, 'meta': ''}, {'name': ' None', 'count': 0, 'meta': ''}, {'name': ' None', 'count': 0, 'meta': ''}, {'name': ' None', 'count': 0, 'meta': ''}, {'name': ' None', 'count': 0, 'meta': ''}, {'name': ' None', 'count': 0, 'meta': ''}, {'name': ' None', 'count': 0, 'meta': ''}, {'name': ' None', 'count': 0, 'meta': ''}, {'name': ' None', 'count': 0, 'meta': ''}, {'name': ' None', 'count': 0, 'meta': ''}, {'name': ' None', 'count': 0, 'meta': ''}, {'name': ' None', 'count': 0, 'meta': ''}, {'name': ' None', 'count': 0, 'meta': ''}, {'name': ' None', 'count': 0, 'meta': ''}, {'name': ' None', 'count': 0, 'meta': ''}, {'name': ' None', 'count': 0, 'meta': ''}, {'name': ' None', 'count': 0, 'meta': ''}, {'name': ' None', 'count': 0, 'meta': ''}, {'name': ' None', 'count': 0, 'meta': ''}, {'name': ' None', 'count': 0, 'meta': ''}, {'name': ' None', 'count': 0, 'meta': ''}, {'name': ' None', 'count': 0, 'meta': ''}, {'name': ' None', 'count': 0, 'meta': ''}, {'name': ' None', 'count': 0, 'meta': ''}, {'name': ' None', 'count': 0, 'meta': ''}, {'name': ' None', 'count': 0, 'meta': ''}, {'name': ' None', 'count': 0, 'meta': ''}, {'name': ' None', 'count': 0, 'meta': ''}, {'name': ' None', 'count': 0, 'meta': ''}, {'name': ' None', 'count': 0, 'meta': ''}, {'name': ' None', 'count': 0, 'meta': ''}, {'name': ' None', 'count': 0, 'meta': ''}, {'name': ' None', 'count': 0, 'meta': ''}, {'name': ' None', 'count': 0, 'meta': ''}]","Armor Slot 0: None, Count: 0; Armor Slot 1: None, Count: 0; Armor Slot 2: None, Count: 0; Armor Slot 3: None, Count: 0; ","Offhand: None, Count: 0; ",[],20.0,20.0,"[-0.9471881540582029, -0.19252203839276905, -0.25645636187255577]",south,0,0 minecraft:air,False,Player is not currently riding anything,0.0784000015258789
93.0,14:42:57.597922800,2025-07-30,literal{MF},"(-6.894311325480696, 69.0, 36.555416407642895)",20.0,"[{'name': ' None', 'count': 0, 'meta': ''}, {'name': ' None', 'count': 0, 'meta': ''}, {'name': ' None', 'count': 0, 'meta': ''}, {'name': ' None', 'count': 0, 'meta': ''}, {'name': ' None', 'count': 0, 'meta': ''}, {'name': ' None', 'count': 0, 'meta': ''}, {'name': ' None', 'count': 0, 'meta': ''}, {'name': ' None', 'count': 0, 'meta': ''}, {'name': ' None', 'count': 0, 'meta': ''}, {'name': ' None', 'count': 0, 'meta': ''}, {'name': ' None', 'count': 0, 'meta': ''}, {'name': ' None', 'count': 0, 'meta': ''}, {'name': ' None', 'count': 0, 'meta': ''}, {'name': ' None', 'count': 0, 'meta': ''}, {'name': ' None', 'count': 0, 'meta': ''}, {'name': ' None', 'count': 0, 'meta': ''}, {'name': ' None', 'count': 0, 'meta': ''}, {'name': ' None', 'count': 0, 'meta': ''}, {'name': ' None', 'count': 0, 'meta': ''}, {'name': ' None', 'count': 0, 'meta': ''}, {'name': ' None', 'count': 0, 'meta': ''}, {'name': ' None', 'count': 0, 'meta': ''}, {'name': ' None', 'count': 0, 'meta': ''}, {'name': ' None', 'count': 0, 'meta': ''}, {'name': ' None', 'count': 0, 'meta': ''}, {'name': ' None', 'count': 0, 'meta': ''}, {'name': ' None', 'count': 0, 'meta': ''}, {'name': ' None', 'count': 0, 'meta': ''}, {'name': ' None', 'count': 0, 'meta': ''}, {'name': ' None', 'count': 0, 'meta': ''}, {'name': ' None', 'count': 0, 'meta': ''}, {'name': ' None', 'count': 0, 'meta': ''}, {'name': ' None', 'count': 0, 'meta': ''}, {'name': ' None', 'count': 0, 'meta': ''}, {'name': ' None', 'count': 0, 'meta': ''}, {'name': ' None', 'count': 0, 'meta': ''}]","Armor Slot 0: None, Count: 0; Armor Slot 1: None, Count: 0; Armor Slot 2: None, Count: 0; Armor Slot 3: None, Count: 0; ","Offhand: None, Count: 0; ",[],20.0,20.0,"[-0.9491731225641911, -0.19252203839276905, -0.24900933342916357]",south,0,0 minecraft:air,False,Player is not currently riding anything,0.0784000015258789
93.0,14:42:57.652817100,2025-07-30,literal{MF},"(-6.894311325480696, 69.0, 36.555416407642895)",20.0,"[{'name': ' None', 'count': 0, 'meta': ''}, {'name': ' None', 'count': 0, 'meta': ''}, {'name': ' None', 'count': 0, 'meta': ''}, {'name': ' None', 'count': 0, 'meta': ''}, {'name': ' None', 'count': 0, 'meta': ''}, {'name': ' None', 'count': 0, 'meta': ''}, {'name': ' None', 'count': 0, 'meta': ''}, {'name': ' None', 'count': 0, 'meta': ''}, {'name': ' None', 'count': 0, 'meta': ''}, {'name': ' None', 'count': 0, 'meta': ''}, {'name': ' None', 'count': 0, 'meta': ''}, {'name': ' None', 'count': 0, 'meta': ''}, {'name': ' None', 'count': 0, 'meta': ''}, {'name': ' None', 'count': 0, 'meta': ''}, {'name': ' None', 'count': 0, 'meta': ''}, {'name': ' None', 'count': 0, 'meta': ''}, {'name': ' None', 'count': 0, 'meta': ''}, {'name': ' None', 'count': 0, 'meta': ''}, {'name': ' None', 'count': 0, 'meta': ''}, {'name': ' None', 'count': 0, 'meta': ''}, {'name': ' None', 'count': 0, 'meta': ''}, {'name': ' None', 'count': 0, 'meta': ''}, {'name': ' None', 'count': 0, 'meta': ''}, {'name': ' None', 'count': 0, 'meta': ''}, {'name': ' None', 'count': 0, 'meta': ''}, {'name': ' None', 'count': 0, 'meta': ''}, {'name': ' None', 'count': 0, 'meta': ''}, {'name': ' None', 'count': 0, 'meta': ''}, {'name': ' None', 'count': 0, 'meta': ''}, {'name': ' None', 'count': 0, 'meta': ''}, {'name': ' None', 'count': 0, 'meta': ''}, {'name': ' None', 'count': 0, 'meta': ''}, {'name': ' None', 'count': 0, 'meta': ''}, {'name': ' None', 'count': 0, 'meta': ''}, {'name': ' None', 'count': 0, 'meta': ''}, {'name': ' None', 'count': 0, 'meta': ''}]","Armor Slot 0: None, Count: 0; Armor Slot 1: None, Count: 0; Armor Slot 2: None, Count: 0; Armor Slot 3: None, Count: 0; ","Offhand: None, Count: 0; ",[],20.0,20.0,"[-0.951728652373855, -0.19252203839276905, -0.23905613772446635]",south,0,0 minecraft:air,False,Player is not currently riding anything,0.0784000015258789
93.0,14:42:57.690375,2025-07-30,literal{MF},"(-6.894311325480696, 69.0, 36.555416407642895)",20.0,"[{'name': ' None', 'count': 0, 'meta': ''}, {'name': ' None', 'count': 0, 'meta': ''}, {'name': ' None', 'count': 0, 'meta': ''}, {'name': ' None', 'count': 0, 'meta': ''}, {'name': ' None', 'count': 0, 'meta': ''}, {'name': ' None', 'count': 0, 'meta': ''}, {'name': ' None', 'count': 0, 'meta': ''}, {'name': ' None', 'count': 0, 'meta': ''}, {'name': ' None', 'count': 0, 'meta': ''}, {'name': ' None', 'count': 0, 'meta': ''}, {'name': ' None', 'count': 0, 'meta': ''}, {'name': ' None', 'count': 0, 'meta': ''}, {'name': ' None', 'count': 0, 'meta': ''}, {'name': ' None', 'count': 0, 'meta': ''}, {'name': ' None', 'count': 0, 'meta': ''}, {'name': ' None', 'count': 0, 'meta': ''}, {'name': ' None', 'count': 0, 'meta': ''}, {'name': ' None', 'count': 0, 'meta': ''}, {'name': ' None', 'count': 0, 'meta': ''}, {'name': ' None', 'count': 0, 'meta': ''}, {'name': ' None', 'count': 0, 'meta': ''}, {'name': ' None', 'count': 0, 'meta': ''}, {'name': ' None', 'count': 0, 'meta': ''}, {'name': ' None', 'count': 0, 'meta': ''}, {'name': ' None', 'count': 0, 'meta': ''}, {'name': ' None', 'count': 0, 'meta': ''}, {'name': ' None', 'count': 0, 'meta': ''}, {'name': ' None', 'count': 0, 'meta': ''}, {'name': ' None', 'count': 0, 'meta': ''}, {'name': ' None', 'count': 0, 'meta': ''}, {'name': ' None', 'count': 0, 'meta': ''}, {'name': ' None', 'count': 0, 'meta': ''}, {'name': ' None', 'count': 0, 'meta': ''}, {'name': ' None', 'count': 0, 'meta': ''}, {'name': ' None', 'count': 0, 'meta': ''}, {'name': ' None', 'count': 0, 'meta': ''}]","Armor Slot 0: None, Count: 0; Armor Slot 1: None, Count: 0; Armor Slot 2: None, Count: 0; Armor Slot 3: None, Count: 0; ","Offhand: None, Count: 0; ",[],20.0,20.0,"[-0.9658393818947696, -0.22580133497159544, -0.12715362954385076]",south,0,0 minecraft:air,False,Player is not currently riding anything,0.0784000015258789
93.0,14:42:57.752016,2025-07-30,literal{MF},"(-6.894311325480696, 69.0, 36.555416407642895)",20.0,"[{'name': ' None', 'count': 0, 'meta': ''}, {'name': ' None', 'count': 0, 'meta': ''}, {'name': ' None', 'count': 0, 'meta': ''}, {'name': ' None', 'count': 0, 'meta': ''}, {'name': ' None', 'count': 0, 'meta': ''}, {'name': ' None', 'count': 0, 'meta': ''}, {'name': ' None', 'count': 0, 'meta': ''}, {'name': ' None', 'count': 0, 'meta': ''}, {'name': ' None', 'count': 0, 'meta': ''}, {'name': ' None', 'count': 0, 'meta': ''}, {'name': ' None', 'count': 0, 'meta': ''}, {'name': ' None', 'count': 0, 'meta': ''}, {'name': ' None', 'count': 0, 'meta': ''}, {'name': ' None', 'count': 0, 'meta': ''}, {'name': ' None', 'count': 0, 'meta': ''}, {'name': ' None', 'count': 0, 'meta': ''}, {'name': ' None', 'count': 0, 'meta': ''}, {'name': ' None', 'count': 0, 'meta': ''}, {'name': ' None', 'count': 0, 'meta': ''}, {'name': ' None', 'count': 0, 'meta': ''}, {'name': ' None', 'count': 0, 'meta': ''}, {'name': ' None', 'count': 0, 'meta': ''}, {'name': ' None', 'count': 0, 'meta': ''}, {'name': ' None', 'count': 0, 'meta': ''}, {'name': ' None', 'count': 0, 'meta': ''}, {'name': ' None', 'count': 0, 'meta': ''}, {'name': ' None', 'count': 0, 'meta': ''}, {'name': ' None', 'count': 0, 'meta': ''}, {'name': ' None', 'count': 0, 'meta': ''}, {'name': ' None', 'count': 0, 'meta': ''}, {'name': ' None', 'count': 0, 'meta': ''}, {'name': ' None', 'count': 0, 'meta': ''}, {'name': ' None', 'count': 0, 'meta': ''}, {'name': ' None', 'count': 0, 'meta': ''}, {'name': ' None', 'count': 0, 'meta': ''}, {'name': ' None', 'count': 0, 'meta': ''}]","Armor Slot 0: None, Count: 0; Armor Slot 1: None, Count: 0; Armor Slot 2: None, Count: 0; Armor Slot 3: None, Count: 0; ","Offhand: None, Count: 0; ",[],20.0,20.0,"[-0.9656046299099411, -0.2359902938458236, -0.10916171447466144]",south,0,0 minecraft:air,False,Player is not currently riding anything,0.0784000015258789
93.0,14:42:57.796763300,2025-07-30,literal{MF},"(-6.894311325480696, 69.0, 36.555416407642895)",20.0,"[{'name': ' None', 'count': 0, 'meta': ''}, {'name': ' None', 'count': 0, 'meta': ''}, {'name': ' None', 'count': 0, 'meta': ''}, {'name': ' None', 'count': 0, 'meta': ''}, {'name': ' None', 'count': 0, 'meta': ''}, {'name': ' None', 'count': 0, 'meta': ''}, {'name': ' None', 'count': 0, 'meta': ''}, {'name': ' None', 'count': 0, 'meta': ''}, {'name': ' None', 'count': 0, 'meta': ''}, {'name': ' None', 'count': 0, 'meta': ''}, {'name': ' None', 'count': 0, 'meta': ''}, {'name': ' None', 'count': 0, 'meta': ''}, {'name': ' None', 'count': 0, 'meta': ''}, {'name': ' None', 'count': 0, 'meta': ''}, {'name': ' None', 'count': 0, 'meta': ''}, {'name': ' None', 'count': 0, 'meta': ''}, {'name': ' None', 'count': 0, 'meta': ''}, {'name': ' None', 'count': 0, 'meta': ''}, {'name': ' None', 'count': 0, 'meta': ''}, {'name': ' None', 'count': 0, 'meta': ''}, {'name': ' None', 'count': 0, 'meta': ''}, {'name': ' None', 'count': 0, 'meta': ''}, {'name': ' None', 'count': 0, 'meta': ''}, {'name': ' None', 'count': 0, 'meta': ''}, {'name': ' None', 'count': 0, 'meta': ''}, {'name': ' None', 'count': 0, 'meta': ''}, {'name': ' None', 'count': 0, 'meta': ''}, {'name': ' None', 'count': 0, 'meta': ''}, {'name': ' None', 'count': 0, 'meta': ''}, {'name': ' None', 'count': 0, 'meta': ''}, {'name': ' None', 'count': 0, 'meta': ''}, {'name': ' None', 'count': 0, 'meta': ''}, {'name': ' None', 'count': 0, 'meta': ''}, {'name': ' None', 'count': 0, 'meta': ''}, {'name': ' None', 'count': 0, 'meta': ''}, {'name': ' None', 'count': 0, 'meta': ''}]","Armor Slot 0: None, Count: 0; Armor Slot 1: None, Count: 0; Armor Slot 2: None, Count: 0; Armor Slot 3: None, Count: 0; ","Offhand: None, Count: 0; ",[],20.0,20.0,"[-0.9514321255856529, -0.2865246420303834, -0.11260790342123825]",south,0,0 minecraft:air,False,Player is not currently riding anything,0.0784000015258789
93.0,14:42:57.839953900,2025-07-30,literal{MF},"(-6.894311325480696, 69.0, 36.555416407642895)",20.0,"[{'name': ' None', 'count': 0, 'meta': ''}, {'name': ' None', 'count': 0, 'meta': ''}, {'name': ' None', 'count': 0, 'meta': ''}, {'name': ' None', 'count': 0, 'meta': ''}, {'name': ' None', 'count': 0, 'meta': ''}, {'name': ' None', 'count': 0, 'meta': ''}, {'name': ' None', 'count': 0, 'meta': ''}, {'name': ' None', 'count': 0, 'meta': ''}, {'name': ' None', 'count': 0, 'meta': ''}, {'name': ' None', 'count': 0, 'meta': ''}, {'name': ' None', 'count': 0, 'meta': ''}, {'name': ' None', 'count': 0, 'meta': ''}, {'name': ' None', 'count': 0, 'meta': ''}, {'name': ' None', 'count': 0, 'meta': ''}, {'name': ' None', 'count': 0, 'meta': ''}, {'name': ' None', 'count': 0, 'meta': ''}, {'name': ' None', 'count': 0, 'meta': ''}, {'name': ' None', 'count': 0, 'meta': ''}, {'name': ' None', 'count': 0, 'meta': ''}, {'name': ' None', 'count': 0, 'meta': ''}, {'name': ' None', 'count': 0, 'meta': ''}, {'name': ' None', 'count': 0, 'meta': ''}, {'name': ' None', 'count': 0, 'meta': ''}, {'name': ' None', 'count': 0, 'meta': ''}, {'name': ' None', 'count': 0, 'meta': ''}, {'name': ' None', 'count': 0, 'meta': ''}, {'name': ' None', 'count': 0, 'meta': ''}, {'name': ' None', 'count': 0, 'meta': ''}, {'name': ' None', 'count': 0, 'meta': ''}, {'name': ' None', 'count': 0, 'meta': ''}, {'name': ' None', 'count': 0, 'meta': ''}, {'name': ' None', 'count': 0, 'meta': ''}, {'name': ' None', 'count': 0, 'meta': ''}, {'name': ' None', 'count': 0, 'meta': ''}, {'name': ' None', 'count': 0, 'meta': ''}, {'name': ' None', 'count': 0, 'meta': ''}]","Armor Slot 0: None, Count: 0; Armor Slot 1: None, Count: 0; Armor Slot 2: None, Count: 0; Armor Slot 3: None, Count: 0; ","Offhand: None, Count: 0; ",[],20.0,20.0,"[-0.9274501082041905, -0.35592268483019907, -0.11469672713420449]",south,0,0 minecraft:air,False,Player is not currently riding anything,0.0784000015258789
93.0,14:42:57.896617600,2025-07-30,literal{MF},"(-6.894311325480696, 69.41999998688698, 36.555416407642895)",20.0,"[{'name': ' None', 'count': 0, 'meta': ''}, {'name': ' None', 'count': 0, 'meta': ''}, {'name': ' None', 'count': 0, 'meta': ''}, {'name': ' None', 'count': 0, 'meta': ''}, {'name': ' None', 'count': 0, 'meta': ''}, {'name': ' None', 'count': 0, 'meta': ''}, {'name': ' None', 'count': 0, 'meta': ''}, {'name': ' None', 'count': 0, 'meta': ''}, {'name': ' None', 'count': 0, 'meta': ''}, {'name': ' None', 'count': 0, 'meta': ''}, {'name': ' None', 'count': 0, 'meta': ''}, {'name': ' None', 'count': 0, 'meta': ''}, {'name': ' None', 'count': 0, 'meta': ''}, {'name': ' None', 'count': 0, 'meta': ''}, {'name': ' None', 'count': 0, 'meta': ''}, {'name': ' None', 'count': 0, 'meta': ''}, {'name': ' None', 'count': 0, 'meta': ''}, {'name': ' None', 'count': 0, 'meta': ''}, {'name': ' None', 'count': 0, 'meta': ''}, {'name': ' None', 'count': 0, 'meta': ''}, {'name': ' None', 'count': 0, 'meta': ''}, {'name': ' None', 'count': 0, 'meta': ''}, {'name': ' None', 'count': 0, 'meta': ''}, {'name': ' None', 'count': 0, 'meta': ''}, {'name': ' None', 'count': 0, 'meta': ''}, {'name': ' None', 'count': 0, 'meta': ''}, {'name': ' None', 'count': 0, 'meta': ''}, {'name': ' None', 'count': 0, 'meta': ''}, {'name': ' None', 'count': 0, 'meta': ''}, {'name': ' None', 'count': 0, 'meta': ''}, {'name': ' None', 'count': 0, 'meta': ''}, {'name': ' None', 'count': 0, 'meta': ''}, {'name': ' None', 'count': 0, 'meta': ''}, {'name': ' None', 'count': 0, 'meta': ''}, {'name': ' None', 'count': 0, 'meta': ''}, {'name': ' None', 'count': 0, 'meta': ''}]","Armor Slot 0: None, Count: 0; Armor Slot 1: None, Count: 0; Armor Slot 2: None, Count: 0; Armor Slot 3: None, Count: 0; ","Offhand: None, Count: 0; ",[],20.0,20.0,"[-0.9265221746921698, -0.35836801170217614, -0.114581970625056]",south,0,0 minecraft:air,False,Player is not currently riding anything,0.33319999363422365
111.0,14:42:57.937231900,2025-07-30,literal{MF},"(-6.894311325480696, 69.7531999805212, 36.555416407642895)",20.0,"[{'name': ' None', 'count': 0, 'meta': ''}, {'name': ' None', 'count': 0, 'meta': ''}, {'name': ' None', 'count': 0, 'meta': ''}, {'name': ' None', 'count': 0, 'meta': ''}, {'name': ' None', 'count': 0, 'meta': ''}, {'name': ' None', 'count': 0, 'meta': ''}, {'name': ' None', 'count': 0, 'meta': ''}, {'name': ' None', 'count': 0, 'meta': ''}, {'name': ' None', 'count': 0, 'meta': ''}, {'name': ' None', 'count': 0, 'meta': ''}, {'name': ' None', 'count': 0, 'meta': ''}, {'name': ' None', 'count': 0, 'meta': ''}, {'name': ' None', 'count': 0, 'meta': ''}, {'name': ' None', 'count': 0, 'meta': ''}, {'name': ' None', 'count': 0, 'meta': ''}, {'name': ' None', 'count': 0, 'meta': ''}, {'name': ' None', 'count': 0, 'meta': ''}, {'name': ' None', 'count': 0, 'meta': ''}, {'name': ' None', 'count': 0, 'meta': ''}, {'name': ' None', 'count': 0, 'meta': ''}, {'name': ' None', 'count': 0, 'meta': ''}, {'name': ' None', 'count': 0, 'meta': ''}, {'name': ' None', 'count': 0, 'meta': ''}, {'name': ' None', 'count': 0, 'meta': ''}, {'name': ' None', 'count': 0, 'meta': ''}, {'name': ' None', 'count': 0, 'meta': ''}, {'name': ' None', 'count': 0, 'meta': ''}, {'name': ' None', 'count': 0, 'meta': ''}, {'name': ' None', 'count': 0, 'meta': ''}, {'name': ' None', 'count': 0, 'meta': ''}, {'name': ' None', 'count': 0, 'meta': ''}, {'name': ' None', 'count': 0, 'meta': ''}, {'name': ' None', 'count': 0, 'meta': ''}, {'name': ' None', 'count': 0, 'meta': ''}, {'name': ' None', 'count': 0, 'meta': ''}, {'name': ' None', 'count': 0, 'meta': ''}]","Armor Slot 0: None, Count: 0; Armor Slot 1: None, Count: 0; Armor Slot 2: None, Count: 0; Armor Slot 3: None, Count: 0; ","Offhand: None, Count: 0; ",[],20.0,20.0,"[-0.9265221746921698, -0.35836801170217614, -0.114581970625056]",south,0,0 minecraft:air,False,Player is not currently riding anything,0.24813599859094576
111.0,14:42:57.997957200,2025-07-30,literal{MF},"(-6.894311325480696, 70.00133597911214, 36.555416407642895)",20.0,"[{'name': ' None', 'count': 0, 'meta': ''}, {'name': ' None', 'count': 0, 'meta': ''}, {'name': ' None', 'count': 0, 'meta': ''}, {'name': ' None', 'count': 0, 'meta': ''}, {'name': ' None', 'count': 0, 'meta': ''}, {'name': ' None', 'count': 0, 'meta': ''}, {'name': ' None', 'count': 0, 'meta': ''}, {'name': ' None', 'count': 0, 'meta': ''}, {'name': ' None', 'count': 0, 'meta': ''}, {'name': ' None', 'count': 0, 'meta': ''}, {'name': ' None', 'count': 0, 'meta': ''}, {'name': ' None', 'count': 0, 'meta': ''}, {'name': ' None', 'count': 0, 'meta': ''}, {'name': ' None', 'count': 0, 'meta': ''}, {'name': ' None', 'count': 0, 'meta': ''}, {'name': ' None', 'count': 0, 'meta': ''}, {'name': ' None', 'count': 0, 'meta': ''}, {'name': ' None', 'count': 0, 'meta': ''}, {'name': ' None', 'count': 0, 'meta': ''}, {'name': ' None', 'count': 0, 'meta': ''}, {'name': ' None', 'count': 0, 'meta': ''}, {'name': ' None', 'count': 0, 'meta': ''}, {'name': ' None', 'count': 0, 'meta': ''}, {'name': ' None', 'count': 0, 'meta': ''}, {'name': ' None', 'count': 0, 'meta': ''}, {'name': ' None', 'count': 0, 'meta': ''}, {'name': ' None', 'count': 0, 'meta': ''}, {'name': ' None', 'count': 0, 'meta': ''}, {'name': ' None', 'count': 0, 'meta': ''}, {'name': ' None', 'count': 0, 'meta': ''}, {'name': ' None', 'count': 0, 'meta': ''}, {'name': ' None', 'count': 0, 'meta': ''}, {'name': ' None', 'count': 0, 'meta': ''}, {'name': ' None', 'count': 0, 'meta': ''}, {'name': ' None', 'count': 0, 'meta': ''}, {'name': ' None', 'count': 0, 'meta': ''}]","Armor Slot 0: None, Count: 0; Armor Slot 1: None, Count: 0; Armor Slot 2: None, Count: 0; Armor Slot 3: None, Count: 0; ","Offhand: None, Count: 0; ",[],20.0,20.0,"[-0.9265221746921698, -0.35836801170217614, -0.114581970625056]",south,0,0 minecraft:air,False,Player is not currently riding anything,0.16477328182606651
111.0,14:42:58.048240200,2025-07-30,literal{MF},"(-6.894311325480696, 70.16610926093821, 36.555416407642895)",20.0,"[{'name': ' None', 'count': 0, 'meta': ''}, {'name': ' None', 'count': 0, 'meta': ''}, {'name': ' None', 'count': 0, 'meta': ''}, {'name': ' None', 'count': 0, 'meta': ''}, {'name': ' None', 'count': 0, 'meta': ''}, {'name': ' None', 'count': 0, 'meta': ''}, {'name': ' None', 'count': 0, 'meta': ''}, {'name': ' None', 'count': 0, 'meta': ''}, {'name': ' None', 'count': 0, 'meta': ''}, {'name': ' None', 'count': 0, 'meta': ''}, {'name': ' None', 'count': 0, 'meta': ''}, {'name': ' None', 'count': 0, 'meta': ''}, {'name': ' None', 'count': 0, 'meta': ''}, {'name': ' None', 'count': 0, 'meta': ''}, {'name': ' None', 'count': 0, 'meta': ''}, {'name': ' None', 'count': 0, 'meta': ''}, {'name': ' None', 'count': 0, 'meta': ''}, {'name': ' None', 'count': 0, 'meta': ''}, {'name': ' None', 'count': 0, 'meta': ''}, {'name': ' None', 'count': 0, 'meta': ''}, {'name': ' None', 'count': 0, 'meta': ''}, {'name': ' None', 'count': 0, 'meta': ''}, {'name': ' None', 'count': 0, 'meta': ''}, {'name': ' None', 'count': 0, 'meta': ''}, {'name': ' None', 'count': 0, 'meta': ''}, {'name': ' None', 'count': 0, 'meta': ''}, {'name': ' None', 'count': 0, 'meta': ''}, {'name': ' None', 'count': 0, 'meta': ''}, {'name': ' None', 'count': 0, 'meta': ''}, {'name': ' None', 'count': 0, 'meta': ''}, {'name': ' None', 'count': 0, 'meta': ''}, {'name': ' None', 'count': 0, 'meta': ''}, {'name': ' None', 'count': 0, 'meta': ''}, {'name': ' None', 'count': 0, 'meta': ''}, {'name': ' None', 'count': 0, 'meta': ''}, {'name': ' None', 'count': 0, 'meta': ''}]","Armor Slot 0: None, Count: 0; Armor Slot 1: None, Count: 0; Armor Slot 2: None, Count: 0; Armor Slot 3: None, Count: 0; ","Offhand: None, Count: 0; ",[],20.0,20.0,"[-0.9265874586876488, -0.36325128009785435, -0.0973868004918265]",south,0,0 minecraft:air,False,Player is not currently riding anything,0.08307781780646721
111.0,14:42:58.090085200,2025-07-30,literal{MF},"(-6.894311325480696, 70.24918707874468, 36.555416407642895)",20.0,"[{'name': ' None', 'count': 0, 'meta': ''}, {'name': ' None', 'count': 0, 'meta': ''}, {'name': ' None', 'count': 0, 'meta': ''}, {'name': ' None', 'count': 0, 'meta': ''}, {'name': ' None', 'count': 0, 'meta': ''}, {'name': ' None', 'count': 0, 'meta': ''}, {'name': ' None', 'count': 0, 'meta': ''}, {'name': ' None', 'count': 0, 'meta': ''}, {'name': ' None', 'count': 0, 'meta': ''}, {'name': ' None', 'count': 0, 'meta': ''}, {'name': ' None', 'count': 0, 'meta': ''}, {'name': ' None', 'count': 0, 'meta': ''}, {'name': ' None', 'count': 0, 'meta': ''}, {'name': ' None', 'count': 0, 'meta': ''}, {'name': ' None', 'count': 0, 'meta': ''}, {'name': ' None', 'count': 0, 'meta': ''}, {'name': ' None', 'count': 0, 'meta': ''}, {'name': ' None', 'count': 0, 'meta': ''}, {'name': ' None', 'count': 0, 'meta': ''}, {'name': ' None', 'count': 0, 'meta': ''}, {'name': ' None', 'count': 0, 'meta': ''}, {'name': ' None', 'count': 0, 'meta': ''}, {'name': ' None', 'count': 0, 'meta': ''}, {'name': ' None', 'count': 0, 'meta': ''}, {'name': ' None', 'count': 0, 'meta': ''}, {'name': ' None', 'count': 0, 'meta': ''}, {'name': ' None', 'count': 0, 'meta': ''}, {'name': ' None', 'count': 0, 'meta': ''}, {'name': ' None', 'count': 0, 'meta': ''}, {'name': ' None', 'count': 0, 'meta': ''}, {'name': ' None', 'count': 0, 'meta': ''}, {'name': ' None', 'count': 0, 'meta': ''}, {'name': ' None', 'count': 0, 'meta': ''}, {'name': ' None', 'count': 0, 'meta': ''}, {'name': ' None', 'count': 0, 'meta': ''}, {'name': ' None', 'count': 0, 'meta': ''}]","Armor Slot 0: None, Count: 0; Armor Slot 1: None, Count: 0; Armor Slot 2: None, Count: 0; Armor Slot 3: None, Count: 0; ","Offhand: None, Count: 0; ",[],20.0,20.0,"[-0.9194542337180287, -0.3899277307044853, -0.050599179100484705]",south,0,0 minecraft:air,False,Player is not currently riding anything,0.0030162615090425808
111.0,14:42:58.159650100,2025-07-30,literal{MF},"(-6.894311325480696, 70.25220334025373, 36.555416407642895)",20.0,"[{'name': ' None', 'count': 0, 'meta': ''}, {'name': ' None', 'count': 0, 'meta': ''}, {'name': ' None', 'count': 0, 'meta': ''}, {'name': ' None', 'count': 0, 'meta': ''}, {'name': ' None', 'count': 0, 'meta': ''}, {'name': ' None', 'count': 0, 'meta': ''}, {'name': ' None', 'count': 0, 'meta': ''}, {'name': ' None', 'count': 0, 'meta': ''}, {'name': ' None', 'count': 0, 'meta': ''}, {'name': ' None', 'count': 0, 'meta': ''}, {'name': ' None', 'count': 0, 'meta': ''}, {'name': ' None', 'count': 0, 'meta': ''}, {'name': ' None', 'count': 0, 'meta': ''}, {'name': ' None', 'count': 0, 'meta': ''}, {'name': ' None', 'count': 0, 'meta': ''}, {'name': ' None', 'count': 0, 'meta': ''}, {'name': ' None', 'count': 0, 'meta': ''}, {'name': ' None', 'count': 0, 'meta': ''}, {'name': ' None', 'count': 0, 'meta': ''}, {'name': ' None', 'count': 0, 'meta': ''}, {'name': ' None', 'count': 0, 'meta': ''}, {'name': ' None', 'count': 0, 'meta': ''}, {'name': ' None', 'count': 0, 'meta': ''}, {'name': ' None', 'count': 0, 'meta': ''}, {'name': ' None', 'count': 0, 'meta': ''}, {'name': ' None', 'count': 0, 'meta': ''}, {'name': ' None', 'count': 0, 'meta': ''}, {'name': ' None', 'count': 0, 'meta': ''}, {'name': ' None', 'count': 0, 'meta': ''}, {'name': ' None', 'count': 0, 'meta': ''}, {'name': ' None', 'count': 0, 'meta': ''}, {'name': ' None', 'count': 0, 'meta': ''}, {'name': ' None', 'count': 0, 'meta': ''}, {'name': ' None', 'count': 0, 'meta': ''}, {'name': ' None', 'count': 0, 'meta': ''}, {'name': ' None', 'count': 0, 'meta': ''}]","Armor Slot 0: None, Count: 0; Armor Slot 1: None, Count: 0; Armor Slot 2: None, Count: 0; Armor Slot 3: None, Count: 0; ","Offhand: None, Count: 0; ",[],20.0,20.0,"[-0.9037061618235465, -0.4281466674381313, 0.0023673284048159075]",south,0,0 minecraft:air,False,Player is not currently riding anything,0.07544406518948656
111.0,14:42:58.190744100,2025-07-30,literal{MF},"(-6.894311325480696, 70.17675927506424, 36.555416407642895)",20.0,"[{'name': ' None', 'count': 0, 'meta': ''}, {'name': ' None', 'count': 0, 'meta': ''}, {'name': ' None', 'count': 0, 'meta': ''}, {'name': ' None', 'count': 0, 'meta': ''}, {'name': ' None', 'count': 0, 'meta': ''}, {'name': ' None', 'count': 0, 'meta': ''}, {'name': ' None', 'count': 0, 'meta': ''}, {'name': ' None', 'count': 0, 'meta': ''}, {'name': ' None', 'count': 0, 'meta': ''}, {'name': ' None', 'count': 0, 'meta': ''}, {'name': ' None', 'count': 0, 'meta': ''}, {'name': ' None', 'count': 0, 'meta': ''}, {'name': ' None', 'count': 0, 'meta': ''}, {'name': ' None', 'count': 0, 'meta': ''}, {'name': ' None', 'count': 0, 'meta': ''}, {'name': ' None', 'count': 0, 'meta': ''}, {'name': ' None', 'count': 0, 'meta': ''}, {'name': ' None', 'count': 0, 'meta': ''}, {'name': ' None', 'count': 0, 'meta': ''}, {'name': ' None', 'count': 0, 'meta': ''}, {'name': ' None', 'count': 0, 'meta': ''}, {'name': ' None', 'count': 0, 'meta': ''}, {'name': ' None', 'count': 0, 'meta': ''}, {'name': ' None', 'count': 0, 'meta': ''}, {'name': ' None', 'count': 0, 'meta': ''}, {'name': ' None', 'count': 0, 'meta': ''}, {'name': ' None', 'count': 0, 'meta': ''}, {'name': ' None', 'count': 0, 'meta': ''}, {'name': ' None', 'count': 0, 'meta': ''}, {'name': ' None', 'count': 0, 'meta': ''}, {'name': ' None', 'count': 0, 'meta': ''}, {'name': ' None', 'count': 0, 'meta': ''}, {'name': ' None', 'count': 0, 'meta': ''}, {'name': ' None', 'count': 0, 'meta': ''}, {'name': ' None', 'count': 0, 'meta': ''}, {'name': ' None', 'count': 0, 'meta': ''}]","Armor Slot 0: None, Count: 0; Armor Slot 1: None, Count: 0; Armor Slot 2: None, Count: 0; Armor Slot 3: None, Count: 0; ","Offhand: None, Count: 0; ",[],20.0,20.0,"[-0.878857110351853, -0.47485642502684916, 0.046060342972140476]",south,0,0 minecraft:air,False,Player is not currently riding anything,0.15233518685055708
111.0,14:42:58.242771800,2025-07-30,literal{MF},"(-6.894311325480696, 70.02442408821369, 36.555416407642895)",20.0,"[{'name': ' None', 'count': 0, 'meta': ''}, {'name': ' None', 'count': 0, 'meta': ''}, {'name': ' None', 'count': 0, 'meta': ''}, {'name': ' None', 'count': 0, 'meta': ''}, {'name': ' None', 'count': 0, 'meta': ''}, {'name': ' None', 'count': 0, 'meta': ''}, {'name': ' None', 'count': 0, 'meta': ''}, {'name': ' None', 'count': 0, 'meta': ''}, {'name': ' None', 'count': 0, 'meta': ''}, {'name': ' None', 'count': 0, 'meta': ''}, {'name': ' None', 'count': 0, 'meta': ''}, {'name': ' None', 'count': 0, 'meta': ''}, {'name': ' None', 'count': 0, 'meta': ''}, {'name': ' None', 'count': 0, 'meta': ''}, {'name': ' None', 'count': 0, 'meta': ''}, {'name': ' None', 'count': 0, 'meta': ''}, {'name': ' None', 'count': 0, 'meta': ''}, {'name': ' None', 'count': 0, 'meta': ''}, {'name': ' None', 'count': 0, 'meta': ''}, {'name': ' None', 'count': 0, 'meta': ''}, {'name': ' None', 'count': 0, 'meta': ''}, {'name': ' None', 'count': 0, 'meta': ''}, {'name': ' None', 'count': 0, 'meta': ''}, {'name': ' None', 'count': 0, 'meta': ''}, {'name': ' None', 'count': 0, 'meta': ''}, {'name': ' None', 'count': 0, 'meta': ''}, {'name': ' None', 'count': 0, 'meta': ''}, {'name': ' None', 'count': 0, 'meta': ''}, {'name': ' None', 'count': 0, 'meta': ''}, {'name': ' None', 'count': 0, 'meta': ''}, {'name': ' None', 'count': 0, 'meta': ''}, {'name': ' None', 'count': 0, 'meta': ''}, {'name': ' None', 'count': 0, 'meta': ''}, {'name': ' None', 'count': 0, 'meta': ''}, {'name': ' None', 'count': 0, 'meta': ''}, {'name': ' None', 'count': 0, 'meta': ''}]","Armor Slot 0: None, Count: 0; Armor Slot 1: None, Count: 0; Armor Slot 2: None, Count: 0; Armor Slot 3: None, Count: 0; ","Offhand: None, Count: 0; ",[],20.0,20.0,"[-0.8664622444607886, -0.4954587089152559, 0.0613501970983013]",south,0,0 minecraft:air,False,Player is not currently riding anything,0.22768848754498797
111.0,14:42:58.292376500,2025-07-30,literal{MF},"(-6.894311325480696, 69.79673560066871, 36.555416407642895)",20.0,"[{'name': ' None', 'count': 0, 'meta': ''}, {'name': ' None', 'count': 0, 'meta': ''}, {'name': ' None', 'count': 0, 'meta': ''}, {'name': ' None', 'count': 0, 'meta': ''}, {'name': ' None', 'count': 0, 'meta': ''}, {'name': ' None', 'count': 0, 'meta': ''}, {'name': ' None', 'count': 0, 'meta': ''}, {'name': ' None', 'count': 0, 'meta': ''}, {'name': ' None', 'count': 0, 'meta': ''}, {'name': ' None', 'count': 0, 'meta': ''}, {'name': ' None', 'count': 0, 'meta': ''}, {'name': ' None', 'count': 0, 'meta': ''}, {'name': ' None', 'count': 0, 'meta': ''}, {'name': ' None', 'count': 0, 'meta': ''}, {'name': ' None', 'count': 0, 'meta': ''}, {'name': ' None', 'count': 0, 'meta': ''}, {'name': ' None', 'count': 0, 'meta': ''}, {'name': ' None', 'count': 0, 'meta': ''}, {'name': ' None', 'count': 0, 'meta': ''}, {'name': ' None', 'count': 0, 'meta': ''}, {'name': ' None', 'count': 0, 'meta': ''}, {'name': ' None', 'count': 0, 'meta': ''}, {'name': ' None', 'count': 0, 'meta': ''}, {'name': ' None', 'count': 0, 'meta': ''}, {'name': ' None', 'count': 0, 'meta': ''}, {'name': ' None', 'count': 0, 'meta': ''}, {'name': ' None', 'count': 0, 'meta': ''}, {'name': ' None', 'count': 0, 'meta': ''}, {'name': ' None', 'count': 0, 'meta': ''}, {'name': ' None', 'count': 0, 'meta': ''}, {'name': ' None', 'count': 0, 'meta': ''}, {'name': ' None', 'count': 0, 'meta': ''}, {'name': ' None', 'count': 0, 'meta': ''}, {'name': ' None', 'count': 0, 'meta': ''}, {'name': ' None', 'count': 0, 'meta': ''}, {'name': ' None', 'count': 0, 'meta': ''}]","Armor Slot 0: None, Count: 0; Armor Slot 1: None, Count: 0; Armor Slot 2: None, Count: 0; Armor Slot 3: None, Count: 0; ","Offhand: None, Count: 0; ",[],20.0,20.0,"[-0.8554196573337298, -0.5135412749098206, 0.06732435525900249]",south,0,0 minecraft:air,False,Player is not currently riding anything,0.30153472366278034
111.0,14:42:58.340968600,2025-07-30,literal{MF},"(-6.892569795848152, 69.49520087700593, 36.57493871655599)",20.0,"[{'name': ' None', 'count': 0, 'meta': ''}, {'name': ' None', 'count': 0, 'meta': ''}, {'name': ' None', 'count': 0, 'meta': ''}, {'name': ' None', 'count': 0, 'meta': ''}, {'name': ' None', 'count': 0, 'meta': ''}, {'name': ' None', 'count': 0, 'meta': ''}, {'name': ' None', 'count': 0, 'meta': ''}, {'name': ' None', 'count': 0, 'meta': ''}, {'name': ' None', 'count': 0, 'meta': ''}, {'name': ' None', 'count': 0, 'meta': ''}, {'name': ' None', 'count': 0, 'meta': ''}, {'name': ' None', 'count': 0, 'meta': ''}, {'name': ' None', 'count': 0, 'meta': ''}, {'name': ' None', 'count': 0, 'meta': ''}, {'name': ' None', 'count': 0, 'meta': ''}, {'name': ' None', 'count': 0, 'meta': ''}, {'name': ' None', 'count': 0, 'meta': ''}, {'name': ' None', 'count': 0, 'meta': ''}, {'name': ' None', 'count': 0, 'meta': ''}, {'name': ' None', 'count': 0, 'meta': ''}, {'name': ' None', 'count': 0, 'meta': ''}, {'name': ' None', 'count': 0, 'meta': ''}, {'name': ' None', 'count': 0, 'meta': ''}, {'name': ' None', 'count': 0, 'meta': ''}, {'name': ' None', 'count': 0, 'meta': ''}, {'name': ' None', 'count': 0, 'meta': ''}, {'name': ' None', 'count': 0, 'meta': ''}, {'name': ' None', 'count': 0, 'meta': ''}, {'name': ' None', 'count': 0, 'meta': ''}, {'name': ' None', 'count': 0, 'meta': ''}, {'name': ' None', 'count': 0, 'meta': ''}, {'name': ' None', 'count': 0, 'meta': ''}, {'name': ' None', 'count': 0, 'meta': ''}, {'name': ' None', 'count': 0, 'meta': ''}, {'name': ' None', 'count': 0, 'meta': ''}, {'name': ' None', 'count': 0, 'meta': ''}]","Armor Slot 0: None, Count: 0; Armor Slot 1: None, Count: 0; Armor Slot 2: None, Count: 0; Armor Slot 3: None, Count: 0; ","Offhand: None, Count: 0; ",[],20.0,20.0,"[-0.845150891122322, -0.5291790122727874, 0.07542906737552924]",south,0,0 minecraft:air,False,Player is not currently riding anything,0.3739040364667221
111.0,14:42:58.388251900,2025-07-30,literal{MF},"(-6.890828266215608, 69.1212968405392, 36.612226327092)",20.0,"[{'name': ' None', 'count': 0, 'meta': ''}, {'name': ' None', 'count': 0, 'meta': ''}, {'name': ' None', 'count': 0, 'meta': ''}, {'name': ' None', 'count': 0, 'meta': ''}, {'name': ' None', 'count': 0, 'meta': ''}, {'name': ' None', 'count': 0, 'meta': ''}, {'name': ' None', 'count': 0, 'meta': ''}, {'name': ' None', 'count': 0, 'meta': ''}, {'name': ' None', 'count': 0, 'meta': ''}, {'name': ' None', 'count': 0, 'meta': ''}, {'name': ' None', 'count': 0, 'meta': ''}, {'name': ' None', 'count': 0, 'meta': ''}, {'name': ' None', 'count': 0, 'meta': ''}, {'name': ' None', 'count': 0, 'meta': ''}, {'name': ' None', 'count': 0, 'meta': ''}, {'name': ' None', 'count': 0, 'meta': ''}, {'name': ' None', 'count': 0, 'meta': ''}, {'name': ' None', 'count': 0, 'meta': ''}, {'name': ' None', 'count': 0, 'meta': ''}, {'name': ' None', 'count': 0, 'meta': ''}, {'name': ' None', 'count': 0, 'meta': ''}, {'name': ' None', 'count': 0, 'meta': ''}, {'name': ' None', 'count': 0, 'meta': ''}, {'name': ' None', 'count': 0, 'meta': ''}, {'name': ' None', 'count': 0, 'meta': ''}, {'name': ' None', 'count': 0, 'meta': ''}, {'name': ' None', 'count': 0, 'meta': ''}, {'name': ' None', 'count': 0, 'meta': ''}, {'name': ' None', 'count': 0, 'meta': ''}, {'name': ' None', 'count': 0, 'meta': ''}, {'name': ' None', 'count': 0, 'meta': ''}, {'name': ' None', 'count': 0, 'meta': ''}, {'name': ' None', 'count': 0, 'meta': ''}, {'name': ' None', 'count': 0, 'meta': ''}, {'name': ' None', 'count': 0, 'meta': ''}, {'name': ' None', 'count': 0, 'meta': ''}]","Armor Slot 0: None, Count: 0; Armor Slot 1: None, Count: 0; Armor Slot 2: None, Count: 0; Armor Slot 3: None, Count: 0; ","Offhand: None, Count: 0; ",[],20.0,20.0,"[-0.845150891122322, -0.5291790122727874, 0.07542906737552924]",south,0,0 minecraft:air,False,Player is not currently riding anything,0.0784000015258789
111.0,14:42:58.439684,2025-07-30,literal{MF},"(-6.889086736583064, 69.0, 36.665680362570775)",20.0,"[{'name': ' None', 'count': 0, 'meta': ''}, {'name': ' None', 'count': 0, 'meta': ''}, {'name': ' None', 'count': 0, 'meta': ''}, {'name': ' None', 'count': 0, 'meta': ''}, {'name': ' None', 'count': 0, 'meta': ''}, {'name': ' None', 'count': 0, 'meta': ''}, {'name': ' None', 'count': 0, 'meta': ''}, {'name': ' None', 'count': 0, 'meta': ''}, {'name': ' None', 'count': 0, 'meta': ''}, {'name': ' None', 'count': 0, 'meta': ''}, {'name': ' None', 'count': 0, 'meta': ''}, {'name': ' None', 'count': 0, 'meta': ''}, {'name': ' None', 'count': 0, 'meta': ''}, {'name': ' None', 'count': 0, 'meta': ''}, {'name': ' None', 'count': 0, 'meta': ''}, {'name': ' None', 'count': 0, 'meta': ''}, {'name': ' None', 'count': 0, 'meta': ''}, {'name': ' None', 'count': 0, 'meta': ''}, {'name': ' None', 'count': 0, 'meta': ''}, {'name': ' None', 'count': 0, 'meta': ''}, {'name': ' None', 'count': 0, 'meta': ''}, {'name': ' None', 'count': 0, 'meta': ''}, {'name': ' None', 'count': 0, 'meta': ''}, {'name': ' None', 'count': 0, 'meta': ''}, {'name': ' None', 'count': 0, 'meta': ''}, {'name': ' None', 'count': 0, 'meta': ''}, {'name': ' None', 'count': 0, 'meta': ''}, {'name': ' None', 'count': 0, 'meta': ''}, {'name': ' None', 'count': 0, 'meta': ''}, {'name': ' None', 'count': 0, 'meta': ''}, {'name': ' None', 'count': 0, 'meta': ''}, {'name': ' None', 'count': 0, 'meta': ''}, {'name': ' None', 'count': 0, 'meta': ''}, {'name': ' None', 'count': 0, 'meta': ''}, {'name': ' None', 'count': 0, 'meta': ''}, {'name': ' None', 'count': 0, 'meta': ''}]","Armor Slot 0: None, Count: 0; Armor Slot 1: None, Count: 0; Armor Slot 2: None, Count: 0; Armor Slot 3: None, Count: 0; ","Offhand: None, Count: 0; ",[],20.0,20.0,"[-0.845150891122322, -0.5291790122727874, 0.07542906737552924]",south,0,0 minecraft:air,False,Player is not currently riding anything,0.0784000015258789
111.0,14:42:58.496225700,2025-07-30,literal{MF},"(-6.880631795407213, 69.0, 36.81195732211941)",20.0,"[{'name': ' None', 'count': 0, 'meta': ''}, {'name': ' None', 'count': 0, 'meta': ''}, {'name': ' None', 'count': 0, 'meta': ''}, {'name': ' None', 'count': 0, 'meta': ''}, {'name': ' None', 'count': 0, 'meta': ''}, {'name': ' None', 'count': 0, 'meta': ''}, {'name': ' None', 'count': 0, 'meta': ''}, {'name': ' None', 'count': 0, 'meta': ''}, {'name': ' None', 'count': 0, 'meta': ''}, {'name': ' None', 'count': 0, 'meta': ''}, {'name': ' None', 'count': 0, 'meta': ''}, {'name': ' None', 'count': 0, 'meta': ''}, {'name': ' None', 'count': 0, 'meta': ''}, {'name': ' None', 'count': 0, 'meta': ''}, {'name': ' None', 'count': 0, 'meta': ''}, {'name': ' None', 'count': 0, 'meta': ''}, {'name': ' None', 'count': 0, 'meta': ''}, {'name': ' None', 'count': 0, 'meta': ''}, {'name': ' None', 'count': 0, 'meta': ''}, {'name': ' None', 'count': 0, 'meta': ''}, {'name': ' None', 'count': 0, 'meta': ''}, {'name': ' None', 'count': 0, 'meta': ''}, {'name': ' None', 'count': 0, 'meta': ''}, {'name': ' None', 'count': 0, 'meta': ''}, {'name': ' None', 'count': 0, 'meta': ''}, {'name': ' None', 'count': 0, 'meta': ''}, {'name': ' None', 'count': 0, 'meta': ''}, {'name': ' None', 'count': 0, 'meta': ''}, {'name': ' None', 'count': 0, 'meta': ''}, {'name': ' None', 'count': 0, 'meta': ''}, {'name': ' None', 'count': 0, 'meta': ''}, {'name': ' None', 'count': 0, 'meta': ''}, {'name': ' None', 'count': 0, 'meta': ''}, {'name': ' None', 'count': 0, 'meta': ''}, {'name': ' None', 'count': 0, 'meta': ''}, {'name': ' None', 'count': 0, 'meta': ''}]","Armor Slot 0: None, Count: 0; Armor Slot 1: None, Count: 0; Armor Slot 2: None, Count: 0; Armor Slot 3: None, Count: 0; ","Offhand: None, Count: 0; ",[],20.0,20.0,"[-0.8453454675704359, -0.5291790122727874, 0.0732162101458298]",south,0,0 minecraft:air,False,Player is not currently riding anything,0.0784000015258789
111.0,14:42:58.548752,2025-07-30,literal{MF},"(-6.870887723961699, 69.0, 36.989689820280624)",20.0,"[{'name': ' None', 'count': 0, 'meta': ''}, {'name': ' None', 'count': 0, 'meta': ''}, {'name': ' None', 'count': 0, 'meta': ''}, {'name': ' None', 'count': 0, 'meta': ''}, {'name': ' None', 'count': 0, 'meta': ''}, {'name': ' None', 'count': 0, 'meta': ''}, {'name': ' None', 'count': 0, 'meta': ''}, {'name': ' None', 'count': 0, 'meta': ''}, {'name': ' None', 'count': 0, 'meta': ''}, {'name': ' None', 'count': 0, 'meta': ''}, {'name': ' None', 'count': 0, 'meta': ''}, {'name': ' None', 'count': 0, 'meta': ''}, {'name': ' None', 'count': 0, 'meta': ''}, {'name': ' None', 'count': 0, 'meta': ''}, {'name': ' None', 'count': 0, 'meta': ''}, {'name': ' None', 'count': 0, 'meta': ''}, {'name': ' None', 'count': 0, 'meta': ''}, {'name': ' None', 'count': 0, 'meta': ''}, {'name': ' None', 'count': 0, 'meta': ''}, {'name': ' None', 'count': 0, 'meta': ''}, {'name': ' None', 'count': 0, 'meta': ''}, {'name': ' None', 'count': 0, 'meta': ''}, {'name': ' None', 'count': 0, 'meta': ''}, {'name': ' None', 'count': 0, 'meta': ''}, {'name': ' None', 'count': 0, 'meta': ''}, {'name': ' None', 'count': 0, 'meta': ''}, {'name': ' None', 'count': 0, 'meta': ''}, {'name': ' None', 'count': 0, 'meta': ''}, {'name': ' None', 'count': 0, 'meta': ''}, {'name': ' None', 'count': 0, 'meta': ''}, {'name': ' None', 'count': 0, 'meta': ''}, {'name': ' None', 'count': 0, 'meta': ''}, {'name': ' None', 'count': 0, 'meta': ''}, {'name': ' None', 'count': 0, 'meta': ''}, {'name': ' None', 'count': 0, 'meta': ''}, {'name': ' None', 'count': 0, 'meta': ''}]","Armor Slot 0: None, Count: 0; Armor Slot 1: None, Count: 0; Armor Slot 2: None, Count: 0; Armor Slot 3: None, Count: 0; ","Offhand: None, Count: 0; ",[],20.0,20.0,"[-0.8389421433509466, -0.5424415702226852, 0.04396843190366448]",south,0,0 minecraft:air,False,Player is not currently riding anything,0.0784000015258789
111.0,14:42:58.598074600,2025-07-30,literal{MF},"(-6.864289690464225, 69.0, 37.18472332661944)",20.0,"[{'name': ' None', 'count': 0, 'meta': ''}, {'name': ' None', 'count': 0, 'meta': ''}, {'name': ' None', 'count': 0, 'meta': ''}, {'name': ' None', 'count': 0, 'meta': ''}, {'name': ' None', 'count': 0, 'meta': ''}, {'name': ' None', 'count': 0, 'meta': ''}, {'name': ' None', 'count': 0, 'meta': ''}, {'name': ' None', 'count': 0, 'meta': ''}, {'name': ' None', 'count': 0, 'meta': ''}, {'name': ' None', 'count': 0, 'meta': ''}, {'name': ' None', 'count': 0, 'meta': ''}, {'name': ' None', 'count': 0, 'meta': ''}, {'name': ' None', 'count': 0, 'meta': ''}, {'name': ' None', 'count': 0, 'meta': ''}, {'name': ' None', 'count': 0, 'meta': ''}, {'name': ' None', 'count': 0, 'meta': ''}, {'name': ' None', 'count': 0, 'meta': ''}, {'name': ' None', 'count': 0, 'meta': ''}, {'name': ' None', 'count': 0, 'meta': ''}, {'name': ' None', 'count': 0, 'meta': ''}, {'name': ' None', 'count': 0, 'meta': ''}, {'name': ' None', 'count': 0, 'meta': ''}, {'name': ' None', 'count': 0, 'meta': ''}, {'name': ' None', 'count': 0, 'meta': ''}, {'name': ' None', 'count': 0, 'meta': ''}, {'name': ' None', 'count': 0, 'meta': ''}, {'name': ' None', 'count': 0, 'meta': ''}, {'name': ' None', 'count': 0, 'meta': ''}, {'name': ' None', 'count': 0, 'meta': ''}, {'name': ' None', 'count': 0, 'meta': ''}, {'name': ' None', 'count': 0, 'meta': ''}, {'name': ' None', 'count': 0, 'meta': ''}, {'name': ' None', 'count': 0, 'meta': ''}, {'name': ' None', 'count': 0, 'meta': ''}, {'name': ' None', 'count': 0, 'meta': ''}, {'name': ' None', 'count': 0, 'meta': ''}]","Armor Slot 0: None, Count: 0; Armor Slot 1: None, Count: 0; Armor Slot 2: None, Count: 0; Armor Slot 3: None, Count: 0; ","Offhand: None, Count: 0; ",[],20.0,20.0,"[-0.837170037024991, -0.5468328785118156, 0.010960478368073288]",south,0,0 minecraft:air,False,Player is not currently riding anything,0.0784000015258789
111.0,14:42:58.638810600,2025-07-30,literal{MF},"(-6.860687163756161, 69.0, 37.389211636816995)",20.0,"[{'name': ' None', 'count': 0, 'meta': ''}, {'name': ' None', 'count': 0, 'meta': ''}, {'name': ' None', 'count': 0, 'meta': ''}, {'name': ' None', 'count': 0, 'meta': ''}, {'name': ' None', 'count': 0, 'meta': ''}, {'name': ' None', 'count': 0, 'meta': ''}, {'name': ' None', 'count': 0, 'meta': ''}, {'name': ' None', 'count': 0, 'meta': ''}, {'name': ' None', 'count': 0, 'meta': ''}, {'name': ' None', 'count': 0, 'meta': ''}, {'name': ' None', 'count': 0, 'meta': ''}, {'name': ' None', 'count': 0, 'meta': ''}, {'name': ' None', 'count': 0, 'meta': ''}, {'name': ' None', 'count': 0, 'meta': ''}, {'name': ' None', 'count': 0, 'meta': ''}, {'name': ' None', 'count': 0, 'meta': ''}, {'name': ' None', 'count': 0, 'meta': ''}, {'name': ' None', 'count': 0, 'meta': ''}, {'name': ' None', 'count': 0, 'meta': ''}, {'name': ' None', 'count': 0, 'meta': ''}, {'name': ' None', 'count': 0, 'meta': ''}, {'name': ' None', 'count': 0, 'meta': ''}, {'name': ' None', 'count': 0, 'meta': ''}, {'name': ' None', 'count': 0, 'meta': ''}, {'name': ' None', 'count': 0, 'meta': ''}, {'name': ' None', 'count': 0, 'meta': ''}, {'name': ' None', 'count': 0, 'meta': ''}, {'name': ' None', 'count': 0, 'meta': ''}, {'name': ' None', 'count': 0, 'meta': ''}, {'name': ' None', 'count': 0, 'meta': ''}, {'name': ' None', 'count': 0, 'meta': ''}, {'name': ' None', 'count': 0, 'meta': ''}, {'name': ' None', 'count': 0, 'meta': ''}, {'name': ' None', 'count': 0, 'meta': ''}, {'name': ' None', 'count': 0, 'meta': ''}, {'name': ' None', 'count': 0, 'meta': ''}]","Armor Slot 0: None, Count: 0; Armor Slot 1: None, Count: 0; Armor Slot 2: None, Count: 0; Armor Slot 3: None, Count: 0; ","Offhand: None, Count: 0; ",[],20.0,20.0,"[-0.8358072955710948, -0.5490229181631617, 1.318578663587828e-06]",south,0,0 minecraft:air,False,Player is not currently riding anything,0.1552320045166016
111.0,14:42:58.704689800,2025-07-30,literal{MF},"(-6.8609408455531, 68.92159999847412, 37.59886194341073)",20.0,"[{'name': ' None', 'count': 0, 'meta': ''}, {'name': ' None', 'count': 0, 'meta': ''}, {'name': ' None', 'count': 0, 'meta': ''}, {'name': ' None', 'count': 0, 'meta': ''}, {'name': ' None', 'count': 0, 'meta': ''}, {'name': ' None', 'count': 0, 'meta': ''}, {'name': ' None', 'count': 0, 'meta': ''}, {'name': ' None', 'count': 0, 'meta': ''}, {'name': ' None', 'count': 0, 'meta': ''}, {'name': ' None', 'count': 0, 'meta': ''}, {'name': ' None', 'count': 0, 'meta': ''}, {'name': ' None', 'count': 0, 'meta': ''}, {'name': ' None', 'count': 0, 'meta': ''}, {'name': ' None', 'count': 0, 'meta': ''}, {'name': ' None', 'count': 0, 'meta': ''}, {'name': ' None', 'count': 0, 'meta': ''}, {'name': ' None', 'count': 0, 'meta': ''}, {'name': ' None', 'count': 0, 'meta': ''}, {'name': ' None', 'count': 0, 'meta': ''}, {'name': ' None', 'count': 0, 'meta': ''}, {'name': ' None', 'count': 0, 'meta': ''}, {'name': ' None', 'count': 0, 'meta': ''}, {'name': ' None', 'count': 0, 'meta': ''}, {'name': ' None', 'count': 0, 'meta': ''}, {'name': ' None', 'count': 0, 'meta': ''}, {'name': ' None', 'count': 0, 'meta': ''}, {'name': ' None', 'count': 0, 'meta': ''}, {'name': ' None', 'count': 0, 'meta': ''}, {'name': ' None', 'count': 0, 'meta': ''}, {'name': ' None', 'count': 0, 'meta': ''}, {'name': ' None', 'count': 0, 'meta': ''}, {'name': ' None', 'count': 0, 'meta': ''}, {'name': ' None', 'count': 0, 'meta': ''}, {'name': ' None', 'count': 0, 'meta': ''}, {'name': ' None', 'count': 0, 'meta': ''}, {'name': ' None', 'count': 0, 'meta': ''}]","Armor Slot 0: None, Count: 0; Armor Slot 1: None, Count: 0; Armor Slot 2: None, Count: 0; Armor Slot 3: None, Count: 0; ","Offhand: None, Count: 0; ",[],20.0,20.0,"[-0.8358044347575161, -0.5490229181631617, -0.0021868176136174955]",south,0,0 minecraft:air,False,Player is not currently riding anything,0.230527368912964
111.0,14:42:58.746896200,2025-07-30,literal{MF},"(-6.863192692792883, 68.76636799395752, 37.73280123720153)",20.0,"[{'name': ' None', 'count': 0, 'meta': ''}, {'name': ' None', 'count': 0, 'meta': ''}, {'name': ' None', 'count': 0, 'meta': ''}, {'name': ' None', 'count': 0, 'meta': ''}, {'name': ' None', 'count': 0, 'meta': ''}, {'name': ' None', 'count': 0, 'meta': ''}, {'name': ' None', 'count': 0, 'meta': ''}, {'name': ' None', 'count': 0, 'meta': ''}, {'name': ' None', 'count': 0, 'meta': ''}, {'name': ' None', 'count': 0, 'meta': ''}, {'name': ' None', 'count': 0, 'meta': ''}, {'name': ' None', 'count': 0, 'meta': ''}, {'name': ' None', 'count': 0, 'meta': ''}, {'name': ' None', 'count': 0, 'meta': ''}, {'name': ' None', 'count': 0, 'meta': ''}, {'name': ' None', 'count': 0, 'meta': ''}, {'name': ' None', 'count': 0, 'meta': ''}, {'name': ' None', 'count': 0, 'meta': ''}, {'name': ' None', 'count': 0, 'meta': ''}, {'name': ' None', 'count': 0, 'meta': ''}, {'name': ' None', 'count': 0, 'meta': ''}, {'name': ' None', 'count': 0, 'meta': ''}, {'name': ' None', 'count': 0, 'meta': ''}, {'name': ' None', 'count': 0, 'meta': ''}, {'name': ' None', 'count': 0, 'meta': ''}, {'name': ' None', 'count': 0, 'meta': ''}, {'name': ' None', 'count': 0, 'meta': ''}, {'name': ' None', 'count': 0, 'meta': ''}, {'name': ' None', 'count': 0, 'meta': ''}, {'name': ' None', 'count': 0, 'meta': ''}, {'name': ' None', 'count': 0, 'meta': ''}, {'name': ' None', 'count': 0, 'meta': ''}, {'name': ' None', 'count': 0, 'meta': ''}, {'name': ' None', 'count': 0, 'meta': ''}, {'name': ' None', 'count': 0, 'meta': ''}, {'name': ' None', 'count': 0, 'meta': ''}]","Armor Slot 0: None, Count: 0; Armor Slot 1: None, Count: 0; Armor Slot 2: None, Count: 0; Armor Slot 3: None, Count: 0; ","Offhand: None, Count: 0; ",[],20.0,20.0,"[-0.8456279056288385, -0.5247290293321607, -0.09784115186317431]",south,0,0 minecraft:air,False,Player is not currently riding anything,0.30431682745754424
111.0,14:42:58.809454200,2025-07-30,literal{MF},"(-6.866915044333186, 68.53584062504456, 37.873929285404685)",20.0,"[{'name': ' None', 'count': 0, 'meta': ''}, {'name': ' None', 'count': 0, 'meta': ''}, {'name': ' None', 'count': 0, 'meta': ''}, {'name': ' None', 'count': 0, 'meta': ''}, {'name': ' None', 'count': 0, 'meta': ''}, {'name': ' None', 'count': 0, 'meta': ''}, {'name': ' None', 'count': 0, 'meta': ''}, {'name': ' None', 'count': 0, 'meta': ''}, {'name': ' None', 'count': 0, 'meta': ''}, {'name': ' None', 'count': 0, 'meta': ''}, {'name': ' None', 'count': 0, 'meta': ''}, {'name': ' None', 'count': 0, 'meta': ''}, {'name': ' None', 'count': 0, 'meta': ''}, {'name': ' None', 'count': 0, 'meta': ''}, {'name': ' None', 'count': 0, 'meta': ''}, {'name': ' None', 'count': 0, 'meta': ''}, {'name': ' None', 'count': 0, 'meta': ''}, {'name': ' None', 'count': 0, 'meta': ''}, {'name': ' None', 'count': 0, 'meta': ''}, {'name': ' None', 'count': 0, 'meta': ''}, {'name': ' None', 'count': 0, 'meta': ''}, {'name': ' None', 'count': 0, 'meta': ''}, {'name': ' None', 'count': 0, 'meta': ''}, {'name': ' None', 'count': 0, 'meta': ''}, {'name': ' None', 'count': 0, 'meta': ''}, {'name': ' None', 'count': 0, 'meta': ''}, {'name': ' None', 'count': 0, 'meta': ''}, {'name': ' None', 'count': 0, 'meta': ''}, {'name': ' None', 'count': 0, 'meta': ''}, {'name': ' None', 'count': 0, 'meta': ''}, {'name': ' None', 'count': 0, 'meta': ''}, {'name': ' None', 'count': 0, 'meta': ''}, {'name': ' None', 'count': 0, 'meta': ''}, {'name': ' None', 'count': 0, 'meta': ''}, {'name': ' None', 'count': 0, 'meta': ''}, {'name': ' None', 'count': 0, 'meta': ''}]","Armor Slot 0: None, Count: 0; Armor Slot 1: None, Count: 0; Armor Slot 2: None, Count: 0; Armor Slot 3: None, Count: 0; ","Offhand: None, Count: 0; ",[],20.0,20.0,"[-0.8424426168402518, -0.5135413034743832, -0.16299008238902193]",south,0,0 minecraft:air,False,Player is not currently riding anything,0.37663049823865513
111.0,14:42:58.845020100,2025-07-30,literal{MF},"(-6.875918193339639, 68.23152379758702, 38.02113406280019)",20.0,"[{'name': ' None', 'count': 0, 'meta': ''}, {'name': ' None', 'count': 0, 'meta': ''}, {'name': ' None', 'count': 0, 'meta': ''}, {'name': ' None', 'count': 0, 'meta': ''}, {'name': ' None', 'count': 0, 'meta': ''}, {'name': ' None', 'count': 0, 'meta': ''}, {'name': ' None', 'count': 0, 'meta': ''}, {'name': ' None', 'count': 0, 'meta': ''}, {'name': ' None', 'count': 0, 'meta': ''}, {'name': ' None', 'count': 0, 'meta': ''}, {'name': ' None', 'count': 0, 'meta': ''}, {'name': ' None', 'count': 0, 'meta': ''}, {'name': ' None', 'count': 0, 'meta': ''}, {'name': ' None', 'count': 0, 'meta': ''}, {'name': ' None', 'count': 0, 'meta': ''}, {'name': ' None', 'count': 0, 'meta': ''}, {'name': ' None', 'count': 0, 'meta': ''}, {'name': ' None', 'count': 0, 'meta': ''}, {'name': ' None', 'count': 0, 'meta': ''}, {'name': ' None', 'count': 0, 'meta': ''}, {'name': ' None', 'count': 0, 'meta': ''}, {'name': ' None', 'count': 0, 'meta': ''}, {'name': ' None', 'count': 0, 'meta': ''}, {'name': ' None', 'count': 0, 'meta': ''}, {'name': ' None', 'count': 0, 'meta': ''}, {'name': ' None', 'count': 0, 'meta': ''}, {'name': ' None', 'count': 0, 'meta': ''}, {'name': ' None', 'count': 0, 'meta': ''}, {'name': ' None', 'count': 0, 'meta': ''}, {'name': ' None', 'count': 0, 'meta': ''}, {'name': ' None', 'count': 0, 'meta': ''}, {'name': ' None', 'count': 0, 'meta': ''}, {'name': ' None', 'count': 0, 'meta': ''}, {'name': ' None', 'count': 0, 'meta': ''}, {'name': ' None', 'count': 0, 'meta': ''}, {'name': ' None', 'count': 0, 'meta': ''}]","Armor Slot 0: None, Count: 0; Armor Slot 1: None, Count: 0; Armor Slot 2: None, Count: 0; Armor Slot 3: None, Count: 0; ","Offhand: None, Count: 0; ",[],20.0,20.0,"[-0.8284588653790506, -0.5022655849579734, -0.2477603490102501]",south,0,0 minecraft:air,False,Player is not currently riding anything,0.0784000015258789
111.0,14:42:58.899625300,2025-07-30,literal{MF},"(-6.892455449313328, 68.0, 38.172825440279816)",20.0,"[{'name': ' None', 'count': 0, 'meta': ''}, {'name': ' None', 'count': 0, 'meta': ''}, {'name': ' None', 'count': 0, 'meta': ''}, {'name': ' None', 'count': 0, 'meta': ''}, {'name': ' None', 'count': 0, 'meta': ''}, {'name': ' None', 'count': 0, 'meta': ''}, {'name': ' None', 'count': 0, 'meta': ''}, {'name': ' None', 'count': 0, 'meta': ''}, {'name': ' None', 'count': 0, 'meta': ''}, {'name': ' None', 'count': 0, 'meta': ''}, {'name': ' None', 'count': 0, 'meta': ''}, {'name': ' None', 'count': 0, 'meta': ''}, {'name': ' None', 'count': 0, 'meta': ''}, {'name': ' None', 'count': 0, 'meta': ''}, {'name': ' None', 'count': 0, 'meta': ''}, {'name': ' None', 'count': 0, 'meta': ''}, {'name': ' None', 'count': 0, 'meta': ''}, {'name': ' None', 'count': 0, 'meta': ''}, {'name': ' None', 'count': 0, 'meta': ''}, {'name': ' None', 'count': 0, 'meta': ''}, {'name': ' None', 'count': 0, 'meta': ''}, {'name': ' None', 'count': 0, 'meta': ''}, {'name': ' None', 'count': 0, 'meta': ''}, {'name': ' None', 'count': 0, 'meta': ''}, {'name': ' None', 'count': 0, 'meta': ''}, {'name': ' None', 'count': 0, 'meta': ''}, {'name': ' None', 'count': 0, 'meta': ''}, {'name': ' None', 'count': 0, 'meta': ''}, {'name': ' None', 'count': 0, 'meta': ''}, {'name': ' None', 'count': 0, 'meta': ''}, {'name': ' None', 'count': 0, 'meta': ''}, {'name': ' None', 'count': 0, 'meta': ''}, {'name': ' None', 'count': 0, 'meta': ''}, {'name': ' None', 'count': 0, 'meta': ''}, {'name': ' None', 'count': 0, 'meta': ''}, {'name': ' None', 'count': 0, 'meta': ''}]","Armor Slot 0: None, Count: 0; Armor Slot 1: None, Count: 0; Armor Slot 2: None, Count: 0; Armor Slot 3: None, Count: 0; ","Offhand: None, Count: 0; ",[],20.0,20.0,"[-0.7836037308112358, -0.5000000576591278, -0.3687345053010108]",south,0,0 minecraft:air,False,Player is not currently riding anything,0.0784000015258789
103.0,14:42:58.944448800,2025-07-30,literal{MF},"(-6.9606623643965495, 68.0, 38.39319458656993)",20.0,"[{'name': ' None', 'count': 0, 'meta': ''}, {'name': ' None', 'count': 0, 'meta': ''}, {'name': ' None', 'count': 0, 'meta': ''}, {'name': ' None', 'count': 0, 'meta': ''}, {'name': ' None', 'count': 0, 'meta': ''}, {'name': ' None', 'count': 0, 'meta': ''}, {'name': ' None', 'count': 0, 'meta': ''}, {'name': ' None', 'count': 0, 'meta': ''}, {'name': ' None', 'count': 0, 'meta': ''}, {'name': ' None', 'count': 0, 'meta': ''}, {'name': ' None', 'count': 0, 'meta': ''}, {'name': ' None', 'count': 0, 'meta': ''}, {'name': ' None', 'count': 0, 'meta': ''}, {'name': ' None', 'count': 0, 'meta': ''}, {'name': ' None', 'count': 0, 'meta': ''}, {'name': ' None', 'count': 0, 'meta': ''}, {'name': ' None', 'count': 0, 'meta': ''}, {'name': ' None', 'count': 0, 'meta': ''}, {'name': ' None', 'count': 0, 'meta': ''}, {'name': ' None', 'count': 0, 'meta': ''}, {'name': ' None', 'count': 0, 'meta': ''}, {'name': ' None', 'count': 0, 'meta': ''}, {'name': ' None', 'count': 0, 'meta': ''}, {'name': ' None', 'count': 0, 'meta': ''}, {'name': ' None', 'count': 0, 'meta': ''}, {'name': ' None', 'count': 0, 'meta': ''}, {'name': ' None', 'count': 0, 'meta': ''}, {'name': ' None', 'count': 0, 'meta': ''}, {'name': ' None', 'count': 0, 'meta': ''}, {'name': ' None', 'count': 0, 'meta': ''}, {'name': ' None', 'count': 0, 'meta': ''}, {'name': ' None', 'count': 0, 'meta': ''}, {'name': ' None', 'count': 0, 'meta': ''}, {'name': ' None', 'count': 0, 'meta': ''}, {'name': ' None', 'count': 0, 'meta': ''}, {'name': ' None', 'count': 0, 'meta': ''}]","Armor Slot 0: None, Count: 0; Armor Slot 1: None, Count: 0; Armor Slot 2: None, Count: 0; Armor Slot 3: None, Count: 0; ","Offhand: None, Count: 0; ",[],20.0,20.0,"[-0.7393361866552334, -0.4748564543237275, -0.47738176639791713]",south,0,0 minecraft:air,False,Player is not currently riding anything,0.0784000015258789
103.0,14:42:59.056264600,2025-07-30,literal{MF},"(-7.056538152171077, 68.0, 38.59203978261143)",20.0,"[{'name': ' None', 'count': 0, 'meta': ''}, {'name': ' None', 'count': 0, 'meta': ''}, {'name': ' None', 'count': 0, 'meta': ''}, {'name': ' None', 'count': 0, 'meta': ''}, {'name': ' None', 'count': 0, 'meta': ''}, {'name': ' None', 'count': 0, 'meta': ''}, {'name': ' None', 'count': 0, 'meta': ''}, {'name': ' None', 'count': 0, 'meta': ''}, {'name': ' None', 'count': 0, 'meta': ''}, {'name': ' None', 'count': 0, 'meta': ''}, {'name': ' None', 'count': 0, 'meta': ''}, {'name': ' None', 'count': 0, 'meta': ''}, {'name': ' None', 'count': 0, 'meta': ''}, {'name': ' None', 'count': 0, 'meta': ''}, {'name': ' None', 'count': 0, 'meta': ''}, {'name': ' None', 'count': 0, 'meta': ''}, {'name': ' None', 'count': 0, 'meta': ''}, {'name': ' None', 'count': 0, 'meta': ''}, {'name': ' None', 'count': 0, 'meta': ''}, {'name': ' None', 'count': 0, 'meta': ''}, {'name': ' None', 'count': 0, 'meta': ''}, {'name': ' None', 'count': 0, 'meta': ''}, {'name': ' None', 'count': 0, 'meta': ''}, {'name': ' None', 'count': 0, 'meta': ''}, {'name': ' None', 'count': 0, 'meta': ''}, {'name': ' None', 'count': 0, 'meta': ''}, {'name': ' None', 'count': 0, 'meta': ''}, {'name': ' None', 'count': 0, 'meta': ''}, {'name': ' None', 'count': 0, 'meta': ''}, {'name': ' None', 'count': 0, 'meta': ''}, {'name': ' None', 'count': 0, 'meta': ''}, {'name': ' None', 'count': 0, 'meta': ''}, {'name': ' None', 'count': 0, 'meta': ''}, {'name': ' None', 'count': 0, 'meta': ''}, {'name': ' None', 'count': 0, 'meta': ''}, {'name': ' None', 'count': 0, 'meta': ''}]","Armor Slot 0: None, Count: 0; Armor Slot 1: None, Count: 0; Armor Slot 2: None, Count: 0; Armor Slot 3: None, Count: 0; ","Offhand: None, Count: 0; ",[],20.0,20.0,"[-0.7129683492059908, -0.4563216738406911, -0.5323970914775119]",south,0,0 minecraft:air,False,Player is not currently riding anything,0.0784000015258789
103.0,14:42:59.078818400,2025-07-30,literal{MF},"(-7.297999725274771, 68.0, 38.95089596246148)",20.0,"[{'name': ' None', 'count': 0, 'meta': ''}, {'name': ' None', 'count': 0, 'meta': ''}, {'name': ' None', 'count': 0, 'meta': ''}, {'name': ' None', 'count': 0, 'meta': ''}, {'name': ' None', 'count': 0, 'meta': ''}, {'name': ' None', 'count': 0, 'meta': ''}, {'name': ' None', 'count': 0, 'meta': ''}, {'name': ' None', 'count': 0, 'meta': ''}, {'name': ' None', 'count': 0, 'meta': ''}, {'name': ' None', 'count': 0, 'meta': ''}, {'name': ' None', 'count': 0, 'meta': ''}, {'name': ' None', 'count': 0, 'meta': ''}, {'name': ' None', 'count': 0, 'meta': ''}, {'name': ' None', 'count': 0, 'meta': ''}, {'name': ' None', 'count': 0, 'meta': ''}, {'name': ' None', 'count': 0, 'meta': ''}, {'name': ' None', 'count': 0, 'meta': ''}, {'name': ' None', 'count': 0, 'meta': ''}, {'name': ' None', 'count': 0, 'meta': ''}, {'name': ' None', 'count': 0, 'meta': ''}, {'name': ' None', 'count': 0, 'meta': ''}, {'name': ' None', 'count': 0, 'meta': ''}, {'name': ' None', 'count': 0, 'meta': ''}, {'name': ' None', 'count': 0, 'meta': ''}, {'name': ' None', 'count': 0, 'meta': ''}, {'name': ' None', 'count': 0, 'meta': ''}, {'name': ' None', 'count': 0, 'meta': ''}, {'name': ' None', 'count': 0, 'meta': ''}, {'name': ' None', 'count': 0, 'meta': ''}, {'name': ' None', 'count': 0, 'meta': ''}, {'name': ' None', 'count': 0, 'meta': ''}, {'name': ' None', 'count': 0, 'meta': ''}, {'name': ' None', 'count': 0, 'meta': ''}, {'name': ' None', 'count': 0, 'meta': ''}, {'name': ' None', 'count': 0, 'meta': ''}, {'name': ' None', 'count': 0, 'meta': ''}]","Armor Slot 0: None, Count: 0; Armor Slot 1: None, Count: 0; Armor Slot 2: None, Count: 0; Armor Slot 3: None, Count: 0; ","Offhand: None, Count: 0; ",[],20.0,20.0,"[-0.684759715278952, -0.4469787278753594, -0.5755989481905035]",south,0,0 minecraft:air,False,Player is not currently riding anything,0.0784000015258789
103.0,14:42:59.091353700,2025-07-30,literal{MF},"(-7.297999725274771, 68.0, 38.95089596246148)",20.0,"[{'name': ' None', 'count': 0, 'meta': ''}, {'name': ' None', 'count': 0, 'meta': ''}, {'name': ' None', 'count': 0, 'meta': ''}, {'name': ' None', 'count': 0, 'meta': ''}, {'name': ' None', 'count': 0, 'meta': ''}, {'name': ' None', 'count': 0, 'meta': ''}, {'name': ' None', 'count': 0, 'meta': ''}, {'name': ' None', 'count': 0, 'meta': ''}, {'name': ' None', 'count': 0, 'meta': ''}, {'name': ' None', 'count': 0, 'meta': ''}, {'name': ' None', 'count': 0, 'meta': ''}, {'name': ' None', 'count': 0, 'meta': ''}, {'name': ' None', 'count': 0, 'meta': ''}, {'name': ' None', 'count': 0, 'meta': ''}, {'name': ' None', 'count': 0, 'meta': ''}, {'name': ' None', 'count': 0, 'meta': ''}, {'name': ' None', 'count': 0, 'meta': ''}, {'name': ' None', 'count': 0, 'meta': ''}, {'name': ' None', 'count': 0, 'meta': ''}, {'name': ' None', 'count': 0, 'meta': ''}, {'name': ' None', 'count': 0, 'meta': ''}, {'name': ' None', 'count': 0, 'meta': ''}, {'name': ' None', 'count': 0, 'meta': ''}, {'name': ' None', 'count': 0, 'meta': ''}, {'name': ' None', 'count': 0, 'meta': ''}, {'name': ' None', 'count': 0, 'meta': ''}, {'name': ' None', 'count': 0, 'meta': ''}, {'name': ' None', 'count': 0, 'meta': ''}, {'name': ' None', 'count': 0, 'meta': ''}, {'name': ' None', 'count': 0, 'meta': ''}, {'name': ' None', 'count': 0, 'meta': ''}, {'name': ' None', 'count': 0, 'meta': ''}, {'name': ' None', 'count': 0, 'meta': ''}, {'name': ' None', 'count': 0, 'meta': ''}, {'name': ' None', 'count': 0, 'meta': ''}, {'name': ' None', 'count': 0, 'meta': ''}]","Armor Slot 0: None, Count: 0; Armor Slot 1: None, Count: 0; Armor Slot 2: None, Count: 0; Armor Slot 3: None, Count: 0; ","Offhand: None, Count: 0; ",[],20.0,20.0,"[-0.684759715278952, -0.4469787278753594, -0.5755989481905035]",south,0,0 minecraft:air,False,Player is not currently riding anything,0.0784000015258789
103.0,14:42:59.149664800,2025-07-30,literal{MF},"(-7.429881407064297, 68.0, 39.12161280206364)",20.0,"[{'name': ' None', 'count': 0, 'meta': ''}, {'name': ' None', 'count': 0, 'meta': ''}, {'name': ' None', 'count': 0, 'meta': ''}, {'name': ' None', 'count': 0, 'meta': ''}, {'name': ' None', 'count': 0, 'meta': ''}, {'name': ' None', 'count': 0, 'meta': ''}, {'name': ' None', 'count': 0, 'meta': ''}, {'name': ' None', 'count': 0, 'meta': ''}, {'name': ' None', 'count': 0, 'meta': ''}, {'name': ' None', 'count': 0, 'meta': ''}, {'name': ' None', 'count': 0, 'meta': ''}, {'name': ' None', 'count': 0, 'meta': ''}, {'name': ' None', 'count': 0, 'meta': ''}, {'name': ' None', 'count': 0, 'meta': ''}, {'name': ' None', 'count': 0, 'meta': ''}, {'name': ' None', 'count': 0, 'meta': ''}, {'name': ' None', 'count': 0, 'meta': ''}, {'name': ' None', 'count': 0, 'meta': ''}, {'name': ' None', 'count': 0, 'meta': ''}, {'name': ' None', 'count': 0, 'meta': ''}, {'name': ' None', 'count': 0, 'meta': ''}, {'name': ' None', 'count': 0, 'meta': ''}, {'name': ' None', 'count': 0, 'meta': ''}, {'name': ' None', 'count': 0, 'meta': ''}, {'name': ' None', 'count': 0, 'meta': ''}, {'name': ' None', 'count': 0, 'meta': ''}, {'name': ' None', 'count': 0, 'meta': ''}, {'name': ' None', 'count': 0, 'meta': ''}, {'name': ' None', 'count': 0, 'meta': ''}, {'name': ' None', 'count': 0, 'meta': ''}, {'name': ' None', 'count': 0, 'meta': ''}, {'name': ' None', 'count': 0, 'meta': ''}, {'name': ' None', 'count': 0, 'meta': ''}, {'name': ' None', 'count': 0, 'meta': ''}, {'name': ' None', 'count': 0, 'meta': ''}, {'name': ' None', 'count': 0, 'meta': ''}]","Armor Slot 0: None, Count: 0; Armor Slot 1: None, Count: 0; Armor Slot 2: None, Count: 0; Armor Slot 3: None, Count: 0; ","Offhand: None, Count: 0; ",[],20.0,20.0,"[-0.684759715278952, -0.4469787278753594, -0.5755989481905035]",south,0,0 minecraft:air,False,Player is not currently riding anything,0.0784000015258789
103.0,14:42:59.196295300,2025-07-30,literal{MF},"(-7.564941158505227, 68.0, 39.28984688492862)",20.0,"[{'name': ' None', 'count': 0, 'meta': ''}, {'name': ' None', 'count': 0, 'meta': ''}, {'name': ' None', 'count': 0, 'meta': ''}, {'name': ' None', 'count': 0, 'meta': ''}, {'name': ' None', 'count': 0, 'meta': ''}, {'name': ' None', 'count': 0, 'meta': ''}, {'name': ' None', 'count': 0, 'meta': ''}, {'name': ' None', 'count': 0, 'meta': ''}, {'name': ' None', 'count': 0, 'meta': ''}, {'name': ' None', 'count': 0, 'meta': ''}, {'name': ' None', 'count': 0, 'meta': ''}, {'name': ' None', 'count': 0, 'meta': ''}, {'name': ' None', 'count': 0, 'meta': ''}, {'name': ' None', 'count': 0, 'meta': ''}, {'name': ' None', 'count': 0, 'meta': ''}, {'name': ' None', 'count': 0, 'meta': ''}, {'name': ' None', 'count': 0, 'meta': ''}, {'name': ' None', 'count': 0, 'meta': ''}, {'name': ' None', 'count': 0, 'meta': ''}, {'name': ' None', 'count': 0, 'meta': ''}, {'name': ' None', 'count': 0, 'meta': ''}, {'name': ' None', 'count': 0, 'meta': ''}, {'name': ' None', 'count': 0, 'meta': ''}, {'name': ' None', 'count': 0, 'meta': ''}, {'name': ' None', 'count': 0, 'meta': ''}, {'name': ' None', 'count': 0, 'meta': ''}, {'name': ' None', 'count': 0, 'meta': ''}, {'name': ' None', 'count': 0, 'meta': ''}, {'name': ' None', 'count': 0, 'meta': ''}, {'name': ' None', 'count': 0, 'meta': ''}, {'name': ' None', 'count': 0, 'meta': ''}, {'name': ' None', 'count': 0, 'meta': ''}, {'name': ' None', 'count': 0, 'meta': ''}, {'name': ' None', 'count': 0, 'meta': ''}, {'name': ' None', 'count': 0, 'meta': ''}, {'name': ' None', 'count': 0, 'meta': ''}]","Armor Slot 0: None, Count: 0; Armor Slot 1: None, Count: 0; Armor Slot 2: None, Count: 0; Armor Slot 3: None, Count: 0; ","Offhand: None, Count: 0; ",[],20.0,20.0,"[-0.6678818272463615, -0.4886213576768214, -0.5614116436770091]",south,0,0 minecraft:air,False,Player is not currently riding anything,0.0784000015258789
103.0,14:42:59.245697600,2025-07-30,literal{MF},"(-7.699353523151849, 68.0, 39.45866493042069)",20.0,"[{'name': ' None', 'count': 0, 'meta': ''}, {'name': ' None', 'count': 0, 'meta': ''}, {'name': ' None', 'count': 0, 'meta': ''}, {'name': ' None', 'count': 0, 'meta': ''}, {'name': ' None', 'count': 0, 'meta': ''}, {'name': ' None', 'count': 0, 'meta': ''}, {'name': ' None', 'count': 0, 'meta': ''}, {'name': ' None', 'count': 0, 'meta': ''}, {'name': ' None', 'count': 0, 'meta': ''}, {'name': ' None', 'count': 0, 'meta': ''}, {'name': ' None', 'count': 0, 'meta': ''}, {'name': ' None', 'count': 0, 'meta': ''}, {'name': ' None', 'count': 0, 'meta': ''}, {'name': ' None', 'count': 0, 'meta': ''}, {'name': ' None', 'count': 0, 'meta': ''}, {'name': ' None', 'count': 0, 'meta': ''}, {'name': ' None', 'count': 0, 'meta': ''}, {'name': ' None', 'count': 0, 'meta': ''}, {'name': ' None', 'count': 0, 'meta': ''}, {'name': ' None', 'count': 0, 'meta': ''}, {'name': ' None', 'count': 0, 'meta': ''}, {'name': ' None', 'count': 0, 'meta': ''}, {'name': ' None', 'count': 0, 'meta': ''}, {'name': ' None', 'count': 0, 'meta': ''}, {'name': ' None', 'count': 0, 'meta': ''}, {'name': ' None', 'count': 0, 'meta': ''}, {'name': ' None', 'count': 0, 'meta': ''}, {'name': ' None', 'count': 0, 'meta': ''}, {'name': ' None', 'count': 0, 'meta': ''}, {'name': ' None', 'count': 0, 'meta': ''}, {'name': ' None', 'count': 0, 'meta': ''}, {'name': ' None', 'count': 0, 'meta': ''}, {'name': ' None', 'count': 0, 'meta': ''}, {'name': ' None', 'count': 0, 'meta': ''}, {'name': ' None', 'count': 0, 'meta': ''}, {'name': ' None', 'count': 0, 'meta': ''}]","Armor Slot 0: None, Count: 0; Armor Slot 1: None, Count: 0; Armor Slot 2: None, Count: 0; Armor Slot 3: None, Count: 0; ","Offhand: None, Count: 0; ",[],20.0,20.0,"[-0.6495210635296526, -0.5620834989978087, -0.5120395767767268]",south,0,0 minecraft:air,False,Player is not currently riding anything,0.0784000015258789
103.0,14:42:59.290209700,2025-07-30,literal{MF},"(-7.8313774905867, 68.0, 39.62936322215712)",20.0,"[{'name': ' None', 'count': 0, 'meta': ''}, {'name': ' None', 'count': 0, 'meta': ''}, {'name': ' None', 'count': 0, 'meta': ''}, {'name': ' None', 'count': 0, 'meta': ''}, {'name': ' None', 'count': 0, 'meta': ''}, {'name': ' None', 'count': 0, 'meta': ''}, {'name': ' None', 'count': 0, 'meta': ''}, {'name': ' None', 'count': 0, 'meta': ''}, {'name': ' None', 'count': 0, 'meta': ''}, {'name': ' None', 'count': 0, 'meta': ''}, {'name': ' None', 'count': 0, 'meta': ''}, {'name': ' None', 'count': 0, 'meta': ''}, {'name': ' None', 'count': 0, 'meta': ''}, {'name': ' None', 'count': 0, 'meta': ''}, {'name': ' None', 'count': 0, 'meta': ''}, {'name': ' None', 'count': 0, 'meta': ''}, {'name': ' None', 'count': 0, 'meta': ''}, {'name': ' None', 'count': 0, 'meta': ''}, {'name': ' None', 'count': 0, 'meta': ''}, {'name': ' None', 'count': 0, 'meta': ''}, {'name': ' None', 'count': 0, 'meta': ''}, {'name': ' None', 'count': 0, 'meta': ''}, {'name': ' None', 'count': 0, 'meta': ''}, {'name': ' None', 'count': 0, 'meta': ''}, {'name': ' None', 'count': 0, 'meta': ''}, {'name': ' None', 'count': 0, 'meta': ''}, {'name': ' None', 'count': 0, 'meta': ''}, {'name': ' None', 'count': 0, 'meta': ''}, {'name': ' None', 'count': 0, 'meta': ''}, {'name': ' None', 'count': 0, 'meta': ''}, {'name': ' None', 'count': 0, 'meta': ''}, {'name': ' None', 'count': 0, 'meta': ''}, {'name': ' None', 'count': 0, 'meta': ''}, {'name': ' None', 'count': 0, 'meta': ''}, {'name': ' None', 'count': 0, 'meta': ''}, {'name': ' None', 'count': 0, 'meta': ''}]","Armor Slot 0: None, Count: 0; Armor Slot 1: None, Count: 0; Armor Slot 2: None, Count: 0; Armor Slot 3: None, Count: 0; ","Offhand: None, Count: 0; ",[],20.0,20.0,"[-0.5883792815582068, -0.6788008433138925, -0.4393623062455368]",south,0,0 minecraft:air,False,Player is not currently riding anything,0.0784000015258789
103.0,14:42:59.338072200,2025-07-30,literal{MF},"(-7.9633173099741095, 68.0, 39.80016226611807)",20.0,"[{'name': ' None', 'count': 0, 'meta': ''}, {'name': ' None', 'count': 0, 'meta': ''}, {'name': ' None', 'count': 0, 'meta': ''}, {'name': ' None', 'count': 0, 'meta': ''}, {'name': ' None', 'count': 0, 'meta': ''}, {'name': ' None', 'count': 0, 'meta': ''}, {'name': ' None', 'count': 0, 'meta': ''}, {'name': ' None', 'count': 0, 'meta': ''}, {'name': ' None', 'count': 0, 'meta': ''}, {'name': ' None', 'count': 0, 'meta': ''}, {'name': ' None', 'count': 0, 'meta': ''}, {'name': ' None', 'count': 0, 'meta': ''}, {'name': ' None', 'count': 0, 'meta': ''}, {'name': ' None', 'count': 0, 'meta': ''}, {'name': ' None', 'count': 0, 'meta': ''}, {'name': ' None', 'count': 0, 'meta': ''}, {'name': ' None', 'count': 0, 'meta': ''}, {'name': ' None', 'count': 0, 'meta': ''}, {'name': ' None', 'count': 0, 'meta': ''}, {'name': ' None', 'count': 0, 'meta': ''}, {'name': ' None', 'count': 0, 'meta': ''}, {'name': ' None', 'count': 0, 'meta': ''}, {'name': ' None', 'count': 0, 'meta': ''}, {'name': ' None', 'count': 0, 'meta': ''}, {'name': ' None', 'count': 0, 'meta': ''}, {'name': ' None', 'count': 0, 'meta': ''}, {'name': ' None', 'count': 0, 'meta': ''}, {'name': ' None', 'count': 0, 'meta': ''}, {'name': ' None', 'count': 0, 'meta': ''}, {'name': ' None', 'count': 0, 'meta': ''}, {'name': ' None', 'count': 0, 'meta': ''}, {'name': ' None', 'count': 0, 'meta': ''}, {'name': ' None', 'count': 0, 'meta': ''}, {'name': ' None', 'count': 0, 'meta': ''}, {'name': ' None', 'count': 0, 'meta': ''}, {'name': ' None', 'count': 0, 'meta': ''}]","Armor Slot 0: None, Count: 0; Armor Slot 1: None, Count: 0; Armor Slot 2: None, Count: 0; Armor Slot 3: None, Count: 0; ","Offhand: None, Count: 0; ",[],20.0,20.0,"[-0.48854288925515815, -0.7869350794756416, -0.3769071849260609]",south,0,0 minecraft:air,False,Player is not currently riding anything,0.0784000015258789
103.0,14:42:59.388359700,2025-07-30,literal{MF},"(-8.092535971331822, 68.0, 39.973008153840034)",20.0,"[{'name': ' None', 'count': 0, 'meta': ''}, {'name': ' None', 'count': 0, 'meta': ''}, {'name': ' None', 'count': 0, 'meta': ''}, {'name': ' None', 'count': 0, 'meta': ''}, {'name': ' None', 'count': 0, 'meta': ''}, {'name': ' None', 'count': 0, 'meta': ''}, {'name': ' None', 'count': 0, 'meta': ''}, {'name': ' None', 'count': 0, 'meta': ''}, {'name': ' None', 'count': 0, 'meta': ''}, {'name': ' None', 'count': 0, 'meta': ''}, {'name': ' None', 'count': 0, 'meta': ''}, {'name': ' None', 'count': 0, 'meta': ''}, {'name': ' None', 'count': 0, 'meta': ''}, {'name': ' None', 'count': 0, 'meta': ''}, {'name': ' None', 'count': 0, 'meta': ''}, {'name': ' None', 'count': 0, 'meta': ''}, {'name': ' None', 'count': 0, 'meta': ''}, {'name': ' None', 'count': 0, 'meta': ''}, {'name': ' None', 'count': 0, 'meta': ''}, {'name': ' None', 'count': 0, 'meta': ''}, {'name': ' None', 'count': 0, 'meta': ''}, {'name': ' None', 'count': 0, 'meta': ''}, {'name': ' None', 'count': 0, 'meta': ''}, {'name': ' None', 'count': 0, 'meta': ''}, {'name': ' None', 'count': 0, 'meta': ''}, {'name': ' None', 'count': 0, 'meta': ''}, {'name': ' None', 'count': 0, 'meta': ''}, {'name': ' None', 'count': 0, 'meta': ''}, {'name': ' None', 'count': 0, 'meta': ''}, {'name': ' None', 'count': 0, 'meta': ''}, {'name': ' None', 'count': 0, 'meta': ''}, {'name': ' None', 'count': 0, 'meta': ''}, {'name': ' None', 'count': 0, 'meta': ''}, {'name': ' None', 'count': 0, 'meta': ''}, {'name': ' None', 'count': 0, 'meta': ''}, {'name': ' None', 'count': 0, 'meta': ''}]","Armor Slot 0: None, Count: 0; Armor Slot 1: None, Count: 0; Armor Slot 2: None, Count: 0; Armor Slot 3: None, Count: 0; ","Offhand: None, Count: 0; ",[],20.0,20.0,"[-0.41886154630767336, -0.8567175944141918, -0.30098167460147]",south,0,0 minecraft:air,False,Player is not currently riding anything,0.0784000015258789
103.0,14:42:59.441410600,2025-07-30,literal{MF},"(-8.216247380341555, 68.0, 40.149712008303396)",20.0,"[{'name': ' None', 'count': 0, 'meta': ''}, {'name': ' None', 'count': 0, 'meta': ''}, {'name': ' None', 'count': 0, 'meta': ''}, {'name': ' None', 'count': 0, 'meta': ''}, {'name': ' None', 'count': 0, 'meta': ''}, {'name': ' None', 'count': 0, 'meta': ''}, {'name': ' None', 'count': 0, 'meta': ''}, {'name': ' None', 'count': 0, 'meta': ''}, {'name': ' None', 'count': 0, 'meta': ''}, {'name': ' None', 'count': 0, 'meta': ''}, {'name': ' None', 'count': 0, 'meta': ''}, {'name': ' None', 'count': 0, 'meta': ''}, {'name': ' None', 'count': 0, 'meta': ''}, {'name': ' None', 'count': 0, 'meta': ''}, {'name': ' None', 'count': 0, 'meta': ''}, {'name': ' None', 'count': 0, 'meta': ''}, {'name': ' None', 'count': 0, 'meta': ''}, {'name': ' None', 'count': 0, 'meta': ''}, {'name': ' None', 'count': 0, 'meta': ''}, {'name': ' None', 'count': 0, 'meta': ''}, {'name': ' None', 'count': 0, 'meta': ''}, {'name': ' None', 'count': 0, 'meta': ''}, {'name': ' None', 'count': 0, 'meta': ''}, {'name': ' None', 'count': 0, 'meta': ''}, {'name': ' None', 'count': 0, 'meta': ''}, {'name': ' None', 'count': 0, 'meta': ''}, {'name': ' None', 'count': 0, 'meta': ''}, {'name': ' None', 'count': 0, 'meta': ''}, {'name': ' None', 'count': 0, 'meta': ''}, {'name': ' None', 'count': 0, 'meta': ''}, {'name': ' None', 'count': 0, 'meta': ''}, {'name': ' None', 'count': 0, 'meta': ''}, {'name': ' None', 'count': 0, 'meta': ''}, {'name': ' None', 'count': 0, 'meta': ''}, {'name': ' None', 'count': 0, 'meta': ''}, {'name': ' None', 'count': 0, 'meta': ''}]","Armor Slot 0: None, Count: 0; Armor Slot 1: None, Count: 0; Armor Slot 2: None, Count: 0; Armor Slot 3: None, Count: 0; ","Offhand: None, Count: 0; ",[],20.0,20.0,"[-0.37747021924650176, -0.8933714421752305, -0.24372874243253848]",south,0,0 minecraft:air,False,Player is not currently riding anything,0.0784000015258789
103.0,14:42:59.488823600,2025-07-30,literal{MF},"(-8.335427395912442, 68.0, 40.32948187923996)",20.0,"[{'name': ' None', 'count': 0, 'meta': ''}, {'name': ' None', 'count': 0, 'meta': ''}, {'name': ' None', 'count': 0, 'meta': ''}, {'name': ' None', 'count': 0, 'meta': ''}, {'name': ' None', 'count': 0, 'meta': ''}, {'name': ' None', 'count': 0, 'meta': ''}, {'name': ' None', 'count': 0, 'meta': ''}, {'name': ' None', 'count': 0, 'meta': ''}, {'name': ' None', 'count': 0, 'meta': ''}, {'name': ' None', 'count': 0, 'meta': ''}, {'name': ' None', 'count': 0, 'meta': ''}, {'name': ' None', 'count': 0, 'meta': ''}, {'name': ' None', 'count': 0, 'meta': ''}, {'name': ' None', 'count': 0, 'meta': ''}, {'name': ' None', 'count': 0, 'meta': ''}, {'name': ' None', 'count': 0, 'meta': ''}, {'name': ' None', 'count': 0, 'meta': ''}, {'name': ' None', 'count': 0, 'meta': ''}, {'name': ' None', 'count': 0, 'meta': ''}, {'name': ' None', 'count': 0, 'meta': ''}, {'name': ' None', 'count': 0, 'meta': ''}, {'name': ' None', 'count': 0, 'meta': ''}, {'name': ' None', 'count': 0, 'meta': ''}, {'name': ' None', 'count': 0, 'meta': ''}, {'name': ' None', 'count': 0, 'meta': ''}, {'name': ' None', 'count': 0, 'meta': ''}, {'name': ' None', 'count': 0, 'meta': ''}, {'name': ' None', 'count': 0, 'meta': ''}, {'name': ' None', 'count': 0, 'meta': ''}, {'name': ' None', 'count': 0, 'meta': ''}, {'name': ' None', 'count': 0, 'meta': ''}, {'name': ' None', 'count': 0, 'meta': ''}, {'name': ' None', 'count': 0, 'meta': ''}, {'name': ' None', 'count': 0, 'meta': ''}, {'name': ' None', 'count': 0, 'meta': ''}, {'name': ' None', 'count': 0, 'meta': ''}]","Armor Slot 0: None, Count: 0; Armor Slot 1: None, Count: 0; Armor Slot 2: None, Count: 0; Armor Slot 3: None, Count: 0; ","Offhand: None, Count: 0; ",[],20.0,20.0,"[-0.3618668521788525, -0.9048271318403227, -0.22436631382581432]",south,0,0 minecraft:air,False,Player is not currently riding anything,0.0784000015258789
103.0,14:42:59.545497600,2025-07-30,literal{MF},"(-8.452133270378342, 68.0, 40.51092579536533)",20.0,"[{'name': ' None', 'count': 0, 'meta': ''}, {'name': ' None', 'count': 0, 'meta': ''}, {'name': ' None', 'count': 0, 'meta': ''}, {'name': ' None', 'count': 0, 'meta': ''}, {'name': ' None', 'count': 0, 'meta': ''}, {'name': ' None', 'count': 0, 'meta': ''}, {'name': ' None', 'count': 0, 'meta': ''}, {'name': ' None', 'count': 0, 'meta': ''}, {'name': ' None', 'count': 0, 'meta': ''}, {'name': ' None', 'count': 0, 'meta': ''}, {'name': ' None', 'count': 0, 'meta': ''}, {'name': ' None', 'count': 0, 'meta': ''}, {'name': ' None', 'count': 0, 'meta': ''}, {'name': ' None', 'count': 0, 'meta': ''}, {'name': ' None', 'count': 0, 'meta': ''}, {'name': ' None', 'count': 0, 'meta': ''}, {'name': ' None', 'count': 0, 'meta': ''}, {'name': ' None', 'count': 0, 'meta': ''}, {'name': ' None', 'count': 0, 'meta': ''}, {'name': ' None', 'count': 0, 'meta': ''}, {'name': ' None', 'count': 0, 'meta': ''}, {'name': ' None', 'count': 0, 'meta': ''}, {'name': ' None', 'count': 0, 'meta': ''}, {'name': ' None', 'count': 0, 'meta': ''}, {'name': ' None', 'count': 0, 'meta': ''}, {'name': ' None', 'count': 0, 'meta': ''}, {'name': ' None', 'count': 0, 'meta': ''}, {'name': ' None', 'count': 0, 'meta': ''}, {'name': ' None', 'count': 0, 'meta': ''}, {'name': ' None', 'count': 0, 'meta': ''}, {'name': ' None', 'count': 0, 'meta': ''}, {'name': ' None', 'count': 0, 'meta': ''}, {'name': ' None', 'count': 0, 'meta': ''}, {'name': ' None', 'count': 0, 'meta': ''}, {'name': ' None', 'count': 0, 'meta': ''}, {'name': ' None', 'count': 0, 'meta': ''}]","Armor Slot 0: None, Count: 0; Armor Slot 1: None, Count: 0; Armor Slot 2: None, Count: 0; Armor Slot 3: None, Count: 0; ","Offhand: None, Count: 0; ",[],20.0,20.0,"[-0.3618668521788525, -0.9048271318403227, -0.22436631382581432]",south,0,0 minecraft:air,False,Player is not currently riding anything,0.0784000015258789
103.0,14:42:59.599612500,2025-07-30,literal{MF},"(-8.56748826364401, 68.0, 40.69328374026996)",20.0,"[{'name': ' None', 'count': 0, 'meta': ''}, {'name': ' None', 'count': 0, 'meta': ''}, {'name': ' None', 'count': 0, 'meta': ''}, {'name': ' None', 'count': 0, 'meta': ''}, {'name': ' None', 'count': 0, 'meta': ''}, {'name': ' None', 'count': 0, 'meta': ''}, {'name': ' None', 'count': 0, 'meta': ''}, {'name': ' None', 'count': 0, 'meta': ''}, {'name': ' None', 'count': 0, 'meta': ''}, {'name': ' None', 'count': 0, 'meta': ''}, {'name': ' None', 'count': 0, 'meta': ''}, {'name': ' None', 'count': 0, 'meta': ''}, {'name': ' None', 'count': 0, 'meta': ''}, {'name': ' None', 'count': 0, 'meta': ''}, {'name': ' None', 'count': 0, 'meta': ''}, {'name': ' None', 'count': 0, 'meta': ''}, {'name': ' None', 'count': 0, 'meta': ''}, {'name': ' None', 'count': 0, 'meta': ''}, {'name': ' None', 'count': 0, 'meta': ''}, {'name': ' None', 'count': 0, 'meta': ''}, {'name': ' None', 'count': 0, 'meta': ''}, {'name': ' None', 'count': 0, 'meta': ''}, {'name': ' None', 'count': 0, 'meta': ''}, {'name': ' None', 'count': 0, 'meta': ''}, {'name': ' None', 'count': 0, 'meta': ''}, {'name': ' None', 'count': 0, 'meta': ''}, {'name': ' None', 'count': 0, 'meta': ''}, {'name': ' None', 'count': 0, 'meta': ''}, {'name': ' None', 'count': 0, 'meta': ''}, {'name': ' None', 'count': 0, 'meta': ''}, {'name': ' None', 'count': 0, 'meta': ''}, {'name': ' None', 'count': 0, 'meta': ''}, {'name': ' None', 'count': 0, 'meta': ''}, {'name': ' None', 'count': 0, 'meta': ''}, {'name': ' None', 'count': 0, 'meta': ''}, {'name': ' None', 'count': 0, 'meta': ''}]","Armor Slot 0: None, Count: 0; Armor Slot 1: None, Count: 0; Armor Slot 2: None, Count: 0; Armor Slot 3: None, Count: 0; ","Offhand: None, Count: 0; ",[],20.0,20.0,"[-0.3618668521788525, -0.9048271318403227, -0.22436631382581432]",south,0,0 minecraft:air,False,Player is not currently riding anything,0.0784000015258789
103.0,14:42:59.644316100,2025-07-30,literal{MF},"(-8.68210567568868, 68.0, 40.876140744946035)",20.0,"[{'name': ' None', 'count': 0, 'meta': ''}, {'name': ' None', 'count': 0, 'meta': ''}, {'name': ' None', 'count': 0, 'meta': ''}, {'name': ' None', 'count': 0, 'meta': ''}, {'name': ' None', 'count': 0, 'meta': ''}, {'name': ' None', 'count': 0, 'meta': ''}, {'name': ' None', 'count': 0, 'meta': ''}, {'name': ' None', 'count': 0, 'meta': ''}, {'name': ' None', 'count': 0, 'meta': ''}, {'name': ' None', 'count': 0, 'meta': ''}, {'name': ' None', 'count': 0, 'meta': ''}, {'name': ' None', 'count': 0, 'meta': ''}, {'name': ' None', 'count': 0, 'meta': ''}, {'name': ' None', 'count': 0, 'meta': ''}, {'name': ' None', 'count': 0, 'meta': ''}, {'name': ' None', 'count': 0, 'meta': ''}, {'name': ' None', 'count': 0, 'meta': ''}, {'name': ' None', 'count': 0, 'meta': ''}, {'name': ' None', 'count': 0, 'meta': ''}, {'name': ' None', 'count': 0, 'meta': ''}, {'name': ' None', 'count': 0, 'meta': ''}, {'name': ' None', 'count': 0, 'meta': ''}, {'name': ' None', 'count': 0, 'meta': ''}, {'name': ' None', 'count': 0, 'meta': ''}, {'name': ' None', 'count': 0, 'meta': ''}, {'name': ' None', 'count': 0, 'meta': ''}, {'name': ' None', 'count': 0, 'meta': ''}, {'name': ' None', 'count': 0, 'meta': ''}, {'name': ' None', 'count': 0, 'meta': ''}, {'name': ' None', 'count': 0, 'meta': ''}, {'name': ' None', 'count': 0, 'meta': ''}, {'name': ' None', 'count': 0, 'meta': ''}, {'name': ' None', 'count': 0, 'meta': ''}, {'name': ' None', 'count': 0, 'meta': ''}, {'name': ' None', 'count': 0, 'meta': ''}, {'name': ' None', 'count': 0, 'meta': ''}]","Armor Slot 0: None, Count: 0; Armor Slot 1: None, Count: 0; Armor Slot 2: None, Count: 0; Armor Slot 3: None, Count: 0; ","Offhand: None, Count: 0; ",[],20.0,20.0,"[-0.3618668521788525, -0.9048271318403227, -0.22436631382581432]",south,0,0 minecraft:air,False,Player is not currently riding anything,0.0784000015258789
103.0,14:42:59.694031,2025-07-30,literal{MF},"(-8.795671971467995, 68.0, 41.05967364506862)",20.0,"[{'name': ' None', 'count': 0, 'meta': ''}, {'name': ' None', 'count': 0, 'meta': ''}, {'name': ' None', 'count': 0, 'meta': ''}, {'name': ' None', 'count': 0, 'meta': ''}, {'name': ' None', 'count': 0, 'meta': ''}, {'name': ' None', 'count': 0, 'meta': ''}, {'name': ' None', 'count': 0, 'meta': ''}, {'name': ' None', 'count': 0, 'meta': ''}, {'name': ' None', 'count': 0, 'meta': ''}, {'name': ' None', 'count': 0, 'meta': ''}, {'name': ' None', 'count': 0, 'meta': ''}, {'name': ' None', 'count': 0, 'meta': ''}, {'name': ' None', 'count': 0, 'meta': ''}, {'name': ' None', 'count': 0, 'meta': ''}, {'name': ' None', 'count': 0, 'meta': ''}, {'name': ' None', 'count': 0, 'meta': ''}, {'name': ' None', 'count': 0, 'meta': ''}, {'name': ' None', 'count': 0, 'meta': ''}, {'name': ' None', 'count': 0, 'meta': ''}, {'name': ' None', 'count': 0, 'meta': ''}, {'name': ' None', 'count': 0, 'meta': ''}, {'name': ' None', 'count': 0, 'meta': ''}, {'name': ' None', 'count': 0, 'meta': ''}, {'name': ' None', 'count': 0, 'meta': ''}, {'name': ' None', 'count': 0, 'meta': ''}, {'name': ' None', 'count': 0, 'meta': ''}, {'name': ' None', 'count': 0, 'meta': ''}, {'name': ' None', 'count': 0, 'meta': ''}, {'name': ' None', 'count': 0, 'meta': ''}, {'name': ' None', 'count': 0, 'meta': ''}, {'name': ' None', 'count': 0, 'meta': ''}, {'name': ' None', 'count': 0, 'meta': ''}, {'name': ' None', 'count': 0, 'meta': ''}, {'name': ' None', 'count': 0, 'meta': ''}, {'name': ' None', 'count': 0, 'meta': ''}, {'name': ' None', 'count': 0, 'meta': ''}]","Armor Slot 0: None, Count: 0; Armor Slot 1: None, Count: 0; Armor Slot 2: None, Count: 0; Armor Slot 3: None, Count: 0; ","Offhand: None, Count: 0; ",[],20.0,20.0,"[-0.3897011002157437, -0.8898150371407857, -0.23740735491719928]",south,0,0 minecraft:air,False,Player is not currently riding anything,0.0784000015258789
103.0,14:42:59.747163900,2025-07-30,literal{MF},"(-8.907778899319155, 68.0, 41.24410861622586)",20.0,"[{'name': ' None', 'count': 0, 'meta': ''}, {'name': ' None', 'count': 0, 'meta': ''}, {'name': ' None', 'count': 0, 'meta': ''}, {'name': ' None', 'count': 0, 'meta': ''}, {'name': ' None', 'count': 0, 'meta': ''}, {'name': ' None', 'count': 0, 'meta': ''}, {'name': ' None', 'count': 0, 'meta': ''}, {'name': ' None', 'count': 0, 'meta': ''}, {'name': ' None', 'count': 0, 'meta': ''}, {'name': ' None', 'count': 0, 'meta': ''}, {'name': ' None', 'count': 0, 'meta': ''}, {'name': ' None', 'count': 0, 'meta': ''}, {'name': ' None', 'count': 0, 'meta': ''}, {'name': ' None', 'count': 0, 'meta': ''}, {'name': ' None', 'count': 0, 'meta': ''}, {'name': ' None', 'count': 0, 'meta': ''}, {'name': ' None', 'count': 0, 'meta': ''}, {'name': ' None', 'count': 0, 'meta': ''}, {'name': ' None', 'count': 0, 'meta': ''}, {'name': ' None', 'count': 0, 'meta': ''}, {'name': ' None', 'count': 0, 'meta': ''}, {'name': ' None', 'count': 0, 'meta': ''}, {'name': ' None', 'count': 0, 'meta': ''}, {'name': ' None', 'count': 0, 'meta': ''}, {'name': ' None', 'count': 0, 'meta': ''}, {'name': ' None', 'count': 0, 'meta': ''}, {'name': ' None', 'count': 0, 'meta': ''}, {'name': ' None', 'count': 0, 'meta': ''}, {'name': ' None', 'count': 0, 'meta': ''}, {'name': ' None', 'count': 0, 'meta': ''}, {'name': ' None', 'count': 0, 'meta': ''}, {'name': ' None', 'count': 0, 'meta': ''}, {'name': ' None', 'count': 0, 'meta': ''}, {'name': ' None', 'count': 0, 'meta': ''}, {'name': ' None', 'count': 0, 'meta': ''}, {'name': ' None', 'count': 0, 'meta': ''}]","Armor Slot 0: None, Count: 0; Armor Slot 1: None, Count: 0; Armor Slot 2: None, Count: 0; Armor Slot 3: None, Count: 0; ","Offhand: None, Count: 0; ",[],20.0,20.0,"[-0.4316503081720061, -0.8647135943457274, -0.256804227396484]",south,0,0 minecraft:air,False,Player is not currently riding anything,0.0784000015258789
103.0,14:42:59.794493700,2025-07-30,literal{MF},"(-9.0188708179352, 68.0, 41.429165519555845)",20.0,"[{'name': ' None', 'count': 0, 'meta': ''}, {'name': ' None', 'count': 0, 'meta': ''}, {'name': ' None', 'count': 0, 'meta': ''}, {'name': ' None', 'count': 0, 'meta': ''}, {'name': ' None', 'count': 0, 'meta': ''}, {'name': ' None', 'count': 0, 'meta': ''}, {'name': ' None', 'count': 0, 'meta': ''}, {'name': ' None', 'count': 0, 'meta': ''}, {'name': ' None', 'count': 0, 'meta': ''}, {'name': ' None', 'count': 0, 'meta': ''}, {'name': ' None', 'count': 0, 'meta': ''}, {'name': ' None', 'count': 0, 'meta': ''}, {'name': ' None', 'count': 0, 'meta': ''}, {'name': ' None', 'count': 0, 'meta': ''}, {'name': ' None', 'count': 0, 'meta': ''}, {'name': ' None', 'count': 0, 'meta': ''}, {'name': ' None', 'count': 0, 'meta': ''}, {'name': ' None', 'count': 0, 'meta': ''}, {'name': ' None', 'count': 0, 'meta': ''}, {'name': ' None', 'count': 0, 'meta': ''}, {'name': ' None', 'count': 0, 'meta': ''}, {'name': ' None', 'count': 0, 'meta': ''}, {'name': ' None', 'count': 0, 'meta': ''}, {'name': ' None', 'count': 0, 'meta': ''}, {'name': ' None', 'count': 0, 'meta': ''}, {'name': ' None', 'count': 0, 'meta': ''}, {'name': ' None', 'count': 0, 'meta': ''}, {'name': ' None', 'count': 0, 'meta': ''}, {'name': ' None', 'count': 0, 'meta': ''}, {'name': ' None', 'count': 0, 'meta': ''}, {'name': ' None', 'count': 0, 'meta': ''}, {'name': ' None', 'count': 0, 'meta': ''}, {'name': ' None', 'count': 0, 'meta': ''}, {'name': ' None', 'count': 0, 'meta': ''}, {'name': ' None', 'count': 0, 'meta': ''}, {'name': ' None', 'count': 0, 'meta': ''}]","Armor Slot 0: None, Count: 0; Armor Slot 1: None, Count: 0; Armor Slot 2: None, Count: 0; Armor Slot 3: None, Count: 0; ","Offhand: None, Count: 0; ",[],20.0,20.0,"[-0.46690230609112904, -0.8400937489211288, -0.27612448205551987]",south,0,0 minecraft:air,False,Player is not currently riding anything,0.0784000015258789
103.0,14:42:59.840159600,2025-07-30,literal{MF},"(-9.129408541444501, 68.0, 41.6145619978916)",20.0,"[{'name': ' None', 'count': 0, 'meta': ''}, {'name': ' None', 'count': 0, 'meta': ''}, {'name': ' None', 'count': 0, 'meta': ''}, {'name': ' None', 'count': 0, 'meta': ''}, {'name': ' None', 'count': 0, 'meta': ''}, {'name': ' None', 'count': 0, 'meta': ''}, {'name': ' None', 'count': 0, 'meta': ''}, {'name': ' None', 'count': 0, 'meta': ''}, {'name': ' None', 'count': 0, 'meta': ''}, {'name': ' None', 'count': 0, 'meta': ''}, {'name': ' None', 'count': 0, 'meta': ''}, {'name': ' None', 'count': 0, 'meta': ''}, {'name': ' None', 'count': 0, 'meta': ''}, {'name': ' None', 'count': 0, 'meta': ''}, {'name': ' None', 'count': 0, 'meta': ''}, {'name': ' None', 'count': 0, 'meta': ''}, {'name': ' None', 'count': 0, 'meta': ''}, {'name': ' None', 'count': 0, 'meta': ''}, {'name': ' None', 'count': 0, 'meta': ''}, {'name': ' None', 'count': 0, 'meta': ''}, {'name': ' None', 'count': 0, 'meta': ''}, {'name': ' None', 'count': 0, 'meta': ''}, {'name': ' None', 'count': 0, 'meta': ''}, {'name': ' None', 'count': 0, 'meta': ''}, {'name': ' None', 'count': 0, 'meta': ''}, {'name': ' None', 'count': 0, 'meta': ''}, {'name': ' None', 'count': 0, 'meta': ''}, {'name': ' None', 'count': 0, 'meta': ''}, {'name': ' None', 'count': 0, 'meta': ''}, {'name': ' None', 'count': 0, 'meta': ''}, {'name': ' None', 'count': 0, 'meta': ''}, {'name': ' None', 'count': 0, 'meta': ''}, {'name': ' None', 'count': 0, 'meta': ''}, {'name': ' None', 'count': 0, 'meta': ''}, {'name': ' None', 'count': 0, 'meta': ''}, {'name': ' None', 'count': 0, 'meta': ''}]","Armor Slot 0: None, Count: 0; Armor Slot 1: None, Count: 0; Armor Slot 2: None, Count: 0; Armor Slot 3: None, Count: 0; ","Offhand: None, Count: 0; ",[],20.0,20.0,"[-0.48752976954806737, -0.8241263771758514, -0.28832349582962313]",south,0,0 minecraft:air,False,Player is not currently riding anything,0.0784000015258789
103.0,14:42:59.886869900,2025-07-30,literal{MF},"(-9.239643674390374, 68.0, 41.800143884202036)",20.0,"[{'name': ' None', 'count': 0, 'meta': ''}, {'name': ' None', 'count': 0, 'meta': ''}, {'name': ' None', 'count': 0, 'meta': ''}, {'name': ' None', 'count': 0, 'meta': ''}, {'name': ' None', 'count': 0, 'meta': ''}, {'name': ' None', 'count': 0, 'meta': ''}, {'name': ' None', 'count': 0, 'meta': ''}, {'name': ' None', 'count': 0, 'meta': ''}, {'name': ' None', 'count': 0, 'meta': ''}, {'name': ' None', 'count': 0, 'meta': ''}, {'name': ' None', 'count': 0, 'meta': ''}, {'name': ' None', 'count': 0, 'meta': ''}, {'name': ' None', 'count': 0, 'meta': ''}, {'name': ' None', 'count': 0, 'meta': ''}, {'name': ' None', 'count': 0, 'meta': ''}, {'name': ' None', 'count': 0, 'meta': ''}, {'name': ' None', 'count': 0, 'meta': ''}, {'name': ' None', 'count': 0, 'meta': ''}, {'name': ' None', 'count': 0, 'meta': ''}, {'name': ' None', 'count': 0, 'meta': ''}, {'name': ' None', 'count': 0, 'meta': ''}, {'name': ' None', 'count': 0, 'meta': ''}, {'name': ' None', 'count': 0, 'meta': ''}, {'name': ' None', 'count': 0, 'meta': ''}, {'name': ' None', 'count': 0, 'meta': ''}, {'name': ' None', 'count': 0, 'meta': ''}, {'name': ' None', 'count': 0, 'meta': ''}, {'name': ' None', 'count': 0, 'meta': ''}, {'name': ' None', 'count': 0, 'meta': ''}, {'name': ' None', 'count': 0, 'meta': ''}, {'name': ' None', 'count': 0, 'meta': ''}, {'name': ' None', 'count': 0, 'meta': ''}, {'name': ' None', 'count': 0, 'meta': ''}, {'name': ' None', 'count': 0, 'meta': ''}, {'name': ' None', 'count': 0, 'meta': ''}, {'name': ' None', 'count': 0, 'meta': ''}]","Armor Slot 0: None, Count: 0; Armor Slot 1: None, Count: 0; Armor Slot 2: None, Count: 0; Armor Slot 3: None, Count: 0; ","Offhand: None, Count: 0; ",[],20.0,20.0,"[-0.4893852175751433, -0.822640692150578, -0.2894208016659265]",south,0,0 minecraft:air,False,Player is not currently riding anything,0.0784000015258789
112.0,14:42:59.942364200,2025-07-30,literal{MF},"(-9.349048887212465, 68.0, 41.986216544917774)",20.0,"[{'name': ' None', 'count': 0, 'meta': ''}, {'name': ' None', 'count': 0, 'meta': ''}, {'name': ' None', 'count': 0, 'meta': ''}, {'name': ' None', 'count': 0, 'meta': ''}, {'name': ' None', 'count': 0, 'meta': ''}, {'name': ' None', 'count': 0, 'meta': ''}, {'name': ' None', 'count': 0, 'meta': ''}, {'name': ' None', 'count': 0, 'meta': ''}, {'name': ' None', 'count': 0, 'meta': ''}, {'name': ' None', 'count': 0, 'meta': ''}, {'name': ' None', 'count': 0, 'meta': ''}, {'name': ' None', 'count': 0, 'meta': ''}, {'name': ' None', 'count': 0, 'meta': ''}, {'name': ' None', 'count': 0, 'meta': ''}, {'name': ' None', 'count': 0, 'meta': ''}, {'name': ' None', 'count': 0, 'meta': ''}, {'name': ' None', 'count': 0, 'meta': ''}, {'name': ' None', 'count': 0, 'meta': ''}, {'name': ' None', 'count': 0, 'meta': ''}, {'name': ' None', 'count': 0, 'meta': ''}, {'name': ' None', 'count': 0, 'meta': ''}, {'name': ' None', 'count': 0, 'meta': ''}, {'name': ' None', 'count': 0, 'meta': ''}, {'name': ' None', 'count': 0, 'meta': ''}, {'name': ' None', 'count': 0, 'meta': ''}, {'name': ' None', 'count': 0, 'meta': ''}, {'name': ' None', 'count': 0, 'meta': ''}, {'name': ' None', 'count': 0, 'meta': ''}, {'name': ' None', 'count': 0, 'meta': ''}, {'name': ' None', 'count': 0, 'meta': ''}, {'name': ' None', 'count': 0, 'meta': ''}, {'name': ' None', 'count': 0, 'meta': ''}, {'name': ' None', 'count': 0, 'meta': ''}, {'name': ' None', 'count': 0, 'meta': ''}, {'name': ' None', 'count': 0, 'meta': ''}, {'name': ' None', 'count': 0, 'meta': ''}]","Armor Slot 0: None, Count: 0; Armor Slot 1: None, Count: 0; Armor Slot 2: None, Count: 0; Armor Slot 3: None, Count: 0; ","Offhand: None, Count: 0; ",[],20.0,20.0,"[-0.5119219161255931, -0.8059284477942629, -0.2973470847784308]",south,0,0 minecraft:air,False,Player is not currently riding anything,0.0784000015258789
112.0,14:42:59.994352200,2025-07-30,literal{MF},"(-9.457112686808003, 68.0, 42.17306685891138)",20.0,"[{'name': ' None', 'count': 0, 'meta': ''}, {'name': ' None', 'count': 0, 'meta': ''}, {'name': ' None', 'count': 0, 'meta': ''}, {'name': ' None', 'count': 0, 'meta': ''}, {'name': ' None', 'count': 0, 'meta': ''}, {'name': ' None', 'count': 0, 'meta': ''}, {'name': ' None', 'count': 0, 'meta': ''}, {'name': ' None', 'count': 0, 'meta': ''}, {'name': ' None', 'count': 0, 'meta': ''}, {'name': ' None', 'count': 0, 'meta': ''}, {'name': ' None', 'count': 0, 'meta': ''}, {'name': ' None', 'count': 0, 'meta': ''}, {'name': ' None', 'count': 0, 'meta': ''}, {'name': ' None', 'count': 0, 'meta': ''}, {'name': ' None', 'count': 0, 'meta': ''}, {'name': ' None', 'count': 0, 'meta': ''}, {'name': ' None', 'count': 0, 'meta': ''}, {'name': ' None', 'count': 0, 'meta': ''}, {'name': ' None', 'count': 0, 'meta': ''}, {'name': ' None', 'count': 0, 'meta': ''}, {'name': ' None', 'count': 0, 'meta': ''}, {'name': ' None', 'count': 0, 'meta': ''}, {'name': ' None', 'count': 0, 'meta': ''}, {'name': ' None', 'count': 0, 'meta': ''}, {'name': ' None', 'count': 0, 'meta': ''}, {'name': ' None', 'count': 0, 'meta': ''}, {'name': ' None', 'count': 0, 'meta': ''}, {'name': ' None', 'count': 0, 'meta': ''}, {'name': ' None', 'count': 0, 'meta': ''}, {'name': ' None', 'count': 0, 'meta': ''}, {'name': ' None', 'count': 0, 'meta': ''}, {'name': ' None', 'count': 0, 'meta': ''}, {'name': ' None', 'count': 0, 'meta': ''}, {'name': ' None', 'count': 0, 'meta': ''}, {'name': ' None', 'count': 0, 'meta': ''}, {'name': ' None', 'count': 0, 'meta': ''}]","Armor Slot 0: None, Count: 0; Armor Slot 1: None, Count: 0; Armor Slot 2: None, Count: 0; Armor Slot 3: None, Count: 0; ","Offhand: None, Count: 0; ",[],20.0,20.0,"[-0.5474621321539961, -0.7771461290551012, -0.3103693089725088]",south,0,0 minecraft:air,False,Player is not currently riding anything,0.0784000015258789
112.0,14:43:00.047217600,2025-07-30,literal{MF},"(-9.563772347850836, 68.0, 42.360719075853346)",20.0,"[{'name': ' None', 'count': 0, 'meta': ''}, {'name': ' None', 'count': 0, 'meta': ''}, {'name': ' None', 'count': 0, 'meta': ''}, {'name': ' None', 'count': 0, 'meta': ''}, {'name': ' None', 'count': 0, 'meta': ''}, {'name': ' None', 'count': 0, 'meta': ''}, {'name': ' None', 'count': 0, 'meta': ''}, {'name': ' None', 'count': 0, 'meta': ''}, {'name': ' None', 'count': 0, 'meta': ''}, {'name': ' None', 'count': 0, 'meta': ''}, {'name': ' None', 'count': 0, 'meta': ''}, {'name': ' None', 'count': 0, 'meta': ''}, {'name': ' None', 'count': 0, 'meta': ''}, {'name': ' None', 'count': 0, 'meta': ''}, {'name': ' None', 'count': 0, 'meta': ''}, {'name': ' None', 'count': 0, 'meta': ''}, {'name': ' None', 'count': 0, 'meta': ''}, {'name': ' None', 'count': 0, 'meta': ''}, {'name': ' None', 'count': 0, 'meta': ''}, {'name': ' None', 'count': 0, 'meta': ''}, {'name': ' None', 'count': 0, 'meta': ''}, {'name': ' None', 'count': 0, 'meta': ''}, {'name': ' None', 'count': 0, 'meta': ''}, {'name': ' None', 'count': 0, 'meta': ''}, {'name': ' None', 'count': 0, 'meta': ''}, {'name': ' None', 'count': 0, 'meta': ''}, {'name': ' None', 'count': 0, 'meta': ''}, {'name': ' None', 'count': 0, 'meta': ''}, {'name': ' None', 'count': 0, 'meta': ''}, {'name': ' None', 'count': 0, 'meta': ''}, {'name': ' None', 'count': 0, 'meta': ''}, {'name': ' None', 'count': 0, 'meta': ''}, {'name': ' None', 'count': 0, 'meta': ''}, {'name': ' None', 'count': 0, 'meta': ''}, {'name': ' None', 'count': 0, 'meta': ''}, {'name': ' None', 'count': 0, 'meta': ''}]","Armor Slot 0: None, Count: 0; Armor Slot 1: None, Count: 0; Armor Slot 2: None, Count: 0; Armor Slot 3: None, Count: 0; ","Offhand: None, Count: 0; ",[],20.0,20.0,"[-0.5981384286412914, -0.7289688461884803, -0.33291867095307603]",south,0,0 minecraft:air,False,Player is not currently riding anything,0.0784000015258789
112.0,14:43:00.103127400,2025-07-30,literal{MF},"(-9.6694435216402, 68.0, 42.548932212948266)",20.0,"[{'name': ' None', 'count': 0, 'meta': ''}, {'name': ' None', 'count': 0, 'meta': ''}, {'name': ' None', 'count': 0, 'meta': ''}, {'name': ' None', 'count': 0, 'meta': ''}, {'name': ' None', 'count': 0, 'meta': ''}, {'name': ' None', 'count': 0, 'meta': ''}, {'name': ' None', 'count': 0, 'meta': ''}, {'name': ' None', 'count': 0, 'meta': ''}, {'name': ' None', 'count': 0, 'meta': ''}, {'name': ' None', 'count': 0, 'meta': ''}, {'name': ' None', 'count': 0, 'meta': ''}, {'name': ' None', 'count': 0, 'meta': ''}, {'name': ' None', 'count': 0, 'meta': ''}, {'name': ' None', 'count': 0, 'meta': ''}, {'name': ' None', 'count': 0, 'meta': ''}, {'name': ' None', 'count': 0, 'meta': ''}, {'name': ' None', 'count': 0, 'meta': ''}, {'name': ' None', 'count': 0, 'meta': ''}, {'name': ' None', 'count': 0, 'meta': ''}, {'name': ' None', 'count': 0, 'meta': ''}, {'name': ' None', 'count': 0, 'meta': ''}, {'name': ' None', 'count': 0, 'meta': ''}, {'name': ' None', 'count': 0, 'meta': ''}, {'name': ' None', 'count': 0, 'meta': ''}, {'name': ' None', 'count': 0, 'meta': ''}, {'name': ' None', 'count': 0, 'meta': ''}, {'name': ' None', 'count': 0, 'meta': ''}, {'name': ' None', 'count': 0, 'meta': ''}, {'name': ' None', 'count': 0, 'meta': ''}, {'name': ' None', 'count': 0, 'meta': ''}, {'name': ' None', 'count': 0, 'meta': ''}, {'name': ' None', 'count': 0, 'meta': ''}, {'name': ' None', 'count': 0, 'meta': ''}, {'name': ' None', 'count': 0, 'meta': ''}, {'name': ' None', 'count': 0, 'meta': ''}, {'name': ' None', 'count': 0, 'meta': ''}]","Armor Slot 0: None, Count: 0; Armor Slot 1: None, Count: 0; Armor Slot 2: None, Count: 0; Armor Slot 3: None, Count: 0; ","Offhand: None, Count: 0; ",[],20.0,20.0,"[-0.6425635400672587, -0.6788010388757578, -0.3554451386605595]",south,0,0 minecraft:air,False,Player is not currently riding anything,0.0784000015258789
112.0,14:43:00.156230900,2025-07-30,literal{MF},"(-9.774796808841124, 68.0, 42.73732853138998)",20.0,"[{'name': ' None', 'count': 0, 'meta': ''}, {'name': ' None', 'count': 0, 'meta': ''}, {'name': ' None', 'count': 0, 'meta': ''}, {'name': ' None', 'count': 0, 'meta': ''}, {'name': ' None', 'count': 0, 'meta': ''}, {'name': ' None', 'count': 0, 'meta': ''}, {'name': ' None', 'count': 0, 'meta': ''}, {'name': ' None', 'count': 0, 'meta': ''}, {'name': ' None', 'count': 0, 'meta': ''}, {'name': ' None', 'count': 0, 'meta': ''}, {'name': ' None', 'count': 0, 'meta': ''}, {'name': ' None', 'count': 0, 'meta': ''}, {'name': ' None', 'count': 0, 'meta': ''}, {'name': ' None', 'count': 0, 'meta': ''}, {'name': ' None', 'count': 0, 'meta': ''}, {'name': ' None', 'count': 0, 'meta': ''}, {'name': ' None', 'count': 0, 'meta': ''}, {'name': ' None', 'count': 0, 'meta': ''}, {'name': ' None', 'count': 0, 'meta': ''}, {'name': ' None', 'count': 0, 'meta': ''}, {'name': ' None', 'count': 0, 'meta': ''}, {'name': ' None', 'count': 0, 'meta': ''}, {'name': ' None', 'count': 0, 'meta': ''}, {'name': ' None', 'count': 0, 'meta': ''}, {'name': ' None', 'count': 0, 'meta': ''}, {'name': ' None', 'count': 0, 'meta': ''}, {'name': ' None', 'count': 0, 'meta': ''}, {'name': ' None', 'count': 0, 'meta': ''}, {'name': ' None', 'count': 0, 'meta': ''}, {'name': ' None', 'count': 0, 'meta': ''}, {'name': ' None', 'count': 0, 'meta': ''}, {'name': ' None', 'count': 0, 'meta': ''}, {'name': ' None', 'count': 0, 'meta': ''}, {'name': ' None', 'count': 0, 'meta': ''}, {'name': ' None', 'count': 0, 'meta': ''}, {'name': ' None', 'count': 0, 'meta': ''}]","Armor Slot 0: None, Count: 0; Armor Slot 1: None, Count: 0; Armor Slot 2: None, Count: 0; Armor Slot 3: None, Count: 0; ","Offhand: None, Count: 0; ",[],20.0,20.0,"[-0.673253295471062, -0.6374242770287696, -0.374726955517888]",south,0,0 minecraft:air,False,Player is not currently riding anything,0.0784000015258789
112.0,14:43:00.197334900,2025-07-30,literal{MF},"(-9.880868784625854, 68.0, 42.92532217426116)",20.0,"[{'name': ' None', 'count': 0, 'meta': ''}, {'name': ' None', 'count': 0, 'meta': ''}, {'name': ' None', 'count': 0, 'meta': ''}, {'name': ' None', 'count': 0, 'meta': ''}, {'name': ' None', 'count': 0, 'meta': ''}, {'name': ' None', 'count': 0, 'meta': ''}, {'name': ' None', 'count': 0, 'meta': ''}, {'name': ' None', 'count': 0, 'meta': ''}, {'name': ' None', 'count': 0, 'meta': ''}, {'name': ' None', 'count': 0, 'meta': ''}, {'name': ' None', 'count': 0, 'meta': ''}, {'name': ' None', 'count': 0, 'meta': ''}, {'name': ' None', 'count': 0, 'meta': ''}, {'name': ' None', 'count': 0, 'meta': ''}, {'name': ' None', 'count': 0, 'meta': ''}, {'name': ' None', 'count': 0, 'meta': ''}, {'name': ' None', 'count': 0, 'meta': ''}, {'name': ' None', 'count': 0, 'meta': ''}, {'name': ' None', 'count': 0, 'meta': ''}, {'name': ' None', 'count': 0, 'meta': ''}, {'name': ' None', 'count': 0, 'meta': ''}, {'name': ' None', 'count': 0, 'meta': ''}, {'name': ' None', 'count': 0, 'meta': ''}, {'name': ' None', 'count': 0, 'meta': ''}, {'name': ' None', 'count': 0, 'meta': ''}, {'name': ' None', 'count': 0, 'meta': ''}, {'name': ' None', 'count': 0, 'meta': ''}, {'name': ' None', 'count': 0, 'meta': ''}, {'name': ' None', 'count': 0, 'meta': ''}, {'name': ' None', 'count': 0, 'meta': ''}, {'name': ' None', 'count': 0, 'meta': ''}, {'name': ' None', 'count': 0, 'meta': ''}, {'name': ' None', 'count': 0, 'meta': ''}, {'name': ' None', 'count': 0, 'meta': ''}, {'name': ' None', 'count': 0, 'meta': ''}, {'name': ' None', 'count': 0, 'meta': ''}]","Armor Slot 0: None, Count: 0; Armor Slot 1: None, Count: 0; Armor Slot 2: None, Count: 0; Armor Slot 3: None, Count: 0; ","Offhand: None, Count: 0; ",[],20.0,20.0,"[-0.6932637499386223, -0.6025120962022968, -0.39542957268134843]",south,0,0 minecraft:air,False,Player is not currently riding anything,0.0784000015258789
112.0,14:43:00.254521,2025-07-30,literal{MF},"(-9.988883813284685, 68.0, 43.112192711242024)",20.0,"[{'name': ' None', 'count': 0, 'meta': ''}, {'name': ' None', 'count': 0, 'meta': ''}, {'name': ' None', 'count': 0, 'meta': ''}, {'name': ' None', 'count': 0, 'meta': ''}, {'name': ' None', 'count': 0, 'meta': ''}, {'name': ' None', 'count': 0, 'meta': ''}, {'name': ' None', 'count': 0, 'meta': ''}, {'name': ' None', 'count': 0, 'meta': ''}, {'name': ' None', 'count': 0, 'meta': ''}, {'name': ' None', 'count': 0, 'meta': ''}, {'name': ' None', 'count': 0, 'meta': ''}, {'name': ' None', 'count': 0, 'meta': ''}, {'name': ' None', 'count': 0, 'meta': ''}, {'name': ' None', 'count': 0, 'meta': ''}, {'name': ' None', 'count': 0, 'meta': ''}, {'name': ' None', 'count': 0, 'meta': ''}, {'name': ' None', 'count': 0, 'meta': ''}, {'name': ' None', 'count': 0, 'meta': ''}, {'name': ' None', 'count': 0, 'meta': ''}, {'name': ' None', 'count': 0, 'meta': ''}, {'name': ' None', 'count': 0, 'meta': ''}, {'name': ' None', 'count': 0, 'meta': ''}, {'name': ' None', 'count': 0, 'meta': ''}, {'name': ' None', 'count': 0, 'meta': ''}, {'name': ' None', 'count': 0, 'meta': ''}, {'name': ' None', 'count': 0, 'meta': ''}, {'name': ' None', 'count': 0, 'meta': ''}, {'name': ' None', 'count': 0, 'meta': ''}, {'name': ' None', 'count': 0, 'meta': ''}, {'name': ' None', 'count': 0, 'meta': ''}, {'name': ' None', 'count': 0, 'meta': ''}, {'name': ' None', 'count': 0, 'meta': ''}, {'name': ' None', 'count': 0, 'meta': ''}, {'name': ' None', 'count': 0, 'meta': ''}, {'name': ' None', 'count': 0, 'meta': ''}, {'name': ' None', 'count': 0, 'meta': ''}]","Armor Slot 0: None, Count: 0; Armor Slot 1: None, Count: 0; Armor Slot 2: None, Count: 0; Armor Slot 3: None, Count: 0; ","Offhand: None, Count: 0; ",[],20.0,20.0,"[-0.703123396893723, -0.5750056115558645, -0.4183133220683969]",south,0,0 minecraft:air,False,Player is not currently riding anything,0.0784000015258789
112.0,14:43:00.318794400,2025-07-30,literal{MF},"(-10.101018037496107, 68.0, 43.29655402509018)",20.0,"[{'name': ' None', 'count': 0, 'meta': ''}, {'name': ' None', 'count': 0, 'meta': ''}, {'name': ' None', 'count': 0, 'meta': ''}, {'name': ' None', 'count': 0, 'meta': ''}, {'name': ' None', 'count': 0, 'meta': ''}, {'name': ' None', 'count': 0, 'meta': ''}, {'name': ' None', 'count': 0, 'meta': ''}, {'name': ' None', 'count': 0, 'meta': ''}, {'name': ' None', 'count': 0, 'meta': ''}, {'name': ' None', 'count': 0, 'meta': ''}, {'name': ' None', 'count': 0, 'meta': ''}, {'name': ' None', 'count': 0, 'meta': ''}, {'name': ' None', 'count': 0, 'meta': ''}, {'name': ' None', 'count': 0, 'meta': ''}, {'name': ' None', 'count': 0, 'meta': ''}, {'name': ' None', 'count': 0, 'meta': ''}, {'name': ' None', 'count': 0, 'meta': ''}, {'name': ' None', 'count': 0, 'meta': ''}, {'name': ' None', 'count': 0, 'meta': ''}, {'name': ' None', 'count': 0, 'meta': ''}, {'name': ' None', 'count': 0, 'meta': ''}, {'name': ' None', 'count': 0, 'meta': ''}, {'name': ' None', 'count': 0, 'meta': ''}, {'name': ' None', 'count': 0, 'meta': ''}, {'name': ' None', 'count': 0, 'meta': ''}, {'name': ' None', 'count': 0, 'meta': ''}, {'name': ' None', 'count': 0, 'meta': ''}, {'name': ' None', 'count': 0, 'meta': ''}, {'name': ' None', 'count': 0, 'meta': ''}, {'name': ' None', 'count': 0, 'meta': ''}, {'name': ' None', 'count': 0, 'meta': ''}, {'name': ' None', 'count': 0, 'meta': ''}, {'name': ' None', 'count': 0, 'meta': ''}, {'name': ' None', 'count': 0, 'meta': ''}, {'name': ' None', 'count': 0, 'meta': ''}, {'name': ' None', 'count': 0, 'meta': ''}]","Armor Slot 0: None, Count: 0; Armor Slot 1: None, Count: 0; Armor Slot 2: None, Count: 0; Armor Slot 3: None, Count: 0; ","Offhand: None, Count: 0; ",[],20.0,20.0,"[-0.7297321275430545, -0.49545905591105477, -0.4711807996376906]",south,0,0 minecraft:air,False,Player is not currently riding anything,0.0784000015258789
112.0,14:43:00.352249300,2025-07-30,literal{MF},"(-10.218172130551608, 68.0, 43.477688724177256)",20.0,"[{'name': ' None', 'count': 0, 'meta': ''}, {'name': ' None', 'count': 0, 'meta': ''}, {'name': ' None', 'count': 0, 'meta': ''}, {'name': ' None', 'count': 0, 'meta': ''}, {'name': ' None', 'count': 0, 'meta': ''}, {'name': ' None', 'count': 0, 'meta': ''}, {'name': ' None', 'count': 0, 'meta': ''}, {'name': ' None', 'count': 0, 'meta': ''}, {'name': ' None', 'count': 0, 'meta': ''}, {'name': ' None', 'count': 0, 'meta': ''}, {'name': ' None', 'count': 0, 'meta': ''}, {'name': ' None', 'count': 0, 'meta': ''}, {'name': ' None', 'count': 0, 'meta': ''}, {'name': ' None', 'count': 0, 'meta': ''}, {'name': ' None', 'count': 0, 'meta': ''}, {'name': ' None', 'count': 0, 'meta': ''}, {'name': ' None', 'count': 0, 'meta': ''}, {'name': ' None', 'count': 0, 'meta': ''}, {'name': ' None', 'count': 0, 'meta': ''}, {'name': ' None', 'count': 0, 'meta': ''}, {'name': ' None', 'count': 0, 'meta': ''}, {'name': ' None', 'count': 0, 'meta': ''}, {'name': ' None', 'count': 0, 'meta': ''}, {'name': ' None', 'count': 0, 'meta': ''}, {'name': ' None', 'count': 0, 'meta': ''}, {'name': ' None', 'count': 0, 'meta': ''}, {'name': ' None', 'count': 0, 'meta': ''}, {'name': ' None', 'count': 0, 'meta': ''}, {'name': ' None', 'count': 0, 'meta': ''}, {'name': ' None', 'count': 0, 'meta': ''}, {'name': ' None', 'count': 0, 'meta': ''}, {'name': ' None', 'count': 0, 'meta': ''}, {'name': ' None', 'count': 0, 'meta': ''}, {'name': ' None', 'count': 0, 'meta': ''}, {'name': ' None', 'count': 0, 'meta': ''}, {'name': ' None', 'count': 0, 'meta': ''}]","Armor Slot 0: None, Count: 0; Armor Slot 1: None, Count: 0; Armor Slot 2: None, Count: 0; Armor Slot 3: None, Count: 0; ","Offhand: None, Count: 0; ",[],20.0,20.0,"[-0.7492806952200735, -0.40912729170733797, -0.5207622288057594]",south,0,0 minecraft:air,False,Player is not currently riding anything,0.0784000015258789
112.0,14:43:00.401041900,2025-07-30,literal{MF},"(-10.340153948420781, 68.0, 43.65557044226443)",20.0,"[{'name': ' None', 'count': 0, 'meta': ''}, {'name': ' None', 'count': 0, 'meta': ''}, {'name': ' None', 'count': 0, 'meta': ''}, {'name': ' None', 'count': 0, 'meta': ''}, {'name': ' None', 'count': 0, 'meta': ''}, {'name': ' None', 'count': 0, 'meta': ''}, {'name': ' None', 'count': 0, 'meta': ''}, {'name': ' None', 'count': 0, 'meta': ''}, {'name': ' None', 'count': 0, 'meta': ''}, {'name': ' None', 'count': 0, 'meta': ''}, {'name': ' None', 'count': 0, 'meta': ''}, {'name': ' None', 'count': 0, 'meta': ''}, {'name': ' None', 'count': 0, 'meta': ''}, {'name': ' None', 'count': 0, 'meta': ''}, {'name': ' None', 'count': 0, 'meta': ''}, {'name': ' None', 'count': 0, 'meta': ''}, {'name': ' None', 'count': 0, 'meta': ''}, {'name': ' None', 'count': 0, 'meta': ''}, {'name': ' None', 'count': 0, 'meta': ''}, {'name': ' None', 'count': 0, 'meta': ''}, {'name': ' None', 'count': 0, 'meta': ''}, {'name': ' None', 'count': 0, 'meta': ''}, {'name': ' None', 'count': 0, 'meta': ''}, {'name': ' None', 'count': 0, 'meta': ''}, {'name': ' None', 'count': 0, 'meta': ''}, {'name': ' None', 'count': 0, 'meta': ''}, {'name': ' None', 'count': 0, 'meta': ''}, {'name': ' None', 'count': 0, 'meta': ''}, {'name': ' None', 'count': 0, 'meta': ''}, {'name': ' None', 'count': 0, 'meta': ''}, {'name': ' None', 'count': 0, 'meta': ''}, {'name': ' None', 'count': 0, 'meta': ''}, {'name': ' None', 'count': 0, 'meta': ''}, {'name': ' None', 'count': 0, 'meta': ''}, {'name': ' None', 'count': 0, 'meta': ''}, {'name': ' None', 'count': 0, 'meta': ''}]","Armor Slot 0: None, Count: 0; Armor Slot 1: None, Count: 0; Armor Slot 2: None, Count: 0; Armor Slot 3: None, Count: 0; ","Offhand: None, Count: 0; ",[],20.0,20.0,"[-0.7800818183743686, -0.2512251989146549, -0.5730255282899974]",south,0,0 minecraft:air,False,Player is not currently riding anything,0.1552320045166016
112.0,14:43:00.453744600,2025-07-30,literal{MF},"(-10.465796581808618, 67.92159999847412, 43.830912884185324)",20.0,"[{'name': ' None', 'count': 0, 'meta': ''}, {'name': ' None', 'count': 0, 'meta': ''}, {'name': ' None', 'count': 0, 'meta': ''}, {'name': ' None', 'count': 0, 'meta': ''}, {'name': ' None', 'count': 0, 'meta': ''}, {'name': ' None', 'count': 0, 'meta': ''}, {'name': ' None', 'count': 0, 'meta': ''}, {'name': ' None', 'count': 0, 'meta': ''}, {'name': ' None', 'count': 0, 'meta': ''}, {'name': ' None', 'count': 0, 'meta': ''}, {'name': ' None', 'count': 0, 'meta': ''}, {'name': ' None', 'count': 0, 'meta': ''}, {'name': ' None', 'count': 0, 'meta': ''}, {'name': ' None', 'count': 0, 'meta': ''}, {'name': ' None', 'count': 0, 'meta': ''}, {'name': ' None', 'count': 0, 'meta': ''}, {'name': ' None', 'count': 0, 'meta': ''}, {'name': ' None', 'count': 0, 'meta': ''}, {'name': ' None', 'count': 0, 'meta': ''}, {'name': ' None', 'count': 0, 'meta': ''}, {'name': ' None', 'count': 0, 'meta': ''}, {'name': ' None', 'count': 0, 'meta': ''}, {'name': ' None', 'count': 0, 'meta': ''}, {'name': ' None', 'count': 0, 'meta': ''}, {'name': ' None', 'count': 0, 'meta': ''}, {'name': ' None', 'count': 0, 'meta': ''}, {'name': ' None', 'count': 0, 'meta': ''}, {'name': ' None', 'count': 0, 'meta': ''}, {'name': ' None', 'count': 0, 'meta': ''}, {'name': ' None', 'count': 0, 'meta': ''}, {'name': ' None', 'count': 0, 'meta': ''}, {'name': ' None', 'count': 0, 'meta': ''}, {'name': ' None', 'count': 0, 'meta': ''}, {'name': ' None', 'count': 0, 'meta': ''}, {'name': ' None', 'count': 0, 'meta': ''}, {'name': ' None', 'count': 0, 'meta': ''}]","Armor Slot 0: None, Count: 0; Armor Slot 1: None, Count: 0; Armor Slot 2: None, Count: 0; Armor Slot 3: None, Count: 0; ","Offhand: None, Count: 0; ",[],20.0,20.0,"[-0.7967873598236486, -0.05756445402049059, -0.6015116265364971]",south,0,0 minecraft:air,False,Player is not currently riding anything,0.230527368912964
112.0,14:43:00.516403600,2025-07-30,literal{MF},"(-10.546082228000268, 67.76636799395752, 43.94238601726379)",20.0,"[{'name': ' None', 'count': 0, 'meta': ''}, {'name': ' None', 'count': 0, 'meta': ''}, {'name': ' None', 'count': 0, 'meta': ''}, {'name': ' None', 'count': 0, 'meta': ''}, {'name': ' None', 'count': 0, 'meta': ''}, {'name': ' None', 'count': 0, 'meta': ''}, {'name': ' None', 'count': 0, 'meta': ''}, {'name': ' None', 'count': 0, 'meta': ''}, {'name': ' None', 'count': 0, 'meta': ''}, {'name': ' None', 'count': 0, 'meta': ''}, {'name': ' None', 'count': 0, 'meta': ''}, {'name': ' None', 'count': 0, 'meta': ''}, {'name': ' None', 'count': 0, 'meta': ''}, {'name': ' None', 'count': 0, 'meta': ''}, {'name': ' None', 'count': 0, 'meta': ''}, {'name': ' None', 'count': 0, 'meta': ''}, {'name': ' None', 'count': 0, 'meta': ''}, {'name': ' None', 'count': 0, 'meta': ''}, {'name': ' None', 'count': 0, 'meta': ''}, {'name': ' None', 'count': 0, 'meta': ''}, {'name': ' None', 'count': 0, 'meta': ''}, {'name': ' None', 'count': 0, 'meta': ''}, {'name': ' None', 'count': 0, 'meta': ''}, {'name': ' None', 'count': 0, 'meta': ''}, {'name': ' None', 'count': 0, 'meta': ''}, {'name': ' None', 'count': 0, 'meta': ''}, {'name': ' None', 'count': 0, 'meta': ''}, {'name': ' None', 'count': 0, 'meta': ''}, {'name': ' None', 'count': 0, 'meta': ''}, {'name': ' None', 'count': 0, 'meta': ''}, {'name': ' None', 'count': 0, 'meta': ''}, {'name': ' None', 'count': 0, 'meta': ''}, {'name': ' None', 'count': 0, 'meta': ''}, {'name': ' None', 'count': 0, 'meta': ''}, {'name': ' None', 'count': 0, 'meta': ''}, {'name': ' None', 'count': 0, 'meta': ''}]","Armor Slot 0: None, Count: 0; Armor Slot 1: None, Count: 0; Armor Slot 2: None, Count: 0; Armor Slot 3: None, Count: 0; ","Offhand: None, Count: 0; ",[],20.0,20.0,"[-0.7994503945671817, 0.09150121257758888, -0.5937226580847393]",south,0,0 minecraft:air,False,Player is not currently riding anything,0.30431682745754424
112.0,14:43:00.552497800,2025-07-30,literal{MF},"(-10.630284681311675, 67.53584062504456, 44.05995122300794)",20.0,"[{'name': ' None', 'count': 0, 'meta': ''}, {'name': ' None', 'count': 0, 'meta': ''}, {'name': ' None', 'count': 0, 'meta': ''}, {'name': ' None', 'count': 0, 'meta': ''}, {'name': ' None', 'count': 0, 'meta': ''}, {'name': ' None', 'count': 0, 'meta': ''}, {'name': ' None', 'count': 0, 'meta': ''}, {'name': ' None', 'count': 0, 'meta': ''}, {'name': ' None', 'count': 0, 'meta': ''}, {'name': ' None', 'count': 0, 'meta': ''}, {'name': ' None', 'count': 0, 'meta': ''}, {'name': ' None', 'count': 0, 'meta': ''}, {'name': ' None', 'count': 0, 'meta': ''}, {'name': ' None', 'count': 0, 'meta': ''}, {'name': ' None', 'count': 0, 'meta': ''}, {'name': ' None', 'count': 0, 'meta': ''}, {'name': ' None', 'count': 0, 'meta': ''}, {'name': ' None', 'count': 0, 'meta': ''}, {'name': ' None', 'count': 0, 'meta': ''}, {'name': ' None', 'count': 0, 'meta': ''}, {'name': ' None', 'count': 0, 'meta': ''}, {'name': ' None', 'count': 0, 'meta': ''}, {'name': ' None', 'count': 0, 'meta': ''}, {'name': ' None', 'count': 0, 'meta': ''}, {'name': ' None', 'count': 0, 'meta': ''}, {'name': ' None', 'count': 0, 'meta': ''}, {'name': ' None', 'count': 0, 'meta': ''}, {'name': ' None', 'count': 0, 'meta': ''}, {'name': ' None', 'count': 0, 'meta': ''}, {'name': ' None', 'count': 0, 'meta': ''}, {'name': ' None', 'count': 0, 'meta': ''}, {'name': ' None', 'count': 0, 'meta': ''}, {'name': ' None', 'count': 0, 'meta': ''}, {'name': ' None', 'count': 0, 'meta': ''}, {'name': ' None', 'count': 0, 'meta': ''}, {'name': ' None', 'count': 0, 'meta': ''}]","Armor Slot 0: None, Count: 0; Armor Slot 1: None, Count: 0; Armor Slot 2: None, Count: 0; Armor Slot 3: None, Count: 0; ","Offhand: None, Count: 0; ",[],20.0,20.0,"[-0.8023568680232991, 0.22069706163176303, -0.5545414892710446]",south,0,0 minecraft:air,False,Player is not currently riding anything,0.37663049823865513
112.0,14:43:00.601205900,2025-07-30,literal{MF},"(-10.717796529679877, 67.23152379758702, 44.1832334117582)",20.0,"[{'name': ' None', 'count': 0, 'meta': ''}, {'name': ' None', 'count': 0, 'meta': ''}, {'name': ' None', 'count': 0, 'meta': ''}, {'name': ' None', 'count': 0, 'meta': ''}, {'name': ' None', 'count': 0, 'meta': ''}, {'name': ' None', 'count': 0, 'meta': ''}, {'name': ' None', 'count': 0, 'meta': ''}, {'name': ' None', 'count': 0, 'meta': ''}, {'name': ' None', 'count': 0, 'meta': ''}, {'name': ' None', 'count': 0, 'meta': ''}, {'name': ' None', 'count': 0, 'meta': ''}, {'name': ' None', 'count': 0, 'meta': ''}, {'name': ' None', 'count': 0, 'meta': ''}, {'name': ' None', 'count': 0, 'meta': ''}, {'name': ' None', 'count': 0, 'meta': ''}, {'name': ' None', 'count': 0, 'meta': ''}, {'name': ' None', 'count': 0, 'meta': ''}, {'name': ' None', 'count': 0, 'meta': ''}, {'name': ' None', 'count': 0, 'meta': ''}, {'name': ' None', 'count': 0, 'meta': ''}, {'name': ' None', 'count': 0, 'meta': ''}, {'name': ' None', 'count': 0, 'meta': ''}, {'name': ' None', 'count': 0, 'meta': ''}, {'name': ' None', 'count': 0, 'meta': ''}, {'name': ' None', 'count': 0, 'meta': ''}, {'name': ' None', 'count': 0, 'meta': ''}, {'name': ' None', 'count': 0, 'meta': ''}, {'name': ' None', 'count': 0, 'meta': ''}, {'name': ' None', 'count': 0, 'meta': ''}, {'name': ' None', 'count': 0, 'meta': ''}, {'name': ' None', 'count': 0, 'meta': ''}, {'name': ' None', 'count': 0, 'meta': ''}, {'name': ' None', 'count': 0, 'meta': ''}, {'name': ' None', 'count': 0, 'meta': ''}, {'name': ' None', 'count': 0, 'meta': ''}, {'name': ' None', 'count': 0, 'meta': ''}]","Armor Slot 0: None, Count: 0; Armor Slot 1: None, Count: 0; Armor Slot 2: None, Count: 0; Armor Slot 3: None, Count: 0; ","Offhand: None, Count: 0; ",[],20.0,20.0,"[-0.786641991831733, 0.32391706545724674, -0.5256159352536502]",south,0,0 minecraft:air,False,Player is not currently riding anything,0.0784000015258789
112.0,14:43:00.643275100,2025-07-30,literal{MF},"(-10.807934138434025, 67.0, 44.31196927589636)",20.0,"[{'name': ' None', 'count': 0, 'meta': ''}, {'name': ' None', 'count': 0, 'meta': ''}, {'name': ' None', 'count': 0, 'meta': ''}, {'name': ' None', 'count': 0, 'meta': ''}, {'name': ' None', 'count': 0, 'meta': ''}, {'name': ' None', 'count': 0, 'meta': ''}, {'name': ' None', 'count': 0, 'meta': ''}, {'name': ' None', 'count': 0, 'meta': ''}, {'name': ' None', 'count': 0, 'meta': ''}, {'name': ' None', 'count': 0, 'meta': ''}, {'name': ' None', 'count': 0, 'meta': ''}, {'name': ' None', 'count': 0, 'meta': ''}, {'name': ' None', 'count': 0, 'meta': ''}, {'name': ' None', 'count': 0, 'meta': ''}, {'name': ' None', 'count': 0, 'meta': ''}, {'name': ' None', 'count': 0, 'meta': ''}, {'name': ' None', 'count': 0, 'meta': ''}, {'name': ' None', 'count': 0, 'meta': ''}, {'name': ' None', 'count': 0, 'meta': ''}, {'name': ' None', 'count': 0, 'meta': ''}, {'name': ' None', 'count': 0, 'meta': ''}, {'name': ' None', 'count': 0, 'meta': ''}, {'name': ' None', 'count': 0, 'meta': ''}, {'name': ' None', 'count': 0, 'meta': ''}, {'name': ' None', 'count': 0, 'meta': ''}, {'name': ' None', 'count': 0, 'meta': ''}, {'name': ' None', 'count': 0, 'meta': ''}, {'name': ' None', 'count': 0, 'meta': ''}, {'name': ' None', 'count': 0, 'meta': ''}, {'name': ' None', 'count': 0, 'meta': ''}, {'name': ' None', 'count': 0, 'meta': ''}, {'name': ' None', 'count': 0, 'meta': ''}, {'name': ' None', 'count': 0, 'meta': ''}, {'name': ' None', 'count': 0, 'meta': ''}, {'name': ' None', 'count': 0, 'meta': ''}, {'name': ' None', 'count': 0, 'meta': ''}]","Armor Slot 0: None, Count: 0; Armor Slot 1: None, Count: 0; Armor Slot 2: None, Count: 0; Armor Slot 3: None, Count: 0; ","Offhand: None, Count: 0; ",[],20.0,20.0,"[-0.7713327056326559, 0.40673630854944937, -0.48950120789327356]",south,0,0 minecraft:air,False,Player is not currently riding anything,0.0784000015258789
112.0,14:43:00.690885600,2025-07-30,literal{MF},"(-10.940719693013282, 67.0, 44.51294844232083)",20.0,"[{'name': ' None', 'count': 0, 'meta': ''}, {'name': ' None', 'count': 0, 'meta': ''}, {'name': ' None', 'count': 0, 'meta': ''}, {'name': ' None', 'count': 0, 'meta': ''}, {'name': ' None', 'count': 0, 'meta': ''}, {'name': ' None', 'count': 0, 'meta': ''}, {'name': ' None', 'count': 0, 'meta': ''}, {'name': ' None', 'count': 0, 'meta': ''}, {'name': ' None', 'count': 0, 'meta': ''}, {'name': ' None', 'count': 0, 'meta': ''}, {'name': ' None', 'count': 0, 'meta': ''}, {'name': ' None', 'count': 0, 'meta': ''}, {'name': ' None', 'count': 0, 'meta': ''}, {'name': ' None', 'count': 0, 'meta': ''}, {'name': ' None', 'count': 0, 'meta': ''}, {'name': ' None', 'count': 0, 'meta': ''}, {'name': ' None', 'count': 0, 'meta': ''}, {'name': ' None', 'count': 0, 'meta': ''}, {'name': ' None', 'count': 0, 'meta': ''}, {'name': ' None', 'count': 0, 'meta': ''}, {'name': ' None', 'count': 0, 'meta': ''}, {'name': ' None', 'count': 0, 'meta': ''}, {'name': ' None', 'count': 0, 'meta': ''}, {'name': ' None', 'count': 0, 'meta': ''}, {'name': ' None', 'count': 0, 'meta': ''}, {'name': ' None', 'count': 0, 'meta': ''}, {'name': ' None', 'count': 0, 'meta': ''}, {'name': ' None', 'count': 0, 'meta': ''}, {'name': ' None', 'count': 0, 'meta': ''}, {'name': ' None', 'count': 0, 'meta': ''}, {'name': ' None', 'count': 0, 'meta': ''}, {'name': ' None', 'count': 0, 'meta': ''}, {'name': ' None', 'count': 0, 'meta': ''}, {'name': ' None', 'count': 0, 'meta': ''}, {'name': ' None', 'count': 0, 'meta': ''}, {'name': ' None', 'count': 0, 'meta': ''}]","Armor Slot 0: None, Count: 0; Armor Slot 1: None, Count: 0; Armor Slot 2: None, Count: 0; Armor Slot 3: None, Count: 0; ","Offhand: None, Count: 0; ",[],20.0,20.0,"[-0.7495621410288903, 0.4817533707147255, -0.4539496519892777]",south,0,0 minecraft:air,False,Player is not currently riding anything,0.0784000015258789
112.0,14:43:00.738160400,2025-07-30,literal{MF},"(-11.06398094248376, 67.0, 44.70651260661707)",20.0,"[{'name': ' None', 'count': 0, 'meta': ''}, {'name': ' None', 'count': 0, 'meta': ''}, {'name': ' None', 'count': 0, 'meta': ''}, {'name': ' None', 'count': 0, 'meta': ''}, {'name': ' None', 'count': 0, 'meta': ''}, {'name': ' None', 'count': 0, 'meta': ''}, {'name': ' None', 'count': 0, 'meta': ''}, {'name': ' None', 'count': 0, 'meta': ''}, {'name': ' None', 'count': 0, 'meta': ''}, {'name': ' None', 'count': 0, 'meta': ''}, {'name': ' None', 'count': 0, 'meta': ''}, {'name': ' None', 'count': 0, 'meta': ''}, {'name': ' None', 'count': 0, 'meta': ''}, {'name': ' None', 'count': 0, 'meta': ''}, {'name': ' None', 'count': 0, 'meta': ''}, {'name': ' None', 'count': 0, 'meta': ''}, {'name': ' None', 'count': 0, 'meta': ''}, {'name': ' None', 'count': 0, 'meta': ''}, {'name': ' None', 'count': 0, 'meta': ''}, {'name': ' None', 'count': 0, 'meta': ''}, {'name': ' None', 'count': 0, 'meta': ''}, {'name': ' None', 'count': 0, 'meta': ''}, {'name': ' None', 'count': 0, 'meta': ''}, {'name': ' None', 'count': 0, 'meta': ''}, {'name': ' None', 'count': 0, 'meta': ''}, {'name': ' None', 'count': 0, 'meta': ''}, {'name': ' None', 'count': 0, 'meta': ''}, {'name': ' None', 'count': 0, 'meta': ''}, {'name': ' None', 'count': 0, 'meta': ''}, {'name': ' None', 'count': 0, 'meta': ''}, {'name': ' None', 'count': 0, 'meta': ''}, {'name': ' None', 'count': 0, 'meta': ''}, {'name': ' None', 'count': 0, 'meta': ''}, {'name': ' None', 'count': 0, 'meta': ''}, {'name': ' None', 'count': 0, 'meta': ''}, {'name': ' None', 'count': 0, 'meta': ''}]","Armor Slot 0: None, Count: 0; Armor Slot 1: None, Count: 0; Armor Slot 2: None, Count: 0; Armor Slot 3: None, Count: 0; ","Offhand: None, Count: 0; ",[],20.0,20.0,"[-0.7495621410288903, 0.4817533707147255, -0.4539496519892777]",south,0,0 minecraft:air,False,Player is not currently riding anything,0.0784000015258789
112.0,14:43:00.786730600,2025-07-30,literal{MF},"(-11.18182474872672, 67.0, 44.89615929794075)",20.0,"[{'name': ' None', 'count': 0, 'meta': ''}, {'name': ' None', 'count': 0, 'meta': ''}, {'name': ' None', 'count': 0, 'meta': ''}, {'name': ' None', 'count': 0, 'meta': ''}, {'name': ' None', 'count': 0, 'meta': ''}, {'name': ' None', 'count': 0, 'meta': ''}, {'name': ' None', 'count': 0, 'meta': ''}, {'name': ' None', 'count': 0, 'meta': ''}, {'name': ' None', 'count': 0, 'meta': ''}, {'name': ' None', 'count': 0, 'meta': ''}, {'name': ' None', 'count': 0, 'meta': ''}, {'name': ' None', 'count': 0, 'meta': ''}, {'name': ' None', 'count': 0, 'meta': ''}, {'name': ' None', 'count': 0, 'meta': ''}, {'name': ' None', 'count': 0, 'meta': ''}, {'name': ' None', 'count': 0, 'meta': ''}, {'name': ' None', 'count': 0, 'meta': ''}, {'name': ' None', 'count': 0, 'meta': ''}, {'name': ' None', 'count': 0, 'meta': ''}, {'name': ' None', 'count': 0, 'meta': ''}, {'name': ' None', 'count': 0, 'meta': ''}, {'name': ' None', 'count': 0, 'meta': ''}, {'name': ' None', 'count': 0, 'meta': ''}, {'name': ' None', 'count': 0, 'meta': ''}, {'name': ' None', 'count': 0, 'meta': ''}, {'name': ' None', 'count': 0, 'meta': ''}, {'name': ' None', 'count': 0, 'meta': ''}, {'name': ' None', 'count': 0, 'meta': ''}, {'name': ' None', 'count': 0, 'meta': ''}, {'name': ' None', 'count': 0, 'meta': ''}, {'name': ' None', 'count': 0, 'meta': ''}, {'name': ' None', 'count': 0, 'meta': ''}, {'name': ' None', 'count': 0, 'meta': ''}, {'name': ' None', 'count': 0, 'meta': ''}, {'name': ' None', 'count': 0, 'meta': ''}, {'name': ' None', 'count': 0, 'meta': ''}]","Armor Slot 0: None, Count: 0; Armor Slot 1: None, Count: 0; Armor Slot 2: None, Count: 0; Armor Slot 3: None, Count: 0; ","Offhand: None, Count: 0; ",[],20.0,20.0,"[-0.7507480053643742, 0.4817533707147255, -0.4519857544728747]",south,0,0 minecraft:air,False,Player is not currently riding anything,0.0784000015258789
112.0,14:43:00.836401,2025-07-30,literal{MF},"(-11.292695462653535, 67.0, 45.08595689098041)",20.0,"[{'name': ' None', 'count': 0, 'meta': ''}, {'name': ' None', 'count': 0, 'meta': ''}, {'name': ' None', 'count': 0, 'meta': ''}, {'name': ' None', 'count': 0, 'meta': ''}, {'name': ' None', 'count': 0, 'meta': ''}, {'name': ' None', 'count': 0, 'meta': ''}, {'name': ' None', 'count': 0, 'meta': ''}, {'name': ' None', 'count': 0, 'meta': ''}, {'name': ' None', 'count': 0, 'meta': ''}, {'name': ' None', 'count': 0, 'meta': ''}, {'name': ' None', 'count': 0, 'meta': ''}, {'name': ' None', 'count': 0, 'meta': ''}, {'name': ' None', 'count': 0, 'meta': ''}, {'name': ' None', 'count': 0, 'meta': ''}, {'name': ' None', 'count': 0, 'meta': ''}, {'name': ' None', 'count': 0, 'meta': ''}, {'name': ' None', 'count': 0, 'meta': ''}, {'name': ' None', 'count': 0, 'meta': ''}, {'name': ' None', 'count': 0, 'meta': ''}, {'name': ' None', 'count': 0, 'meta': ''}, {'name': ' None', 'count': 0, 'meta': ''}, {'name': ' None', 'count': 0, 'meta': ''}, {'name': ' None', 'count': 0, 'meta': ''}, {'name': ' None', 'count': 0, 'meta': ''}, {'name': ' None', 'count': 0, 'meta': ''}, {'name': ' None', 'count': 0, 'meta': ''}, {'name': ' None', 'count': 0, 'meta': ''}, {'name': ' None', 'count': 0, 'meta': ''}, {'name': ' None', 'count': 0, 'meta': ''}, {'name': ' None', 'count': 0, 'meta': ''}, {'name': ' None', 'count': 0, 'meta': ''}, {'name': ' None', 'count': 0, 'meta': ''}, {'name': ' None', 'count': 0, 'meta': ''}, {'name': ' None', 'count': 0, 'meta': ''}, {'name': ' None', 'count': 0, 'meta': ''}, {'name': ' None', 'count': 0, 'meta': ''}]","Armor Slot 0: None, Count: 0; Armor Slot 1: None, Count: 0; Armor Slot 2: None, Count: 0; Armor Slot 3: None, Count: 0; ","Offhand: None, Count: 0; ",[],20.0,20.0,"[-0.7923381780522756, 0.4352307876720917, -0.427521196039601]",south,0,0 minecraft:air,False,Player is not currently riding anything,0.0784000015258789
112.0,14:43:00.886475100,2025-07-30,literal{MF},"(-11.392617862925736, 67.0, 45.2793230368839)",20.0,"[{'name': ' None', 'count': 0, 'meta': ''}, {'name': ' None', 'count': 0, 'meta': ''}, {'name': ' None', 'count': 0, 'meta': ''}, {'name': ' None', 'count': 0, 'meta': ''}, {'name': ' None', 'count': 0, 'meta': ''}, {'name': ' None', 'count': 0, 'meta': ''}, {'name': ' None', 'count': 0, 'meta': ''}, {'name': ' None', 'count': 0, 'meta': ''}, {'name': ' None', 'count': 0, 'meta': ''}, {'name': ' None', 'count': 0, 'meta': ''}, {'name': ' None', 'count': 0, 'meta': ''}, {'name': ' None', 'count': 0, 'meta': ''}, {'name': ' None', 'count': 0, 'meta': ''}, {'name': ' None', 'count': 0, 'meta': ''}, {'name': ' None', 'count': 0, 'meta': ''}, {'name': ' None', 'count': 0, 'meta': ''}, {'name': ' None', 'count': 0, 'meta': ''}, {'name': ' None', 'count': 0, 'meta': ''}, {'name': ' None', 'count': 0, 'meta': ''}, {'name': ' None', 'count': 0, 'meta': ''}, {'name': ' None', 'count': 0, 'meta': ''}, {'name': ' None', 'count': 0, 'meta': ''}, {'name': ' None', 'count': 0, 'meta': ''}, {'name': ' None', 'count': 0, 'meta': ''}, {'name': ' None', 'count': 0, 'meta': ''}, {'name': ' None', 'count': 0, 'meta': ''}, {'name': ' None', 'count': 0, 'meta': ''}, {'name': ' None', 'count': 0, 'meta': ''}, {'name': ' None', 'count': 0, 'meta': ''}, {'name': ' None', 'count': 0, 'meta': ''}, {'name': ' None', 'count': 0, 'meta': ''}, {'name': ' None', 'count': 0, 'meta': ''}, {'name': ' None', 'count': 0, 'meta': ''}, {'name': ' None', 'count': 0, 'meta': ''}, {'name': ' None', 'count': 0, 'meta': ''}, {'name': ' None', 'count': 0, 'meta': ''}]","Armor Slot 0: None, Count: 0; Armor Slot 1: None, Count: 0; Armor Slot 2: None, Count: 0; Armor Slot 3: None, Count: 0; ","Offhand: None, Count: 0; ",[],20.0,20.0,"[-0.8598940533916472, 0.34365938821808695, -0.37746581544724433]",south,0,0 minecraft:air,False,Player is not currently riding anything,0.0784000015258789
93.0,14:43:00.938039900,2025-07-30,literal{MF},"(-11.481091446626001, 67.0, 45.476845017447495)",20.0,"[{'name': ' None', 'count': 0, 'meta': ''}, {'name': ' None', 'count': 0, 'meta': ''}, {'name': ' None', 'count': 0, 'meta': ''}, {'name': ' None', 'count': 0, 'meta': ''}, {'name': ' None', 'count': 0, 'meta': ''}, {'name': ' None', 'count': 0, 'meta': ''}, {'name': ' None', 'count': 0, 'meta': ''}, {'name': ' None', 'count': 0, 'meta': ''}, {'name': ' None', 'count': 0, 'meta': ''}, {'name': ' None', 'count': 0, 'meta': ''}, {'name': ' None', 'count': 0, 'meta': ''}, {'name': ' None', 'count': 0, 'meta': ''}, {'name': ' None', 'count': 0, 'meta': ''}, {'name': ' None', 'count': 0, 'meta': ''}, {'name': ' None', 'count': 0, 'meta': ''}, {'name': ' None', 'count': 0, 'meta': ''}, {'name': ' None', 'count': 0, 'meta': ''}, {'name': ' None', 'count': 0, 'meta': ''}, {'name': ' None', 'count': 0, 'meta': ''}, {'name': ' None', 'count': 0, 'meta': ''}, {'name': ' None', 'count': 0, 'meta': ''}, {'name': ' None', 'count': 0, 'meta': ''}, {'name': ' None', 'count': 0, 'meta': ''}, {'name': ' None', 'count': 0, 'meta': ''}, {'name': ' None', 'count': 0, 'meta': ''}, {'name': ' None', 'count': 0, 'meta': ''}, {'name': ' None', 'count': 0, 'meta': ''}, {'name': ' None', 'count': 0, 'meta': ''}, {'name': ' None', 'count': 0, 'meta': ''}, {'name': ' None', 'count': 0, 'meta': ''}, {'name': ' None', 'count': 0, 'meta': ''}, {'name': ' None', 'count': 0, 'meta': ''}, {'name': ' None', 'count': 0, 'meta': ''}, {'name': ' None', 'count': 0, 'meta': ''}, {'name': ' None', 'count': 0, 'meta': ''}, {'name': ' None', 'count': 0, 'meta': ''}]","Armor Slot 0: None, Count: 0; Armor Slot 1: None, Count: 0; Armor Slot 2: None, Count: 0; Armor Slot 3: None, Count: 0; ","Offhand: None, Count: 0; ",[],20.0,20.0,"[-0.9036312861706723, 0.2689195224273683, -0.33336584874724723]",south,0,0 minecraft:air,False,Player is not currently riding anything,0.0784000015258789
93.0,14:43:00.990536500,2025-07-30,literal{MF},"(-11.562351304736948, 67.0, 45.67698549037265)",20.0,"[{'name': ' None', 'count': 0, 'meta': ''}, {'name': ' None', 'count': 0, 'meta': ''}, {'name': ' None', 'count': 0, 'meta': ''}, {'name': ' None', 'count': 0, 'meta': ''}, {'name': ' None', 'count': 0, 'meta': ''}, {'name': ' None', 'count': 0, 'meta': ''}, {'name': ' None', 'count': 0, 'meta': ''}, {'name': ' None', 'count': 0, 'meta': ''}, {'name': ' None', 'count': 0, 'meta': ''}, {'name': ' None', 'count': 0, 'meta': ''}, {'name': ' None', 'count': 0, 'meta': ''}, {'name': ' None', 'count': 0, 'meta': ''}, {'name': ' None', 'count': 0, 'meta': ''}, {'name': ' None', 'count': 0, 'meta': ''}, {'name': ' None', 'count': 0, 'meta': ''}, {'name': ' None', 'count': 0, 'meta': ''}, {'name': ' None', 'count': 0, 'meta': ''}, {'name': ' None', 'count': 0, 'meta': ''}, {'name': ' None', 'count': 0, 'meta': ''}, {'name': ' None', 'count': 0, 'meta': ''}, {'name': ' None', 'count': 0, 'meta': ''}, {'name': ' None', 'count': 0, 'meta': ''}, {'name': ' None', 'count': 0, 'meta': ''}, {'name': ' None', 'count': 0, 'meta': ''}, {'name': ' None', 'count': 0, 'meta': ''}, {'name': ' None', 'count': 0, 'meta': ''}, {'name': ' None', 'count': 0, 'meta': ''}, {'name': ' None', 'count': 0, 'meta': ''}, {'name': ' None', 'count': 0, 'meta': ''}, {'name': ' None', 'count': 0, 'meta': ''}, {'name': ' None', 'count': 0, 'meta': ''}, {'name': ' None', 'count': 0, 'meta': ''}, {'name': ' None', 'count': 0, 'meta': ''}, {'name': ' None', 'count': 0, 'meta': ''}, {'name': ' None', 'count': 0, 'meta': ''}, {'name': ' None', 'count': 0, 'meta': ''}]","Armor Slot 0: None, Count: 0; Armor Slot 1: None, Count: 0; Armor Slot 2: None, Count: 0; Armor Slot 3: None, Count: 0; ","Offhand: None, Count: 0; ",[],20.0,20.0,"[-0.9103100079848805, 0.2562890899696897, -0.3250409077717374]",south,0,0 minecraft:air,False,Player is not currently riding anything,0.0784000015258789
93.0,14:43:01.037287300,2025-07-30,literal{MF},"(-11.639185342566751, 67.0, 45.69999998807907)",20.0,"[{'name': ' None', 'count': 0, 'meta': ''}, {'name': ' None', 'count': 0, 'meta': ''}, {'name': ' None', 'count': 0, 'meta': ''}, {'name': ' None', 'count': 0, 'meta': ''}, {'name': ' None', 'count': 0, 'meta': ''}, {'name': ' None', 'count': 0, 'meta': ''}, {'name': ' None', 'count': 0, 'meta': ''}, {'name': ' None', 'count': 0, 'meta': ''}, {'name': ' None', 'count': 0, 'meta': ''}, {'name': ' None', 'count': 0, 'meta': ''}, {'name': ' None', 'count': 0, 'meta': ''}, {'name': ' None', 'count': 0, 'meta': ''}, {'name': ' None', 'count': 0, 'meta': ''}, {'name': ' None', 'count': 0, 'meta': ''}, {'name': ' None', 'count': 0, 'meta': ''}, {'name': ' None', 'count': 0, 'meta': ''}, {'name': ' None', 'count': 0, 'meta': ''}, {'name': ' None', 'count': 0, 'meta': ''}, {'name': ' None', 'count': 0, 'meta': ''}, {'name': ' None', 'count': 0, 'meta': ''}, {'name': ' None', 'count': 0, 'meta': ''}, {'name': ' None', 'count': 0, 'meta': ''}, {'name': ' None', 'count': 0, 'meta': ''}, {'name': ' None', 'count': 0, 'meta': ''}, {'name': ' None', 'count': 0, 'meta': ''}, {'name': ' None', 'count': 0, 'meta': ''}, {'name': ' None', 'count': 0, 'meta': ''}, {'name': ' None', 'count': 0, 'meta': ''}, {'name': ' None', 'count': 0, 'meta': ''}, {'name': ' None', 'count': 0, 'meta': ''}, {'name': ' None', 'count': 0, 'meta': ''}, {'name': ' None', 'count': 0, 'meta': ''}, {'name': ' None', 'count': 0, 'meta': ''}, {'name': ' None', 'count': 0, 'meta': ''}, {'name': ' None', 'count': 0, 'meta': ''}, {'name': ' None', 'count': 0, 'meta': ''}]","Armor Slot 0: None, Count: 0; Armor Slot 1: None, Count: 0; Armor Slot 2: None, Count: 0; Armor Slot 3: None, Count: 0; ","Offhand: None, Count: 0; ",[],20.0,20.0,"[-0.9196995111603183, 0.22324983370180532, -0.32297417996426225]",south,0,0 minecraft:air,False,Player is not currently riding anything,0.0784000015258789
93.0,14:43:01.089222400,2025-07-30,literal{MF},"(-11.71529056987618, 67.0, 45.69999998807907)",20.0,"[{'name': ' None', 'count': 0, 'meta': ''}, {'name': ' None', 'count': 0, 'meta': ''}, {'name': ' None', 'count': 0, 'meta': ''}, {'name': ' None', 'count': 0, 'meta': ''}, {'name': ' None', 'count': 0, 'meta': ''}, {'name': ' None', 'count': 0, 'meta': ''}, {'name': ' None', 'count': 0, 'meta': ''}, {'name': ' None', 'count': 0, 'meta': ''}, {'name': ' None', 'count': 0, 'meta': ''}, {'name': ' None', 'count': 0, 'meta': ''}, {'name': ' None', 'count': 0, 'meta': ''}, {'name': ' None', 'count': 0, 'meta': ''}, {'name': ' None', 'count': 0, 'meta': ''}, {'name': ' None', 'count': 0, 'meta': ''}, {'name': ' None', 'count': 0, 'meta': ''}, {'name': ' None', 'count': 0, 'meta': ''}, {'name': ' None', 'count': 0, 'meta': ''}, {'name': ' None', 'count': 0, 'meta': ''}, {'name': ' None', 'count': 0, 'meta': ''}, {'name': ' None', 'count': 0, 'meta': ''}, {'name': ' None', 'count': 0, 'meta': ''}, {'name': ' None', 'count': 0, 'meta': ''}, {'name': ' None', 'count': 0, 'meta': ''}, {'name': ' None', 'count': 0, 'meta': ''}, {'name': ' None', 'count': 0, 'meta': ''}, {'name': ' None', 'count': 0, 'meta': ''}, {'name': ' None', 'count': 0, 'meta': ''}, {'name': ' None', 'count': 0, 'meta': ''}, {'name': ' None', 'count': 0, 'meta': ''}, {'name': ' None', 'count': 0, 'meta': ''}, {'name': ' None', 'count': 0, 'meta': ''}, {'name': ' None', 'count': 0, 'meta': ''}, {'name': ' None', 'count': 0, 'meta': ''}, {'name': ' None', 'count': 0, 'meta': ''}, {'name': ' None', 'count': 0, 'meta': ''}, {'name': ' None', 'count': 0, 'meta': ''}]","Armor Slot 0: None, Count: 0; Armor Slot 1: None, Count: 0; Armor Slot 2: None, Count: 0; Armor Slot 3: None, Count: 0; ","Offhand: None, Count: 0; ",[],20.0,20.0,"[-0.9268659822290019, 0.14867215737269235, -0.34469702727006096]",south,0,0 minecraft:air,False,Player is not currently riding anything,0.0784000015258789
93.0,14:43:01.136142900,2025-07-30,literal{MF},"(-11.796463172945908, 67.0, 45.69999998807907)",20.0,"[{'name': ' None', 'count': 0, 'meta': ''}, {'name': ' None', 'count': 0, 'meta': ''}, {'name': ' None', 'count': 0, 'meta': ''}, {'name': ' None', 'count': 0, 'meta': ''}, {'name': ' None', 'count': 0, 'meta': ''}, {'name': ' None', 'count': 0, 'meta': ''}, {'name': ' None', 'count': 0, 'meta': ''}, {'name': ' None', 'count': 0, 'meta': ''}, {'name': ' None', 'count': 0, 'meta': ''}, {'name': ' None', 'count': 0, 'meta': ''}, {'name': ' None', 'count': 0, 'meta': ''}, {'name': ' None', 'count': 0, 'meta': ''}, {'name': ' None', 'count': 0, 'meta': ''}, {'name': ' None', 'count': 0, 'meta': ''}, {'name': ' None', 'count': 0, 'meta': ''}, {'name': ' None', 'count': 0, 'meta': ''}, {'name': ' None', 'count': 0, 'meta': ''}, {'name': ' None', 'count': 0, 'meta': ''}, {'name': ' None', 'count': 0, 'meta': ''}, {'name': ' None', 'count': 0, 'meta': ''}, {'name': ' None', 'count': 0, 'meta': ''}, {'name': ' None', 'count': 0, 'meta': ''}, {'name': ' None', 'count': 0, 'meta': ''}, {'name': ' None', 'count': 0, 'meta': ''}, {'name': ' None', 'count': 0, 'meta': ''}, {'name': ' None', 'count': 0, 'meta': ''}, {'name': ' None', 'count': 0, 'meta': ''}, {'name': ' None', 'count': 0, 'meta': ''}, {'name': ' None', 'count': 0, 'meta': ''}, {'name': ' None', 'count': 0, 'meta': ''}, {'name': ' None', 'count': 0, 'meta': ''}, {'name': ' None', 'count': 0, 'meta': ''}, {'name': ' None', 'count': 0, 'meta': ''}, {'name': ' None', 'count': 0, 'meta': ''}, {'name': ' None', 'count': 0, 'meta': ''}, {'name': ' None', 'count': 0, 'meta': ''}]","Armor Slot 0: None, Count: 0; Armor Slot 1: None, Count: 0; Armor Slot 2: None, Count: 0; Armor Slot 3: None, Count: 0; ","Offhand: None, Count: 0; ",[],20.0,20.0,"[-0.9117882592958926, 0.07845880534252643, -0.4030960010647462]",south,0,0 minecraft:air,False,Player is not currently riding anything,0.0784000015258789
93.0,14:43:01.186051200,2025-07-30,literal{MF},"(-11.880643039224598, 67.0, 45.69999998807907)",20.0,"[{'name': ' None', 'count': 0, 'meta': ''}, {'name': ' None', 'count': 0, 'meta': ''}, {'name': ' None', 'count': 0, 'meta': ''}, {'name': ' None', 'count': 0, 'meta': ''}, {'name': ' None', 'count': 0, 'meta': ''}, {'name': ' None', 'count': 0, 'meta': ''}, {'name': ' None', 'count': 0, 'meta': ''}, {'name': ' None', 'count': 0, 'meta': ''}, {'name': ' None', 'count': 0, 'meta': ''}, {'name': ' None', 'count': 0, 'meta': ''}, {'name': ' None', 'count': 0, 'meta': ''}, {'name': ' None', 'count': 0, 'meta': ''}, {'name': ' None', 'count': 0, 'meta': ''}, {'name': ' None', 'count': 0, 'meta': ''}, {'name': ' None', 'count': 0, 'meta': ''}, {'name': ' None', 'count': 0, 'meta': ''}, {'name': ' None', 'count': 0, 'meta': ''}, {'name': ' None', 'count': 0, 'meta': ''}, {'name': ' None', 'count': 0, 'meta': ''}, {'name': ' None', 'count': 0, 'meta': ''}, {'name': ' None', 'count': 0, 'meta': ''}, {'name': ' None', 'count': 0, 'meta': ''}, {'name': ' None', 'count': 0, 'meta': ''}, {'name': ' None', 'count': 0, 'meta': ''}, {'name': ' None', 'count': 0, 'meta': ''}, {'name': ' None', 'count': 0, 'meta': ''}, {'name': ' None', 'count': 0, 'meta': ''}, {'name': ' None', 'count': 0, 'meta': ''}, {'name': ' None', 'count': 0, 'meta': ''}, {'name': ' None', 'count': 0, 'meta': ''}, {'name': ' None', 'count': 0, 'meta': ''}, {'name': ' None', 'count': 0, 'meta': ''}, {'name': ' None', 'count': 0, 'meta': ''}, {'name': ' None', 'count': 0, 'meta': ''}, {'name': ' None', 'count': 0, 'meta': ''}, {'name': ' None', 'count': 0, 'meta': ''}]","Armor Slot 0: None, Count: 0; Armor Slot 1: None, Count: 0; Armor Slot 2: None, Count: 0; Armor Slot 3: None, Count: 0; ","Offhand: None, Count: 0; ",[],20.0,20.0,"[-0.9109143611823368, 0.07584861425385875, -0.40556382273021413]",south,0,0 minecraft:air,False,Player is not currently riding anything,0.0784000015258789
93.0,14:43:01.236863400,2025-07-30,literal{MF},"(-11.9664648714061, 67.0, 45.69999998807907)",20.0,"[{'name': ' None', 'count': 0, 'meta': ''}, {'name': ' None', 'count': 0, 'meta': ''}, {'name': ' None', 'count': 0, 'meta': ''}, {'name': ' None', 'count': 0, 'meta': ''}, {'name': ' None', 'count': 0, 'meta': ''}, {'name': ' None', 'count': 0, 'meta': ''}, {'name': ' None', 'count': 0, 'meta': ''}, {'name': ' None', 'count': 0, 'meta': ''}, {'name': ' None', 'count': 0, 'meta': ''}, {'name': ' None', 'count': 0, 'meta': ''}, {'name': ' None', 'count': 0, 'meta': ''}, {'name': ' None', 'count': 0, 'meta': ''}, {'name': ' None', 'count': 0, 'meta': ''}, {'name': ' None', 'count': 0, 'meta': ''}, {'name': ' None', 'count': 0, 'meta': ''}, {'name': ' None', 'count': 0, 'meta': ''}, {'name': ' None', 'count': 0, 'meta': ''}, {'name': ' None', 'count': 0, 'meta': ''}, {'name': ' None', 'count': 0, 'meta': ''}, {'name': ' None', 'count': 0, 'meta': ''}, {'name': ' None', 'count': 0, 'meta': ''}, {'name': ' None', 'count': 0, 'meta': ''}, {'name': ' None', 'count': 0, 'meta': ''}, {'name': ' None', 'count': 0, 'meta': ''}, {'name': ' None', 'count': 0, 'meta': ''}, {'name': ' None', 'count': 0, 'meta': ''}, {'name': ' None', 'count': 0, 'meta': ''}, {'name': ' None', 'count': 0, 'meta': ''}, {'name': ' None', 'count': 0, 'meta': ''}, {'name': ' None', 'count': 0, 'meta': ''}, {'name': ' None', 'count': 0, 'meta': ''}, {'name': ' None', 'count': 0, 'meta': ''}, {'name': ' None', 'count': 0, 'meta': ''}, {'name': ' None', 'count': 0, 'meta': ''}, {'name': ' None', 'count': 0, 'meta': ''}, {'name': ' None', 'count': 0, 'meta': ''}]","Armor Slot 0: None, Count: 0; Armor Slot 1: None, Count: 0; Armor Slot 2: None, Count: 0; Armor Slot 3: None, Count: 0; ","Offhand: None, Count: 0; ",[],20.0,20.0,"[-0.9109143611823368, 0.07584861425385875, -0.40556382273021413]",south,0,0 minecraft:air,False,Player is not currently riding anything,0.0784000015258789
93.0,14:43:01.287280700,2025-07-30,literal{MF},"(-12.052710580656775, 67.0, 45.69999998807907)",20.0,"[{'name': ' None', 'count': 0, 'meta': ''}, {'name': ' None', 'count': 0, 'meta': ''}, {'name': ' None', 'count': 0, 'meta': ''}, {'name': ' None', 'count': 0, 'meta': ''}, {'name': ' None', 'count': 0, 'meta': ''}, {'name': ' None', 'count': 0, 'meta': ''}, {'name': ' None', 'count': 0, 'meta': ''}, {'name': ' None', 'count': 0, 'meta': ''}, {'name': ' None', 'count': 0, 'meta': ''}, {'name': ' None', 'count': 0, 'meta': ''}, {'name': ' None', 'count': 0, 'meta': ''}, {'name': ' None', 'count': 0, 'meta': ''}, {'name': ' None', 'count': 0, 'meta': ''}, {'name': ' None', 'count': 0, 'meta': ''}, {'name': ' None', 'count': 0, 'meta': ''}, {'name': ' None', 'count': 0, 'meta': ''}, {'name': ' None', 'count': 0, 'meta': ''}, {'name': ' None', 'count': 0, 'meta': ''}, {'name': ' None', 'count': 0, 'meta': ''}, {'name': ' None', 'count': 0, 'meta': ''}, {'name': ' None', 'count': 0, 'meta': ''}, {'name': ' None', 'count': 0, 'meta': ''}, {'name': ' None', 'count': 0, 'meta': ''}, {'name': ' None', 'count': 0, 'meta': ''}, {'name': ' None', 'count': 0, 'meta': ''}, {'name': ' None', 'count': 0, 'meta': ''}, {'name': ' None', 'count': 0, 'meta': ''}, {'name': ' None', 'count': 0, 'meta': ''}, {'name': ' None', 'count': 0, 'meta': ''}, {'name': ' None', 'count': 0, 'meta': ''}, {'name': ' None', 'count': 0, 'meta': ''}, {'name': ' None', 'count': 0, 'meta': ''}, {'name': ' None', 'count': 0, 'meta': ''}, {'name': ' None', 'count': 0, 'meta': ''}, {'name': ' None', 'count': 0, 'meta': ''}, {'name': ' None', 'count': 0, 'meta': ''}]","Armor Slot 0: None, Count: 0; Armor Slot 1: None, Count: 0; Armor Slot 2: None, Count: 0; Armor Slot 3: None, Count: 0; ","Offhand: None, Count: 0; ",[],20.0,20.0,"[-0.9142796339447512, 0.05494987826655427, -0.4013393350175665]",south,0,0 minecraft:air,False,Player is not currently riding anything,0.0784000015258789
93.0,14:43:01.335819300,2025-07-30,literal{MF},"(-12.138481037134037, 67.0, 45.69999998807907)",20.0,"[{'name': ' None', 'count': 0, 'meta': ''}, {'name': ' None', 'count': 0, 'meta': ''}, {'name': ' None', 'count': 0, 'meta': ''}, {'name': ' None', 'count': 0, 'meta': ''}, {'name': ' None', 'count': 0, 'meta': ''}, {'name': ' None', 'count': 0, 'meta': ''}, {'name': ' None', 'count': 0, 'meta': ''}, {'name': ' None', 'count': 0, 'meta': ''}, {'name': ' None', 'count': 0, 'meta': ''}, {'name': ' None', 'count': 0, 'meta': ''}, {'name': ' None', 'count': 0, 'meta': ''}, {'name': ' None', 'count': 0, 'meta': ''}, {'name': ' None', 'count': 0, 'meta': ''}, {'name': ' None', 'count': 0, 'meta': ''}, {'name': ' None', 'count': 0, 'meta': ''}, {'name': ' None', 'count': 0, 'meta': ''}, {'name': ' None', 'count': 0, 'meta': ''}, {'name': ' None', 'count': 0, 'meta': ''}, {'name': ' None', 'count': 0, 'meta': ''}, {'name': ' None', 'count': 0, 'meta': ''}, {'name': ' None', 'count': 0, 'meta': ''}, {'name': ' None', 'count': 0, 'meta': ''}, {'name': ' None', 'count': 0, 'meta': ''}, {'name': ' None', 'count': 0, 'meta': ''}, {'name': ' None', 'count': 0, 'meta': ''}, {'name': ' None', 'count': 0, 'meta': ''}, {'name': ' None', 'count': 0, 'meta': ''}, {'name': ' None', 'count': 0, 'meta': ''}, {'name': ' None', 'count': 0, 'meta': ''}, {'name': ' None', 'count': 0, 'meta': ''}, {'name': ' None', 'count': 0, 'meta': ''}, {'name': ' None', 'count': 0, 'meta': ''}, {'name': ' None', 'count': 0, 'meta': ''}, {'name': ' None', 'count': 0, 'meta': ''}, {'name': ' None', 'count': 0, 'meta': ''}, {'name': ' None', 'count': 0, 'meta': ''}]","Armor Slot 0: None, Count: 0; Armor Slot 1: None, Count: 0; Armor Slot 2: None, Count: 0; Armor Slot 3: None, Count: 0; ","Offhand: None, Count: 0; ",[],20.0,20.0,"[-0.9182596354902365, 0.03402704566363093, -0.39451413408488095]",south,0,0 minecraft:air,False,Player is not currently riding anything,0.0784000015258789
93.0,14:43:01.386687100,2025-07-30,literal{MF},"(-12.223992005566872, 67.0, 45.69999998807907)",20.0,"[{'name': ' None', 'count': 0, 'meta': ''}, {'name': ' None', 'count': 0, 'meta': ''}, {'name': ' None', 'count': 0, 'meta': ''}, {'name': ' None', 'count': 0, 'meta': ''}, {'name': ' None', 'count': 0, 'meta': ''}, {'name': ' None', 'count': 0, 'meta': ''}, {'name': ' None', 'count': 0, 'meta': ''}, {'name': ' None', 'count': 0, 'meta': ''}, {'name': ' None', 'count': 0, 'meta': ''}, {'name': ' None', 'count': 0, 'meta': ''}, {'name': ' None', 'count': 0, 'meta': ''}, {'name': ' None', 'count': 0, 'meta': ''}, {'name': ' None', 'count': 0, 'meta': ''}, {'name': ' None', 'count': 0, 'meta': ''}, {'name': ' None', 'count': 0, 'meta': ''}, {'name': ' None', 'count': 0, 'meta': ''}, {'name': ' None', 'count': 0, 'meta': ''}, {'name': ' None', 'count': 0, 'meta': ''}, {'name': ' None', 'count': 0, 'meta': ''}, {'name': ' None', 'count': 0, 'meta': ''}, {'name': ' None', 'count': 0, 'meta': ''}, {'name': ' None', 'count': 0, 'meta': ''}, {'name': ' None', 'count': 0, 'meta': ''}, {'name': ' None', 'count': 0, 'meta': ''}, {'name': ' None', 'count': 0, 'meta': ''}, {'name': ' None', 'count': 0, 'meta': ''}, {'name': ' None', 'count': 0, 'meta': ''}, {'name': ' None', 'count': 0, 'meta': ''}, {'name': ' None', 'count': 0, 'meta': ''}, {'name': ' None', 'count': 0, 'meta': ''}, {'name': ' None', 'count': 0, 'meta': ''}, {'name': ' None', 'count': 0, 'meta': ''}, {'name': ' None', 'count': 0, 'meta': ''}, {'name': ' None', 'count': 0, 'meta': ''}, {'name': ' None', 'count': 0, 'meta': ''}, {'name': ' None', 'count': 0, 'meta': ''}]","Armor Slot 0: None, Count: 0; Armor Slot 1: None, Count: 0; Armor Slot 2: None, Count: 0; Armor Slot 3: None, Count: 0; ","Offhand: None, Count: 0; ",[],20.0,20.0,"[-0.9183383369109966, 0.03141045462937841, -0.3945479467688566]",south,0,0 minecraft:air,False,Player is not currently riding anything,0.0784000015258789
93.0,14:43:01.436069600,2025-07-30,literal{MF},"(-12.27068099975425, 67.0, 45.69999998807907)",20.0,"[{'name': ' None', 'count': 0, 'meta': ''}, {'name': ' None', 'count': 0, 'meta': ''}, {'name': ' None', 'count': 0, 'meta': ''}, {'name': ' None', 'count': 0, 'meta': ''}, {'name': ' None', 'count': 0, 'meta': ''}, {'name': ' None', 'count': 0, 'meta': ''}, {'name': ' None', 'count': 0, 'meta': ''}, {'name': ' None', 'count': 0, 'meta': ''}, {'name': ' None', 'count': 0, 'meta': ''}, {'name': ' None', 'count': 0, 'meta': ''}, {'name': ' None', 'count': 0, 'meta': ''}, {'name': ' None', 'count': 0, 'meta': ''}, {'name': ' None', 'count': 0, 'meta': ''}, {'name': ' None', 'count': 0, 'meta': ''}, {'name': ' None', 'count': 0, 'meta': ''}, {'name': ' None', 'count': 0, 'meta': ''}, {'name': ' None', 'count': 0, 'meta': ''}, {'name': ' None', 'count': 0, 'meta': ''}, {'name': ' None', 'count': 0, 'meta': ''}, {'name': ' None', 'count': 0, 'meta': ''}, {'name': ' None', 'count': 0, 'meta': ''}, {'name': ' None', 'count': 0, 'meta': ''}, {'name': ' None', 'count': 0, 'meta': ''}, {'name': ' None', 'count': 0, 'meta': ''}, {'name': ' None', 'count': 0, 'meta': ''}, {'name': ' None', 'count': 0, 'meta': ''}, {'name': ' None', 'count': 0, 'meta': ''}, {'name': ' None', 'count': 0, 'meta': ''}, {'name': ' None', 'count': 0, 'meta': ''}, {'name': ' None', 'count': 0, 'meta': ''}, {'name': ' None', 'count': 0, 'meta': ''}, {'name': ' None', 'count': 0, 'meta': ''}, {'name': ' None', 'count': 0, 'meta': ''}, {'name': ' None', 'count': 0, 'meta': ''}, {'name': ' None', 'count': 0, 'meta': ''}, {'name': ' None', 'count': 0, 'meta': ''}]","Armor Slot 0: None, Count: 0; Armor Slot 1: None, Count: 0; Armor Slot 2: None, Count: 0; Armor Slot 3: None, Count: 0; ","Offhand: None, Count: 0; ",[],20.0,20.0,"[-0.9193681101353733, 0.03141045462937841, -0.3921423993985956]",south,0,0 minecraft:air,False,Player is not currently riding anything,0.0784000015258789
93.0,14:43:01.485863500,2025-07-30,literal{MF},"(-12.296173193541543, 67.0, 45.69999998807907)",20.0,"[{'name': ' None', 'count': 0, 'meta': ''}, {'name': ' None', 'count': 0, 'meta': ''}, {'name': ' None', 'count': 0, 'meta': ''}, {'name': ' None', 'count': 0, 'meta': ''}, {'name': ' None', 'count': 0, 'meta': ''}, {'name': ' None', 'count': 0, 'meta': ''}, {'name': ' None', 'count': 0, 'meta': ''}, {'name': ' None', 'count': 0, 'meta': ''}, {'name': ' None', 'count': 0, 'meta': ''}, {'name': ' None', 'count': 0, 'meta': ''}, {'name': ' None', 'count': 0, 'meta': ''}, {'name': ' None', 'count': 0, 'meta': ''}, {'name': ' None', 'count': 0, 'meta': ''}, {'name': ' None', 'count': 0, 'meta': ''}, {'name': ' None', 'count': 0, 'meta': ''}, {'name': ' None', 'count': 0, 'meta': ''}, {'name': ' None', 'count': 0, 'meta': ''}, {'name': ' None', 'count': 0, 'meta': ''}, {'name': ' None', 'count': 0, 'meta': ''}, {'name': ' None', 'count': 0, 'meta': ''}, {'name': ' None', 'count': 0, 'meta': ''}, {'name': ' None', 'count': 0, 'meta': ''}, {'name': ' None', 'count': 0, 'meta': ''}, {'name': ' None', 'count': 0, 'meta': ''}, {'name': ' None', 'count': 0, 'meta': ''}, {'name': ' None', 'count': 0, 'meta': ''}, {'name': ' None', 'count': 0, 'meta': ''}, {'name': ' None', 'count': 0, 'meta': ''}, {'name': ' None', 'count': 0, 'meta': ''}, {'name': ' None', 'count': 0, 'meta': ''}, {'name': ' None', 'count': 0, 'meta': ''}, {'name': ' None', 'count': 0, 'meta': ''}, {'name': ' None', 'count': 0, 'meta': ''}, {'name': ' None', 'count': 0, 'meta': ''}, {'name': ' None', 'count': 0, 'meta': ''}, {'name': ' None', 'count': 0, 'meta': ''}]","Armor Slot 0: None, Count: 0; Armor Slot 1: None, Count: 0; Armor Slot 2: None, Count: 0; Armor Slot 3: None, Count: 0; ","Offhand: None, Count: 0; ",[],20.0,20.0,"[-0.9224195945086159, 0.03141045462937841, -0.3849096972103151]",south,0,0 minecraft:air,False,Player is not currently riding anything,0.0784000015258789
93.0,14:43:01.535752400,2025-07-30,literal{MF},"(-12.310091932966104, 67.0, 45.69999998807907)",20.0,"[{'name': ' None', 'count': 0, 'meta': ''}, {'name': ' None', 'count': 0, 'meta': ''}, {'name': ' None', 'count': 0, 'meta': ''}, {'name': ' None', 'count': 0, 'meta': ''}, {'name': ' None', 'count': 0, 'meta': ''}, {'name': ' None', 'count': 0, 'meta': ''}, {'name': ' None', 'count': 0, 'meta': ''}, {'name': ' None', 'count': 0, 'meta': ''}, {'name': ' None', 'count': 0, 'meta': ''}, {'name': ' None', 'count': 0, 'meta': ''}, {'name': ' None', 'count': 0, 'meta': ''}, {'name': ' None', 'count': 0, 'meta': ''}, {'name': ' None', 'count': 0, 'meta': ''}, {'name': ' None', 'count': 0, 'meta': ''}, {'name': ' None', 'count': 0, 'meta': ''}, {'name': ' None', 'count': 0, 'meta': ''}, {'name': ' None', 'count': 0, 'meta': ''}, {'name': ' None', 'count': 0, 'meta': ''}, {'name': ' None', 'count': 0, 'meta': ''}, {'name': ' None', 'count': 0, 'meta': ''}, {'name': ' None', 'count': 0, 'meta': ''}, {'name': ' None', 'count': 0, 'meta': ''}, {'name': ' None', 'count': 0, 'meta': ''}, {'name': ' None', 'count': 0, 'meta': ''}, {'name': ' None', 'count': 0, 'meta': ''}, {'name': ' None', 'count': 0, 'meta': ''}, {'name': ' None', 'count': 0, 'meta': ''}, {'name': ' None', 'count': 0, 'meta': ''}, {'name': ' None', 'count': 0, 'meta': ''}, {'name': ' None', 'count': 0, 'meta': ''}, {'name': ' None', 'count': 0, 'meta': ''}, {'name': ' None', 'count': 0, 'meta': ''}, {'name': ' None', 'count': 0, 'meta': ''}, {'name': ' None', 'count': 0, 'meta': ''}, {'name': ' None', 'count': 0, 'meta': ''}, {'name': ' None', 'count': 0, 'meta': ''}]","Armor Slot 0: None, Count: 0; Armor Slot 1: None, Count: 0; Armor Slot 2: None, Count: 0; Armor Slot 3: None, Count: 0; ","Offhand: None, Count: 0; ",[],20.0,20.0,"[-0.9224195945086159, 0.03141045462937841, -0.3849096972103151]",south,0,0 minecraft:air,False,Player is not currently riding anything,0.0784000015258789
93.0,14:43:01.586104700,2025-07-30,literal{MF},"(-12.317691565574632, 67.0, 45.69999998807907)",20.0,"[{'name': ' None', 'count': 0, 'meta': ''}, {'name': ' None', 'count': 0, 'meta': ''}, {'name': ' None', 'count': 0, 'meta': ''}, {'name': ' None', 'count': 0, 'meta': ''}, {'name': ' None', 'count': 0, 'meta': ''}, {'name': ' None', 'count': 0, 'meta': ''}, {'name': ' None', 'count': 0, 'meta': ''}, {'name': ' None', 'count': 0, 'meta': ''}, {'name': ' None', 'count': 0, 'meta': ''}, {'name': ' None', 'count': 0, 'meta': ''}, {'name': ' None', 'count': 0, 'meta': ''}, {'name': ' None', 'count': 0, 'meta': ''}, {'name': ' None', 'count': 0, 'meta': ''}, {'name': ' None', 'count': 0, 'meta': ''}, {'name': ' None', 'count': 0, 'meta': ''}, {'name': ' None', 'count': 0, 'meta': ''}, {'name': ' None', 'count': 0, 'meta': ''}, {'name': ' None', 'count': 0, 'meta': ''}, {'name': ' None', 'count': 0, 'meta': ''}, {'name': ' None', 'count': 0, 'meta': ''}, {'name': ' None', 'count': 0, 'meta': ''}, {'name': ' None', 'count': 0, 'meta': ''}, {'name': ' None', 'count': 0, 'meta': ''}, {'name': ' None', 'count': 0, 'meta': ''}, {'name': ' None', 'count': 0, 'meta': ''}, {'name': ' None', 'count': 0, 'meta': ''}, {'name': ' None', 'count': 0, 'meta': ''}, {'name': ' None', 'count': 0, 'meta': ''}, {'name': ' None', 'count': 0, 'meta': ''}, {'name': ' None', 'count': 0, 'meta': ''}, {'name': ' None', 'count': 0, 'meta': ''}, {'name': ' None', 'count': 0, 'meta': ''}, {'name': ' None', 'count': 0, 'meta': ''}, {'name': ' None', 'count': 0, 'meta': ''}, {'name': ' None', 'count': 0, 'meta': ''}, {'name': ' None', 'count': 0, 'meta': ''}]","Armor Slot 0: None, Count: 0; Armor Slot 1: None, Count: 0; Armor Slot 2: None, Count: 0; Armor Slot 3: None, Count: 0; ","Offhand: None, Count: 0; ",[],20.0,20.0,"[-0.9333217288102098, 0.023559461567117138, -0.35826736147936905]",south,0,0 minecraft:air,False,Player is not currently riding anything,0.0784000015258789
93.0,14:43:01.640205600,2025-07-30,literal{MF},"(-12.321840965460853, 67.0, 45.69999998807907)",20.0,"[{'name': ' None', 'count': 0, 'meta': ''}, {'name': ' None', 'count': 0, 'meta': ''}, {'name': ' None', 'count': 0, 'meta': ''}, {'name': ' None', 'count': 0, 'meta': ''}, {'name': ' None', 'count': 0, 'meta': ''}, {'name': ' None', 'count': 0, 'meta': ''}, {'name': ' None', 'count': 0, 'meta': ''}, {'name': ' None', 'count': 0, 'meta': ''}, {'name': ' None', 'count': 0, 'meta': ''}, {'name': ' None', 'count': 0, 'meta': ''}, {'name': ' None', 'count': 0, 'meta': ''}, {'name': ' None', 'count': 0, 'meta': ''}, {'name': ' None', 'count': 0, 'meta': ''}, {'name': ' None', 'count': 0, 'meta': ''}, {'name': ' None', 'count': 0, 'meta': ''}, {'name': ' None', 'count': 0, 'meta': ''}, {'name': ' None', 'count': 0, 'meta': ''}, {'name': ' None', 'count': 0, 'meta': ''}, {'name': ' None', 'count': 0, 'meta': ''}, {'name': ' None', 'count': 0, 'meta': ''}, {'name': ' None', 'count': 0, 'meta': ''}, {'name': ' None', 'count': 0, 'meta': ''}, {'name': ' None', 'count': 0, 'meta': ''}, {'name': ' None', 'count': 0, 'meta': ''}, {'name': ' None', 'count': 0, 'meta': ''}, {'name': ' None', 'count': 0, 'meta': ''}, {'name': ' None', 'count': 0, 'meta': ''}, {'name': ' None', 'count': 0, 'meta': ''}, {'name': ' None', 'count': 0, 'meta': ''}, {'name': ' None', 'count': 0, 'meta': ''}, {'name': ' None', 'count': 0, 'meta': ''}, {'name': ' None', 'count': 0, 'meta': ''}, {'name': ' None', 'count': 0, 'meta': ''}, {'name': ' None', 'count': 0, 'meta': ''}, {'name': ' None', 'count': 0, 'meta': ''}, {'name': ' None', 'count': 0, 'meta': ''}]","Armor Slot 0: None, Count: 0; Armor Slot 1: None, Count: 0; Armor Slot 2: None, Count: 0; Armor Slot 3: None, Count: 0; ","Offhand: None, Count: 0; ",[],20.0,20.0,"[-0.9631100750480809, 0.01047147974194504, -0.268903944658486]",south,0,0 minecraft:air,False,Player is not currently riding anything,0.0784000015258789
93.0,14:43:01.686688900,2025-07-30,literal{MF},"(-12.321840965460853, 67.0, 45.69999998807907)",20.0,"[{'name': ' None', 'count': 0, 'meta': ''}, {'name': ' None', 'count': 0, 'meta': ''}, {'name': ' None', 'count': 0, 'meta': ''}, {'name': ' None', 'count': 0, 'meta': ''}, {'name': ' None', 'count': 0, 'meta': ''}, {'name': ' None', 'count': 0, 'meta': ''}, {'name': ' None', 'count': 0, 'meta': ''}, {'name': ' None', 'count': 0, 'meta': ''}, {'name': ' None', 'count': 0, 'meta': ''}, {'name': ' None', 'count': 0, 'meta': ''}, {'name': ' None', 'count': 0, 'meta': ''}, {'name': ' None', 'count': 0, 'meta': ''}, {'name': ' None', 'count': 0, 'meta': ''}, {'name': ' None', 'count': 0, 'meta': ''}, {'name': ' None', 'count': 0, 'meta': ''}, {'name': ' None', 'count': 0, 'meta': ''}, {'name': ' None', 'count': 0, 'meta': ''}, {'name': ' None', 'count': 0, 'meta': ''}, {'name': ' None', 'count': 0, 'meta': ''}, {'name': ' None', 'count': 0, 'meta': ''}, {'name': ' None', 'count': 0, 'meta': ''}, {'name': ' None', 'count': 0, 'meta': ''}, {'name': ' None', 'count': 0, 'meta': ''}, {'name': ' None', 'count': 0, 'meta': ''}, {'name': ' None', 'count': 0, 'meta': ''}, {'name': ' None', 'count': 0, 'meta': ''}, {'name': ' None', 'count': 0, 'meta': ''}, {'name': ' None', 'count': 0, 'meta': ''}, {'name': ' None', 'count': 0, 'meta': ''}, {'name': ' None', 'count': 0, 'meta': ''}, {'name': ' None', 'count': 0, 'meta': ''}, {'name': ' None', 'count': 0, 'meta': ''}, {'name': ' None', 'count': 0, 'meta': ''}, {'name': ' None', 'count': 0, 'meta': ''}, {'name': ' None', 'count': 0, 'meta': ''}, {'name': ' None', 'count': 0, 'meta': ''}]","Armor Slot 0: None, Count: 0; Armor Slot 1: None, Count: 0; Armor Slot 2: None, Count: 0; Armor Slot 3: None, Count: 0; ","Offhand: None, Count: 0; ",[],20.0,20.0,"[-0.9864294544875165, -3.063675550891888e-07, -0.1641856611259545]",south,0,0 minecraft:air,False,Player is not currently riding anything,0.0784000015258789
93.0,14:43:01.737178500,2025-07-30,literal{MF},"(-12.321840965460853, 67.0, 45.69999998807907)",20.0,"[{'name': ' None', 'count': 0, 'meta': ''}, {'name': ' None', 'count': 0, 'meta': ''}, {'name': ' None', 'count': 0, 'meta': ''}, {'name': ' None', 'count': 0, 'meta': ''}, {'name': ' None', 'count': 0, 'meta': ''}, {'name': ' None', 'count': 0, 'meta': ''}, {'name': ' None', 'count': 0, 'meta': ''}, {'name': ' None', 'count': 0, 'meta': ''}, {'name': ' None', 'count': 0, 'meta': ''}, {'name': ' None', 'count': 0, 'meta': ''}, {'name': ' None', 'count': 0, 'meta': ''}, {'name': ' None', 'count': 0, 'meta': ''}, {'name': ' None', 'count': 0, 'meta': ''}, {'name': ' None', 'count': 0, 'meta': ''}, {'name': ' None', 'count': 0, 'meta': ''}, {'name': ' None', 'count': 0, 'meta': ''}, {'name': ' None', 'count': 0, 'meta': ''}, {'name': ' None', 'count': 0, 'meta': ''}, {'name': ' None', 'count': 0, 'meta': ''}, {'name': ' None', 'count': 0, 'meta': ''}, {'name': ' None', 'count': 0, 'meta': ''}, {'name': ' None', 'count': 0, 'meta': ''}, {'name': ' None', 'count': 0, 'meta': ''}, {'name': ' None', 'count': 0, 'meta': ''}, {'name': ' None', 'count': 0, 'meta': ''}, {'name': ' None', 'count': 0, 'meta': ''}, {'name': ' None', 'count': 0, 'meta': ''}, {'name': ' None', 'count': 0, 'meta': ''}, {'name': ' None', 'count': 0, 'meta': ''}, {'name': ' None', 'count': 0, 'meta': ''}, {'name': ' None', 'count': 0, 'meta': ''}, {'name': ' None', 'count': 0, 'meta': ''}, {'name': ' None', 'count': 0, 'meta': ''}, {'name': ' None', 'count': 0, 'meta': ''}, {'name': ' None', 'count': 0, 'meta': ''}, {'name': ' None', 'count': 0, 'meta': ''}]","Armor Slot 0: None, Count: 0; Armor Slot 1: None, Count: 0; Armor Slot 2: None, Count: 0; Armor Slot 3: None, Count: 0; ","Offhand: None, Count: 0; ",[],20.0,20.0,"[-0.9987323818513283, -0.007854208599161736, -0.04971861672305107]",south,0,0 minecraft:air,False,Player is not currently riding anything,0.0784000015258789
93.0,14:43:01.787965700,2025-07-30,literal{MF},"(-12.321840965460853, 67.0, 45.69999998807907)",20.0,"[{'name': ' None', 'count': 0, 'meta': ''}, {'name': ' None', 'count': 0, 'meta': ''}, {'name': ' None', 'count': 0, 'meta': ''}, {'name': ' None', 'count': 0, 'meta': ''}, {'name': ' None', 'count': 0, 'meta': ''}, {'name': ' None', 'count': 0, 'meta': ''}, {'name': ' None', 'count': 0, 'meta': ''}, {'name': ' None', 'count': 0, 'meta': ''}, {'name': ' None', 'count': 0, 'meta': ''}, {'name': ' None', 'count': 0, 'meta': ''}, {'name': ' None', 'count': 0, 'meta': ''}, {'name': ' None', 'count': 0, 'meta': ''}, {'name': ' None', 'count': 0, 'meta': ''}, {'name': ' None', 'count': 0, 'meta': ''}, {'name': ' None', 'count': 0, 'meta': ''}, {'name': ' None', 'count': 0, 'meta': ''}, {'name': ' None', 'count': 0, 'meta': ''}, {'name': ' None', 'count': 0, 'meta': ''}, {'name': ' None', 'count': 0, 'meta': ''}, {'name': ' None', 'count': 0, 'meta': ''}, {'name': ' None', 'count': 0, 'meta': ''}, {'name': ' None', 'count': 0, 'meta': ''}, {'name': ' None', 'count': 0, 'meta': ''}, {'name': ' None', 'count': 0, 'meta': ''}, {'name': ' None', 'count': 0, 'meta': ''}, {'name': ' None', 'count': 0, 'meta': ''}, {'name': ' None', 'count': 0, 'meta': ''}, {'name': ' None', 'count': 0, 'meta': ''}, {'name': ' None', 'count': 0, 'meta': ''}, {'name': ' None', 'count': 0, 'meta': ''}, {'name': ' None', 'count': 0, 'meta': ''}, {'name': ' None', 'count': 0, 'meta': ''}, {'name': ' None', 'count': 0, 'meta': ''}, {'name': ' None', 'count': 0, 'meta': ''}, {'name': ' None', 'count': 0, 'meta': ''}, {'name': ' None', 'count': 0, 'meta': ''}]","Armor Slot 0: None, Count: 0; Armor Slot 1: None, Count: 0; Armor Slot 2: None, Count: 0; Armor Slot 3: None, Count: 0; ","Offhand: None, Count: 0; ",[],20.0,20.0,"[-0.9970104920638355, -0.031411070181492654, 0.07059336643539339]",south,0,0 minecraft:air,False,Player is not currently riding anything,0.0784000015258789
93.0,14:43:01.834749500,2025-07-30,literal{MF},"(-12.321840965460853, 67.0, 45.69999998807907)",20.0,"[{'name': ' None', 'count': 0, 'meta': ''}, {'name': ' None', 'count': 0, 'meta': ''}, {'name': ' None', 'count': 0, 'meta': ''}, {'name': ' None', 'count': 0, 'meta': ''}, {'name': ' None', 'count': 0, 'meta': ''}, {'name': ' None', 'count': 0, 'meta': ''}, {'name': ' None', 'count': 0, 'meta': ''}, {'name': ' None', 'count': 0, 'meta': ''}, {'name': ' None', 'count': 0, 'meta': ''}, {'name': ' None', 'count': 0, 'meta': ''}, {'name': ' None', 'count': 0, 'meta': ''}, {'name': ' None', 'count': 0, 'meta': ''}, {'name': ' None', 'count': 0, 'meta': ''}, {'name': ' None', 'count': 0, 'meta': ''}, {'name': ' None', 'count': 0, 'meta': ''}, {'name': ' None', 'count': 0, 'meta': ''}, {'name': ' None', 'count': 0, 'meta': ''}, {'name': ' None', 'count': 0, 'meta': ''}, {'name': ' None', 'count': 0, 'meta': ''}, {'name': ' None', 'count': 0, 'meta': ''}, {'name': ' None', 'count': 0, 'meta': ''}, {'name': ' None', 'count': 0, 'meta': ''}, {'name': ' None', 'count': 0, 'meta': ''}, {'name': ' None', 'count': 0, 'meta': ''}, {'name': ' None', 'count': 0, 'meta': ''}, {'name': ' None', 'count': 0, 'meta': ''}, {'name': ' None', 'count': 0, 'meta': ''}, {'name': ' None', 'count': 0, 'meta': ''}, {'name': ' None', 'count': 0, 'meta': ''}, {'name': ' None', 'count': 0, 'meta': ''}, {'name': ' None', 'count': 0, 'meta': ''}, {'name': ' None', 'count': 0, 'meta': ''}, {'name': ' None', 'count': 0, 'meta': ''}, {'name': ' None', 'count': 0, 'meta': ''}, {'name': ' None', 'count': 0, 'meta': ''}, {'name': ' None', 'count': 0, 'meta': ''}]","Armor Slot 0: None, Count: 0; Armor Slot 1: None, Count: 0; Armor Slot 2: None, Count: 0; Armor Slot 3: None, Count: 0; ","Offhand: None, Count: 0; ",[],20.0,20.0,"[-0.9834377112909364, -0.04972168806545653, 0.17429291938218872]",south,0,0 minecraft:air,False,Player is not currently riding anything,0.0784000015258789
93.0,14:43:01.886647600,2025-07-30,literal{MF},"(-12.321840965460853, 67.0, 45.69999998807907)",20.0,"[{'name': ' None', 'count': 0, 'meta': ''}, {'name': ' None', 'count': 0, 'meta': ''}, {'name': ' None', 'count': 0, 'meta': ''}, {'name': ' None', 'count': 0, 'meta': ''}, {'name': ' None', 'count': 0, 'meta': ''}, {'name': ' None', 'count': 0, 'meta': ''}, {'name': ' None', 'count': 0, 'meta': ''}, {'name': ' None', 'count': 0, 'meta': ''}, {'name': ' None', 'count': 0, 'meta': ''}, {'name': ' None', 'count': 0, 'meta': ''}, {'name': ' None', 'count': 0, 'meta': ''}, {'name': ' None', 'count': 0, 'meta': ''}, {'name': ' None', 'count': 0, 'meta': ''}, {'name': ' None', 'count': 0, 'meta': ''}, {'name': ' None', 'count': 0, 'meta': ''}, {'name': ' None', 'count': 0, 'meta': ''}, {'name': ' None', 'count': 0, 'meta': ''}, {'name': ' None', 'count': 0, 'meta': ''}, {'name': ' None', 'count': 0, 'meta': ''}, {'name': ' None', 'count': 0, 'meta': ''}, {'name': ' None', 'count': 0, 'meta': ''}, {'name': ' None', 'count': 0, 'meta': ''}, {'name': ' None', 'count': 0, 'meta': ''}, {'name': ' None', 'count': 0, 'meta': ''}, {'name': ' None', 'count': 0, 'meta': ''}, {'name': ' None', 'count': 0, 'meta': ''}, {'name': ' None', 'count': 0, 'meta': ''}, {'name': ' None', 'count': 0, 'meta': ''}, {'name': ' None', 'count': 0, 'meta': ''}, {'name': ' None', 'count': 0, 'meta': ''}, {'name': ' None', 'count': 0, 'meta': ''}, {'name': ' None', 'count': 0, 'meta': ''}, {'name': ' None', 'count': 0, 'meta': ''}, {'name': ' None', 'count': 0, 'meta': ''}, {'name': ' None', 'count': 0, 'meta': ''}, {'name': ' None', 'count': 0, 'meta': ''}]","Armor Slot 0: None, Count: 0; Armor Slot 1: None, Count: 0; Armor Slot 2: None, Count: 0; Armor Slot 3: None, Count: 0; ","Offhand: None, Count: 0; ",[],20.0,20.0,"[-0.9799475789714374, -0.05233627205991051, 0.1922593485240434]",south,0,0 minecraft:air,False,Player is not currently riding anything,0.0784000015258789
119.0,14:43:01.935738900,2025-07-30,literal{MF},"(-12.321840965460853, 67.0, 45.69999998807907)",20.0,"[{'name': ' None', 'count': 0, 'meta': ''}, {'name': ' None', 'count': 0, 'meta': ''}, {'name': ' None', 'count': 0, 'meta': ''}, {'name': ' None', 'count': 0, 'meta': ''}, {'name': ' None', 'count': 0, 'meta': ''}, {'name': ' None', 'count': 0, 'meta': ''}, {'name': ' None', 'count': 0, 'meta': ''}, {'name': ' None', 'count': 0, 'meta': ''}, {'name': ' None', 'count': 0, 'meta': ''}, {'name': ' None', 'count': 0, 'meta': ''}, {'name': ' None', 'count': 0, 'meta': ''}, {'name': ' None', 'count': 0, 'meta': ''}, {'name': ' None', 'count': 0, 'meta': ''}, {'name': ' None', 'count': 0, 'meta': ''}, {'name': ' None', 'count': 0, 'meta': ''}, {'name': ' None', 'count': 0, 'meta': ''}, {'name': ' None', 'count': 0, 'meta': ''}, {'name': ' None', 'count': 0, 'meta': ''}, {'name': ' None', 'count': 0, 'meta': ''}, {'name': ' None', 'count': 0, 'meta': ''}, {'name': ' None', 'count': 0, 'meta': ''}, {'name': ' None', 'count': 0, 'meta': ''}, {'name': ' None', 'count': 0, 'meta': ''}, {'name': ' None', 'count': 0, 'meta': ''}, {'name': ' None', 'count': 0, 'meta': ''}, {'name': ' None', 'count': 0, 'meta': ''}, {'name': ' None', 'count': 0, 'meta': ''}, {'name': ' None', 'count': 0, 'meta': ''}, {'name': ' None', 'count': 0, 'meta': ''}, {'name': ' None', 'count': 0, 'meta': ''}, {'name': ' None', 'count': 0, 'meta': ''}, {'name': ' None', 'count': 0, 'meta': ''}, {'name': ' None', 'count': 0, 'meta': ''}, {'name': ' None', 'count': 0, 'meta': ''}, {'name': ' None', 'count': 0, 'meta': ''}, {'name': ' None', 'count': 0, 'meta': ''}]","Armor Slot 0: None, Count: 0; Armor Slot 1: None, Count: 0; Armor Slot 2: None, Count: 0; Armor Slot 3: None, Count: 0; ","Offhand: None, Count: 0; ",[],20.0,20.0,"[-0.9799475789714374, -0.05233627205991051, 0.1922593485240434]",south,0,0 minecraft:air,False,Player is not currently riding anything,0.0784000015258789
119.0,14:43:01.986242600,2025-07-30,literal{MF},"(-12.302980204570977, 67.0, 45.69999998807907)",20.0,"[{'name': ' None', 'count': 0, 'meta': ''}, {'name': ' None', 'count': 0, 'meta': ''}, {'name': ' None', 'count': 0, 'meta': ''}, {'name': ' None', 'count': 0, 'meta': ''}, {'name': ' None', 'count': 0, 'meta': ''}, {'name': ' None', 'count': 0, 'meta': ''}, {'name': ' None', 'count': 0, 'meta': ''}, {'name': ' None', 'count': 0, 'meta': ''}, {'name': ' None', 'count': 0, 'meta': ''}, {'name': ' None', 'count': 0, 'meta': ''}, {'name': ' None', 'count': 0, 'meta': ''}, {'name': ' None', 'count': 0, 'meta': ''}, {'name': ' None', 'count': 0, 'meta': ''}, {'name': ' None', 'count': 0, 'meta': ''}, {'name': ' None', 'count': 0, 'meta': ''}, {'name': ' None', 'count': 0, 'meta': ''}, {'name': ' None', 'count': 0, 'meta': ''}, {'name': ' None', 'count': 0, 'meta': ''}, {'name': ' None', 'count': 0, 'meta': ''}, {'name': ' None', 'count': 0, 'meta': ''}, {'name': ' None', 'count': 0, 'meta': ''}, {'name': ' None', 'count': 0, 'meta': ''}, {'name': ' None', 'count': 0, 'meta': ''}, {'name': ' None', 'count': 0, 'meta': ''}, {'name': ' None', 'count': 0, 'meta': ''}, {'name': ' None', 'count': 0, 'meta': ''}, {'name': ' None', 'count': 0, 'meta': ''}, {'name': ' None', 'count': 0, 'meta': ''}, {'name': ' None', 'count': 0, 'meta': ''}, {'name': ' None', 'count': 0, 'meta': ''}, {'name': ' None', 'count': 0, 'meta': ''}, {'name': ' None', 'count': 0, 'meta': ''}, {'name': ' None', 'count': 0, 'meta': ''}, {'name': ' None', 'count': 0, 'meta': ''}, {'name': ' None', 'count': 0, 'meta': ''}, {'name': ' None', 'count': 0, 'meta': ''}]","Armor Slot 0: None, Count: 0; Armor Slot 1: None, Count: 0; Armor Slot 2: None, Count: 0; Armor Slot 3: None, Count: 0; ","Offhand: None, Count: 0; ",[],20.0,20.0,"[-0.9799475789714374, -0.05233627205991051, 0.1922593485240434]",south,0,0 minecraft:air,False,Player is not currently riding anything,0.0784000015258789
119.0,14:43:02.035185300,2025-07-30,literal{MF},"(-12.274827456804019, 67.0, 45.69999998807907)",20.0,"[{'name': ' None', 'count': 0, 'meta': ''}, {'name': ' None', 'count': 0, 'meta': ''}, {'name': ' None', 'count': 0, 'meta': ''}, {'name': ' None', 'count': 0, 'meta': ''}, {'name': ' None', 'count': 0, 'meta': ''}, {'name': ' None', 'count': 0, 'meta': ''}, {'name': ' None', 'count': 0, 'meta': ''}, {'name': ' None', 'count': 0, 'meta': ''}, {'name': ' None', 'count': 0, 'meta': ''}, {'name': ' None', 'count': 0, 'meta': ''}, {'name': ' None', 'count': 0, 'meta': ''}, {'name': ' None', 'count': 0, 'meta': ''}, {'name': ' None', 'count': 0, 'meta': ''}, {'name': ' None', 'count': 0, 'meta': ''}, {'name': ' None', 'count': 0, 'meta': ''}, {'name': ' None', 'count': 0, 'meta': ''}, {'name': ' None', 'count': 0, 'meta': ''}, {'name': ' None', 'count': 0, 'meta': ''}, {'name': ' None', 'count': 0, 'meta': ''}, {'name': ' None', 'count': 0, 'meta': ''}, {'name': ' None', 'count': 0, 'meta': ''}, {'name': ' None', 'count': 0, 'meta': ''}, {'name': ' None', 'count': 0, 'meta': ''}, {'name': ' None', 'count': 0, 'meta': ''}, {'name': ' None', 'count': 0, 'meta': ''}, {'name': ' None', 'count': 0, 'meta': ''}, {'name': ' None', 'count': 0, 'meta': ''}, {'name': ' None', 'count': 0, 'meta': ''}, {'name': ' None', 'count': 0, 'meta': ''}, {'name': ' None', 'count': 0, 'meta': ''}, {'name': ' None', 'count': 0, 'meta': ''}, {'name': ' None', 'count': 0, 'meta': ''}, {'name': ' None', 'count': 0, 'meta': ''}, {'name': ' None', 'count': 0, 'meta': ''}, {'name': ' None', 'count': 0, 'meta': ''}, {'name': ' None', 'count': 0, 'meta': ''}]","Armor Slot 0: None, Count: 0; Armor Slot 1: None, Count: 0; Armor Slot 2: None, Count: 0; Armor Slot 3: None, Count: 0; ","Offhand: None, Count: 0; ",[],20.0,20.0,"[-0.9791298239993332, -0.091501933587084, 0.18147226759166168]",south,0,0 minecraft:air,False,Player is not currently riding anything,0.0784000015258789
119.0,14:43:02.341802400,2025-07-30,literal{MF},"(-12.245401836558683, 67.0, 45.69999998807907)",20.0,"[{'name': ' None', 'count': 0, 'meta': ''}, {'name': ' None', 'count': 0, 'meta': ''}, {'name': ' None', 'count': 0, 'meta': ''}, {'name': ' None', 'count': 0, 'meta': ''}, {'name': ' None', 'count': 0, 'meta': ''}, {'name': ' None', 'count': 0, 'meta': ''}, {'name': ' None', 'count': 0, 'meta': ''}, {'name': ' None', 'count': 0, 'meta': ''}, {'name': ' None', 'count': 0, 'meta': ''}, {'name': ' None', 'count': 0, 'meta': ''}, {'name': ' None', 'count': 0, 'meta': ''}, {'name': ' None', 'count': 0, 'meta': ''}, {'name': ' None', 'count': 0, 'meta': ''}, {'name': ' None', 'count': 0, 'meta': ''}, {'name': ' None', 'count': 0, 'meta': ''}, {'name': ' None', 'count': 0, 'meta': ''}, {'name': ' None', 'count': 0, 'meta': ''}, {'name': ' None', 'count': 0, 'meta': ''}, {'name': ' None', 'count': 0, 'meta': ''}, {'name': ' None', 'count': 0, 'meta': ''}, {'name': ' None', 'count': 0, 'meta': ''}, {'name': ' None', 'count': 0, 'meta': ''}, {'name': ' None', 'count': 0, 'meta': ''}, {'name': ' None', 'count': 0, 'meta': ''}, {'name': ' None', 'count': 0, 'meta': ''}, {'name': ' None', 'count': 0, 'meta': ''}, {'name': ' None', 'count': 0, 'meta': ''}, {'name': ' None', 'count': 0, 'meta': ''}, {'name': ' None', 'count': 0, 'meta': ''}, {'name': ' None', 'count': 0, 'meta': ''}, {'name': ' None', 'count': 0, 'meta': ''}, {'name': ' None', 'count': 0, 'meta': ''}, {'name': ' None', 'count': 0, 'meta': ''}, {'name': ' None', 'count': 0, 'meta': ''}, {'name': ' None', 'count': 0, 'meta': ''}, {'name': ' None', 'count': 0, 'meta': ''}]","Armor Slot 0: None, Count: 0; Armor Slot 1: None, Count: 0; Armor Slot 2: None, Count: 0; Armor Slot 3: None, Count: 0; ","Offhand: None, Count: 0; ",[],20.0,20.0,"[-0.981847471138584, -0.12533354401824726, 0.14236237621855594]",south,0,0 minecraft:air,False,Player is not currently riding anything,0.0784000015258789
119.0,14:43:02.348325800,2025-07-30,literal{MF},"(-11.639995388048971, 67.0, 45.69999998807907)",20.0,"[{'name': ' None', 'count': 0, 'meta': ''}, {'name': ' None', 'count': 0, 'meta': ''}, {'name': ' None', 'count': 0, 'meta': ''}, {'name': ' None', 'count': 0, 'meta': ''}, {'name': ' None', 'count': 0, 'meta': ''}, {'name': ' None', 'count': 0, 'meta': ''}, {'name': ' None', 'count': 0, 'meta': ''}, {'name': ' None', 'count': 0, 'meta': ''}, {'name': ' None', 'count': 0, 'meta': ''}, {'name': ' None', 'count': 0, 'meta': ''}, {'name': ' None', 'count': 0, 'meta': ''}, {'name': ' None', 'count': 0, 'meta': ''}, {'name': ' None', 'count': 0, 'meta': ''}, {'name': ' None', 'count': 0, 'meta': ''}, {'name': ' None', 'count': 0, 'meta': ''}, {'name': ' None', 'count': 0, 'meta': ''}, {'name': ' None', 'count': 0, 'meta': ''}, {'name': ' None', 'count': 0, 'meta': ''}, {'name': ' None', 'count': 0, 'meta': ''}, {'name': ' None', 'count': 0, 'meta': ''}, {'name': ' None', 'count': 0, 'meta': ''}, {'name': ' None', 'count': 0, 'meta': ''}, {'name': ' None', 'count': 0, 'meta': ''}, {'name': ' None', 'count': 0, 'meta': ''}, {'name': ' None', 'count': 0, 'meta': ''}, {'name': ' None', 'count': 0, 'meta': ''}, {'name': ' None', 'count': 0, 'meta': ''}, {'name': ' None', 'count': 0, 'meta': ''}, {'name': ' None', 'count': 0, 'meta': ''}, {'name': ' None', 'count': 0, 'meta': ''}, {'name': ' None', 'count': 0, 'meta': ''}, {'name': ' None', 'count': 0, 'meta': ''}, {'name': ' None', 'count': 0, 'meta': ''}, {'name': ' None', 'count': 0, 'meta': ''}, {'name': ' None', 'count': 0, 'meta': ''}, {'name': ' None', 'count': 0, 'meta': ''}]","Armor Slot 0: None, Count: 0; Armor Slot 1: None, Count: 0; Armor Slot 2: None, Count: 0; Armor Slot 3: None, Count: 0; ","Offhand: None, Count: 0; ",[],20.0,20.0,"[-0.9601333906857766, -0.18223586917895157, -0.21197631960864402]",south,0,0 minecraft:air,False,Player is not currently riding anything,0.0784000015258789
119.0,14:43:02.357916700,2025-07-30,literal{MF},"(-11.529074629502102, 67.0, 45.69999998807907)",20.0,"[{'name': ' None', 'count': 0, 'meta': ''}, {'name': ' None', 'count': 0, 'meta': ''}, {'name': ' None', 'count': 0, 'meta': ''}, {'name': ' None', 'count': 0, 'meta': ''}, {'name': ' None', 'count': 0, 'meta': ''}, {'name': ' None', 'count': 0, 'meta': ''}, {'name': ' None', 'count': 0, 'meta': ''}, {'name': ' None', 'count': 0, 'meta': ''}, {'name': ' None', 'count': 0, 'meta': ''}, {'name': ' None', 'count': 0, 'meta': ''}, {'name': ' None', 'count': 0, 'meta': ''}, {'name': ' None', 'count': 0, 'meta': ''}, {'name': ' None', 'count': 0, 'meta': ''}, {'name': ' None', 'count': 0, 'meta': ''}, {'name': ' None', 'count': 0, 'meta': ''}, {'name': ' None', 'count': 0, 'meta': ''}, {'name': ' None', 'count': 0, 'meta': ''}, {'name': ' None', 'count': 0, 'meta': ''}, {'name': ' None', 'count': 0, 'meta': ''}, {'name': ' None', 'count': 0, 'meta': ''}, {'name': ' None', 'count': 0, 'meta': ''}, {'name': ' None', 'count': 0, 'meta': ''}, {'name': ' None', 'count': 0, 'meta': ''}, {'name': ' None', 'count': 0, 'meta': ''}, {'name': ' None', 'count': 0, 'meta': ''}, {'name': ' None', 'count': 0, 'meta': ''}, {'name': ' None', 'count': 0, 'meta': ''}, {'name': ' None', 'count': 0, 'meta': ''}, {'name': ' None', 'count': 0, 'meta': ''}, {'name': ' None', 'count': 0, 'meta': ''}, {'name': ' None', 'count': 0, 'meta': ''}, {'name': ' None', 'count': 0, 'meta': ''}, {'name': ' None', 'count': 0, 'meta': ''}, {'name': ' None', 'count': 0, 'meta': ''}, {'name': ' None', 'count': 0, 'meta': ''}, {'name': ' None', 'count': 0, 'meta': ''}]","Armor Slot 0: None, Count: 0; Armor Slot 1: None, Count: 0; Armor Slot 2: None, Count: 0; Armor Slot 3: None, Count: 0; ","Offhand: None, Count: 0; ",[],20.0,20.0,"[-0.9193099529871066, -0.17966109899515043, -0.3501301184512676]",south,0,0 minecraft:air,False,Player is not currently riding anything,0.0784000015258789
119.0,14:43:02.365923900,2025-07-30,literal{MF},"(-11.529074629502102, 67.0, 45.69999998807907)",20.0,"[{'name': ' None', 'count': 0, 'meta': ''}, {'name': ' None', 'count': 0, 'meta': ''}, {'name': ' None', 'count': 0, 'meta': ''}, {'name': ' None', 'count': 0, 'meta': ''}, {'name': ' None', 'count': 0, 'meta': ''}, {'name': ' None', 'count': 0, 'meta': ''}, {'name': ' None', 'count': 0, 'meta': ''}, {'name': ' None', 'count': 0, 'meta': ''}, {'name': ' None', 'count': 0, 'meta': ''}, {'name': ' None', 'count': 0, 'meta': ''}, {'name': ' None', 'count': 0, 'meta': ''}, {'name': ' None', 'count': 0, 'meta': ''}, {'name': ' None', 'count': 0, 'meta': ''}, {'name': ' None', 'count': 0, 'meta': ''}, {'name': ' None', 'count': 0, 'meta': ''}, {'name': ' None', 'count': 0, 'meta': ''}, {'name': ' None', 'count': 0, 'meta': ''}, {'name': ' None', 'count': 0, 'meta': ''}, {'name': ' None', 'count': 0, 'meta': ''}, {'name': ' None', 'count': 0, 'meta': ''}, {'name': ' None', 'count': 0, 'meta': ''}, {'name': ' None', 'count': 0, 'meta': ''}, {'name': ' None', 'count': 0, 'meta': ''}, {'name': ' None', 'count': 0, 'meta': ''}, {'name': ' None', 'count': 0, 'meta': ''}, {'name': ' None', 'count': 0, 'meta': ''}, {'name': ' None', 'count': 0, 'meta': ''}, {'name': ' None', 'count': 0, 'meta': ''}, {'name': ' None', 'count': 0, 'meta': ''}, {'name': ' None', 'count': 0, 'meta': ''}, {'name': ' None', 'count': 0, 'meta': ''}, {'name': ' None', 'count': 0, 'meta': ''}, {'name': ' None', 'count': 0, 'meta': ''}, {'name': ' None', 'count': 0, 'meta': ''}, {'name': ' None', 'count': 0, 'meta': ''}, {'name': ' None', 'count': 0, 'meta': ''}]","Armor Slot 0: None, Count: 0; Armor Slot 1: None, Count: 0; Armor Slot 2: None, Count: 0; Armor Slot 3: None, Count: 0; ","Offhand: None, Count: 0; ",[],20.0,20.0,"[-0.9193099529871066, -0.17966109899515043, -0.3501301184512676]",south,0,0 minecraft:air,False,Player is not currently riding anything,0.0784000015258789
119.0,14:43:02.374962900,2025-07-30,literal{MF},"(-11.529074629502102, 67.0, 45.69999998807907)",20.0,"[{'name': ' None', 'count': 0, 'meta': ''}, {'name': ' None', 'count': 0, 'meta': ''}, {'name': ' None', 'count': 0, 'meta': ''}, {'name': ' None', 'count': 0, 'meta': ''}, {'name': ' None', 'count': 0, 'meta': ''}, {'name': ' None', 'count': 0, 'meta': ''}, {'name': ' None', 'count': 0, 'meta': ''}, {'name': ' None', 'count': 0, 'meta': ''}, {'name': ' None', 'count': 0, 'meta': ''}, {'name': ' None', 'count': 0, 'meta': ''}, {'name': ' None', 'count': 0, 'meta': ''}, {'name': ' None', 'count': 0, 'meta': ''}, {'name': ' None', 'count': 0, 'meta': ''}, {'name': ' None', 'count': 0, 'meta': ''}, {'name': ' None', 'count': 0, 'meta': ''}, {'name': ' None', 'count': 0, 'meta': ''}, {'name': ' None', 'count': 0, 'meta': ''}, {'name': ' None', 'count': 0, 'meta': ''}, {'name': ' None', 'count': 0, 'meta': ''}, {'name': ' None', 'count': 0, 'meta': ''}, {'name': ' None', 'count': 0, 'meta': ''}, {'name': ' None', 'count': 0, 'meta': ''}, {'name': ' None', 'count': 0, 'meta': ''}, {'name': ' None', 'count': 0, 'meta': ''}, {'name': ' None', 'count': 0, 'meta': ''}, {'name': ' None', 'count': 0, 'meta': ''}, {'name': ' None', 'count': 0, 'meta': ''}, {'name': ' None', 'count': 0, 'meta': ''}, {'name': ' None', 'count': 0, 'meta': ''}, {'name': ' None', 'count': 0, 'meta': ''}, {'name': ' None', 'count': 0, 'meta': ''}, {'name': ' None', 'count': 0, 'meta': ''}, {'name': ' None', 'count': 0, 'meta': ''}, {'name': ' None', 'count': 0, 'meta': ''}, {'name': ' None', 'count': 0, 'meta': ''}, {'name': ' None', 'count': 0, 'meta': ''}]","Armor Slot 0: None, Count: 0; Armor Slot 1: None, Count: 0; Armor Slot 2: None, Count: 0; Armor Slot 3: None, Count: 0; ","Offhand: None, Count: 0; ",[],20.0,20.0,"[-0.9193099529871066, -0.17966109899515043, -0.3501301184512676]",south,0,0 minecraft:air,False,Player is not currently riding anything,0.0784000015258789
119.0,14:43:02.381483600,2025-07-30,literal{MF},"(-11.529074629502102, 67.0, 45.69999998807907)",20.0,"[{'name': ' None', 'count': 0, 'meta': ''}, {'name': ' None', 'count': 0, 'meta': ''}, {'name': ' None', 'count': 0, 'meta': ''}, {'name': ' None', 'count': 0, 'meta': ''}, {'name': ' None', 'count': 0, 'meta': ''}, {'name': ' None', 'count': 0, 'meta': ''}, {'name': ' None', 'count': 0, 'meta': ''}, {'name': ' None', 'count': 0, 'meta': ''}, {'name': ' None', 'count': 0, 'meta': ''}, {'name': ' None', 'count': 0, 'meta': ''}, {'name': ' None', 'count': 0, 'meta': ''}, {'name': ' None', 'count': 0, 'meta': ''}, {'name': ' None', 'count': 0, 'meta': ''}, {'name': ' None', 'count': 0, 'meta': ''}, {'name': ' None', 'count': 0, 'meta': ''}, {'name': ' None', 'count': 0, 'meta': ''}, {'name': ' None', 'count': 0, 'meta': ''}, {'name': ' None', 'count': 0, 'meta': ''}, {'name': ' None', 'count': 0, 'meta': ''}, {'name': ' None', 'count': 0, 'meta': ''}, {'name': ' None', 'count': 0, 'meta': ''}, {'name': ' None', 'count': 0, 'meta': ''}, {'name': ' None', 'count': 0, 'meta': ''}, {'name': ' None', 'count': 0, 'meta': ''}, {'name': ' None', 'count': 0, 'meta': ''}, {'name': ' None', 'count': 0, 'meta': ''}, {'name': ' None', 'count': 0, 'meta': ''}, {'name': ' None', 'count': 0, 'meta': ''}, {'name': ' None', 'count': 0, 'meta': ''}, {'name': ' None', 'count': 0, 'meta': ''}, {'name': ' None', 'count': 0, 'meta': ''}, {'name': ' None', 'count': 0, 'meta': ''}, {'name': ' None', 'count': 0, 'meta': ''}, {'name': ' None', 'count': 0, 'meta': ''}, {'name': ' None', 'count': 0, 'meta': ''}, {'name': ' None', 'count': 0, 'meta': ''}]","Armor Slot 0: None, Count: 0; Armor Slot 1: None, Count: 0; Armor Slot 2: None, Count: 0; Armor Slot 3: None, Count: 0; ","Offhand: None, Count: 0; ",[],20.0,20.0,"[-0.9193099529871066, -0.17966109899515043, -0.3501301184512676]",south,0,0 minecraft:air,False,Player is not currently riding anything,0.0784000015258789
119.0,14:43:02.390997100,2025-07-30,literal{MF},"(-11.529074629502102, 67.0, 45.69999998807907)",20.0,"[{'name': ' None', 'count': 0, 'meta': ''}, {'name': ' None', 'count': 0, 'meta': ''}, {'name': ' None', 'count': 0, 'meta': ''}, {'name': ' None', 'count': 0, 'meta': ''}, {'name': ' None', 'count': 0, 'meta': ''}, {'name': ' None', 'count': 0, 'meta': ''}, {'name': ' None', 'count': 0, 'meta': ''}, {'name': ' None', 'count': 0, 'meta': ''}, {'name': ' None', 'count': 0, 'meta': ''}, {'name': ' None', 'count': 0, 'meta': ''}, {'name': ' None', 'count': 0, 'meta': ''}, {'name': ' None', 'count': 0, 'meta': ''}, {'name': ' None', 'count': 0, 'meta': ''}, {'name': ' None', 'count': 0, 'meta': ''}, {'name': ' None', 'count': 0, 'meta': ''}, {'name': ' None', 'count': 0, 'meta': ''}, {'name': ' None', 'count': 0, 'meta': ''}, {'name': ' None', 'count': 0, 'meta': ''}, {'name': ' None', 'count': 0, 'meta': ''}, {'name': ' None', 'count': 0, 'meta': ''}, {'name': ' None', 'count': 0, 'meta': ''}, {'name': ' None', 'count': 0, 'meta': ''}, {'name': ' None', 'count': 0, 'meta': ''}, {'name': ' None', 'count': 0, 'meta': ''}, {'name': ' None', 'count': 0, 'meta': ''}, {'name': ' None', 'count': 0, 'meta': ''}, {'name': ' None', 'count': 0, 'meta': ''}, {'name': ' None', 'count': 0, 'meta': ''}, {'name': ' None', 'count': 0, 'meta': ''}, {'name': ' None', 'count': 0, 'meta': ''}, {'name': ' None', 'count': 0, 'meta': ''}, {'name': ' None', 'count': 0, 'meta': ''}, {'name': ' None', 'count': 0, 'meta': ''}, {'name': ' None', 'count': 0, 'meta': ''}, {'name': ' None', 'count': 0, 'meta': ''}, {'name': ' None', 'count': 0, 'meta': ''}]","Armor Slot 0: None, Count: 0; Armor Slot 1: None, Count: 0; Armor Slot 2: None, Count: 0; Armor Slot 3: None, Count: 0; ","Offhand: None, Count: 0; ",[],20.0,20.0,"[-0.9193099529871066, -0.17966109899515043, -0.3501301184512676]",south,0,0 minecraft:air,False,Player is not currently riding anything,0.0784000015258789
119.0,14:43:02.436531,2025-07-30,literal{MF},"(-11.43587208917093, 67.0, 45.69999998807907)",20.0,"[{'name': ' None', 'count': 0, 'meta': ''}, {'name': ' None', 'count': 0, 'meta': ''}, {'name': ' None', 'count': 0, 'meta': ''}, {'name': ' None', 'count': 0, 'meta': ''}, {'name': ' None', 'count': 0, 'meta': ''}, {'name': ' None', 'count': 0, 'meta': ''}, {'name': ' None', 'count': 0, 'meta': ''}, {'name': ' None', 'count': 0, 'meta': ''}, {'name': ' None', 'count': 0, 'meta': ''}, {'name': ' None', 'count': 0, 'meta': ''}, {'name': ' None', 'count': 0, 'meta': ''}, {'name': ' None', 'count': 0, 'meta': ''}, {'name': ' None', 'count': 0, 'meta': ''}, {'name': ' None', 'count': 0, 'meta': ''}, {'name': ' None', 'count': 0, 'meta': ''}, {'name': ' None', 'count': 0, 'meta': ''}, {'name': ' None', 'count': 0, 'meta': ''}, {'name': ' None', 'count': 0, 'meta': ''}, {'name': ' None', 'count': 0, 'meta': ''}, {'name': ' None', 'count': 0, 'meta': ''}, {'name': ' None', 'count': 0, 'meta': ''}, {'name': ' None', 'count': 0, 'meta': ''}, {'name': ' None', 'count': 0, 'meta': ''}, {'name': ' None', 'count': 0, 'meta': ''}, {'name': ' None', 'count': 0, 'meta': ''}, {'name': ' None', 'count': 0, 'meta': ''}, {'name': ' None', 'count': 0, 'meta': ''}, {'name': ' None', 'count': 0, 'meta': ''}, {'name': ' None', 'count': 0, 'meta': ''}, {'name': ' None', 'count': 0, 'meta': ''}, {'name': ' None', 'count': 0, 'meta': ''}, {'name': ' None', 'count': 0, 'meta': ''}, {'name': ' None', 'count': 0, 'meta': ''}, {'name': ' None', 'count': 0, 'meta': ''}, {'name': ' None', 'count': 0, 'meta': ''}, {'name': ' None', 'count': 0, 'meta': ''}]","Armor Slot 0: None, Count: 0; Armor Slot 1: None, Count: 0; Armor Slot 2: None, Count: 0; Armor Slot 3: None, Count: 0; ","Offhand: None, Count: 0; ",[],20.0,20.0,"[-0.8845458771285319, -0.17966109899515043, -0.4304654234230325]",south,0,0 minecraft:air,False,Player is not currently riding anything,0.0784000015258789
119.0,14:43:02.484862600,2025-07-30,literal{MF},"(-11.361383604086278, 67.0, 45.69999998807907)",20.0,"[{'name': ' None', 'count': 0, 'meta': ''}, {'name': ' None', 'count': 0, 'meta': ''}, {'name': ' None', 'count': 0, 'meta': ''}, {'name': ' None', 'count': 0, 'meta': ''}, {'name': ' None', 'count': 0, 'meta': ''}, {'name': ' None', 'count': 0, 'meta': ''}, {'name': ' None', 'count': 0, 'meta': ''}, {'name': ' None', 'count': 0, 'meta': ''}, {'name': ' None', 'count': 0, 'meta': ''}, {'name': ' None', 'count': 0, 'meta': ''}, {'name': ' None', 'count': 0, 'meta': ''}, {'name': ' None', 'count': 0, 'meta': ''}, {'name': ' None', 'count': 0, 'meta': ''}, {'name': ' None', 'count': 0, 'meta': ''}, {'name': ' None', 'count': 0, 'meta': ''}, {'name': ' None', 'count': 0, 'meta': ''}, {'name': ' None', 'count': 0, 'meta': ''}, {'name': ' None', 'count': 0, 'meta': ''}, {'name': ' None', 'count': 0, 'meta': ''}, {'name': ' None', 'count': 0, 'meta': ''}, {'name': ' None', 'count': 0, 'meta': ''}, {'name': ' None', 'count': 0, 'meta': ''}, {'name': ' None', 'count': 0, 'meta': ''}, {'name': ' None', 'count': 0, 'meta': ''}, {'name': ' None', 'count': 0, 'meta': ''}, {'name': ' None', 'count': 0, 'meta': ''}, {'name': ' None', 'count': 0, 'meta': ''}, {'name': ' None', 'count': 0, 'meta': ''}, {'name': ' None', 'count': 0, 'meta': ''}, {'name': ' None', 'count': 0, 'meta': ''}, {'name': ' None', 'count': 0, 'meta': ''}, {'name': ' None', 'count': 0, 'meta': ''}, {'name': ' None', 'count': 0, 'meta': ''}, {'name': ' None', 'count': 0, 'meta': ''}, {'name': ' None', 'count': 0, 'meta': ''}, {'name': ' None', 'count': 0, 'meta': ''}]","Armor Slot 0: None, Count: 0; Armor Slot 1: None, Count: 0; Armor Slot 2: None, Count: 0; Armor Slot 3: None, Count: 0; ","Offhand: None, Count: 0; ",[],20.0,20.0,"[-0.8375962337028495, -0.1950906811646297, -0.5102667688665627]",south,0,0 minecraft:air,False,Player is not currently riding anything,0.0784000015258789
119.0,14:43:02.539333600,2025-07-30,literal{MF},"(-11.307910616707385, 67.0, 45.69999998807907)",20.0,"[{'name': ' None', 'count': 0, 'meta': ''}, {'name': ' None', 'count': 0, 'meta': ''}, {'name': ' None', 'count': 0, 'meta': ''}, {'name': ' None', 'count': 0, 'meta': ''}, {'name': ' None', 'count': 0, 'meta': ''}, {'name': ' None', 'count': 0, 'meta': ''}, {'name': ' None', 'count': 0, 'meta': ''}, {'name': ' None', 'count': 0, 'meta': ''}, {'name': ' None', 'count': 0, 'meta': ''}, {'name': ' None', 'count': 0, 'meta': ''}, {'name': ' None', 'count': 0, 'meta': ''}, {'name': ' None', 'count': 0, 'meta': ''}, {'name': ' None', 'count': 0, 'meta': ''}, {'name': ' None', 'count': 0, 'meta': ''}, {'name': ' None', 'count': 0, 'meta': ''}, {'name': ' None', 'count': 0, 'meta': ''}, {'name': ' None', 'count': 0, 'meta': ''}, {'name': ' None', 'count': 0, 'meta': ''}, {'name': ' None', 'count': 0, 'meta': ''}, {'name': ' None', 'count': 0, 'meta': ''}, {'name': ' None', 'count': 0, 'meta': ''}, {'name': ' None', 'count': 0, 'meta': ''}, {'name': ' None', 'count': 0, 'meta': ''}, {'name': ' None', 'count': 0, 'meta': ''}, {'name': ' None', 'count': 0, 'meta': ''}, {'name': ' None', 'count': 0, 'meta': ''}, {'name': ' None', 'count': 0, 'meta': ''}, {'name': ' None', 'count': 0, 'meta': ''}, {'name': ' None', 'count': 0, 'meta': ''}, {'name': ' None', 'count': 0, 'meta': ''}, {'name': ' None', 'count': 0, 'meta': ''}, {'name': ' None', 'count': 0, 'meta': ''}, {'name': ' None', 'count': 0, 'meta': ''}, {'name': ' None', 'count': 0, 'meta': ''}, {'name': ' None', 'count': 0, 'meta': ''}, {'name': ' None', 'count': 0, 'meta': ''}]","Armor Slot 0: None, Count: 0; Armor Slot 1: None, Count: 0; Armor Slot 2: None, Count: 0; Armor Slot 3: None, Count: 0; ","Offhand: None, Count: 0; ",[],20.0,20.0,"[-0.774884055176809, -0.20535052912742668, -0.5978175818925283]",south,0,0 minecraft:air,False,Player is not currently riding anything,0.0784000015258789
119.0,14:43:02.587712500,2025-07-30,literal{MF},"(-11.347094691304997, 67.0, 45.69999998807907)",20.0,"[{'name': ' None', 'count': 0, 'meta': ''}, {'name': ' None', 'count': 0, 'meta': ''}, {'name': ' None', 'count': 0, 'meta': ''}, {'name': ' None', 'count': 0, 'meta': ''}, {'name': ' None', 'count': 0, 'meta': ''}, {'name': ' None', 'count': 0, 'meta': ''}, {'name': ' None', 'count': 0, 'meta': ''}, {'name': ' None', 'count': 0, 'meta': ''}, {'name': ' None', 'count': 0, 'meta': ''}, {'name': ' None', 'count': 0, 'meta': ''}, {'name': ' None', 'count': 0, 'meta': ''}, {'name': ' None', 'count': 0, 'meta': ''}, {'name': ' None', 'count': 0, 'meta': ''}, {'name': ' None', 'count': 0, 'meta': ''}, {'name': ' None', 'count': 0, 'meta': ''}, {'name': ' None', 'count': 0, 'meta': ''}, {'name': ' None', 'count': 0, 'meta': ''}, {'name': ' None', 'count': 0, 'meta': ''}, {'name': ' None', 'count': 0, 'meta': ''}, {'name': ' None', 'count': 0, 'meta': ''}, {'name': ' None', 'count': 0, 'meta': ''}, {'name': ' None', 'count': 0, 'meta': ''}, {'name': ' None', 'count': 0, 'meta': ''}, {'name': ' None', 'count': 0, 'meta': ''}, {'name': ' None', 'count': 0, 'meta': ''}, {'name': ' None', 'count': 0, 'meta': ''}, {'name': ' None', 'count': 0, 'meta': ''}, {'name': ' None', 'count': 0, 'meta': ''}, {'name': ' None', 'count': 0, 'meta': ''}, {'name': ' None', 'count': 0, 'meta': ''}, {'name': ' None', 'count': 0, 'meta': ''}, {'name': ' None', 'count': 0, 'meta': ''}, {'name': ' None', 'count': 0, 'meta': ''}, {'name': ' None', 'count': 0, 'meta': ''}, {'name': ' None', 'count': 0, 'meta': ''}, {'name': ' None', 'count': 0, 'meta': ''}]","Armor Slot 0: None, Count: 0; Armor Slot 1: None, Count: 0; Armor Slot 2: None, Count: 0; Armor Slot 3: None, Count: 0; ","Offhand: None, Count: 0; ",[],20.0,20.0,"[-0.7021708731260801, -0.19765767649644597, -0.6840230316702681]",south,0,0 minecraft:air,False,Player is not currently riding anything,0.0784000015258789
119.0,14:43:02.638051400,2025-07-30,literal{MF},"(-11.441316557123036, 67.0, 45.69999998807907)",20.0,"[{'name': ' None', 'count': 0, 'meta': ''}, {'name': ' None', 'count': 0, 'meta': ''}, {'name': ' None', 'count': 0, 'meta': ''}, {'name': ' None', 'count': 0, 'meta': ''}, {'name': ' None', 'count': 0, 'meta': ''}, {'name': ' None', 'count': 0, 'meta': ''}, {'name': ' None', 'count': 0, 'meta': ''}, {'name': ' None', 'count': 0, 'meta': ''}, {'name': ' None', 'count': 0, 'meta': ''}, {'name': ' None', 'count': 0, 'meta': ''}, {'name': ' None', 'count': 0, 'meta': ''}, {'name': ' None', 'count': 0, 'meta': ''}, {'name': ' None', 'count': 0, 'meta': ''}, {'name': ' None', 'count': 0, 'meta': ''}, {'name': ' None', 'count': 0, 'meta': ''}, {'name': ' None', 'count': 0, 'meta': ''}, {'name': ' None', 'count': 0, 'meta': ''}, {'name': ' None', 'count': 0, 'meta': ''}, {'name': ' None', 'count': 0, 'meta': ''}, {'name': ' None', 'count': 0, 'meta': ''}, {'name': ' None', 'count': 0, 'meta': ''}, {'name': ' None', 'count': 0, 'meta': ''}, {'name': ' None', 'count': 0, 'meta': ''}, {'name': ' None', 'count': 0, 'meta': ''}, {'name': ' None', 'count': 0, 'meta': ''}, {'name': ' None', 'count': 0, 'meta': ''}, {'name': ' None', 'count': 0, 'meta': ''}, {'name': ' None', 'count': 0, 'meta': ''}, {'name': ' None', 'count': 0, 'meta': ''}, {'name': ' None', 'count': 0, 'meta': ''}, {'name': ' None', 'count': 0, 'meta': ''}, {'name': ' None', 'count': 0, 'meta': ''}, {'name': ' None', 'count': 0, 'meta': ''}, {'name': ' None', 'count': 0, 'meta': ''}, {'name': ' None', 'count': 0, 'meta': ''}, {'name': ' None', 'count': 0, 'meta': ''}]","Armor Slot 0: None, Count: 0; Armor Slot 1: None, Count: 0; Armor Slot 2: None, Count: 0; Armor Slot 3: None, Count: 0; ","Offhand: None, Count: 0; ",[],20.0,20.0,"[-0.6582438139420596, -0.17966111536907314, -0.7310519578192455]",west,0,0 minecraft:air,False,Player is not currently riding anything,0.0784000015258789
119.0,14:43:02.685172800,2025-07-30,literal{MF},"(-11.566943618356255, 67.0, 45.69999998807907)",20.0,"[{'name': ' None', 'count': 0, 'meta': ''}, {'name': ' None', 'count': 0, 'meta': ''}, {'name': ' None', 'count': 0, 'meta': ''}, {'name': ' None', 'count': 0, 'meta': ''}, {'name': ' None', 'count': 0, 'meta': ''}, {'name': ' None', 'count': 0, 'meta': ''}, {'name': ' None', 'count': 0, 'meta': ''}, {'name': ' None', 'count': 0, 'meta': ''}, {'name': ' None', 'count': 0, 'meta': ''}, {'name': ' None', 'count': 0, 'meta': ''}, {'name': ' None', 'count': 0, 'meta': ''}, {'name': ' None', 'count': 0, 'meta': ''}, {'name': ' None', 'count': 0, 'meta': ''}, {'name': ' None', 'count': 0, 'meta': ''}, {'name': ' None', 'count': 0, 'meta': ''}, {'name': ' None', 'count': 0, 'meta': ''}, {'name': ' None', 'count': 0, 'meta': ''}, {'name': ' None', 'count': 0, 'meta': ''}, {'name': ' None', 'count': 0, 'meta': ''}, {'name': ' None', 'count': 0, 'meta': ''}, {'name': ' None', 'count': 0, 'meta': ''}, {'name': ' None', 'count': 0, 'meta': ''}, {'name': ' None', 'count': 0, 'meta': ''}, {'name': ' None', 'count': 0, 'meta': ''}, {'name': ' None', 'count': 0, 'meta': ''}, {'name': ' None', 'count': 0, 'meta': ''}, {'name': ' None', 'count': 0, 'meta': ''}, {'name': ' None', 'count': 0, 'meta': ''}, {'name': ' None', 'count': 0, 'meta': ''}, {'name': ' None', 'count': 0, 'meta': ''}, {'name': ' None', 'count': 0, 'meta': ''}, {'name': ' None', 'count': 0, 'meta': ''}, {'name': ' None', 'count': 0, 'meta': ''}, {'name': ' None', 'count': 0, 'meta': ''}, {'name': ' None', 'count': 0, 'meta': ''}, {'name': ' None', 'count': 0, 'meta': ''}]","Armor Slot 0: None, Count: 0; Armor Slot 1: None, Count: 0; Armor Slot 2: None, Count: 0; Armor Slot 3: None, Count: 0; ","Offhand: None, Count: 0; ",[],20.0,20.0,"[-0.6442709700018705, -0.16676911433737002, -0.746393314356431]",west,0,0 minecraft:air,False,Player is not currently riding anything,0.0784000015258789
119.0,14:43:02.738158400,2025-07-30,literal{MF},"(-11.709717918277859, 67.0, 45.69999998807907)",20.0,"[{'name': ' None', 'count': 0, 'meta': ''}, {'name': ' None', 'count': 0, 'meta': ''}, {'name': ' None', 'count': 0, 'meta': ''}, {'name': ' None', 'count': 0, 'meta': ''}, {'name': ' None', 'count': 0, 'meta': ''}, {'name': ' None', 'count': 0, 'meta': ''}, {'name': ' None', 'count': 0, 'meta': ''}, {'name': ' None', 'count': 0, 'meta': ''}, {'name': ' None', 'count': 0, 'meta': ''}, {'name': ' None', 'count': 0, 'meta': ''}, {'name': ' None', 'count': 0, 'meta': ''}, {'name': ' None', 'count': 0, 'meta': ''}, {'name': ' None', 'count': 0, 'meta': ''}, {'name': ' None', 'count': 0, 'meta': ''}, {'name': ' None', 'count': 0, 'meta': ''}, {'name': ' None', 'count': 0, 'meta': ''}, {'name': ' None', 'count': 0, 'meta': ''}, {'name': ' None', 'count': 0, 'meta': ''}, {'name': ' None', 'count': 0, 'meta': ''}, {'name': ' None', 'count': 0, 'meta': ''}, {'name': ' None', 'count': 0, 'meta': ''}, {'name': ' None', 'count': 0, 'meta': ''}, {'name': ' None', 'count': 0, 'meta': ''}, {'name': ' None', 'count': 0, 'meta': ''}, {'name': ' None', 'count': 0, 'meta': ''}, {'name': ' None', 'count': 0, 'meta': ''}, {'name': ' None', 'count': 0, 'meta': ''}, {'name': ' None', 'count': 0, 'meta': ''}, {'name': ' None', 'count': 0, 'meta': ''}, {'name': ' None', 'count': 0, 'meta': ''}, {'name': ' None', 'count': 0, 'meta': ''}, {'name': ' None', 'count': 0, 'meta': ''}, {'name': ' None', 'count': 0, 'meta': ''}, {'name': ' None', 'count': 0, 'meta': ''}, {'name': ' None', 'count': 0, 'meta': ''}, {'name': ' None', 'count': 0, 'meta': ''}]","Armor Slot 0: None, Count: 0; Armor Slot 1: None, Count: 0; Armor Slot 2: None, Count: 0; Armor Slot 3: None, Count: 0; ","Offhand: None, Count: 0; ",[],20.0,20.0,"[-0.644554045248566, -0.16418722091920337, -0.7467212594004126]",west,0,0 minecraft:air,False,Player is not currently riding anything,0.0784000015258789
119.0,14:43:02.784887600,2025-07-30,literal{MF},"(-11.862020135264737, 67.0, 45.69999998807907)",20.0,"[{'name': ' None', 'count': 0, 'meta': ''}, {'name': ' None', 'count': 0, 'meta': ''}, {'name': ' None', 'count': 0, 'meta': ''}, {'name': ' None', 'count': 0, 'meta': ''}, {'name': ' None', 'count': 0, 'meta': ''}, {'name': ' None', 'count': 0, 'meta': ''}, {'name': ' None', 'count': 0, 'meta': ''}, {'name': ' None', 'count': 0, 'meta': ''}, {'name': ' None', 'count': 0, 'meta': ''}, {'name': ' None', 'count': 0, 'meta': ''}, {'name': ' None', 'count': 0, 'meta': ''}, {'name': ' None', 'count': 0, 'meta': ''}, {'name': ' None', 'count': 0, 'meta': ''}, {'name': ' None', 'count': 0, 'meta': ''}, {'name': ' None', 'count': 0, 'meta': ''}, {'name': ' None', 'count': 0, 'meta': ''}, {'name': ' None', 'count': 0, 'meta': ''}, {'name': ' None', 'count': 0, 'meta': ''}, {'name': ' None', 'count': 0, 'meta': ''}, {'name': ' None', 'count': 0, 'meta': ''}, {'name': ' None', 'count': 0, 'meta': ''}, {'name': ' None', 'count': 0, 'meta': ''}, {'name': ' None', 'count': 0, 'meta': ''}, {'name': ' None', 'count': 0, 'meta': ''}, {'name': ' None', 'count': 0, 'meta': ''}, {'name': ' None', 'count': 0, 'meta': ''}, {'name': ' None', 'count': 0, 'meta': ''}, {'name': ' None', 'count': 0, 'meta': ''}, {'name': ' None', 'count': 0, 'meta': ''}, {'name': ' None', 'count': 0, 'meta': ''}, {'name': ' None', 'count': 0, 'meta': ''}, {'name': ' None', 'count': 0, 'meta': ''}, {'name': ' None', 'count': 0, 'meta': ''}, {'name': ' None', 'count': 0, 'meta': ''}, {'name': ' None', 'count': 0, 'meta': ''}, {'name': ' None', 'count': 0, 'meta': ''}]","Armor Slot 0: None, Count: 0; Armor Slot 1: None, Count: 0; Armor Slot 2: None, Count: 0; Armor Slot 3: None, Count: 0; ","Offhand: None, Count: 0; ",[],20.0,20.0,"[-0.6428747184599996, -0.1616042021859322, -0.7487297097089342]",west,0,0 minecraft:air,False,Player is not currently riding anything,0.0784000015258789
119.0,14:43:02.836312,2025-07-30,literal{MF},"(-11.95302115185326, 67.0, 45.69999998807907)",20.0,"[{'name': ' None', 'count': 0, 'meta': ''}, {'name': ' None', 'count': 0, 'meta': ''}, {'name': ' None', 'count': 0, 'meta': ''}, {'name': ' None', 'count': 0, 'meta': ''}, {'name': ' None', 'count': 0, 'meta': ''}, {'name': ' None', 'count': 0, 'meta': ''}, {'name': ' None', 'count': 0, 'meta': ''}, {'name': ' None', 'count': 0, 'meta': ''}, {'name': ' None', 'count': 0, 'meta': ''}, {'name': ' None', 'count': 0, 'meta': ''}, {'name': ' None', 'count': 0, 'meta': ''}, {'name': ' None', 'count': 0, 'meta': ''}, {'name': ' None', 'count': 0, 'meta': ''}, {'name': ' None', 'count': 0, 'meta': ''}, {'name': ' None', 'count': 0, 'meta': ''}, {'name': ' None', 'count': 0, 'meta': ''}, {'name': ' None', 'count': 0, 'meta': ''}, {'name': ' None', 'count': 0, 'meta': ''}, {'name': ' None', 'count': 0, 'meta': ''}, {'name': ' None', 'count': 0, 'meta': ''}, {'name': ' None', 'count': 0, 'meta': ''}, {'name': ' None', 'count': 0, 'meta': ''}, {'name': ' None', 'count': 0, 'meta': ''}, {'name': ' None', 'count': 0, 'meta': ''}, {'name': ' None', 'count': 0, 'meta': ''}, {'name': ' None', 'count': 0, 'meta': ''}, {'name': ' None', 'count': 0, 'meta': ''}, {'name': ' None', 'count': 0, 'meta': ''}, {'name': ' None', 'count': 0, 'meta': ''}, {'name': ' None', 'count': 0, 'meta': ''}, {'name': ' None', 'count': 0, 'meta': ''}, {'name': ' None', 'count': 0, 'meta': ''}, {'name': ' None', 'count': 0, 'meta': ''}, {'name': ' None', 'count': 0, 'meta': ''}, {'name': ' None', 'count': 0, 'meta': ''}, {'name': ' None', 'count': 0, 'meta': ''}]","Armor Slot 0: None, Count: 0; Armor Slot 1: None, Count: 0; Armor Slot 2: None, Count: 0; Armor Slot 3: None, Count: 0; ","Offhand: None, Count: 0; ",[],20.0,20.0,"[-0.6411848985232633, -0.15902007584118757, -0.7507293396325839]",west,0,0 minecraft:air,False,Player is not currently riding anything,0.0784000015258789
119.0,14:43:02.886665900,2025-07-30,literal{MF},"(-12.0105517091366, 67.0, 45.69999998807907)",20.0,"[{'name': ' None', 'count': 0, 'meta': ''}, {'name': ' None', 'count': 0, 'meta': ''}, {'name': ' None', 'count': 0, 'meta': ''}, {'name': ' None', 'count': 0, 'meta': ''}, {'name': ' None', 'count': 0, 'meta': ''}, {'name': ' None', 'count': 0, 'meta': ''}, {'name': ' None', 'count': 0, 'meta': ''}, {'name': ' None', 'count': 0, 'meta': ''}, {'name': ' None', 'count': 0, 'meta': ''}, {'name': ' None', 'count': 0, 'meta': ''}, {'name': ' None', 'count': 0, 'meta': ''}, {'name': ' None', 'count': 0, 'meta': ''}, {'name': ' None', 'count': 0, 'meta': ''}, {'name': ' None', 'count': 0, 'meta': ''}, {'name': ' None', 'count': 0, 'meta': ''}, {'name': ' None', 'count': 0, 'meta': ''}, {'name': ' None', 'count': 0, 'meta': ''}, {'name': ' None', 'count': 0, 'meta': ''}, {'name': ' None', 'count': 0, 'meta': ''}, {'name': ' None', 'count': 0, 'meta': ''}, {'name': ' None', 'count': 0, 'meta': ''}, {'name': ' None', 'count': 0, 'meta': ''}, {'name': ' None', 'count': 0, 'meta': ''}, {'name': ' None', 'count': 0, 'meta': ''}, {'name': ' None', 'count': 0, 'meta': ''}, {'name': ' None', 'count': 0, 'meta': ''}, {'name': ' None', 'count': 0, 'meta': ''}, {'name': ' None', 'count': 0, 'meta': ''}, {'name': ' None', 'count': 0, 'meta': ''}, {'name': ' None', 'count': 0, 'meta': ''}, {'name': ' None', 'count': 0, 'meta': ''}, {'name': ' None', 'count': 0, 'meta': ''}, {'name': ' None', 'count': 0, 'meta': ''}, {'name': ' None', 'count': 0, 'meta': ''}, {'name': ' None', 'count': 0, 'meta': ''}, {'name': ' None', 'count': 0, 'meta': ''}]","Armor Slot 0: None, Count: 0; Armor Slot 1: None, Count: 0; Armor Slot 2: None, Count: 0; Armor Slot 3: None, Count: 0; ","Offhand: None, Count: 0; ",[],20.0,20.0,"[-0.6409123278225412, -0.1616042021859322, -0.750410201077344]",west,0,0 minecraft:air,False,Player is not currently riding anything,0.0784000015258789
118.0,14:43:02.938090,2025-07-30,literal{MF},"(-12.049539748380546, 67.0, 45.69999998807907)",20.0,"[{'name': ' None', 'count': 0, 'meta': ''}, {'name': ' None', 'count': 0, 'meta': ''}, {'name': ' None', 'count': 0, 'meta': ''}, {'name': ' None', 'count': 0, 'meta': ''}, {'name': ' None', 'count': 0, 'meta': ''}, {'name': ' None', 'count': 0, 'meta': ''}, {'name': ' None', 'count': 0, 'meta': ''}, {'name': ' None', 'count': 0, 'meta': ''}, {'name': ' None', 'count': 0, 'meta': ''}, {'name': ' None', 'count': 0, 'meta': ''}, {'name': ' None', 'count': 0, 'meta': ''}, {'name': ' None', 'count': 0, 'meta': ''}, {'name': ' None', 'count': 0, 'meta': ''}, {'name': ' None', 'count': 0, 'meta': ''}, {'name': ' None', 'count': 0, 'meta': ''}, {'name': ' None', 'count': 0, 'meta': ''}, {'name': ' None', 'count': 0, 'meta': ''}, {'name': ' None', 'count': 0, 'meta': ''}, {'name': ' None', 'count': 0, 'meta': ''}, {'name': ' None', 'count': 0, 'meta': ''}, {'name': ' None', 'count': 0, 'meta': ''}, {'name': ' None', 'count': 0, 'meta': ''}, {'name': ' None', 'count': 0, 'meta': ''}, {'name': ' None', 'count': 0, 'meta': ''}, {'name': ' None', 'count': 0, 'meta': ''}, {'name': ' None', 'count': 0, 'meta': ''}, {'name': ' None', 'count': 0, 'meta': ''}, {'name': ' None', 'count': 0, 'meta': ''}, {'name': ' None', 'count': 0, 'meta': ''}, {'name': ' None', 'count': 0, 'meta': ''}, {'name': ' None', 'count': 0, 'meta': ''}, {'name': ' None', 'count': 0, 'meta': ''}, {'name': ' None', 'count': 0, 'meta': ''}, {'name': ' None', 'count': 0, 'meta': ''}, {'name': ' None', 'count': 0, 'meta': ''}, {'name': ' None', 'count': 0, 'meta': ''}]","Armor Slot 0: None, Count: 0; Armor Slot 1: None, Count: 0; Armor Slot 2: None, Count: 0; Armor Slot 3: None, Count: 0; ","Offhand: None, Count: 0; ",[],20.0,20.0,"[-0.6428747184599996, -0.1616042021859322, -0.7487297097089342]",west,0,0 minecraft:air,False,Player is not currently riding anything,0.0784000015258789
118.0,14:43:02.987302300,2025-07-30,literal{MF},"(-12.006980067522106, 67.0, 45.69999998807907)",20.0,"[{'name': ' None', 'count': 0, 'meta': ''}, {'name': ' None', 'count': 0, 'meta': ''}, {'name': ' None', 'count': 0, 'meta': ''}, {'name': ' None', 'count': 0, 'meta': ''}, {'name': ' None', 'count': 0, 'meta': ''}, {'name': ' None', 'count': 0, 'meta': ''}, {'name': ' None', 'count': 0, 'meta': ''}, {'name': ' None', 'count': 0, 'meta': ''}, {'name': ' None', 'count': 0, 'meta': ''}, {'name': ' None', 'count': 0, 'meta': ''}, {'name': ' None', 'count': 0, 'meta': ''}, {'name': ' None', 'count': 0, 'meta': ''}, {'name': ' None', 'count': 0, 'meta': ''}, {'name': ' None', 'count': 0, 'meta': ''}, {'name': ' None', 'count': 0, 'meta': ''}, {'name': ' None', 'count': 0, 'meta': ''}, {'name': ' None', 'count': 0, 'meta': ''}, {'name': ' None', 'count': 0, 'meta': ''}, {'name': ' None', 'count': 0, 'meta': ''}, {'name': ' None', 'count': 0, 'meta': ''}, {'name': ' None', 'count': 0, 'meta': ''}, {'name': ' None', 'count': 0, 'meta': ''}, {'name': ' None', 'count': 0, 'meta': ''}, {'name': ' None', 'count': 0, 'meta': ''}, {'name': ' None', 'count': 0, 'meta': ''}, {'name': ' None', 'count': 0, 'meta': ''}, {'name': ' None', 'count': 0, 'meta': ''}, {'name': ' None', 'count': 0, 'meta': ''}, {'name': ' None', 'count': 0, 'meta': ''}, {'name': ' None', 'count': 0, 'meta': ''}, {'name': ' None', 'count': 0, 'meta': ''}, {'name': ' None', 'count': 0, 'meta': ''}, {'name': ' None', 'count': 0, 'meta': ''}, {'name': ' None', 'count': 0, 'meta': ''}, {'name': ' None', 'count': 0, 'meta': ''}, {'name': ' None', 'count': 0, 'meta': ''}]","Armor Slot 0: None, Count: 0; Armor Slot 1: None, Count: 0; Armor Slot 2: None, Count: 0; Armor Slot 3: None, Count: 0; ","Offhand: None, Count: 0; ",[],20.0,20.0,"[-0.6428747184599996, -0.1616042021859322, -0.7487297097089342]",west,0,0 minecraft:air,False,Player is not currently riding anything,0.0784000015258789
118.0,14:43:03.036296600,2025-07-30,literal{MF},"(-11.919312812963675, 67.0, 45.69999998807907)",20.0,"[{'name': ' None', 'count': 0, 'meta': ''}, {'name': ' None', 'count': 0, 'meta': ''}, {'name': ' None', 'count': 0, 'meta': ''}, {'name': ' None', 'count': 0, 'meta': ''}, {'name': ' None', 'count': 0, 'meta': ''}, {'name': ' None', 'count': 0, 'meta': ''}, {'name': ' None', 'count': 0, 'meta': ''}, {'name': ' None', 'count': 0, 'meta': ''}, {'name': ' None', 'count': 0, 'meta': ''}, {'name': ' None', 'count': 0, 'meta': ''}, {'name': ' None', 'count': 0, 'meta': ''}, {'name': ' None', 'count': 0, 'meta': ''}, {'name': ' None', 'count': 0, 'meta': ''}, {'name': ' None', 'count': 0, 'meta': ''}, {'name': ' None', 'count': 0, 'meta': ''}, {'name': ' None', 'count': 0, 'meta': ''}, {'name': ' None', 'count': 0, 'meta': ''}, {'name': ' None', 'count': 0, 'meta': ''}, {'name': ' None', 'count': 0, 'meta': ''}, {'name': ' None', 'count': 0, 'meta': ''}, {'name': ' None', 'count': 0, 'meta': ''}, {'name': ' None', 'count': 0, 'meta': ''}, {'name': ' None', 'count': 0, 'meta': ''}, {'name': ' None', 'count': 0, 'meta': ''}, {'name': ' None', 'count': 0, 'meta': ''}, {'name': ' None', 'count': 0, 'meta': ''}, {'name': ' None', 'count': 0, 'meta': ''}, {'name': ' None', 'count': 0, 'meta': ''}, {'name': ' None', 'count': 0, 'meta': ''}, {'name': ' None', 'count': 0, 'meta': ''}, {'name': ' None', 'count': 0, 'meta': ''}, {'name': ' None', 'count': 0, 'meta': ''}, {'name': ' None', 'count': 0, 'meta': ''}, {'name': ' None', 'count': 0, 'meta': ''}, {'name': ' None', 'count': 0, 'meta': ''}, {'name': ' None', 'count': 0, 'meta': ''}]","Armor Slot 0: None, Count: 0; Armor Slot 1: None, Count: 0; Armor Slot 2: None, Count: 0; Armor Slot 3: None, Count: 0; ","Offhand: None, Count: 0; ",[],20.0,20.0,"[-0.6487353495244638, -0.1616042021859322, -0.7436575341601942]",west,0,0 minecraft:air,False,Player is not currently riding anything,0.0784000015258789
118.0,14:43:03.086062800,2025-07-30,literal{MF},"(-11.801964245376968, 67.0, 45.69999998807907)",20.0,"[{'name': ' None', 'count': 0, 'meta': ''}, {'name': ' None', 'count': 0, 'meta': ''}, {'name': ' None', 'count': 0, 'meta': ''}, {'name': ' None', 'count': 0, 'meta': ''}, {'name': ' None', 'count': 0, 'meta': ''}, {'name': ' None', 'count': 0, 'meta': ''}, {'name': ' None', 'count': 0, 'meta': ''}, {'name': ' None', 'count': 0, 'meta': ''}, {'name': ' None', 'count': 0, 'meta': ''}, {'name': ' None', 'count': 0, 'meta': ''}, {'name': ' None', 'count': 0, 'meta': ''}, {'name': ' None', 'count': 0, 'meta': ''}, {'name': ' None', 'count': 0, 'meta': ''}, {'name': ' None', 'count': 0, 'meta': ''}, {'name': ' None', 'count': 0, 'meta': ''}, {'name': ' None', 'count': 0, 'meta': ''}, {'name': ' None', 'count': 0, 'meta': ''}, {'name': ' None', 'count': 0, 'meta': ''}, {'name': ' None', 'count': 0, 'meta': ''}, {'name': ' None', 'count': 0, 'meta': ''}, {'name': ' None', 'count': 0, 'meta': ''}, {'name': ' None', 'count': 0, 'meta': ''}, {'name': ' None', 'count': 0, 'meta': ''}, {'name': ' None', 'count': 0, 'meta': ''}, {'name': ' None', 'count': 0, 'meta': ''}, {'name': ' None', 'count': 0, 'meta': ''}, {'name': ' None', 'count': 0, 'meta': ''}, {'name': ' None', 'count': 0, 'meta': ''}, {'name': ' None', 'count': 0, 'meta': ''}, {'name': ' None', 'count': 0, 'meta': ''}, {'name': ' None', 'count': 0, 'meta': ''}, {'name': ' None', 'count': 0, 'meta': ''}, {'name': ' None', 'count': 0, 'meta': ''}, {'name': ' None', 'count': 0, 'meta': ''}, {'name': ' None', 'count': 0, 'meta': ''}, {'name': ' None', 'count': 0, 'meta': ''}]","Armor Slot 0: None, Count: 0; Armor Slot 1: None, Count: 0; Armor Slot 2: None, Count: 0; Armor Slot 3: None, Count: 0; ","Offhand: None, Count: 0; ",[],20.0,20.0,"[-0.7007990439586103, -0.1512612282875672, -0.6971375336356769]",south,0,0 minecraft:air,False,Player is not currently riding anything,0.0784000015258789
118.0,14:43:03.135791100,2025-07-30,literal{MF},"(-11.660610849528574, 67.0, 45.69999998807907)",20.0,"[{'name': ' None', 'count': 0, 'meta': ''}, {'name': ' None', 'count': 0, 'meta': ''}, {'name': ' None', 'count': 0, 'meta': ''}, {'name': ' None', 'count': 0, 'meta': ''}, {'name': ' None', 'count': 0, 'meta': ''}, {'name': ' None', 'count': 0, 'meta': ''}, {'name': ' None', 'count': 0, 'meta': ''}, {'name': ' None', 'count': 0, 'meta': ''}, {'name': ' None', 'count': 0, 'meta': ''}, {'name': ' None', 'count': 0, 'meta': ''}, {'name': ' None', 'count': 0, 'meta': ''}, {'name': ' None', 'count': 0, 'meta': ''}, {'name': ' None', 'count': 0, 'meta': ''}, {'name': ' None', 'count': 0, 'meta': ''}, {'name': ' None', 'count': 0, 'meta': ''}, {'name': ' None', 'count': 0, 'meta': ''}, {'name': ' None', 'count': 0, 'meta': ''}, {'name': ' None', 'count': 0, 'meta': ''}, {'name': ' None', 'count': 0, 'meta': ''}, {'name': ' None', 'count': 0, 'meta': ''}, {'name': ' None', 'count': 0, 'meta': ''}, {'name': ' None', 'count': 0, 'meta': ''}, {'name': ' None', 'count': 0, 'meta': ''}, {'name': ' None', 'count': 0, 'meta': ''}, {'name': ' None', 'count': 0, 'meta': ''}, {'name': ' None', 'count': 0, 'meta': ''}, {'name': ' None', 'count': 0, 'meta': ''}, {'name': ' None', 'count': 0, 'meta': ''}, {'name': ' None', 'count': 0, 'meta': ''}, {'name': ' None', 'count': 0, 'meta': ''}, {'name': ' None', 'count': 0, 'meta': ''}, {'name': ' None', 'count': 0, 'meta': ''}, {'name': ' None', 'count': 0, 'meta': ''}, {'name': ' None', 'count': 0, 'meta': ''}, {'name': ' None', 'count': 0, 'meta': ''}, {'name': ' None', 'count': 0, 'meta': ''}]","Armor Slot 0: None, Count: 0; Armor Slot 1: None, Count: 0; Armor Slot 2: None, Count: 0; Armor Slot 3: None, Count: 0; ","Offhand: None, Count: 0; ",[],20.0,20.0,"[-0.7778472088018769, -0.1641872373380774, -0.6066269618591142]",south,0,0 minecraft:air,False,Player is not currently riding anything,0.0784000015258789
118.0,14:43:03.186271400,2025-07-30,literal{MF},"(-11.501661898779528, 67.0, 45.69999998807907)",20.0,"[{'name': ' None', 'count': 0, 'meta': ''}, {'name': ' None', 'count': 0, 'meta': ''}, {'name': ' None', 'count': 0, 'meta': ''}, {'name': ' None', 'count': 0, 'meta': ''}, {'name': ' None', 'count': 0, 'meta': ''}, {'name': ' None', 'count': 0, 'meta': ''}, {'name': ' None', 'count': 0, 'meta': ''}, {'name': ' None', 'count': 0, 'meta': ''}, {'name': ' None', 'count': 0, 'meta': ''}, {'name': ' None', 'count': 0, 'meta': ''}, {'name': ' None', 'count': 0, 'meta': ''}, {'name': ' None', 'count': 0, 'meta': ''}, {'name': ' None', 'count': 0, 'meta': ''}, {'name': ' None', 'count': 0, 'meta': ''}, {'name': ' None', 'count': 0, 'meta': ''}, {'name': ' None', 'count': 0, 'meta': ''}, {'name': ' None', 'count': 0, 'meta': ''}, {'name': ' None', 'count': 0, 'meta': ''}, {'name': ' None', 'count': 0, 'meta': ''}, {'name': ' None', 'count': 0, 'meta': ''}, {'name': ' None', 'count': 0, 'meta': ''}, {'name': ' None', 'count': 0, 'meta': ''}, {'name': ' None', 'count': 0, 'meta': ''}, {'name': ' None', 'count': 0, 'meta': ''}, {'name': ' None', 'count': 0, 'meta': ''}, {'name': ' None', 'count': 0, 'meta': ''}, {'name': ' None', 'count': 0, 'meta': ''}, {'name': ' None', 'count': 0, 'meta': ''}, {'name': ' None', 'count': 0, 'meta': ''}, {'name': ' None', 'count': 0, 'meta': ''}, {'name': ' None', 'count': 0, 'meta': ''}, {'name': ' None', 'count': 0, 'meta': ''}, {'name': ' None', 'count': 0, 'meta': ''}, {'name': ' None', 'count': 0, 'meta': ''}, {'name': ' None', 'count': 0, 'meta': ''}, {'name': ' None', 'count': 0, 'meta': ''}]","Armor Slot 0: None, Count: 0; Armor Slot 1: None, Count: 0; Armor Slot 2: None, Count: 0; Armor Slot 3: None, Count: 0; ","Offhand: None, Count: 0; ",[],20.0,20.0,"[-0.8219434606676329, -0.17192947084945417, -0.5430001883233025]",south,0,0 minecraft:air,False,Player is not currently riding anything,0.0784000015258789
118.0,14:43:03.236302700,2025-07-30,literal{MF},"(-11.330649765539343, 67.0, 45.69999998807907)",20.0,"[{'name': ' None', 'count': 0, 'meta': ''}, {'name': ' None', 'count': 0, 'meta': ''}, {'name': ' None', 'count': 0, 'meta': ''}, {'name': ' None', 'count': 0, 'meta': ''}, {'name': ' None', 'count': 0, 'meta': ''}, {'name': ' None', 'count': 0, 'meta': ''}, {'name': ' None', 'count': 0, 'meta': ''}, {'name': ' None', 'count': 0, 'meta': ''}, {'name': ' None', 'count': 0, 'meta': ''}, {'name': ' None', 'count': 0, 'meta': ''}, {'name': ' None', 'count': 0, 'meta': ''}, {'name': ' None', 'count': 0, 'meta': ''}, {'name': ' None', 'count': 0, 'meta': ''}, {'name': ' None', 'count': 0, 'meta': ''}, {'name': ' None', 'count': 0, 'meta': ''}, {'name': ' None', 'count': 0, 'meta': ''}, {'name': ' None', 'count': 0, 'meta': ''}, {'name': ' None', 'count': 0, 'meta': ''}, {'name': ' None', 'count': 0, 'meta': ''}, {'name': ' None', 'count': 0, 'meta': ''}, {'name': ' None', 'count': 0, 'meta': ''}, {'name': ' None', 'count': 0, 'meta': ''}, {'name': ' None', 'count': 0, 'meta': ''}, {'name': ' None', 'count': 0, 'meta': ''}, {'name': ' None', 'count': 0, 'meta': ''}, {'name': ' None', 'count': 0, 'meta': ''}, {'name': ' None', 'count': 0, 'meta': ''}, {'name': ' None', 'count': 0, 'meta': ''}, {'name': ' None', 'count': 0, 'meta': ''}, {'name': ' None', 'count': 0, 'meta': ''}, {'name': ' None', 'count': 0, 'meta': ''}, {'name': ' None', 'count': 0, 'meta': ''}, {'name': ' None', 'count': 0, 'meta': ''}, {'name': ' None', 'count': 0, 'meta': ''}, {'name': ' None', 'count': 0, 'meta': ''}, {'name': ' None', 'count': 0, 'meta': ''}]","Armor Slot 0: None, Count: 0; Armor Slot 1: None, Count: 0; Armor Slot 2: None, Count: 0; Armor Slot 3: None, Count: 0; ","Offhand: None, Count: 0; ",[],20.0,20.0,"[-0.8462200744066676, -0.174507882170706, -0.5034467049564124]",south,0,0 minecraft:air,False,Player is not currently riding anything,0.0784000015258789
118.0,14:43:03.285663600,2025-07-30,literal{MF},"(-11.149610576057452, 67.0, 45.69999998807907)",20.0,"[{'name': ' None', 'count': 0, 'meta': ''}, {'name': ' None', 'count': 0, 'meta': ''}, {'name': ' None', 'count': 0, 'meta': ''}, {'name': ' None', 'count': 0, 'meta': ''}, {'name': ' None', 'count': 0, 'meta': ''}, {'name': ' None', 'count': 0, 'meta': ''}, {'name': ' None', 'count': 0, 'meta': ''}, {'name': ' None', 'count': 0, 'meta': ''}, {'name': ' None', 'count': 0, 'meta': ''}, {'name': ' None', 'count': 0, 'meta': ''}, {'name': ' None', 'count': 0, 'meta': ''}, {'name': ' None', 'count': 0, 'meta': ''}, {'name': ' None', 'count': 0, 'meta': ''}, {'name': ' None', 'count': 0, 'meta': ''}, {'name': ' None', 'count': 0, 'meta': ''}, {'name': ' None', 'count': 0, 'meta': ''}, {'name': ' None', 'count': 0, 'meta': ''}, {'name': ' None', 'count': 0, 'meta': ''}, {'name': ' None', 'count': 0, 'meta': ''}, {'name': ' None', 'count': 0, 'meta': ''}, {'name': ' None', 'count': 0, 'meta': ''}, {'name': ' None', 'count': 0, 'meta': ''}, {'name': ' None', 'count': 0, 'meta': ''}, {'name': ' None', 'count': 0, 'meta': ''}, {'name': ' None', 'count': 0, 'meta': ''}, {'name': ' None', 'count': 0, 'meta': ''}, {'name': ' None', 'count': 0, 'meta': ''}, {'name': ' None', 'count': 0, 'meta': ''}, {'name': ' None', 'count': 0, 'meta': ''}, {'name': ' None', 'count': 0, 'meta': ''}, {'name': ' None', 'count': 0, 'meta': ''}, {'name': ' None', 'count': 0, 'meta': ''}, {'name': ' None', 'count': 0, 'meta': ''}, {'name': ' None', 'count': 0, 'meta': ''}, {'name': ' None', 'count': 0, 'meta': ''}, {'name': ' None', 'count': 0, 'meta': ''}]","Armor Slot 0: None, Count: 0; Armor Slot 1: None, Count: 0; Armor Slot 2: None, Count: 0; Armor Slot 3: None, Count: 0; ","Offhand: None, Count: 0; ",[],20.0,20.0,"[-0.8787002531830406, -0.18738166120428004, -0.4390603353758852]",south,0,0 minecraft:air,False,Player is not currently riding anything,0.0784000015258789
118.0,14:43:03.335813700,2025-07-30,literal{MF},"(-10.96102651905196, 67.0, 45.69999998807907)",20.0,"[{'name': ' None', 'count': 0, 'meta': ''}, {'name': ' None', 'count': 0, 'meta': ''}, {'name': ' None', 'count': 0, 'meta': ''}, {'name': ' None', 'count': 0, 'meta': ''}, {'name': ' None', 'count': 0, 'meta': ''}, {'name': ' None', 'count': 0, 'meta': ''}, {'name': ' None', 'count': 0, 'meta': ''}, {'name': ' None', 'count': 0, 'meta': ''}, {'name': ' None', 'count': 0, 'meta': ''}, {'name': ' None', 'count': 0, 'meta': ''}, {'name': ' None', 'count': 0, 'meta': ''}, {'name': ' None', 'count': 0, 'meta': ''}, {'name': ' None', 'count': 0, 'meta': ''}, {'name': ' None', 'count': 0, 'meta': ''}, {'name': ' None', 'count': 0, 'meta': ''}, {'name': ' None', 'count': 0, 'meta': ''}, {'name': ' None', 'count': 0, 'meta': ''}, {'name': ' None', 'count': 0, 'meta': ''}, {'name': ' None', 'count': 0, 'meta': ''}, {'name': ' None', 'count': 0, 'meta': ''}, {'name': ' None', 'count': 0, 'meta': ''}, {'name': ' None', 'count': 0, 'meta': ''}, {'name': ' None', 'count': 0, 'meta': ''}, {'name': ' None', 'count': 0, 'meta': ''}, {'name': ' None', 'count': 0, 'meta': ''}, {'name': ' None', 'count': 0, 'meta': ''}, {'name': ' None', 'count': 0, 'meta': ''}, {'name': ' None', 'count': 0, 'meta': ''}, {'name': ' None', 'count': 0, 'meta': ''}, {'name': ' None', 'count': 0, 'meta': ''}, {'name': ' None', 'count': 0, 'meta': ''}, {'name': ' None', 'count': 0, 'meta': ''}, {'name': ' None', 'count': 0, 'meta': ''}, {'name': ' None', 'count': 0, 'meta': ''}, {'name': ' None', 'count': 0, 'meta': ''}, {'name': ' None', 'count': 0, 'meta': ''}]","Armor Slot 0: None, Count: 0; Armor Slot 1: None, Count: 0; Armor Slot 2: None, Count: 0; Armor Slot 3: None, Count: 0; ","Offhand: None, Count: 0; ",[],20.0,20.0,"[-0.8975980377086228, -0.19765767649644597, -0.394016758049269]",south,0,0 minecraft:air,False,Player is not currently riding anything,0.0784000015258789
118.0,14:43:03.384735400,2025-07-30,literal{MF},"(-10.76822130853256, 67.0, 45.69999998807907)",20.0,"[{'name': ' None', 'count': 0, 'meta': ''}, {'name': ' None', 'count': 0, 'meta': ''}, {'name': ' None', 'count': 0, 'meta': ''}, {'name': ' None', 'count': 0, 'meta': ''}, {'name': ' None', 'count': 0, 'meta': ''}, {'name': ' None', 'count': 0, 'meta': ''}, {'name': ' None', 'count': 0, 'meta': ''}, {'name': ' None', 'count': 0, 'meta': ''}, {'name': ' None', 'count': 0, 'meta': ''}, {'name': ' None', 'count': 0, 'meta': ''}, {'name': ' None', 'count': 0, 'meta': ''}, {'name': ' None', 'count': 0, 'meta': ''}, {'name': ' None', 'count': 0, 'meta': ''}, {'name': ' None', 'count': 0, 'meta': ''}, {'name': ' None', 'count': 0, 'meta': ''}, {'name': ' None', 'count': 0, 'meta': ''}, {'name': ' None', 'count': 0, 'meta': ''}, {'name': ' None', 'count': 0, 'meta': ''}, {'name': ' None', 'count': 0, 'meta': ''}, {'name': ' None', 'count': 0, 'meta': ''}, {'name': ' None', 'count': 0, 'meta': ''}, {'name': ' None', 'count': 0, 'meta': ''}, {'name': ' None', 'count': 0, 'meta': ''}, {'name': ' None', 'count': 0, 'meta': ''}, {'name': ' None', 'count': 0, 'meta': ''}, {'name': ' None', 'count': 0, 'meta': ''}, {'name': ' None', 'count': 0, 'meta': ''}, {'name': ' None', 'count': 0, 'meta': ''}, {'name': ' None', 'count': 0, 'meta': ''}, {'name': ' None', 'count': 0, 'meta': ''}, {'name': ' None', 'count': 0, 'meta': ''}, {'name': ' None', 'count': 0, 'meta': ''}, {'name': ' None', 'count': 0, 'meta': ''}, {'name': ' None', 'count': 0, 'meta': ''}, {'name': ' None', 'count': 0, 'meta': ''}, {'name': ' None', 'count': 0, 'meta': ''}]","Armor Slot 0: None, Count: 0; Armor Slot 1: None, Count: 0; Armor Slot 2: None, Count: 0; Armor Slot 3: None, Count: 0; ","Offhand: None, Count: 0; ",[],20.0,20.0,"[-0.8986264913647913, -0.19765767649644597, -0.39166551027558044]",south,0,0 minecraft:air,False,Player is not currently riding anything,0.0784000015258789
118.0,14:43:03.435274900,2025-07-30,literal{MF},"(-10.572906132942549, 67.0, 45.69999998807907)",20.0,"[{'name': ' None', 'count': 0, 'meta': ''}, {'name': ' None', 'count': 0, 'meta': ''}, {'name': ' None', 'count': 0, 'meta': ''}, {'name': ' None', 'count': 0, 'meta': ''}, {'name': ' None', 'count': 0, 'meta': ''}, {'name': ' None', 'count': 0, 'meta': ''}, {'name': ' None', 'count': 0, 'meta': ''}, {'name': ' None', 'count': 0, 'meta': ''}, {'name': ' None', 'count': 0, 'meta': ''}, {'name': ' None', 'count': 0, 'meta': ''}, {'name': ' None', 'count': 0, 'meta': ''}, {'name': ' None', 'count': 0, 'meta': ''}, {'name': ' None', 'count': 0, 'meta': ''}, {'name': ' None', 'count': 0, 'meta': ''}, {'name': ' None', 'count': 0, 'meta': ''}, {'name': ' None', 'count': 0, 'meta': ''}, {'name': ' None', 'count': 0, 'meta': ''}, {'name': ' None', 'count': 0, 'meta': ''}, {'name': ' None', 'count': 0, 'meta': ''}, {'name': ' None', 'count': 0, 'meta': ''}, {'name': ' None', 'count': 0, 'meta': ''}, {'name': ' None', 'count': 0, 'meta': ''}, {'name': ' None', 'count': 0, 'meta': ''}, {'name': ' None', 'count': 0, 'meta': ''}, {'name': ' None', 'count': 0, 'meta': ''}, {'name': ' None', 'count': 0, 'meta': ''}, {'name': ' None', 'count': 0, 'meta': ''}, {'name': ' None', 'count': 0, 'meta': ''}, {'name': ' None', 'count': 0, 'meta': ''}, {'name': ' None', 'count': 0, 'meta': ''}, {'name': ' None', 'count': 0, 'meta': ''}, {'name': ' None', 'count': 0, 'meta': ''}, {'name': ' None', 'count': 0, 'meta': ''}, {'name': ' None', 'count': 0, 'meta': ''}, {'name': ' None', 'count': 0, 'meta': ''}, {'name': ' None', 'count': 0, 'meta': ''}]","Armor Slot 0: None, Count: 0; Armor Slot 1: None, Count: 0; Armor Slot 2: None, Count: 0; Armor Slot 3: None, Count: 0; ","Offhand: None, Count: 0; ",[],20.0,20.0,"[-0.9006649145083924, -0.19765767649644597, -0.3869549776080114]",south,0,0 minecraft:air,False,Player is not currently riding anything,0.0784000015258789
118.0,14:43:03.487197200,2025-07-30,literal{MF},"(-10.427270558006384, 67.0, 45.69999998807907)",20.0,"[{'name': ' None', 'count': 0, 'meta': ''}, {'name': ' None', 'count': 0, 'meta': ''}, {'name': ' None', 'count': 0, 'meta': ''}, {'name': ' None', 'count': 0, 'meta': ''}, {'name': ' None', 'count': 0, 'meta': ''}, {'name': ' None', 'count': 0, 'meta': ''}, {'name': ' None', 'count': 0, 'meta': ''}, {'name': ' None', 'count': 0, 'meta': ''}, {'name': ' None', 'count': 0, 'meta': ''}, {'name': ' None', 'count': 0, 'meta': ''}, {'name': ' None', 'count': 0, 'meta': ''}, {'name': ' None', 'count': 0, 'meta': ''}, {'name': ' None', 'count': 0, 'meta': ''}, {'name': ' None', 'count': 0, 'meta': ''}, {'name': ' None', 'count': 0, 'meta': ''}, {'name': ' None', 'count': 0, 'meta': ''}, {'name': ' None', 'count': 0, 'meta': ''}, {'name': ' None', 'count': 0, 'meta': ''}, {'name': ' None', 'count': 0, 'meta': ''}, {'name': ' None', 'count': 0, 'meta': ''}, {'name': ' None', 'count': 0, 'meta': ''}, {'name': ' None', 'count': 0, 'meta': ''}, {'name': ' None', 'count': 0, 'meta': ''}, {'name': ' None', 'count': 0, 'meta': ''}, {'name': ' None', 'count': 0, 'meta': ''}, {'name': ' None', 'count': 0, 'meta': ''}, {'name': ' None', 'count': 0, 'meta': ''}, {'name': ' None', 'count': 0, 'meta': ''}, {'name': ' None', 'count': 0, 'meta': ''}, {'name': ' None', 'count': 0, 'meta': ''}, {'name': ' None', 'count': 0, 'meta': ''}, {'name': ' None', 'count': 0, 'meta': ''}, {'name': ' None', 'count': 0, 'meta': ''}, {'name': ' None', 'count': 0, 'meta': ''}, {'name': ' None', 'count': 0, 'meta': ''}, {'name': ' None', 'count': 0, 'meta': ''}]","Armor Slot 0: None, Count: 0; Armor Slot 1: None, Count: 0; Armor Slot 2: None, Count: 0; Armor Slot 3: None, Count: 0; ","Offhand: None, Count: 0; ",[],20.0,20.0,"[-0.9080884207013363, -0.20022333343650095, -0.3678125024190024]",south,0,0 minecraft:air,False,Player is not currently riding anything,0.0784000015258789
118.0,14:43:03.538144900,2025-07-30,literal{MF},"(-10.308760048177865, 67.0, 45.69999998807907)",20.0,"[{'name': ' None', 'count': 0, 'meta': ''}, {'name': ' None', 'count': 0, 'meta': ''}, {'name': ' None', 'count': 0, 'meta': ''}, {'name': ' None', 'count': 0, 'meta': ''}, {'name': ' None', 'count': 0, 'meta': ''}, {'name': ' None', 'count': 0, 'meta': ''}, {'name': ' None', 'count': 0, 'meta': ''}, {'name': ' None', 'count': 0, 'meta': ''}, {'name': ' None', 'count': 0, 'meta': ''}, {'name': ' None', 'count': 0, 'meta': ''}, {'name': ' None', 'count': 0, 'meta': ''}, {'name': ' None', 'count': 0, 'meta': ''}, {'name': ' None', 'count': 0, 'meta': ''}, {'name': ' None', 'count': 0, 'meta': ''}, {'name': ' None', 'count': 0, 'meta': ''}, {'name': ' None', 'count': 0, 'meta': ''}, {'name': ' None', 'count': 0, 'meta': ''}, {'name': ' None', 'count': 0, 'meta': ''}, {'name': ' None', 'count': 0, 'meta': ''}, {'name': ' None', 'count': 0, 'meta': ''}, {'name': ' None', 'count': 0, 'meta': ''}, {'name': ' None', 'count': 0, 'meta': ''}, {'name': ' None', 'count': 0, 'meta': ''}, {'name': ' None', 'count': 0, 'meta': ''}, {'name': ' None', 'count': 0, 'meta': ''}, {'name': ' None', 'count': 0, 'meta': ''}, {'name': ' None', 'count': 0, 'meta': ''}, {'name': ' None', 'count': 0, 'meta': ''}, {'name': ' None', 'count': 0, 'meta': ''}, {'name': ' None', 'count': 0, 'meta': ''}, {'name': ' None', 'count': 0, 'meta': ''}, {'name': ' None', 'count': 0, 'meta': ''}, {'name': ' None', 'count': 0, 'meta': ''}, {'name': ' None', 'count': 0, 'meta': ''}, {'name': ' None', 'count': 0, 'meta': ''}, {'name': ' None', 'count': 0, 'meta': ''}]","Armor Slot 0: None, Count: 0; Armor Slot 1: None, Count: 0; Armor Slot 2: None, Count: 0; Armor Slot 3: None, Count: 0; ","Offhand: None, Count: 0; ",[],20.0,20.0,"[-0.9080884207013363, -0.20022333343650095, -0.3678125024190024]",south,0,0 minecraft:air,False,Player is not currently riding anything,0.0784000015258789
118.0,14:43:03.586274300,2025-07-30,literal{MF},"(-10.300000011920929, 67.0, 45.69999998807907)",20.0,"[{'name': ' None', 'count': 0, 'meta': ''}, {'name': ' None', 'count': 0, 'meta': ''}, {'name': ' None', 'count': 0, 'meta': ''}, {'name': ' None', 'count': 0, 'meta': ''}, {'name': ' None', 'count': 0, 'meta': ''}, {'name': ' None', 'count': 0, 'meta': ''}, {'name': ' None', 'count': 0, 'meta': ''}, {'name': ' None', 'count': 0, 'meta': ''}, {'name': ' None', 'count': 0, 'meta': ''}, {'name': ' None', 'count': 0, 'meta': ''}, {'name': ' None', 'count': 0, 'meta': ''}, {'name': ' None', 'count': 0, 'meta': ''}, {'name': ' None', 'count': 0, 'meta': ''}, {'name': ' None', 'count': 0, 'meta': ''}, {'name': ' None', 'count': 0, 'meta': ''}, {'name': ' None', 'count': 0, 'meta': ''}, {'name': ' None', 'count': 0, 'meta': ''}, {'name': ' None', 'count': 0, 'meta': ''}, {'name': ' None', 'count': 0, 'meta': ''}, {'name': ' None', 'count': 0, 'meta': ''}, {'name': ' None', 'count': 0, 'meta': ''}, {'name': ' None', 'count': 0, 'meta': ''}, {'name': ' None', 'count': 0, 'meta': ''}, {'name': ' None', 'count': 0, 'meta': ''}, {'name': ' None', 'count': 0, 'meta': ''}, {'name': ' None', 'count': 0, 'meta': ''}, {'name': ' None', 'count': 0, 'meta': ''}, {'name': ' None', 'count': 0, 'meta': ''}, {'name': ' None', 'count': 0, 'meta': ''}, {'name': ' None', 'count': 0, 'meta': ''}, {'name': ' None', 'count': 0, 'meta': ''}, {'name': ' None', 'count': 0, 'meta': ''}, {'name': ' None', 'count': 0, 'meta': ''}, {'name': ' None', 'count': 0, 'meta': ''}, {'name': ' None', 'count': 0, 'meta': ''}, {'name': ' None', 'count': 0, 'meta': ''}]","Armor Slot 0: None, Count: 0; Armor Slot 1: None, Count: 0; Armor Slot 2: None, Count: 0; Armor Slot 3: None, Count: 0; ","Offhand: None, Count: 0; ",[],20.0,20.0,"[-0.9080884207013363, -0.20022333343650095, -0.3678125024190024]",south,0,0 minecraft:air,False,Player is not currently riding anything,0.0784000015258789
118.0,14:43:03.637099500,2025-07-30,literal{MF},"(-10.300000011920929, 67.0, 45.69999998807907)",20.0,"[{'name': ' None', 'count': 0, 'meta': ''}, {'name': ' None', 'count': 0, 'meta': ''}, {'name': ' None', 'count': 0, 'meta': ''}, {'name': ' None', 'count': 0, 'meta': ''}, {'name': ' None', 'count': 0, 'meta': ''}, {'name': ' None', 'count': 0, 'meta': ''}, {'name': ' None', 'count': 0, 'meta': ''}, {'name': ' None', 'count': 0, 'meta': ''}, {'name': ' None', 'count': 0, 'meta': ''}, {'name': ' None', 'count': 0, 'meta': ''}, {'name': ' None', 'count': 0, 'meta': ''}, {'name': ' None', 'count': 0, 'meta': ''}, {'name': ' None', 'count': 0, 'meta': ''}, {'name': ' None', 'count': 0, 'meta': ''}, {'name': ' None', 'count': 0, 'meta': ''}, {'name': ' None', 'count': 0, 'meta': ''}, {'name': ' None', 'count': 0, 'meta': ''}, {'name': ' None', 'count': 0, 'meta': ''}, {'name': ' None', 'count': 0, 'meta': ''}, {'name': ' None', 'count': 0, 'meta': ''}, {'name': ' None', 'count': 0, 'meta': ''}, {'name': ' None', 'count': 0, 'meta': ''}, {'name': ' None', 'count': 0, 'meta': ''}, {'name': ' None', 'count': 0, 'meta': ''}, {'name': ' None', 'count': 0, 'meta': ''}, {'name': ' None', 'count': 0, 'meta': ''}, {'name': ' None', 'count': 0, 'meta': ''}, {'name': ' None', 'count': 0, 'meta': ''}, {'name': ' None', 'count': 0, 'meta': ''}, {'name': ' None', 'count': 0, 'meta': ''}, {'name': ' None', 'count': 0, 'meta': ''}, {'name': ' None', 'count': 0, 'meta': ''}, {'name': ' None', 'count': 0, 'meta': ''}, {'name': ' None', 'count': 0, 'meta': ''}, {'name': ' None', 'count': 0, 'meta': ''}, {'name': ' None', 'count': 0, 'meta': ''}]","Armor Slot 0: None, Count: 0; Armor Slot 1: None, Count: 0; Armor Slot 2: None, Count: 0; Armor Slot 3: None, Count: 0; ","Offhand: None, Count: 0; ",[],20.0,20.0,"[-0.9056622152331966, -0.20278761807522733, -0.37236156334169984]",south,0,0 minecraft:air,False,Player is not currently riding anything,0.0784000015258789
118.0,14:43:03.685312700,2025-07-30,literal{MF},"(-10.300000011920929, 67.0, 45.69999998807907)",20.0,"[{'name': ' None', 'count': 0, 'meta': ''}, {'name': ' None', 'count': 0, 'meta': ''}, {'name': ' None', 'count': 0, 'meta': ''}, {'name': ' None', 'count': 0, 'meta': ''}, {'name': ' None', 'count': 0, 'meta': ''}, {'name': ' None', 'count': 0, 'meta': ''}, {'name': ' None', 'count': 0, 'meta': ''}, {'name': ' None', 'count': 0, 'meta': ''}, {'name': ' None', 'count': 0, 'meta': ''}, {'name': ' None', 'count': 0, 'meta': ''}, {'name': ' None', 'count': 0, 'meta': ''}, {'name': ' None', 'count': 0, 'meta': ''}, {'name': ' None', 'count': 0, 'meta': ''}, {'name': ' None', 'count': 0, 'meta': ''}, {'name': ' None', 'count': 0, 'meta': ''}, {'name': ' None', 'count': 0, 'meta': ''}, {'name': ' None', 'count': 0, 'meta': ''}, {'name': ' None', 'count': 0, 'meta': ''}, {'name': ' None', 'count': 0, 'meta': ''}, {'name': ' None', 'count': 0, 'meta': ''}, {'name': ' None', 'count': 0, 'meta': ''}, {'name': ' None', 'count': 0, 'meta': ''}, {'name': ' None', 'count': 0, 'meta': ''}, {'name': ' None', 'count': 0, 'meta': ''}, {'name': ' None', 'count': 0, 'meta': ''}, {'name': ' None', 'count': 0, 'meta': ''}, {'name': ' None', 'count': 0, 'meta': ''}, {'name': ' None', 'count': 0, 'meta': ''}, {'name': ' None', 'count': 0, 'meta': ''}, {'name': ' None', 'count': 0, 'meta': ''}, {'name': ' None', 'count': 0, 'meta': ''}, {'name': ' None', 'count': 0, 'meta': ''}, {'name': ' None', 'count': 0, 'meta': ''}, {'name': ' None', 'count': 0, 'meta': ''}, {'name': ' None', 'count': 0, 'meta': ''}, {'name': ' None', 'count': 0, 'meta': ''}]","Armor Slot 0: None, Count: 0; Armor Slot 1: None, Count: 0; Armor Slot 2: None, Count: 0; Armor Slot 3: None, Count: 0; ","Offhand: None, Count: 0; ",[],20.0,20.0,"[-0.8851437246810832, -0.21303068225585167, -0.4136889109890491]",south,0,0 minecraft:air,False,Player is not currently riding anything,0.0784000015258789
118.0,14:43:03.737119600,2025-07-30,literal{MF},"(-10.300000011920929, 67.0, 45.69999998807907)",20.0,"[{'name': ' None', 'count': 0, 'meta': ''}, {'name': ' None', 'count': 0, 'meta': ''}, {'name': ' None', 'count': 0, 'meta': ''}, {'name': ' None', 'count': 0, 'meta': ''}, {'name': ' None', 'count': 0, 'meta': ''}, {'name': ' None', 'count': 0, 'meta': ''}, {'name': ' None', 'count': 0, 'meta': ''}, {'name': ' None', 'count': 0, 'meta': ''}, {'name': ' None', 'count': 0, 'meta': ''}, {'name': ' None', 'count': 0, 'meta': ''}, {'name': ' None', 'count': 0, 'meta': ''}, {'name': ' None', 'count': 0, 'meta': ''}, {'name': ' None', 'count': 0, 'meta': ''}, {'name': ' None', 'count': 0, 'meta': ''}, {'name': ' None', 'count': 0, 'meta': ''}, {'name': ' None', 'count': 0, 'meta': ''}, {'name': ' None', 'count': 0, 'meta': ''}, {'name': ' None', 'count': 0, 'meta': ''}, {'name': ' None', 'count': 0, 'meta': ''}, {'name': ' None', 'count': 0, 'meta': ''}, {'name': ' None', 'count': 0, 'meta': ''}, {'name': ' None', 'count': 0, 'meta': ''}, {'name': ' None', 'count': 0, 'meta': ''}, {'name': ' None', 'count': 0, 'meta': ''}, {'name': ' None', 'count': 0, 'meta': ''}, {'name': ' None', 'count': 0, 'meta': ''}, {'name': ' None', 'count': 0, 'meta': ''}, {'name': ' None', 'count': 0, 'meta': ''}, {'name': ' None', 'count': 0, 'meta': ''}, {'name': ' None', 'count': 0, 'meta': ''}, {'name': ' None', 'count': 0, 'meta': ''}, {'name': ' None', 'count': 0, 'meta': ''}, {'name': ' None', 'count': 0, 'meta': ''}, {'name': ' None', 'count': 0, 'meta': ''}, {'name': ' None', 'count': 0, 'meta': ''}, {'name': ' None', 'count': 0, 'meta': ''}]","Armor Slot 0: None, Count: 0; Armor Slot 1: None, Count: 0; Armor Slot 2: None, Count: 0; Armor Slot 3: None, Count: 0; ","Offhand: None, Count: 0; ",[],20.0,20.0,"[-0.8215127700899576, -0.23089917385854242, -0.5213466601893284]",south,0,0 minecraft:air,False,Player is not currently riding anything,0.0784000015258789
118.0,14:43:03.785070300,2025-07-30,literal{MF},"(-10.300000011920929, 67.0, 45.69999998807907)",20.0,"[{'name': ' None', 'count': 0, 'meta': ''}, {'name': ' None', 'count': 0, 'meta': ''}, {'name': ' None', 'count': 0, 'meta': ''}, {'name': ' None', 'count': 0, 'meta': ''}, {'name': ' None', 'count': 0, 'meta': ''}, {'name': ' None', 'count': 0, 'meta': ''}, {'name': ' None', 'count': 0, 'meta': ''}, {'name': ' None', 'count': 0, 'meta': ''}, {'name': ' None', 'count': 0, 'meta': ''}, {'name': ' None', 'count': 0, 'meta': ''}, {'name': ' None', 'count': 0, 'meta': ''}, {'name': ' None', 'count': 0, 'meta': ''}, {'name': ' None', 'count': 0, 'meta': ''}, {'name': ' None', 'count': 0, 'meta': ''}, {'name': ' None', 'count': 0, 'meta': ''}, {'name': ' None', 'count': 0, 'meta': ''}, {'name': ' None', 'count': 0, 'meta': ''}, {'name': ' None', 'count': 0, 'meta': ''}, {'name': ' None', 'count': 0, 'meta': ''}, {'name': ' None', 'count': 0, 'meta': ''}, {'name': ' None', 'count': 0, 'meta': ''}, {'name': ' None', 'count': 0, 'meta': ''}, {'name': ' None', 'count': 0, 'meta': ''}, {'name': ' None', 'count': 0, 'meta': ''}, {'name': ' None', 'count': 0, 'meta': ''}, {'name': ' None', 'count': 0, 'meta': ''}, {'name': ' None', 'count': 0, 'meta': ''}, {'name': ' None', 'count': 0, 'meta': ''}, {'name': ' None', 'count': 0, 'meta': ''}, {'name': ' None', 'count': 0, 'meta': ''}, {'name': ' None', 'count': 0, 'meta': ''}, {'name': ' None', 'count': 0, 'meta': ''}, {'name': ' None', 'count': 0, 'meta': ''}, {'name': ' None', 'count': 0, 'meta': ''}, {'name': ' None', 'count': 0, 'meta': ''}, {'name': ' None', 'count': 0, 'meta': ''}]","Armor Slot 0: None, Count: 0; Armor Slot 1: None, Count: 0; Armor Slot 2: None, Count: 0; Armor Slot 3: None, Count: 0; ","Offhand: None, Count: 0; ",[],20.0,20.0,"[-0.7494056794005084, -0.24107531606376925, -0.6166634573793198]",south,0,0 minecraft:air,False,Player is not currently riding anything,0.0784000015258789
118.0,14:43:03.839164100,2025-07-30,literal{MF},"(-10.300000011920929, 67.0, 45.69999998807907)",20.0,"[{'name': ' None', 'count': 0, 'meta': ''}, {'name': ' None', 'count': 0, 'meta': ''}, {'name': ' None', 'count': 0, 'meta': ''}, {'name': ' None', 'count': 0, 'meta': ''}, {'name': ' None', 'count': 0, 'meta': ''}, {'name': ' None', 'count': 0, 'meta': ''}, {'name': ' None', 'count': 0, 'meta': ''}, {'name': ' None', 'count': 0, 'meta': ''}, {'name': ' None', 'count': 0, 'meta': ''}, {'name': ' None', 'count': 0, 'meta': ''}, {'name': ' None', 'count': 0, 'meta': ''}, {'name': ' None', 'count': 0, 'meta': ''}, {'name': ' None', 'count': 0, 'meta': ''}, {'name': ' None', 'count': 0, 'meta': ''}, {'name': ' None', 'count': 0, 'meta': ''}, {'name': ' None', 'count': 0, 'meta': ''}, {'name': ' None', 'count': 0, 'meta': ''}, {'name': ' None', 'count': 0, 'meta': ''}, {'name': ' None', 'count': 0, 'meta': ''}, {'name': ' None', 'count': 0, 'meta': ''}, {'name': ' None', 'count': 0, 'meta': ''}, {'name': ' None', 'count': 0, 'meta': ''}, {'name': ' None', 'count': 0, 'meta': ''}, {'name': ' None', 'count': 0, 'meta': ''}, {'name': ' None', 'count': 0, 'meta': ''}, {'name': ' None', 'count': 0, 'meta': ''}, {'name': ' None', 'count': 0, 'meta': ''}, {'name': ' None', 'count': 0, 'meta': ''}, {'name': ' None', 'count': 0, 'meta': ''}, {'name': ' None', 'count': 0, 'meta': ''}, {'name': ' None', 'count': 0, 'meta': ''}, {'name': ' None', 'count': 0, 'meta': ''}, {'name': ' None', 'count': 0, 'meta': ''}, {'name': ' None', 'count': 0, 'meta': ''}, {'name': ' None', 'count': 0, 'meta': ''}, {'name': ' None', 'count': 0, 'meta': ''}]","Armor Slot 0: None, Count: 0; Armor Slot 1: None, Count: 0; Armor Slot 2: None, Count: 0; Armor Slot 3: None, Count: 0; ","Offhand: None, Count: 0; ",[],20.0,20.0,"[-0.696380908044751, -0.2537581667639229, -0.6713124635453904]",south,0,0 minecraft:air,False,Player is not currently riding anything,0.0784000015258789
118.0,14:43:03.885120500,2025-07-30,literal{MF},"(-10.303920246302683, 67.0, 45.69999998807907)",20.0,"[{'name': ' None', 'count': 0, 'meta': ''}, {'name': ' None', 'count': 0, 'meta': ''}, {'name': ' None', 'count': 0, 'meta': ''}, {'name': ' None', 'count': 0, 'meta': ''}, {'name': ' None', 'count': 0, 'meta': ''}, {'name': ' None', 'count': 0, 'meta': ''}, {'name': ' None', 'count': 0, 'meta': ''}, {'name': ' None', 'count': 0, 'meta': ''}, {'name': ' None', 'count': 0, 'meta': ''}, {'name': ' None', 'count': 0, 'meta': ''}, {'name': ' None', 'count': 0, 'meta': ''}, {'name': ' None', 'count': 0, 'meta': ''}, {'name': ' None', 'count': 0, 'meta': ''}, {'name': ' None', 'count': 0, 'meta': ''}, {'name': ' None', 'count': 0, 'meta': ''}, {'name': ' None', 'count': 0, 'meta': ''}, {'name': ' None', 'count': 0, 'meta': ''}, {'name': ' None', 'count': 0, 'meta': ''}, {'name': ' None', 'count': 0, 'meta': ''}, {'name': ' None', 'count': 0, 'meta': ''}, {'name': ' None', 'count': 0, 'meta': ''}, {'name': ' None', 'count': 0, 'meta': ''}, {'name': ' None', 'count': 0, 'meta': ''}, {'name': ' None', 'count': 0, 'meta': ''}, {'name': ' None', 'count': 0, 'meta': ''}, {'name': ' None', 'count': 0, 'meta': ''}, {'name': ' None', 'count': 0, 'meta': ''}, {'name': ' None', 'count': 0, 'meta': ''}, {'name': ' None', 'count': 0, 'meta': ''}, {'name': ' None', 'count': 0, 'meta': ''}, {'name': ' None', 'count': 0, 'meta': ''}, {'name': ' None', 'count': 0, 'meta': ''}, {'name': ' None', 'count': 0, 'meta': ''}, {'name': ' None', 'count': 0, 'meta': ''}, {'name': ' None', 'count': 0, 'meta': ''}, {'name': ' None', 'count': 0, 'meta': ''}]","Armor Slot 0: None, Count: 0; Armor Slot 1: None, Count: 0; Armor Slot 2: None, Count: 0; Armor Slot 3: None, Count: 0; ","Offhand: None, Count: 0; ",[],20.0,20.0,"[-0.6556718413674136, -0.25881925411132095, -0.7093003807549553]",west,0,0 minecraft:air,False,Player is not currently riding anything,0.0784000015258789
120.0,14:43:03.935746600,2025-07-30,literal{MF},"(-10.315666370852828, 67.0, 45.69999998807907)",20.0,"[{'name': ' None', 'count': 0, 'meta': ''}, {'name': ' None', 'count': 0, 'meta': ''}, {'name': ' None', 'count': 0, 'meta': ''}, {'name': ' None', 'count': 0, 'meta': ''}, {'name': ' None', 'count': 0, 'meta': ''}, {'name': ' None', 'count': 0, 'meta': ''}, {'name': ' None', 'count': 0, 'meta': ''}, {'name': ' None', 'count': 0, 'meta': ''}, {'name': ' None', 'count': 0, 'meta': ''}, {'name': ' None', 'count': 0, 'meta': ''}, {'name': ' None', 'count': 0, 'meta': ''}, {'name': ' None', 'count': 0, 'meta': ''}, {'name': ' None', 'count': 0, 'meta': ''}, {'name': ' None', 'count': 0, 'meta': ''}, {'name': ' None', 'count': 0, 'meta': ''}, {'name': ' None', 'count': 0, 'meta': ''}, {'name': ' None', 'count': 0, 'meta': ''}, {'name': ' None', 'count': 0, 'meta': ''}, {'name': ' None', 'count': 0, 'meta': ''}, {'name': ' None', 'count': 0, 'meta': ''}, {'name': ' None', 'count': 0, 'meta': ''}, {'name': ' None', 'count': 0, 'meta': ''}, {'name': ' None', 'count': 0, 'meta': ''}, {'name': ' None', 'count': 0, 'meta': ''}, {'name': ' None', 'count': 0, 'meta': ''}, {'name': ' None', 'count': 0, 'meta': ''}, {'name': ' None', 'count': 0, 'meta': ''}, {'name': ' None', 'count': 0, 'meta': ''}, {'name': ' None', 'count': 0, 'meta': ''}, {'name': ' None', 'count': 0, 'meta': ''}, {'name': ' None', 'count': 0, 'meta': ''}, {'name': ' None', 'count': 0, 'meta': ''}, {'name': ' None', 'count': 0, 'meta': ''}, {'name': ' None', 'count': 0, 'meta': ''}, {'name': ' None', 'count': 0, 'meta': ''}, {'name': ' None', 'count': 0, 'meta': ''}]","Armor Slot 0: None, Count: 0; Armor Slot 1: None, Count: 0; Armor Slot 2: None, Count: 0; Armor Slot 3: None, Count: 0; ","Offhand: None, Count: 0; ",[],20.0,20.0,"[-0.5971523344105011, -0.2638732458342162, -0.7574826728321938]",west,0,0 minecraft:air,False,Player is not currently riding anything,0.0784000015258789
120.0,14:43:03.987141900,2025-07-30,literal{MF},"(-10.33460622906409, 67.0, 45.69999998807907)",20.0,"[{'name': ' None', 'count': 0, 'meta': ''}, {'name': ' None', 'count': 0, 'meta': ''}, {'name': ' None', 'count': 0, 'meta': ''}, {'name': ' None', 'count': 0, 'meta': ''}, {'name': ' None', 'count': 0, 'meta': ''}, {'name': ' None', 'count': 0, 'meta': ''}, {'name': ' None', 'count': 0, 'meta': ''}, {'name': ' None', 'count': 0, 'meta': ''}, {'name': ' None', 'count': 0, 'meta': ''}, {'name': ' None', 'count': 0, 'meta': ''}, {'name': ' None', 'count': 0, 'meta': ''}, {'name': ' None', 'count': 0, 'meta': ''}, {'name': ' None', 'count': 0, 'meta': ''}, {'name': ' None', 'count': 0, 'meta': ''}, {'name': ' None', 'count': 0, 'meta': ''}, {'name': ' None', 'count': 0, 'meta': ''}, {'name': ' None', 'count': 0, 'meta': ''}, {'name': ' None', 'count': 0, 'meta': ''}, {'name': ' None', 'count': 0, 'meta': ''}, {'name': ' None', 'count': 0, 'meta': ''}, {'name': ' None', 'count': 0, 'meta': ''}, {'name': ' None', 'count': 0, 'meta': ''}, {'name': ' None', 'count': 0, 'meta': ''}, {'name': ' None', 'count': 0, 'meta': ''}, {'name': ' None', 'count': 0, 'meta': ''}, {'name': ' None', 'count': 0, 'meta': ''}, {'name': ' None', 'count': 0, 'meta': ''}, {'name': ' None', 'count': 0, 'meta': ''}, {'name': ' None', 'count': 0, 'meta': ''}, {'name': ' None', 'count': 0, 'meta': ''}, {'name': ' None', 'count': 0, 'meta': ''}, {'name': ' None', 'count': 0, 'meta': ''}, {'name': ' None', 'count': 0, 'meta': ''}, {'name': ' None', 'count': 0, 'meta': ''}, {'name': ' None', 'count': 0, 'meta': ''}, {'name': ' None', 'count': 0, 'meta': ''}]","Armor Slot 0: None, Count: 0; Armor Slot 1: None, Count: 0; Armor Slot 2: None, Count: 0; Armor Slot 3: None, Count: 0; ","Offhand: None, Count: 0; ",[],20.0,20.0,"[-0.5911847128401168, -0.2638732458342162, -0.7621492934045561]",west,0,0 minecraft:air,False,Player is not currently riding anything,0.0784000015258789
120.0,14:43:04.036387600,2025-07-30,literal{MF},"(-10.422378437584582, 67.0, 45.69999998807907)",20.0,"[{'name': ' None', 'count': 0, 'meta': ''}, {'name': ' None', 'count': 0, 'meta': ''}, {'name': ' None', 'count': 0, 'meta': ''}, {'name': ' None', 'count': 0, 'meta': ''}, {'name': ' None', 'count': 0, 'meta': ''}, {'name': ' None', 'count': 0, 'meta': ''}, {'name': ' None', 'count': 0, 'meta': ''}, {'name': ' None', 'count': 0, 'meta': ''}, {'name': ' None', 'count': 0, 'meta': ''}, {'name': ' None', 'count': 0, 'meta': ''}, {'name': ' None', 'count': 0, 'meta': ''}, {'name': ' None', 'count': 0, 'meta': ''}, {'name': ' None', 'count': 0, 'meta': ''}, {'name': ' None', 'count': 0, 'meta': ''}, {'name': ' None', 'count': 0, 'meta': ''}, {'name': ' None', 'count': 0, 'meta': ''}, {'name': ' None', 'count': 0, 'meta': ''}, {'name': ' None', 'count': 0, 'meta': ''}, {'name': ' None', 'count': 0, 'meta': ''}, {'name': ' None', 'count': 0, 'meta': ''}, {'name': ' None', 'count': 0, 'meta': ''}, {'name': ' None', 'count': 0, 'meta': ''}, {'name': ' None', 'count': 0, 'meta': ''}, {'name': ' None', 'count': 0, 'meta': ''}, {'name': ' None', 'count': 0, 'meta': ''}, {'name': ' None', 'count': 0, 'meta': ''}, {'name': ' None', 'count': 0, 'meta': ''}, {'name': ' None', 'count': 0, 'meta': ''}, {'name': ' None', 'count': 0, 'meta': ''}, {'name': ' None', 'count': 0, 'meta': ''}, {'name': ' None', 'count': 0, 'meta': ''}, {'name': ' None', 'count': 0, 'meta': ''}, {'name': ' None', 'count': 0, 'meta': ''}, {'name': ' None', 'count': 0, 'meta': ''}, {'name': ' None', 'count': 0, 'meta': ''}, {'name': ' None', 'count': 0, 'meta': ''}]","Armor Slot 0: None, Count: 0; Armor Slot 1: None, Count: 0; Armor Slot 2: None, Count: 0; Armor Slot 3: None, Count: 0; ","Offhand: None, Count: 0; ",[],20.0,20.0,"[-0.5911847128401168, -0.2638732458342162, -0.7621492934045561]",west,0,0 minecraft:air,False,Player is not currently riding anything,0.0784000015258789
120.0,14:43:04.086301900,2025-07-30,literal{MF},"(-10.547733113739216, 67.0, 45.69999998807907)",20.0,"[{'name': ' None', 'count': 0, 'meta': ''}, {'name': ' None', 'count': 0, 'meta': ''}, {'name': ' None', 'count': 0, 'meta': ''}, {'name': ' None', 'count': 0, 'meta': ''}, {'name': ' None', 'count': 0, 'meta': ''}, {'name': ' None', 'count': 0, 'meta': ''}, {'name': ' None', 'count': 0, 'meta': ''}, {'name': ' None', 'count': 0, 'meta': ''}, {'name': ' None', 'count': 0, 'meta': ''}, {'name': ' None', 'count': 0, 'meta': ''}, {'name': ' None', 'count': 0, 'meta': ''}, {'name': ' None', 'count': 0, 'meta': ''}, {'name': ' None', 'count': 0, 'meta': ''}, {'name': ' None', 'count': 0, 'meta': ''}, {'name': ' None', 'count': 0, 'meta': ''}, {'name': ' None', 'count': 0, 'meta': ''}, {'name': ' None', 'count': 0, 'meta': ''}, {'name': ' None', 'count': 0, 'meta': ''}, {'name': ' None', 'count': 0, 'meta': ''}, {'name': ' None', 'count': 0, 'meta': ''}, {'name': ' None', 'count': 0, 'meta': ''}, {'name': ' None', 'count': 0, 'meta': ''}, {'name': ' None', 'count': 0, 'meta': ''}, {'name': ' None', 'count': 0, 'meta': ''}, {'name': ' None', 'count': 0, 'meta': ''}, {'name': ' None', 'count': 0, 'meta': ''}, {'name': ' None', 'count': 0, 'meta': ''}, {'name': ' None', 'count': 0, 'meta': ''}, {'name': ' None', 'count': 0, 'meta': ''}, {'name': ' None', 'count': 0, 'meta': ''}, {'name': ' None', 'count': 0, 'meta': ''}, {'name': ' None', 'count': 0, 'meta': ''}, {'name': ' None', 'count': 0, 'meta': ''}, {'name': ' None', 'count': 0, 'meta': ''}, {'name': ' None', 'count': 0, 'meta': ''}, {'name': ' None', 'count': 0, 'meta': ''}]","Armor Slot 0: None, Count: 0; Armor Slot 1: None, Count: 0; Armor Slot 2: None, Count: 0; Armor Slot 3: None, Count: 0; ","Offhand: None, Count: 0; ",[],20.0,20.0,"[-0.5911847128401168, -0.2638732458342162, -0.7621492934045561]",west,0,0 minecraft:air,False,Player is not currently riding anything,0.0784000015258789
120.0,14:43:04.134434200,2025-07-30,literal{MF},"(-10.693607819605548, 67.0, 45.69999998807907)",20.0,"[{'name': ' None', 'count': 0, 'meta': ''}, {'name': ' None', 'count': 0, 'meta': ''}, {'name': ' None', 'count': 0, 'meta': ''}, {'name': ' None', 'count': 0, 'meta': ''}, {'name': ' None', 'count': 0, 'meta': ''}, {'name': ' None', 'count': 0, 'meta': ''}, {'name': ' None', 'count': 0, 'meta': ''}, {'name': ' None', 'count': 0, 'meta': ''}, {'name': ' None', 'count': 0, 'meta': ''}, {'name': ' None', 'count': 0, 'meta': ''}, {'name': ' None', 'count': 0, 'meta': ''}, {'name': ' None', 'count': 0, 'meta': ''}, {'name': ' None', 'count': 0, 'meta': ''}, {'name': ' None', 'count': 0, 'meta': ''}, {'name': ' None', 'count': 0, 'meta': ''}, {'name': ' None', 'count': 0, 'meta': ''}, {'name': ' None', 'count': 0, 'meta': ''}, {'name': ' None', 'count': 0, 'meta': ''}, {'name': ' None', 'count': 0, 'meta': ''}, {'name': ' None', 'count': 0, 'meta': ''}, {'name': ' None', 'count': 0, 'meta': ''}, {'name': ' None', 'count': 0, 'meta': ''}, {'name': ' None', 'count': 0, 'meta': ''}, {'name': ' None', 'count': 0, 'meta': ''}, {'name': ' None', 'count': 0, 'meta': ''}, {'name': ' None', 'count': 0, 'meta': ''}, {'name': ' None', 'count': 0, 'meta': ''}, {'name': ' None', 'count': 0, 'meta': ''}, {'name': ' None', 'count': 0, 'meta': ''}, {'name': ' None', 'count': 0, 'meta': ''}, {'name': ' None', 'count': 0, 'meta': ''}, {'name': ' None', 'count': 0, 'meta': ''}, {'name': ' None', 'count': 0, 'meta': ''}, {'name': ' None', 'count': 0, 'meta': ''}, {'name': ' None', 'count': 0, 'meta': ''}, {'name': ' None', 'count': 0, 'meta': ''}]","Armor Slot 0: None, Count: 0; Armor Slot 1: None, Count: 0; Armor Slot 2: None, Count: 0; Armor Slot 3: None, Count: 0; ","Offhand: None, Count: 0; ",[],20.0,20.0,"[-0.5911847128401168, -0.2638732458342162, -0.7621492934045561]",west,0,0 minecraft:air,False,Player is not currently riding anything,0.0784000015258789
120.0,14:43:04.186170600,2025-07-30,literal{MF},"(-10.850686462995833, 67.0, 45.69999998807907)",20.0,"[{'name': ' None', 'count': 0, 'meta': ''}, {'name': ' None', 'count': 0, 'meta': ''}, {'name': ' None', 'count': 0, 'meta': ''}, {'name': ' None', 'count': 0, 'meta': ''}, {'name': ' None', 'count': 0, 'meta': ''}, {'name': ' None', 'count': 0, 'meta': ''}, {'name': ' None', 'count': 0, 'meta': ''}, {'name': ' None', 'count': 0, 'meta': ''}, {'name': ' None', 'count': 0, 'meta': ''}, {'name': ' None', 'count': 0, 'meta': ''}, {'name': ' None', 'count': 0, 'meta': ''}, {'name': ' None', 'count': 0, 'meta': ''}, {'name': ' None', 'count': 0, 'meta': ''}, {'name': ' None', 'count': 0, 'meta': ''}, {'name': ' None', 'count': 0, 'meta': ''}, {'name': ' None', 'count': 0, 'meta': ''}, {'name': ' None', 'count': 0, 'meta': ''}, {'name': ' None', 'count': 0, 'meta': ''}, {'name': ' None', 'count': 0, 'meta': ''}, {'name': ' None', 'count': 0, 'meta': ''}, {'name': ' None', 'count': 0, 'meta': ''}, {'name': ' None', 'count': 0, 'meta': ''}, {'name': ' None', 'count': 0, 'meta': ''}, {'name': ' None', 'count': 0, 'meta': ''}, {'name': ' None', 'count': 0, 'meta': ''}, {'name': ' None', 'count': 0, 'meta': ''}, {'name': ' None', 'count': 0, 'meta': ''}, {'name': ' None', 'count': 0, 'meta': ''}, {'name': ' None', 'count': 0, 'meta': ''}, {'name': ' None', 'count': 0, 'meta': ''}, {'name': ' None', 'count': 0, 'meta': ''}, {'name': ' None', 'count': 0, 'meta': ''}, {'name': ' None', 'count': 0, 'meta': ''}, {'name': ' None', 'count': 0, 'meta': ''}, {'name': ' None', 'count': 0, 'meta': ''}, {'name': ' None', 'count': 0, 'meta': ''}]","Armor Slot 0: None, Count: 0; Armor Slot 1: None, Count: 0; Armor Slot 2: None, Count: 0; Armor Slot 3: None, Count: 0; ","Offhand: None, Count: 0; ",[],20.0,20.0,"[-0.5911847128401168, -0.2638732458342162, -0.7621492934045561]",west,0,0 minecraft:air,False,Player is not currently riding anything,0.0784000015258789
120.0,14:43:04.235780600,2025-07-30,literal{MF},"(-11.013250497405494, 67.0, 45.69999998807907)",20.0,"[{'name': ' None', 'count': 0, 'meta': ''}, {'name': ' None', 'count': 0, 'meta': ''}, {'name': ' None', 'count': 0, 'meta': ''}, {'name': ' None', 'count': 0, 'meta': ''}, {'name': ' None', 'count': 0, 'meta': ''}, {'name': ' None', 'count': 0, 'meta': ''}, {'name': ' None', 'count': 0, 'meta': ''}, {'name': ' None', 'count': 0, 'meta': ''}, {'name': ' None', 'count': 0, 'meta': ''}, {'name': ' None', 'count': 0, 'meta': ''}, {'name': ' None', 'count': 0, 'meta': ''}, {'name': ' None', 'count': 0, 'meta': ''}, {'name': ' None', 'count': 0, 'meta': ''}, {'name': ' None', 'count': 0, 'meta': ''}, {'name': ' None', 'count': 0, 'meta': ''}, {'name': ' None', 'count': 0, 'meta': ''}, {'name': ' None', 'count': 0, 'meta': ''}, {'name': ' None', 'count': 0, 'meta': ''}, {'name': ' None', 'count': 0, 'meta': ''}, {'name': ' None', 'count': 0, 'meta': ''}, {'name': ' None', 'count': 0, 'meta': ''}, {'name': ' None', 'count': 0, 'meta': ''}, {'name': ' None', 'count': 0, 'meta': ''}, {'name': ' None', 'count': 0, 'meta': ''}, {'name': ' None', 'count': 0, 'meta': ''}, {'name': ' None', 'count': 0, 'meta': ''}, {'name': ' None', 'count': 0, 'meta': ''}, {'name': ' None', 'count': 0, 'meta': ''}, {'name': ' None', 'count': 0, 'meta': ''}, {'name': ' None', 'count': 0, 'meta': ''}, {'name': ' None', 'count': 0, 'meta': ''}, {'name': ' None', 'count': 0, 'meta': ''}, {'name': ' None', 'count': 0, 'meta': ''}, {'name': ' None', 'count': 0, 'meta': ''}, {'name': ' None', 'count': 0, 'meta': ''}, {'name': ' None', 'count': 0, 'meta': ''}]","Armor Slot 0: None, Count: 0; Armor Slot 1: None, Count: 0; Armor Slot 2: None, Count: 0; Armor Slot 3: None, Count: 0; ","Offhand: None, Count: 0; ",[],20.0,20.0,"[-0.6004022011889614, -0.2562895726344042, -0.7575175587181622]",west,0,0 minecraft:air,False,Player is not currently riding anything,0.0784000015258789
120.0,14:43:04.288227800,2025-07-30,literal{MF},"(-11.17784292719412, 67.0, 45.69999998807907)",20.0,"[{'name': ' None', 'count': 0, 'meta': ''}, {'name': ' None', 'count': 0, 'meta': ''}, {'name': ' None', 'count': 0, 'meta': ''}, {'name': ' None', 'count': 0, 'meta': ''}, {'name': ' None', 'count': 0, 'meta': ''}, {'name': ' None', 'count': 0, 'meta': ''}, {'name': ' None', 'count': 0, 'meta': ''}, {'name': ' None', 'count': 0, 'meta': ''}, {'name': ' None', 'count': 0, 'meta': ''}, {'name': ' None', 'count': 0, 'meta': ''}, {'name': ' None', 'count': 0, 'meta': ''}, {'name': ' None', 'count': 0, 'meta': ''}, {'name': ' None', 'count': 0, 'meta': ''}, {'name': ' None', 'count': 0, 'meta': ''}, {'name': ' None', 'count': 0, 'meta': ''}, {'name': ' None', 'count': 0, 'meta': ''}, {'name': ' None', 'count': 0, 'meta': ''}, {'name': ' None', 'count': 0, 'meta': ''}, {'name': ' None', 'count': 0, 'meta': ''}, {'name': ' None', 'count': 0, 'meta': ''}, {'name': ' None', 'count': 0, 'meta': ''}, {'name': ' None', 'count': 0, 'meta': ''}, {'name': ' None', 'count': 0, 'meta': ''}, {'name': ' None', 'count': 0, 'meta': ''}, {'name': ' None', 'count': 0, 'meta': ''}, {'name': ' None', 'count': 0, 'meta': ''}, {'name': ' None', 'count': 0, 'meta': ''}, {'name': ' None', 'count': 0, 'meta': ''}, {'name': ' None', 'count': 0, 'meta': ''}, {'name': ' None', 'count': 0, 'meta': ''}, {'name': ' None', 'count': 0, 'meta': ''}, {'name': ' None', 'count': 0, 'meta': ''}, {'name': ' None', 'count': 0, 'meta': ''}, {'name': ' None', 'count': 0, 'meta': ''}, {'name': ' None', 'count': 0, 'meta': ''}, {'name': ' None', 'count': 0, 'meta': ''}]","Armor Slot 0: None, Count: 0; Armor Slot 1: None, Count: 0; Armor Slot 2: None, Count: 0; Armor Slot 3: None, Count: 0; ","Offhand: None, Count: 0; ",[],20.0,20.0,"[-0.6142990885079349, -0.24361522810601982, -0.7505253163572647]",west,0,0 minecraft:air,False,Player is not currently riding anything,0.0784000015258789
120.0,14:43:04.334857700,2025-07-30,literal{MF},"(-11.367216586303122, 67.0, 45.690074244948825)",20.0,"[{'name': ' None', 'count': 0, 'meta': ''}, {'name': ' None', 'count': 0, 'meta': ''}, {'name': ' None', 'count': 0, 'meta': ''}, {'name': ' None', 'count': 0, 'meta': ''}, {'name': ' None', 'count': 0, 'meta': ''}, {'name': ' None', 'count': 0, 'meta': ''}, {'name': ' None', 'count': 0, 'meta': ''}, {'name': ' None', 'count': 0, 'meta': ''}, {'name': ' None', 'count': 0, 'meta': ''}, {'name': ' None', 'count': 0, 'meta': ''}, {'name': ' None', 'count': 0, 'meta': ''}, {'name': ' None', 'count': 0, 'meta': ''}, {'name': ' None', 'count': 0, 'meta': ''}, {'name': ' None', 'count': 0, 'meta': ''}, {'name': ' None', 'count': 0, 'meta': ''}, {'name': ' None', 'count': 0, 'meta': ''}, {'name': ' None', 'count': 0, 'meta': ''}, {'name': ' None', 'count': 0, 'meta': ''}, {'name': ' None', 'count': 0, 'meta': ''}, {'name': ' None', 'count': 0, 'meta': ''}, {'name': ' None', 'count': 0, 'meta': ''}, {'name': ' None', 'count': 0, 'meta': ''}, {'name': ' None', 'count': 0, 'meta': ''}, {'name': ' None', 'count': 0, 'meta': ''}, {'name': ' None', 'count': 0, 'meta': ''}, {'name': ' None', 'count': 0, 'meta': ''}, {'name': ' None', 'count': 0, 'meta': ''}, {'name': ' None', 'count': 0, 'meta': ''}, {'name': ' None', 'count': 0, 'meta': ''}, {'name': ' None', 'count': 0, 'meta': ''}, {'name': ' None', 'count': 0, 'meta': ''}, {'name': ' None', 'count': 0, 'meta': ''}, {'name': ' None', 'count': 0, 'meta': ''}, {'name': ' None', 'count': 0, 'meta': ''}, {'name': ' None', 'count': 0, 'meta': ''}, {'name': ' None', 'count': 0, 'meta': ''}]","Armor Slot 0: None, Count: 0; Armor Slot 1: None, Count: 0; Armor Slot 2: None, Count: 0; Armor Slot 3: None, Count: 0; ","Offhand: None, Count: 0; ",[],20.0,20.0,"[-0.6142990885079349, -0.24361522810601982, -0.7505253163572647]",west,0,0 minecraft:air,False,Player is not currently riding anything,0.0784000015258789
120.0,14:43:04.385140900,2025-07-30,literal{MF},"(-11.57030650142465, 67.0, 45.67681079211545)",20.0,"[{'name': ' None', 'count': 0, 'meta': ''}, {'name': ' None', 'count': 0, 'meta': ''}, {'name': ' None', 'count': 0, 'meta': ''}, {'name': ' None', 'count': 0, 'meta': ''}, {'name': ' None', 'count': 0, 'meta': ''}, {'name': ' None', 'count': 0, 'meta': ''}, {'name': ' None', 'count': 0, 'meta': ''}, {'name': ' None', 'count': 0, 'meta': ''}, {'name': ' None', 'count': 0, 'meta': ''}, {'name': ' None', 'count': 0, 'meta': ''}, {'name': ' None', 'count': 0, 'meta': ''}, {'name': ' None', 'count': 0, 'meta': ''}, {'name': ' None', 'count': 0, 'meta': ''}, {'name': ' None', 'count': 0, 'meta': ''}, {'name': ' None', 'count': 0, 'meta': ''}, {'name': ' None', 'count': 0, 'meta': ''}, {'name': ' None', 'count': 0, 'meta': ''}, {'name': ' None', 'count': 0, 'meta': ''}, {'name': ' None', 'count': 0, 'meta': ''}, {'name': ' None', 'count': 0, 'meta': ''}, {'name': ' None', 'count': 0, 'meta': ''}, {'name': ' None', 'count': 0, 'meta': ''}, {'name': ' None', 'count': 0, 'meta': ''}, {'name': ' None', 'count': 0, 'meta': ''}, {'name': ' None', 'count': 0, 'meta': ''}, {'name': ' None', 'count': 0, 'meta': ''}, {'name': ' None', 'count': 0, 'meta': ''}, {'name': ' None', 'count': 0, 'meta': ''}, {'name': ' None', 'count': 0, 'meta': ''}, {'name': ' None', 'count': 0, 'meta': ''}, {'name': ' None', 'count': 0, 'meta': ''}, {'name': ' None', 'count': 0, 'meta': ''}, {'name': ' None', 'count': 0, 'meta': ''}, {'name': ' None', 'count': 0, 'meta': ''}, {'name': ' None', 'count': 0, 'meta': ''}, {'name': ' None', 'count': 0, 'meta': ''}]","Armor Slot 0: None, Count: 0; Armor Slot 1: None, Count: 0; Armor Slot 2: None, Count: 0; Armor Slot 3: None, Count: 0; ","Offhand: None, Count: 0; ",[],20.0,20.0,"[-0.6326757100352076, -0.2258014971203809, -0.7407665825546131]",west,0,0 minecraft:air,False,Player is not currently riding anything,0.0784000015258789
120.0,14:43:04.435347600,2025-07-30,literal{MF},"(-11.780944077319194, 67.0, 45.662508923113315)",20.0,"[{'name': ' None', 'count': 0, 'meta': ''}, {'name': ' None', 'count': 0, 'meta': ''}, {'name': ' None', 'count': 0, 'meta': ''}, {'name': ' None', 'count': 0, 'meta': ''}, {'name': ' None', 'count': 0, 'meta': ''}, {'name': ' None', 'count': 0, 'meta': ''}, {'name': ' None', 'count': 0, 'meta': ''}, {'name': ' None', 'count': 0, 'meta': ''}, {'name': ' None', 'count': 0, 'meta': ''}, {'name': ' None', 'count': 0, 'meta': ''}, {'name': ' None', 'count': 0, 'meta': ''}, {'name': ' None', 'count': 0, 'meta': ''}, {'name': ' None', 'count': 0, 'meta': ''}, {'name': ' None', 'count': 0, 'meta': ''}, {'name': ' None', 'count': 0, 'meta': ''}, {'name': ' None', 'count': 0, 'meta': ''}, {'name': ' None', 'count': 0, 'meta': ''}, {'name': ' None', 'count': 0, 'meta': ''}, {'name': ' None', 'count': 0, 'meta': ''}, {'name': ' None', 'count': 0, 'meta': ''}, {'name': ' None', 'count': 0, 'meta': ''}, {'name': ' None', 'count': 0, 'meta': ''}, {'name': ' None', 'count': 0, 'meta': ''}, {'name': ' None', 'count': 0, 'meta': ''}, {'name': ' None', 'count': 0, 'meta': ''}, {'name': ' None', 'count': 0, 'meta': ''}, {'name': ' None', 'count': 0, 'meta': ''}, {'name': ' None', 'count': 0, 'meta': ''}, {'name': ' None', 'count': 0, 'meta': ''}, {'name': ' None', 'count': 0, 'meta': ''}, {'name': ' None', 'count': 0, 'meta': ''}, {'name': ' None', 'count': 0, 'meta': ''}, {'name': ' None', 'count': 0, 'meta': ''}, {'name': ' None', 'count': 0, 'meta': ''}, {'name': ' None', 'count': 0, 'meta': ''}, {'name': ' None', 'count': 0, 'meta': ''}]","Armor Slot 0: None, Count: 0; Armor Slot 1: None, Count: 0; Armor Slot 2: None, Count: 0; Armor Slot 3: None, Count: 0; ","Offhand: None, Count: 0; ",[],20.0,20.0,"[-0.6388593627683699, -0.223250352891025, -0.7362187137917816]",west,0,0 minecraft:air,False,Player is not currently riding anything,0.0784000015258789
120.0,14:43:04.484176700,2025-07-30,literal{MF},"(-11.995894621654823, 67.0, 45.651306820974796)",20.0,"[{'name': ' None', 'count': 0, 'meta': ''}, {'name': ' None', 'count': 0, 'meta': ''}, {'name': ' None', 'count': 0, 'meta': ''}, {'name': ' None', 'count': 0, 'meta': ''}, {'name': ' None', 'count': 0, 'meta': ''}, {'name': ' None', 'count': 0, 'meta': ''}, {'name': ' None', 'count': 0, 'meta': ''}, {'name': ' None', 'count': 0, 'meta': ''}, {'name': ' None', 'count': 0, 'meta': ''}, {'name': ' None', 'count': 0, 'meta': ''}, {'name': ' None', 'count': 0, 'meta': ''}, {'name': ' None', 'count': 0, 'meta': ''}, {'name': ' None', 'count': 0, 'meta': ''}, {'name': ' None', 'count': 0, 'meta': ''}, {'name': ' None', 'count': 0, 'meta': ''}, {'name': ' None', 'count': 0, 'meta': ''}, {'name': ' None', 'count': 0, 'meta': ''}, {'name': ' None', 'count': 0, 'meta': ''}, {'name': ' None', 'count': 0, 'meta': ''}, {'name': ' None', 'count': 0, 'meta': ''}, {'name': ' None', 'count': 0, 'meta': ''}, {'name': ' None', 'count': 0, 'meta': ''}, {'name': ' None', 'count': 0, 'meta': ''}, {'name': ' None', 'count': 0, 'meta': ''}, {'name': ' None', 'count': 0, 'meta': ''}, {'name': ' None', 'count': 0, 'meta': ''}, {'name': ' None', 'count': 0, 'meta': ''}, {'name': ' None', 'count': 0, 'meta': ''}, {'name': ' None', 'count': 0, 'meta': ''}, {'name': ' None', 'count': 0, 'meta': ''}, {'name': ' None', 'count': 0, 'meta': ''}, {'name': ' None', 'count': 0, 'meta': ''}, {'name': ' None', 'count': 0, 'meta': ''}, {'name': ' None', 'count': 0, 'meta': ''}, {'name': ' None', 'count': 0, 'meta': ''}, {'name': ' None', 'count': 0, 'meta': ''}]","Armor Slot 0: None, Count: 0; Armor Slot 1: None, Count: 0; Armor Slot 2: None, Count: 0; Armor Slot 3: None, Count: 0; ","Offhand: None, Count: 0; ",[],20.0,20.0,"[-0.667345849663128, -0.21047201366314486, -0.7143885836167727]",west,0,0 minecraft:air,False,Player is not currently riding anything,0.0784000015258789
120.0,14:43:04.534433100,2025-07-30,literal{MF},"(-12.213223130862083, 67.0, 45.647817114711295)",20.0,"[{'name': ' None', 'count': 0, 'meta': ''}, {'name': ' None', 'count': 0, 'meta': ''}, {'name': ' None', 'count': 0, 'meta': ''}, {'name': ' None', 'count': 0, 'meta': ''}, {'name': ' None', 'count': 0, 'meta': ''}, {'name': ' None', 'count': 0, 'meta': ''}, {'name': ' None', 'count': 0, 'meta': ''}, {'name': ' None', 'count': 0, 'meta': ''}, {'name': ' None', 'count': 0, 'meta': ''}, {'name': ' None', 'count': 0, 'meta': ''}, {'name': ' None', 'count': 0, 'meta': ''}, {'name': ' None', 'count': 0, 'meta': ''}, {'name': ' None', 'count': 0, 'meta': ''}, {'name': ' None', 'count': 0, 'meta': ''}, {'name': ' None', 'count': 0, 'meta': ''}, {'name': ' None', 'count': 0, 'meta': ''}, {'name': ' None', 'count': 0, 'meta': ''}, {'name': ' None', 'count': 0, 'meta': ''}, {'name': ' None', 'count': 0, 'meta': ''}, {'name': ' None', 'count': 0, 'meta': ''}, {'name': ' None', 'count': 0, 'meta': ''}, {'name': ' None', 'count': 0, 'meta': ''}, {'name': ' None', 'count': 0, 'meta': ''}, {'name': ' None', 'count': 0, 'meta': ''}, {'name': ' None', 'count': 0, 'meta': ''}, {'name': ' None', 'count': 0, 'meta': ''}, {'name': ' None', 'count': 0, 'meta': ''}, {'name': ' None', 'count': 0, 'meta': ''}, {'name': ' None', 'count': 0, 'meta': ''}, {'name': ' None', 'count': 0, 'meta': ''}, {'name': ' None', 'count': 0, 'meta': ''}, {'name': ' None', 'count': 0, 'meta': ''}, {'name': ' None', 'count': 0, 'meta': ''}, {'name': ' None', 'count': 0, 'meta': ''}, {'name': ' None', 'count': 0, 'meta': ''}, {'name': ' None', 'count': 0, 'meta': ''}]","Armor Slot 0: None, Count: 0; Armor Slot 1: None, Count: 0; Armor Slot 2: None, Count: 0; Armor Slot 3: None, Count: 0; ","Offhand: None, Count: 0; ",[],20.0,20.0,"[-0.7103037199393746, -0.20278755287952913, -0.6740518035265678]",south,0,0 minecraft:air,False,Player is not currently riding anything,0.0784000015258789
120.0,14:43:04.586104300,2025-07-30,literal{MF},"(-12.392753265720156, 67.0, 45.69999998807907)",20.0,"[{'name': ' None', 'count': 0, 'meta': ''}, {'name': ' None', 'count': 0, 'meta': ''}, {'name': ' None', 'count': 0, 'meta': ''}, {'name': ' None', 'count': 0, 'meta': ''}, {'name': ' None', 'count': 0, 'meta': ''}, {'name': ' None', 'count': 0, 'meta': ''}, {'name': ' None', 'count': 0, 'meta': ''}, {'name': ' None', 'count': 0, 'meta': ''}, {'name': ' None', 'count': 0, 'meta': ''}, {'name': ' None', 'count': 0, 'meta': ''}, {'name': ' None', 'count': 0, 'meta': ''}, {'name': ' None', 'count': 0, 'meta': ''}, {'name': ' None', 'count': 0, 'meta': ''}, {'name': ' None', 'count': 0, 'meta': ''}, {'name': ' None', 'count': 0, 'meta': ''}, {'name': ' None', 'count': 0, 'meta': ''}, {'name': ' None', 'count': 0, 'meta': ''}, {'name': ' None', 'count': 0, 'meta': ''}, {'name': ' None', 'count': 0, 'meta': ''}, {'name': ' None', 'count': 0, 'meta': ''}, {'name': ' None', 'count': 0, 'meta': ''}, {'name': ' None', 'count': 0, 'meta': ''}, {'name': ' None', 'count': 0, 'meta': ''}, {'name': ' None', 'count': 0, 'meta': ''}, {'name': ' None', 'count': 0, 'meta': ''}, {'name': ' None', 'count': 0, 'meta': ''}, {'name': ' None', 'count': 0, 'meta': ''}, {'name': ' None', 'count': 0, 'meta': ''}, {'name': ' None', 'count': 0, 'meta': ''}, {'name': ' None', 'count': 0, 'meta': ''}, {'name': ' None', 'count': 0, 'meta': ''}, {'name': ' None', 'count': 0, 'meta': ''}, {'name': ' None', 'count': 0, 'meta': ''}, {'name': ' None', 'count': 0, 'meta': ''}, {'name': ' None', 'count': 0, 'meta': ''}, {'name': ' None', 'count': 0, 'meta': ''}]","Armor Slot 0: None, Count: 0; Armor Slot 1: None, Count: 0; Armor Slot 2: None, Count: 0; Armor Slot 3: None, Count: 0; ","Offhand: None, Count: 0; ",[],20.0,20.0,"[-0.7682326550326511, -0.1976576112309488, -0.6088924835009534]",south,0,0 minecraft:air,False,Player is not currently riding anything,0.0784000015258789
120.0,14:43:04.635233100,2025-07-30,literal{MF},"(-12.546913654192432, 67.41999998688698, 45.69999998807907)",20.0,"[{'name': ' None', 'count': 0, 'meta': ''}, {'name': ' None', 'count': 0, 'meta': ''}, {'name': ' None', 'count': 0, 'meta': ''}, {'name': ' None', 'count': 0, 'meta': ''}, {'name': ' None', 'count': 0, 'meta': ''}, {'name': ' None', 'count': 0, 'meta': ''}, {'name': ' None', 'count': 0, 'meta': ''}, {'name': ' None', 'count': 0, 'meta': ''}, {'name': ' None', 'count': 0, 'meta': ''}, {'name': ' None', 'count': 0, 'meta': ''}, {'name': ' None', 'count': 0, 'meta': ''}, {'name': ' None', 'count': 0, 'meta': ''}, {'name': ' None', 'count': 0, 'meta': ''}, {'name': ' None', 'count': 0, 'meta': ''}, {'name': ' None', 'count': 0, 'meta': ''}, {'name': ' None', 'count': 0, 'meta': ''}, {'name': ' None', 'count': 0, 'meta': ''}, {'name': ' None', 'count': 0, 'meta': ''}, {'name': ' None', 'count': 0, 'meta': ''}, {'name': ' None', 'count': 0, 'meta': ''}, {'name': ' None', 'count': 0, 'meta': ''}, {'name': ' None', 'count': 0, 'meta': ''}, {'name': ' None', 'count': 0, 'meta': ''}, {'name': ' None', 'count': 0, 'meta': ''}, {'name': ' None', 'count': 0, 'meta': ''}, {'name': ' None', 'count': 0, 'meta': ''}, {'name': ' None', 'count': 0, 'meta': ''}, {'name': ' None', 'count': 0, 'meta': ''}, {'name': ' None', 'count': 0, 'meta': ''}, {'name': ' None', 'count': 0, 'meta': ''}, {'name': ' None', 'count': 0, 'meta': ''}, {'name': ' None', 'count': 0, 'meta': ''}, {'name': ' None', 'count': 0, 'meta': ''}, {'name': ' None', 'count': 0, 'meta': ''}, {'name': ' None', 'count': 0, 'meta': ''}, {'name': ' None', 'count': 0, 'meta': ''}]","Armor Slot 0: None, Count: 0; Armor Slot 1: None, Count: 0; Armor Slot 2: None, Count: 0; Armor Slot 3: None, Count: 0; ","Offhand: None, Count: 0; ",[],20.0,20.0,"[-0.8047295977450425, -0.18995258239413357, -0.5624306988019964]",south,0,0 minecraft:air,False,Player is not currently riding anything,0.33319999363422365
120.0,14:43:04.687195600,2025-07-30,literal{MF},"(-12.641193866941455, 67.7531999805212, 45.69999998807907)",20.0,"[{'name': ' None', 'count': 0, 'meta': ''}, {'name': ' None', 'count': 0, 'meta': ''}, {'name': ' None', 'count': 0, 'meta': ''}, {'name': ' None', 'count': 0, 'meta': ''}, {'name': ' None', 'count': 0, 'meta': ''}, {'name': ' None', 'count': 0, 'meta': ''}, {'name': ' None', 'count': 0, 'meta': ''}, {'name': ' None', 'count': 0, 'meta': ''}, {'name': ' None', 'count': 0, 'meta': ''}, {'name': ' None', 'count': 0, 'meta': ''}, {'name': ' None', 'count': 0, 'meta': ''}, {'name': ' None', 'count': 0, 'meta': ''}, {'name': ' None', 'count': 0, 'meta': ''}, {'name': ' None', 'count': 0, 'meta': ''}, {'name': ' None', 'count': 0, 'meta': ''}, {'name': ' None', 'count': 0, 'meta': ''}, {'name': ' None', 'count': 0, 'meta': ''}, {'name': ' None', 'count': 0, 'meta': ''}, {'name': ' None', 'count': 0, 'meta': ''}, {'name': ' None', 'count': 0, 'meta': ''}, {'name': ' None', 'count': 0, 'meta': ''}, {'name': ' None', 'count': 0, 'meta': ''}, {'name': ' None', 'count': 0, 'meta': ''}, {'name': ' None', 'count': 0, 'meta': ''}, {'name': ' None', 'count': 0, 'meta': ''}, {'name': ' None', 'count': 0, 'meta': ''}, {'name': ' None', 'count': 0, 'meta': ''}, {'name': ' None', 'count': 0, 'meta': ''}, {'name': ' None', 'count': 0, 'meta': ''}, {'name': ' None', 'count': 0, 'meta': ''}, {'name': ' None', 'count': 0, 'meta': ''}, {'name': ' None', 'count': 0, 'meta': ''}, {'name': ' None', 'count': 0, 'meta': ''}, {'name': ' None', 'count': 0, 'meta': ''}, {'name': ' None', 'count': 0, 'meta': ''}, {'name': ' None', 'count': 0, 'meta': ''}]","Armor Slot 0: None, Count: 0; Armor Slot 1: None, Count: 0; Armor Slot 2: None, Count: 0; Armor Slot 3: None, Count: 0; ","Offhand: None, Count: 0; ",[],20.0,20.0,"[-0.8447204623715153, -0.16676906510238015, -0.5085621096540044]",south,0,0 minecraft:air,False,Player is not currently riding anything,0.24813599859094576
120.0,14:43:04.735264700,2025-07-30,literal{MF},"(-12.734912691546926, 68.00133597911214, 45.71792686562127)",20.0,"[{'name': ' None', 'count': 0, 'meta': ''}, {'name': ' None', 'count': 0, 'meta': ''}, {'name': ' None', 'count': 0, 'meta': ''}, {'name': ' None', 'count': 0, 'meta': ''}, {'name': ' None', 'count': 0, 'meta': ''}, {'name': ' None', 'count': 0, 'meta': ''}, {'name': ' None', 'count': 0, 'meta': ''}, {'name': ' None', 'count': 0, 'meta': ''}, {'name': ' None', 'count': 0, 'meta': ''}, {'name': ' None', 'count': 0, 'meta': ''}, {'name': ' None', 'count': 0, 'meta': ''}, {'name': ' None', 'count': 0, 'meta': ''}, {'name': ' None', 'count': 0, 'meta': ''}, {'name': ' None', 'count': 0, 'meta': ''}, {'name': ' None', 'count': 0, 'meta': ''}, {'name': ' None', 'count': 0, 'meta': ''}, {'name': ' None', 'count': 0, 'meta': ''}, {'name': ' None', 'count': 0, 'meta': ''}, {'name': ' None', 'count': 0, 'meta': ''}, {'name': ' None', 'count': 0, 'meta': ''}, {'name': ' None', 'count': 0, 'meta': ''}, {'name': ' None', 'count': 0, 'meta': ''}, {'name': ' None', 'count': 0, 'meta': ''}, {'name': ' None', 'count': 0, 'meta': ''}, {'name': ' None', 'count': 0, 'meta': ''}, {'name': ' None', 'count': 0, 'meta': ''}, {'name': ' None', 'count': 0, 'meta': ''}, {'name': ' None', 'count': 0, 'meta': ''}, {'name': ' None', 'count': 0, 'meta': ''}, {'name': ' None', 'count': 0, 'meta': ''}, {'name': ' None', 'count': 0, 'meta': ''}, {'name': ' None', 'count': 0, 'meta': ''}, {'name': ' None', 'count': 0, 'meta': ''}, {'name': ' None', 'count': 0, 'meta': ''}, {'name': ' None', 'count': 0, 'meta': ''}, {'name': ' None', 'count': 0, 'meta': ''}]","Armor Slot 0: None, Count: 0; Armor Slot 1: None, Count: 0; Armor Slot 2: None, Count: 0; Armor Slot 3: None, Count: 0; ","Offhand: None, Count: 0; ",[],20.0,20.0,"[-0.9033471209495082, -0.15643481027669828, -0.3993646569313916]",south,0,0 minecraft:air,False,Player is not currently riding anything,0.16477328182606651
120.0,14:43:04.785920600,2025-07-30,literal{MF},"(-12.825070345387806, 68.16610926093821, 45.75322476027751)",20.0,"[{'name': ' None', 'count': 0, 'meta': ''}, {'name': ' None', 'count': 0, 'meta': ''}, {'name': ' None', 'count': 0, 'meta': ''}, {'name': ' None', 'count': 0, 'meta': ''}, {'name': ' None', 'count': 0, 'meta': ''}, {'name': ' None', 'count': 0, 'meta': ''}, {'name': ' None', 'count': 0, 'meta': ''}, {'name': ' None', 'count': 0, 'meta': ''}, {'name': ' None', 'count': 0, 'meta': ''}, {'name': ' None', 'count': 0, 'meta': ''}, {'name': ' None', 'count': 0, 'meta': ''}, {'name': ' None', 'count': 0, 'meta': ''}, {'name': ' None', 'count': 0, 'meta': ''}, {'name': ' None', 'count': 0, 'meta': ''}, {'name': ' None', 'count': 0, 'meta': ''}, {'name': ' None', 'count': 0, 'meta': ''}, {'name': ' None', 'count': 0, 'meta': ''}, {'name': ' None', 'count': 0, 'meta': ''}, {'name': ' None', 'count': 0, 'meta': ''}, {'name': ' None', 'count': 0, 'meta': ''}, {'name': ' None', 'count': 0, 'meta': ''}, {'name': ' None', 'count': 0, 'meta': ''}, {'name': ' None', 'count': 0, 'meta': ''}, {'name': ' None', 'count': 0, 'meta': ''}, {'name': ' None', 'count': 0, 'meta': ''}, {'name': ' None', 'count': 0, 'meta': ''}, {'name': ' None', 'count': 0, 'meta': ''}, {'name': ' None', 'count': 0, 'meta': ''}, {'name': ' None', 'count': 0, 'meta': ''}, {'name': ' None', 'count': 0, 'meta': ''}, {'name': ' None', 'count': 0, 'meta': ''}, {'name': ' None', 'count': 0, 'meta': ''}, {'name': ' None', 'count': 0, 'meta': ''}, {'name': ' None', 'count': 0, 'meta': ''}, {'name': ' None', 'count': 0, 'meta': ''}, {'name': ' None', 'count': 0, 'meta': ''}]","Armor Slot 0: None, Count: 0; Armor Slot 1: None, Count: 0; Armor Slot 2: None, Count: 0; Armor Slot 3: None, Count: 0; ","Offhand: None, Count: 0; ",[],20.0,20.0,"[-0.9566584523256889, -0.15643481027669828, -0.24562726991828707]",south,0,0 minecraft:air,False,Player is not currently riding anything,0.08307781780646721
120.0,14:43:04.836469500,2025-07-30,literal{MF},"(-12.908497576891245, 68.24918707874468, 45.804896937622495)",20.0,"[{'name': ' None', 'count': 0, 'meta': ''}, {'name': ' None', 'count': 0, 'meta': ''}, {'name': ' None', 'count': 0, 'meta': ''}, {'name': ' None', 'count': 0, 'meta': ''}, {'name': ' None', 'count': 0, 'meta': ''}, {'name': ' None', 'count': 0, 'meta': ''}, {'name': ' None', 'count': 0, 'meta': ''}, {'name': ' None', 'count': 0, 'meta': ''}, {'name': ' None', 'count': 0, 'meta': ''}, {'name': ' None', 'count': 0, 'meta': ''}, {'name': ' None', 'count': 0, 'meta': ''}, {'name': ' None', 'count': 0, 'meta': ''}, {'name': ' None', 'count': 0, 'meta': ''}, {'name': ' None', 'count': 0, 'meta': ''}, {'name': ' None', 'count': 0, 'meta': ''}, {'name': ' None', 'count': 0, 'meta': ''}, {'name': ' None', 'count': 0, 'meta': ''}, {'name': ' None', 'count': 0, 'meta': ''}, {'name': ' None', 'count': 0, 'meta': ''}, {'name': ' None', 'count': 0, 'meta': ''}, {'name': ' None', 'count': 0, 'meta': ''}, {'name': ' None', 'count': 0, 'meta': ''}, {'name': ' None', 'count': 0, 'meta': ''}, {'name': ' None', 'count': 0, 'meta': ''}, {'name': ' None', 'count': 0, 'meta': ''}, {'name': ' None', 'count': 0, 'meta': ''}, {'name': ' None', 'count': 0, 'meta': ''}, {'name': ' None', 'count': 0, 'meta': ''}, {'name': ' None', 'count': 0, 'meta': ''}, {'name': ' None', 'count': 0, 'meta': ''}, {'name': ' None', 'count': 0, 'meta': ''}, {'name': ' None', 'count': 0, 'meta': ''}, {'name': ' None', 'count': 0, 'meta': ''}, {'name': ' None', 'count': 0, 'meta': ''}, {'name': ' None', 'count': 0, 'meta': ''}, {'name': ' None', 'count': 0, 'meta': ''}]","Armor Slot 0: None, Count: 0; Armor Slot 1: None, Count: 0; Armor Slot 2: None, Count: 0; Armor Slot 3: None, Count: 0; ","Offhand: None, Count: 0; ",[],20.0,20.0,"[-0.9843913438294984, -0.1616041529080149, -0.0696977758356548]",south,0,0 minecraft:air,False,Player is not currently riding anything,0.0030162615090425808
120.0,14:43:04.885343500,2025-07-30,literal{MF},"(-12.983903416787964, 68.25220334025373, 45.871511858467976)",20.0,"[{'name': ' None', 'count': 0, 'meta': ''}, {'name': ' None', 'count': 0, 'meta': ''}, {'name': ' None', 'count': 0, 'meta': ''}, {'name': ' None', 'count': 0, 'meta': ''}, {'name': ' None', 'count': 0, 'meta': ''}, {'name': ' None', 'count': 0, 'meta': ''}, {'name': ' None', 'count': 0, 'meta': ''}, {'name': ' None', 'count': 0, 'meta': ''}, {'name': ' None', 'count': 0, 'meta': ''}, {'name': ' None', 'count': 0, 'meta': ''}, {'name': ' None', 'count': 0, 'meta': ''}, {'name': ' None', 'count': 0, 'meta': ''}, {'name': ' None', 'count': 0, 'meta': ''}, {'name': ' None', 'count': 0, 'meta': ''}, {'name': ' None', 'count': 0, 'meta': ''}, {'name': ' None', 'count': 0, 'meta': ''}, {'name': ' None', 'count': 0, 'meta': ''}, {'name': ' None', 'count': 0, 'meta': ''}, {'name': ' None', 'count': 0, 'meta': ''}, {'name': ' None', 'count': 0, 'meta': ''}, {'name': ' None', 'count': 0, 'meta': ''}, {'name': ' None', 'count': 0, 'meta': ''}, {'name': ' None', 'count': 0, 'meta': ''}, {'name': ' None', 'count': 0, 'meta': ''}, {'name': ' None', 'count': 0, 'meta': ''}, {'name': ' None', 'count': 0, 'meta': ''}, {'name': ' None', 'count': 0, 'meta': ''}, {'name': ' None', 'count': 0, 'meta': ''}, {'name': ' None', 'count': 0, 'meta': ''}, {'name': ' None', 'count': 0, 'meta': ''}, {'name': ' None', 'count': 0, 'meta': ''}, {'name': ' None', 'count': 0, 'meta': ''}, {'name': ' None', 'count': 0, 'meta': ''}, {'name': ' None', 'count': 0, 'meta': ''}, {'name': ' None', 'count': 0, 'meta': ''}, {'name': ' None', 'count': 0, 'meta': ''}]","Armor Slot 0: None, Count: 0; Armor Slot 1: None, Count: 0; Armor Slot 2: None, Count: 0; Armor Slot 3: None, Count: 0; ","Offhand: None, Count: 0; ",[],20.0,20.0,"[-0.986517468171614, -0.1616041529080149, 0.025833752246847003]",south,0,0 minecraft:air,False,Player is not currently riding anything,0.07544406518948656
118.0,14:43:04.935425300,2025-07-30,literal{MF},"(-13.050424021929734, 68.17675927506424, 45.9516185511986)",20.0,"[{'name': ' None', 'count': 0, 'meta': ''}, {'name': ' None', 'count': 0, 'meta': ''}, {'name': ' None', 'count': 0, 'meta': ''}, {'name': ' None', 'count': 0, 'meta': ''}, {'name': ' None', 'count': 0, 'meta': ''}, {'name': ' None', 'count': 0, 'meta': ''}, {'name': ' None', 'count': 0, 'meta': ''}, {'name': ' None', 'count': 0, 'meta': ''}, {'name': ' None', 'count': 0, 'meta': ''}, {'name': ' None', 'count': 0, 'meta': ''}, {'name': ' None', 'count': 0, 'meta': ''}, {'name': ' None', 'count': 0, 'meta': ''}, {'name': ' None', 'count': 0, 'meta': ''}, {'name': ' None', 'count': 0, 'meta': ''}, {'name': ' None', 'count': 0, 'meta': ''}, {'name': ' None', 'count': 0, 'meta': ''}, {'name': ' None', 'count': 0, 'meta': ''}, {'name': ' None', 'count': 0, 'meta': ''}, {'name': ' None', 'count': 0, 'meta': ''}, {'name': ' None', 'count': 0, 'meta': ''}, {'name': ' None', 'count': 0, 'meta': ''}, {'name': ' None', 'count': 0, 'meta': ''}, {'name': ' None', 'count': 0, 'meta': ''}, {'name': ' None', 'count': 0, 'meta': ''}, {'name': ' None', 'count': 0, 'meta': ''}, {'name': ' None', 'count': 0, 'meta': ''}, {'name': ' None', 'count': 0, 'meta': ''}, {'name': ' None', 'count': 0, 'meta': ''}, {'name': ' None', 'count': 0, 'meta': ''}, {'name': ' None', 'count': 0, 'meta': ''}, {'name': ' None', 'count': 0, 'meta': ''}, {'name': ' None', 'count': 0, 'meta': ''}, {'name': ' None', 'count': 0, 'meta': ''}, {'name': ' None', 'count': 0, 'meta': ''}, {'name': ' None', 'count': 0, 'meta': ''}, {'name': ' None', 'count': 0, 'meta': ''}]","Armor Slot 0: None, Count: 0; Armor Slot 1: None, Count: 0; Armor Slot 2: None, Count: 0; Armor Slot 3: None, Count: 0; ","Offhand: None, Count: 0; ",[],20.0,20.0,"[-0.9846891435288977, -0.13830922728866138, 0.10610300779496962]",south,0,0 minecraft:air,False,Player is not currently riding anything,0.15233518685055708
118.0,14:43:04.986384600,2025-07-30,literal{MF},"(-13.10774030527835, 68.02442408821369, 46.04384944711531)",20.0,"[{'name': ' None', 'count': 0, 'meta': ''}, {'name': ' None', 'count': 0, 'meta': ''}, {'name': ' None', 'count': 0, 'meta': ''}, {'name': ' None', 'count': 0, 'meta': ''}, {'name': ' None', 'count': 0, 'meta': ''}, {'name': ' None', 'count': 0, 'meta': ''}, {'name': ' None', 'count': 0, 'meta': ''}, {'name': ' None', 'count': 0, 'meta': ''}, {'name': ' None', 'count': 0, 'meta': ''}, {'name': ' None', 'count': 0, 'meta': ''}, {'name': ' None', 'count': 0, 'meta': ''}, {'name': ' None', 'count': 0, 'meta': ''}, {'name': ' None', 'count': 0, 'meta': ''}, {'name': ' None', 'count': 0, 'meta': ''}, {'name': ' None', 'count': 0, 'meta': ''}, {'name': ' None', 'count': 0, 'meta': ''}, {'name': ' None', 'count': 0, 'meta': ''}, {'name': ' None', 'count': 0, 'meta': ''}, {'name': ' None', 'count': 0, 'meta': ''}, {'name': ' None', 'count': 0, 'meta': ''}, {'name': ' None', 'count': 0, 'meta': ''}, {'name': ' None', 'count': 0, 'meta': ''}, {'name': ' None', 'count': 0, 'meta': ''}, {'name': ' None', 'count': 0, 'meta': ''}, {'name': ' None', 'count': 0, 'meta': ''}, {'name': ' None', 'count': 0, 'meta': ''}, {'name': ' None', 'count': 0, 'meta': ''}, {'name': ' None', 'count': 0, 'meta': ''}, {'name': ' None', 'count': 0, 'meta': ''}, {'name': ' None', 'count': 0, 'meta': ''}, {'name': ' None', 'count': 0, 'meta': ''}, {'name': ' None', 'count': 0, 'meta': ''}, {'name': ' None', 'count': 0, 'meta': ''}, {'name': ' None', 'count': 0, 'meta': ''}, {'name': ' None', 'count': 0, 'meta': ''}, {'name': ' None', 'count': 0, 'meta': ''}]","Armor Slot 0: None, Count: 0; Armor Slot 1: None, Count: 0; Armor Slot 2: None, Count: 0; Armor Slot 3: None, Count: 0; ","Offhand: None, Count: 0; ",[],20.0,20.0,"[-0.9765881034943016, -0.14090158458181837, 0.16254974492670207]",south,0,0 minecraft:air,False,Player is not currently riding anything,0.0784000015258789
118.0,14:43:05.036570300,2025-07-30,literal{MF},"(-13.155925186454317, 68.0, 46.14697230193696)",20.0,"[{'name': ' None', 'count': 0, 'meta': ''}, {'name': ' None', 'count': 0, 'meta': ''}, {'name': ' None', 'count': 0, 'meta': ''}, {'name': ' None', 'count': 0, 'meta': ''}, {'name': ' None', 'count': 0, 'meta': ''}, {'name': ' None', 'count': 0, 'meta': ''}, {'name': ' None', 'count': 0, 'meta': ''}, {'name': ' None', 'count': 0, 'meta': ''}, {'name': ' None', 'count': 0, 'meta': ''}, {'name': ' None', 'count': 0, 'meta': ''}, {'name': ' None', 'count': 0, 'meta': ''}, {'name': ' None', 'count': 0, 'meta': ''}, {'name': ' None', 'count': 0, 'meta': ''}, {'name': ' None', 'count': 0, 'meta': ''}, {'name': ' None', 'count': 0, 'meta': ''}, {'name': ' None', 'count': 0, 'meta': ''}, {'name': ' None', 'count': 0, 'meta': ''}, {'name': ' None', 'count': 0, 'meta': ''}, {'name': ' None', 'count': 0, 'meta': ''}, {'name': ' None', 'count': 0, 'meta': ''}, {'name': ' None', 'count': 0, 'meta': ''}, {'name': ' None', 'count': 0, 'meta': ''}, {'name': ' None', 'count': 0, 'meta': ''}, {'name': ' None', 'count': 0, 'meta': ''}, {'name': ' None', 'count': 0, 'meta': ''}, {'name': ' None', 'count': 0, 'meta': ''}, {'name': ' None', 'count': 0, 'meta': ''}, {'name': ' None', 'count': 0, 'meta': ''}, {'name': ' None', 'count': 0, 'meta': ''}, {'name': ' None', 'count': 0, 'meta': ''}, {'name': ' None', 'count': 0, 'meta': ''}, {'name': ' None', 'count': 0, 'meta': ''}, {'name': ' None', 'count': 0, 'meta': ''}, {'name': ' None', 'count': 0, 'meta': ''}, {'name': ' None', 'count': 0, 'meta': ''}, {'name': ' None', 'count': 0, 'meta': ''}]","Armor Slot 0: None, Count: 0; Armor Slot 1: None, Count: 0; Armor Slot 2: None, Count: 0; Armor Slot 3: None, Count: 0; ","Offhand: None, Count: 0; ",[],20.0,20.0,"[-0.9671667192095548, -0.15643479383686693, 0.20029151886848082]",south,0,0 minecraft:air,False,Player is not currently riding anything,0.0784000015258789
118.0,14:43:05.086706500,2025-07-30,literal{MF},"(-13.17665466513827, 68.0, 46.33604592912686)",20.0,"[{'name': ' None', 'count': 0, 'meta': ''}, {'name': ' None', 'count': 0, 'meta': ''}, {'name': ' None', 'count': 0, 'meta': ''}, {'name': ' None', 'count': 0, 'meta': ''}, {'name': ' None', 'count': 0, 'meta': ''}, {'name': ' None', 'count': 0, 'meta': ''}, {'name': ' None', 'count': 0, 'meta': ''}, {'name': ' None', 'count': 0, 'meta': ''}, {'name': ' None', 'count': 0, 'meta': ''}, {'name': ' None', 'count': 0, 'meta': ''}, {'name': ' None', 'count': 0, 'meta': ''}, {'name': ' None', 'count': 0, 'meta': ''}, {'name': ' None', 'count': 0, 'meta': ''}, {'name': ' None', 'count': 0, 'meta': ''}, {'name': ' None', 'count': 0, 'meta': ''}, {'name': ' None', 'count': 0, 'meta': ''}, {'name': ' None', 'count': 0, 'meta': ''}, {'name': ' None', 'count': 0, 'meta': ''}, {'name': ' None', 'count': 0, 'meta': ''}, {'name': ' None', 'count': 0, 'meta': ''}, {'name': ' None', 'count': 0, 'meta': ''}, {'name': ' None', 'count': 0, 'meta': ''}, {'name': ' None', 'count': 0, 'meta': ''}, {'name': ' None', 'count': 0, 'meta': ''}, {'name': ' None', 'count': 0, 'meta': ''}, {'name': ' None', 'count': 0, 'meta': ''}, {'name': ' None', 'count': 0, 'meta': ''}, {'name': ' None', 'count': 0, 'meta': ''}, {'name': ' None', 'count': 0, 'meta': ''}, {'name': ' None', 'count': 0, 'meta': ''}, {'name': ' None', 'count': 0, 'meta': ''}, {'name': ' None', 'count': 0, 'meta': ''}, {'name': ' None', 'count': 0, 'meta': ''}, {'name': ' None', 'count': 0, 'meta': ''}, {'name': ' None', 'count': 0, 'meta': ''}, {'name': ' None', 'count': 0, 'meta': ''}]","Armor Slot 0: None, Count: 0; Armor Slot 1: None, Count: 0; Armor Slot 2: None, Count: 0; Armor Slot 3: None, Count: 0; ","Offhand: None, Count: 0; ",[],20.0,20.0,"[-0.9577191888441912, -0.16934981553149378, 0.2325824483899707]",south,0,0 minecraft:air,False,Player is not currently riding anything,0.0784000015258789
118.0,14:43:05.135486600,2025-07-30,literal{MF},"(-13.164854197364484, 68.0, 46.53451196816116)",20.0,"[{'name': ' None', 'count': 0, 'meta': ''}, {'name': ' None', 'count': 0, 'meta': ''}, {'name': ' None', 'count': 0, 'meta': ''}, {'name': ' None', 'count': 0, 'meta': ''}, {'name': ' None', 'count': 0, 'meta': ''}, {'name': ' None', 'count': 0, 'meta': ''}, {'name': ' None', 'count': 0, 'meta': ''}, {'name': ' None', 'count': 0, 'meta': ''}, {'name': ' None', 'count': 0, 'meta': ''}, {'name': ' None', 'count': 0, 'meta': ''}, {'name': ' None', 'count': 0, 'meta': ''}, {'name': ' None', 'count': 0, 'meta': ''}, {'name': ' None', 'count': 0, 'meta': ''}, {'name': ' None', 'count': 0, 'meta': ''}, {'name': ' None', 'count': 0, 'meta': ''}, {'name': ' None', 'count': 0, 'meta': ''}, {'name': ' None', 'count': 0, 'meta': ''}, {'name': ' None', 'count': 0, 'meta': ''}, {'name': ' None', 'count': 0, 'meta': ''}, {'name': ' None', 'count': 0, 'meta': ''}, {'name': ' None', 'count': 0, 'meta': ''}, {'name': ' None', 'count': 0, 'meta': ''}, {'name': ' None', 'count': 0, 'meta': ''}, {'name': ' None', 'count': 0, 'meta': ''}, {'name': ' None', 'count': 0, 'meta': ''}, {'name': ' None', 'count': 0, 'meta': ''}, {'name': ' None', 'count': 0, 'meta': ''}, {'name': ' None', 'count': 0, 'meta': ''}, {'name': ' None', 'count': 0, 'meta': ''}, {'name': ' None', 'count': 0, 'meta': ''}, {'name': ' None', 'count': 0, 'meta': ''}, {'name': ' None', 'count': 0, 'meta': ''}, {'name': ' None', 'count': 0, 'meta': ''}, {'name': ' None', 'count': 0, 'meta': ''}, {'name': ' None', 'count': 0, 'meta': ''}, {'name': ' None', 'count': 0, 'meta': ''}]","Armor Slot 0: None, Count: 0; Armor Slot 1: None, Count: 0; Armor Slot 2: None, Count: 0; Armor Slot 3: None, Count: 0; ","Offhand: None, Count: 0; ",[],20.0,20.0,"[-0.9577191888441912, -0.16934981553149378, 0.2325824483899707]",south,0,0 minecraft:air,False,Player is not currently riding anything,0.0784000015258789
118.0,14:43:05.185827300,2025-07-30,literal{MF},"(-13.135292376761743, 68.0, 46.69999998807907)",20.0,"[{'name': ' None', 'count': 0, 'meta': ''}, {'name': ' None', 'count': 0, 'meta': ''}, {'name': ' None', 'count': 0, 'meta': ''}, {'name': ' None', 'count': 0, 'meta': ''}, {'name': ' None', 'count': 0, 'meta': ''}, {'name': ' None', 'count': 0, 'meta': ''}, {'name': ' None', 'count': 0, 'meta': ''}, {'name': ' None', 'count': 0, 'meta': ''}, {'name': ' None', 'count': 0, 'meta': ''}, {'name': ' None', 'count': 0, 'meta': ''}, {'name': ' None', 'count': 0, 'meta': ''}, {'name': ' None', 'count': 0, 'meta': ''}, {'name': ' None', 'count': 0, 'meta': ''}, {'name': ' None', 'count': 0, 'meta': ''}, {'name': ' None', 'count': 0, 'meta': ''}, {'name': ' None', 'count': 0, 'meta': ''}, {'name': ' None', 'count': 0, 'meta': ''}, {'name': ' None', 'count': 0, 'meta': ''}, {'name': ' None', 'count': 0, 'meta': ''}, {'name': ' None', 'count': 0, 'meta': ''}, {'name': ' None', 'count': 0, 'meta': ''}, {'name': ' None', 'count': 0, 'meta': ''}, {'name': ' None', 'count': 0, 'meta': ''}, {'name': ' None', 'count': 0, 'meta': ''}, {'name': ' None', 'count': 0, 'meta': ''}, {'name': ' None', 'count': 0, 'meta': ''}, {'name': ' None', 'count': 0, 'meta': ''}, {'name': ' None', 'count': 0, 'meta': ''}, {'name': ' None', 'count': 0, 'meta': ''}, {'name': ' None', 'count': 0, 'meta': ''}, {'name': ' None', 'count': 0, 'meta': ''}, {'name': ' None', 'count': 0, 'meta': ''}, {'name': ' None', 'count': 0, 'meta': ''}, {'name': ' None', 'count': 0, 'meta': ''}, {'name': ' None', 'count': 0, 'meta': ''}, {'name': ' None', 'count': 0, 'meta': ''}]","Armor Slot 0: None, Count: 0; Armor Slot 1: None, Count: 0; Armor Slot 2: None, Count: 0; Armor Slot 3: None, Count: 0; ","Offhand: None, Count: 0; ",[],20.0,20.0,"[-0.9577191888441912, -0.16934981553149378, 0.2325824483899707]",south,0,0 minecraft:air,False,Player is not currently riding anything,0.0784000015258789
118.0,14:43:05.235937400,2025-07-30,literal{MF},"(-13.094784014969953, 68.0, 46.69999998807907)",20.0,"[{'name': ' None', 'count': 0, 'meta': ''}, {'name': ' None', 'count': 0, 'meta': ''}, {'name': ' None', 'count': 0, 'meta': ''}, {'name': ' None', 'count': 0, 'meta': ''}, {'name': ' None', 'count': 0, 'meta': ''}, {'name': ' None', 'count': 0, 'meta': ''}, {'name': ' None', 'count': 0, 'meta': ''}, {'name': ' None', 'count': 0, 'meta': ''}, {'name': ' None', 'count': 0, 'meta': ''}, {'name': ' None', 'count': 0, 'meta': ''}, {'name': ' None', 'count': 0, 'meta': ''}, {'name': ' None', 'count': 0, 'meta': ''}, {'name': ' None', 'count': 0, 'meta': ''}, {'name': ' None', 'count': 0, 'meta': ''}, {'name': ' None', 'count': 0, 'meta': ''}, {'name': ' None', 'count': 0, 'meta': ''}, {'name': ' None', 'count': 0, 'meta': ''}, {'name': ' None', 'count': 0, 'meta': ''}, {'name': ' None', 'count': 0, 'meta': ''}, {'name': ' None', 'count': 0, 'meta': ''}, {'name': ' None', 'count': 0, 'meta': ''}, {'name': ' None', 'count': 0, 'meta': ''}, {'name': ' None', 'count': 0, 'meta': ''}, {'name': ' None', 'count': 0, 'meta': ''}, {'name': ' None', 'count': 0, 'meta': ''}, {'name': ' None', 'count': 0, 'meta': ''}, {'name': ' None', 'count': 0, 'meta': ''}, {'name': ' None', 'count': 0, 'meta': ''}, {'name': ' None', 'count': 0, 'meta': ''}, {'name': ' None', 'count': 0, 'meta': ''}, {'name': ' None', 'count': 0, 'meta': ''}, {'name': ' None', 'count': 0, 'meta': ''}, {'name': ' None', 'count': 0, 'meta': ''}, {'name': ' None', 'count': 0, 'meta': ''}, {'name': ' None', 'count': 0, 'meta': ''}, {'name': ' None', 'count': 0, 'meta': ''}]","Armor Slot 0: None, Count: 0; Armor Slot 1: None, Count: 0; Armor Slot 2: None, Count: 0; Armor Slot 3: None, Count: 0; ","Offhand: None, Count: 0; ",[],20.0,20.0,"[-0.9532750198792408, -0.17708503191377414, 0.24476034798621005]",south,0,0 minecraft:air,False,Player is not currently riding anything,0.0784000015258789
118.0,14:43:05.284964800,2025-07-30,literal{MF},"(-13.045823021977585, 68.0, 46.69999998807907)",20.0,"[{'name': ' None', 'count': 0, 'meta': ''}, {'name': ' None', 'count': 0, 'meta': ''}, {'name': ' None', 'count': 0, 'meta': ''}, {'name': ' None', 'count': 0, 'meta': ''}, {'name': ' None', 'count': 0, 'meta': ''}, {'name': ' None', 'count': 0, 'meta': ''}, {'name': ' None', 'count': 0, 'meta': ''}, {'name': ' None', 'count': 0, 'meta': ''}, {'name': ' None', 'count': 0, 'meta': ''}, {'name': ' None', 'count': 0, 'meta': ''}, {'name': ' None', 'count': 0, 'meta': ''}, {'name': ' None', 'count': 0, 'meta': ''}, {'name': ' None', 'count': 0, 'meta': ''}, {'name': ' None', 'count': 0, 'meta': ''}, {'name': ' None', 'count': 0, 'meta': ''}, {'name': ' None', 'count': 0, 'meta': ''}, {'name': ' None', 'count': 0, 'meta': ''}, {'name': ' None', 'count': 0, 'meta': ''}, {'name': ' None', 'count': 0, 'meta': ''}, {'name': ' None', 'count': 0, 'meta': ''}, {'name': ' None', 'count': 0, 'meta': ''}, {'name': ' None', 'count': 0, 'meta': ''}, {'name': ' None', 'count': 0, 'meta': ''}, {'name': ' None', 'count': 0, 'meta': ''}, {'name': ' None', 'count': 0, 'meta': ''}, {'name': ' None', 'count': 0, 'meta': ''}, {'name': ' None', 'count': 0, 'meta': ''}, {'name': ' None', 'count': 0, 'meta': ''}, {'name': ' None', 'count': 0, 'meta': ''}, {'name': ' None', 'count': 0, 'meta': ''}, {'name': ' None', 'count': 0, 'meta': ''}, {'name': ' None', 'count': 0, 'meta': ''}, {'name': ' None', 'count': 0, 'meta': ''}, {'name': ' None', 'count': 0, 'meta': ''}, {'name': ' None', 'count': 0, 'meta': ''}, {'name': ' None', 'count': 0, 'meta': ''}]","Armor Slot 0: None, Count: 0; Armor Slot 1: None, Count: 0; Armor Slot 2: None, Count: 0; Armor Slot 3: None, Count: 0; ","Offhand: None, Count: 0; ",[],20.0,20.0,"[-0.9451744899098324, -0.1848093249127002, 0.26924096465619823]",south,0,0 minecraft:air,False,Player is not currently riding anything,0.0784000015258789
118.0,14:43:05.335370800,2025-07-30,literal{MF},"(-12.991263417167607, 68.0, 46.69999998807907)",20.0,"[{'name': ' None', 'count': 0, 'meta': ''}, {'name': ' None', 'count': 0, 'meta': ''}, {'name': ' None', 'count': 0, 'meta': ''}, {'name': ' None', 'count': 0, 'meta': ''}, {'name': ' None', 'count': 0, 'meta': ''}, {'name': ' None', 'count': 0, 'meta': ''}, {'name': ' None', 'count': 0, 'meta': ''}, {'name': ' None', 'count': 0, 'meta': ''}, {'name': ' None', 'count': 0, 'meta': ''}, {'name': ' None', 'count': 0, 'meta': ''}, {'name': ' None', 'count': 0, 'meta': ''}, {'name': ' None', 'count': 0, 'meta': ''}, {'name': ' None', 'count': 0, 'meta': ''}, {'name': ' None', 'count': 0, 'meta': ''}, {'name': ' None', 'count': 0, 'meta': ''}, {'name': ' None', 'count': 0, 'meta': ''}, {'name': ' None', 'count': 0, 'meta': ''}, {'name': ' None', 'count': 0, 'meta': ''}, {'name': ' None', 'count': 0, 'meta': ''}, {'name': ' None', 'count': 0, 'meta': ''}, {'name': ' None', 'count': 0, 'meta': ''}, {'name': ' None', 'count': 0, 'meta': ''}, {'name': ' None', 'count': 0, 'meta': ''}, {'name': ' None', 'count': 0, 'meta': ''}, {'name': ' None', 'count': 0, 'meta': ''}, {'name': ' None', 'count': 0, 'meta': ''}, {'name': ' None', 'count': 0, 'meta': ''}, {'name': ' None', 'count': 0, 'meta': ''}, {'name': ' None', 'count': 0, 'meta': ''}, {'name': ' None', 'count': 0, 'meta': ''}, {'name': ' None', 'count': 0, 'meta': ''}, {'name': ' None', 'count': 0, 'meta': ''}, {'name': ' None', 'count': 0, 'meta': ''}, {'name': ' None', 'count': 0, 'meta': ''}, {'name': ' None', 'count': 0, 'meta': ''}, {'name': ' None', 'count': 0, 'meta': ''}]","Armor Slot 0: None, Count: 0; Armor Slot 1: None, Count: 0; Armor Slot 2: None, Count: 0; Armor Slot 3: None, Count: 0; ","Offhand: None, Count: 0; ",[],20.0,20.0,"[-0.9418361021058211, -0.18738157945462283, 0.27898548430196896]",south,0,0 minecraft:air,False,Player is not currently riding anything,0.0784000015258789
118.0,14:43:05.387308400,2025-07-30,literal{MF},"(-12.93266653859818, 68.0, 46.69999998807907)",20.0,"[{'name': ' None', 'count': 0, 'meta': ''}, {'name': ' None', 'count': 0, 'meta': ''}, {'name': ' None', 'count': 0, 'meta': ''}, {'name': ' None', 'count': 0, 'meta': ''}, {'name': ' None', 'count': 0, 'meta': ''}, {'name': ' None', 'count': 0, 'meta': ''}, {'name': ' None', 'count': 0, 'meta': ''}, {'name': ' None', 'count': 0, 'meta': ''}, {'name': ' None', 'count': 0, 'meta': ''}, {'name': ' None', 'count': 0, 'meta': ''}, {'name': ' None', 'count': 0, 'meta': ''}, {'name': ' None', 'count': 0, 'meta': ''}, {'name': ' None', 'count': 0, 'meta': ''}, {'name': ' None', 'count': 0, 'meta': ''}, {'name': ' None', 'count': 0, 'meta': ''}, {'name': ' None', 'count': 0, 'meta': ''}, {'name': ' None', 'count': 0, 'meta': ''}, {'name': ' None', 'count': 0, 'meta': ''}, {'name': ' None', 'count': 0, 'meta': ''}, {'name': ' None', 'count': 0, 'meta': ''}, {'name': ' None', 'count': 0, 'meta': ''}, {'name': ' None', 'count': 0, 'meta': ''}, {'name': ' None', 'count': 0, 'meta': ''}, {'name': ' None', 'count': 0, 'meta': ''}, {'name': ' None', 'count': 0, 'meta': ''}, {'name': ' None', 'count': 0, 'meta': ''}, {'name': ' None', 'count': 0, 'meta': ''}, {'name': ' None', 'count': 0, 'meta': ''}, {'name': ' None', 'count': 0, 'meta': ''}, {'name': ' None', 'count': 0, 'meta': ''}, {'name': ' None', 'count': 0, 'meta': ''}, {'name': ' None', 'count': 0, 'meta': ''}, {'name': ' None', 'count': 0, 'meta': ''}, {'name': ' None', 'count': 0, 'meta': ''}, {'name': ' None', 'count': 0, 'meta': ''}, {'name': ' None', 'count': 0, 'meta': ''}]","Armor Slot 0: None, Count: 0; Armor Slot 1: None, Count: 0; Armor Slot 2: None, Count: 0; Armor Slot 3: None, Count: 0; ","Offhand: None, Count: 0; ",[],20.0,20.0,"[-0.9379123652834486, -0.19252221805991854, 0.2885404488138468]",south,0,0 minecraft:air,False,Player is not currently riding anything,0.0784000015258789
118.0,14:43:05.433857,2025-07-30,literal{MF},"(-12.869414863696328, 68.0, 46.69999998807907)",20.0,"[{'name': ' None', 'count': 0, 'meta': ''}, {'name': ' None', 'count': 0, 'meta': ''}, {'name': ' None', 'count': 0, 'meta': ''}, {'name': ' None', 'count': 0, 'meta': ''}, {'name': ' None', 'count': 0, 'meta': ''}, {'name': ' None', 'count': 0, 'meta': ''}, {'name': ' None', 'count': 0, 'meta': ''}, {'name': ' None', 'count': 0, 'meta': ''}, {'name': ' None', 'count': 0, 'meta': ''}, {'name': ' None', 'count': 0, 'meta': ''}, {'name': ' None', 'count': 0, 'meta': ''}, {'name': ' None', 'count': 0, 'meta': ''}, {'name': ' None', 'count': 0, 'meta': ''}, {'name': ' None', 'count': 0, 'meta': ''}, {'name': ' None', 'count': 0, 'meta': ''}, {'name': ' None', 'count': 0, 'meta': ''}, {'name': ' None', 'count': 0, 'meta': ''}, {'name': ' None', 'count': 0, 'meta': ''}, {'name': ' None', 'count': 0, 'meta': ''}, {'name': ' None', 'count': 0, 'meta': ''}, {'name': ' None', 'count': 0, 'meta': ''}, {'name': ' None', 'count': 0, 'meta': ''}, {'name': ' None', 'count': 0, 'meta': ''}, {'name': ' None', 'count': 0, 'meta': ''}, {'name': ' None', 'count': 0, 'meta': ''}, {'name': ' None', 'count': 0, 'meta': ''}, {'name': ' None', 'count': 0, 'meta': ''}, {'name': ' None', 'count': 0, 'meta': ''}, {'name': ' None', 'count': 0, 'meta': ''}, {'name': ' None', 'count': 0, 'meta': ''}, {'name': ' None', 'count': 0, 'meta': ''}, {'name': ' None', 'count': 0, 'meta': ''}, {'name': ' None', 'count': 0, 'meta': ''}, {'name': ' None', 'count': 0, 'meta': ''}, {'name': ' None', 'count': 0, 'meta': ''}, {'name': ' None', 'count': 0, 'meta': ''}]","Armor Slot 0: None, Count: 0; Armor Slot 1: None, Count: 0; Armor Slot 2: None, Count: 0; Armor Slot 3: None, Count: 0; ","Offhand: None, Count: 0; ",[],20.0,20.0,"[-0.9265380182043875, -0.2104719973912325, 0.3118153927182416]",south,0,0 minecraft:air,False,Player is not currently riding anything,0.0784000015258789
118.0,14:43:05.486531700,2025-07-30,literal{MF},"(-12.800963498373905, 68.0, 46.69999998807907)",20.0,"[{'name': ' None', 'count': 0, 'meta': ''}, {'name': ' None', 'count': 0, 'meta': ''}, {'name': ' None', 'count': 0, 'meta': ''}, {'name': ' None', 'count': 0, 'meta': ''}, {'name': ' None', 'count': 0, 'meta': ''}, {'name': ' None', 'count': 0, 'meta': ''}, {'name': ' None', 'count': 0, 'meta': ''}, {'name': ' None', 'count': 0, 'meta': ''}, {'name': ' None', 'count': 0, 'meta': ''}, {'name': ' None', 'count': 0, 'meta': ''}, {'name': ' None', 'count': 0, 'meta': ''}, {'name': ' None', 'count': 0, 'meta': ''}, {'name': ' None', 'count': 0, 'meta': ''}, {'name': ' None', 'count': 0, 'meta': ''}, {'name': ' None', 'count': 0, 'meta': ''}, {'name': ' None', 'count': 0, 'meta': ''}, {'name': ' None', 'count': 0, 'meta': ''}, {'name': ' None', 'count': 0, 'meta': ''}, {'name': ' None', 'count': 0, 'meta': ''}, {'name': ' None', 'count': 0, 'meta': ''}, {'name': ' None', 'count': 0, 'meta': ''}, {'name': ' None', 'count': 0, 'meta': ''}, {'name': ' None', 'count': 0, 'meta': ''}, {'name': ' None', 'count': 0, 'meta': ''}, {'name': ' None', 'count': 0, 'meta': ''}, {'name': ' None', 'count': 0, 'meta': ''}, {'name': ' None', 'count': 0, 'meta': ''}, {'name': ' None', 'count': 0, 'meta': ''}, {'name': ' None', 'count': 0, 'meta': ''}, {'name': ' None', 'count': 0, 'meta': ''}, {'name': ' None', 'count': 0, 'meta': ''}, {'name': ' None', 'count': 0, 'meta': ''}, {'name': ' None', 'count': 0, 'meta': ''}, {'name': ' None', 'count': 0, 'meta': ''}, {'name': ' None', 'count': 0, 'meta': ''}, {'name': ' None', 'count': 0, 'meta': ''}]","Armor Slot 0: None, Count: 0; Armor Slot 1: None, Count: 0; Armor Slot 2: None, Count: 0; Armor Slot 3: None, Count: 0; ","Offhand: None, Count: 0; ",[],20.0,20.0,"[-0.9111094497117436, -0.2385336709472549, 0.336126848779431]",south,0,0 minecraft:air,False,Player is not currently riding anything,0.0784000015258789
118.0,14:43:05.542461500,2025-07-30,literal{MF},"(-12.803302747460808, 68.0, 46.69999998807907)",20.0,"[{'name': ' None', 'count': 0, 'meta': ''}, {'name': ' None', 'count': 0, 'meta': ''}, {'name': ' None', 'count': 0, 'meta': ''}, {'name': ' None', 'count': 0, 'meta': ''}, {'name': ' None', 'count': 0, 'meta': ''}, {'name': ' None', 'count': 0, 'meta': ''}, {'name': ' None', 'count': 0, 'meta': ''}, {'name': ' None', 'count': 0, 'meta': ''}, {'name': ' None', 'count': 0, 'meta': ''}, {'name': ' None', 'count': 0, 'meta': ''}, {'name': ' None', 'count': 0, 'meta': ''}, {'name': ' None', 'count': 0, 'meta': ''}, {'name': ' None', 'count': 0, 'meta': ''}, {'name': ' None', 'count': 0, 'meta': ''}, {'name': ' None', 'count': 0, 'meta': ''}, {'name': ' None', 'count': 0, 'meta': ''}, {'name': ' None', 'count': 0, 'meta': ''}, {'name': ' None', 'count': 0, 'meta': ''}, {'name': ' None', 'count': 0, 'meta': ''}, {'name': ' None', 'count': 0, 'meta': ''}, {'name': ' None', 'count': 0, 'meta': ''}, {'name': ' None', 'count': 0, 'meta': ''}, {'name': ' None', 'count': 0, 'meta': ''}, {'name': ' None', 'count': 0, 'meta': ''}, {'name': ' None', 'count': 0, 'meta': ''}, {'name': ' None', 'count': 0, 'meta': ''}, {'name': ' None', 'count': 0, 'meta': ''}, {'name': ' None', 'count': 0, 'meta': ''}, {'name': ' None', 'count': 0, 'meta': ''}, {'name': ' None', 'count': 0, 'meta': ''}, {'name': ' None', 'count': 0, 'meta': ''}, {'name': ' None', 'count': 0, 'meta': ''}, {'name': ' None', 'count': 0, 'meta': ''}, {'name': ' None', 'count': 0, 'meta': ''}, {'name': ' None', 'count': 0, 'meta': ''}, {'name': ' None', 'count': 0, 'meta': ''}]","Armor Slot 0: None, Count: 0; Armor Slot 1: None, Count: 0; Armor Slot 2: None, Count: 0; Armor Slot 3: None, Count: 0; ","Offhand: None, Count: 0; ",[],20.0,20.0,"[-0.8879547638438134, -0.29654179752060905, 0.3515669206428894]",south,0,0 minecraft:air,False,Player is not currently riding anything,0.0784000015258789
118.0,14:43:05.584537100,2025-07-30,literal{MF},"(-12.841568497674754, 68.0, 46.69999998807907)",20.0,"[{'name': ' None', 'count': 0, 'meta': ''}, {'name': ' None', 'count': 0, 'meta': ''}, {'name': ' None', 'count': 0, 'meta': ''}, {'name': ' None', 'count': 0, 'meta': ''}, {'name': ' None', 'count': 0, 'meta': ''}, {'name': ' None', 'count': 0, 'meta': ''}, {'name': ' None', 'count': 0, 'meta': ''}, {'name': ' None', 'count': 0, 'meta': ''}, {'name': ' None', 'count': 0, 'meta': ''}, {'name': ' None', 'count': 0, 'meta': ''}, {'name': ' None', 'count': 0, 'meta': ''}, {'name': ' None', 'count': 0, 'meta': ''}, {'name': ' None', 'count': 0, 'meta': ''}, {'name': ' None', 'count': 0, 'meta': ''}, {'name': ' None', 'count': 0, 'meta': ''}, {'name': ' None', 'count': 0, 'meta': ''}, {'name': ' None', 'count': 0, 'meta': ''}, {'name': ' None', 'count': 0, 'meta': ''}, {'name': ' None', 'count': 0, 'meta': ''}, {'name': ' None', 'count': 0, 'meta': ''}, {'name': ' None', 'count': 0, 'meta': ''}, {'name': ' None', 'count': 0, 'meta': ''}, {'name': ' None', 'count': 0, 'meta': ''}, {'name': ' None', 'count': 0, 'meta': ''}, {'name': ' None', 'count': 0, 'meta': ''}, {'name': ' None', 'count': 0, 'meta': ''}, {'name': ' None', 'count': 0, 'meta': ''}, {'name': ' None', 'count': 0, 'meta': ''}, {'name': ' None', 'count': 0, 'meta': ''}, {'name': ' None', 'count': 0, 'meta': ''}, {'name': ' None', 'count': 0, 'meta': ''}, {'name': ' None', 'count': 0, 'meta': ''}, {'name': ' None', 'count': 0, 'meta': ''}, {'name': ' None', 'count': 0, 'meta': ''}, {'name': ' None', 'count': 0, 'meta': ''}, {'name': ' None', 'count': 0, 'meta': ''}]","Armor Slot 0: None, Count: 0; Armor Slot 1: None, Count: 0; Armor Slot 2: None, Count: 0; Armor Slot 3: None, Count: 0; ","Offhand: None, Count: 0; ",[],20.0,20.0,"[-0.8684378687525223, -0.34120020824823516, 0.35971945458640137]",south,0,0 minecraft:air,False,Player is not currently riding anything,0.0784000015258789
118.0,14:43:05.634837400,2025-07-30,literal{MF},"(-12.900727349932302, 68.0, 46.69999998807907)",20.0,"[{'name': ' None', 'count': 0, 'meta': ''}, {'name': ' None', 'count': 0, 'meta': ''}, {'name': ' None', 'count': 0, 'meta': ''}, {'name': ' None', 'count': 0, 'meta': ''}, {'name': ' None', 'count': 0, 'meta': ''}, {'name': ' None', 'count': 0, 'meta': ''}, {'name': ' None', 'count': 0, 'meta': ''}, {'name': ' None', 'count': 0, 'meta': ''}, {'name': ' None', 'count': 0, 'meta': ''}, {'name': ' None', 'count': 0, 'meta': ''}, {'name': ' None', 'count': 0, 'meta': ''}, {'name': ' None', 'count': 0, 'meta': ''}, {'name': ' None', 'count': 0, 'meta': ''}, {'name': ' None', 'count': 0, 'meta': ''}, {'name': ' None', 'count': 0, 'meta': ''}, {'name': ' None', 'count': 0, 'meta': ''}, {'name': ' None', 'count': 0, 'meta': ''}, {'name': ' None', 'count': 0, 'meta': ''}, {'name': ' None', 'count': 0, 'meta': ''}, {'name': ' None', 'count': 0, 'meta': ''}, {'name': ' None', 'count': 0, 'meta': ''}, {'name': ' None', 'count': 0, 'meta': ''}, {'name': ' None', 'count': 0, 'meta': ''}, {'name': ' None', 'count': 0, 'meta': ''}, {'name': ' None', 'count': 0, 'meta': ''}, {'name': ' None', 'count': 0, 'meta': ''}, {'name': ' None', 'count': 0, 'meta': ''}, {'name': ' None', 'count': 0, 'meta': ''}, {'name': ' None', 'count': 0, 'meta': ''}, {'name': ' None', 'count': 0, 'meta': ''}, {'name': ' None', 'count': 0, 'meta': ''}, {'name': ' None', 'count': 0, 'meta': ''}, {'name': ' None', 'count': 0, 'meta': ''}, {'name': ' None', 'count': 0, 'meta': ''}, {'name': ' None', 'count': 0, 'meta': ''}, {'name': ' None', 'count': 0, 'meta': ''}]","Armor Slot 0: None, Count: 0; Armor Slot 1: None, Count: 0; Armor Slot 2: None, Count: 0; Armor Slot 3: None, Count: 0; ","Offhand: None, Count: 0; ",[],20.0,20.0,"[-0.8684378687525223, -0.34120020824823516, 0.35971945458640137]",south,0,0 minecraft:air,False,Player is not currently riding anything,0.0784000015258789
118.0,14:43:05.685212,2025-07-30,literal{MF},"(-12.971293837230684, 68.0, 46.69999998807907)",20.0,"[{'name': ' None', 'count': 0, 'meta': ''}, {'name': ' None', 'count': 0, 'meta': ''}, {'name': ' None', 'count': 0, 'meta': ''}, {'name': ' None', 'count': 0, 'meta': ''}, {'name': ' None', 'count': 0, 'meta': ''}, {'name': ' None', 'count': 0, 'meta': ''}, {'name': ' None', 'count': 0, 'meta': ''}, {'name': ' None', 'count': 0, 'meta': ''}, {'name': ' None', 'count': 0, 'meta': ''}, {'name': ' None', 'count': 0, 'meta': ''}, {'name': ' None', 'count': 0, 'meta': ''}, {'name': ' None', 'count': 0, 'meta': ''}, {'name': ' None', 'count': 0, 'meta': ''}, {'name': ' None', 'count': 0, 'meta': ''}, {'name': ' None', 'count': 0, 'meta': ''}, {'name': ' None', 'count': 0, 'meta': ''}, {'name': ' None', 'count': 0, 'meta': ''}, {'name': ' None', 'count': 0, 'meta': ''}, {'name': ' None', 'count': 0, 'meta': ''}, {'name': ' None', 'count': 0, 'meta': ''}, {'name': ' None', 'count': 0, 'meta': ''}, {'name': ' None', 'count': 0, 'meta': ''}, {'name': ' None', 'count': 0, 'meta': ''}, {'name': ' None', 'count': 0, 'meta': ''}, {'name': ' None', 'count': 0, 'meta': ''}, {'name': ' None', 'count': 0, 'meta': ''}, {'name': ' None', 'count': 0, 'meta': ''}, {'name': ' None', 'count': 0, 'meta': ''}, {'name': ' None', 'count': 0, 'meta': ''}, {'name': ' None', 'count': 0, 'meta': ''}, {'name': ' None', 'count': 0, 'meta': ''}, {'name': ' None', 'count': 0, 'meta': ''}, {'name': ' None', 'count': 0, 'meta': ''}, {'name': ' None', 'count': 0, 'meta': ''}, {'name': ' None', 'count': 0, 'meta': ''}, {'name': ' None', 'count': 0, 'meta': ''}]","Armor Slot 0: None, Count: 0; Armor Slot 1: None, Count: 0; Armor Slot 2: None, Count: 0; Armor Slot 3: None, Count: 0; ","Offhand: None, Count: 0; ",[],20.0,20.0,"[-0.8684378687525223, -0.34120020824823516, 0.35971945458640137]",south,0,0 minecraft:air,False,Player is not currently riding anything,0.0784000015258789
118.0,14:43:05.734955200,2025-07-30,literal{MF},"(-13.048088893984826, 68.0, 46.69999998807907)",20.0,"[{'name': ' None', 'count': 0, 'meta': ''}, {'name': ' None', 'count': 0, 'meta': ''}, {'name': ' None', 'count': 0, 'meta': ''}, {'name': ' None', 'count': 0, 'meta': ''}, {'name': ' None', 'count': 0, 'meta': ''}, {'name': ' None', 'count': 0, 'meta': ''}, {'name': ' None', 'count': 0, 'meta': ''}, {'name': ' None', 'count': 0, 'meta': ''}, {'name': ' None', 'count': 0, 'meta': ''}, {'name': ' None', 'count': 0, 'meta': ''}, {'name': ' None', 'count': 0, 'meta': ''}, {'name': ' None', 'count': 0, 'meta': ''}, {'name': ' None', 'count': 0, 'meta': ''}, {'name': ' None', 'count': 0, 'meta': ''}, {'name': ' None', 'count': 0, 'meta': ''}, {'name': ' None', 'count': 0, 'meta': ''}, {'name': ' None', 'count': 0, 'meta': ''}, {'name': ' None', 'count': 0, 'meta': ''}, {'name': ' None', 'count': 0, 'meta': ''}, {'name': ' None', 'count': 0, 'meta': ''}, {'name': ' None', 'count': 0, 'meta': ''}, {'name': ' None', 'count': 0, 'meta': ''}, {'name': ' None', 'count': 0, 'meta': ''}, {'name': ' None', 'count': 0, 'meta': ''}, {'name': ' None', 'count': 0, 'meta': ''}, {'name': ' None', 'count': 0, 'meta': ''}, {'name': ' None', 'count': 0, 'meta': ''}, {'name': ' None', 'count': 0, 'meta': ''}, {'name': ' None', 'count': 0, 'meta': ''}, {'name': ' None', 'count': 0, 'meta': ''}, {'name': ' None', 'count': 0, 'meta': ''}, {'name': ' None', 'count': 0, 'meta': ''}, {'name': ' None', 'count': 0, 'meta': ''}, {'name': ' None', 'count': 0, 'meta': ''}, {'name': ' None', 'count': 0, 'meta': ''}, {'name': ' None', 'count': 0, 'meta': ''}]","Armor Slot 0: None, Count: 0; Armor Slot 1: None, Count: 0; Armor Slot 2: None, Count: 0; Armor Slot 3: None, Count: 0; ","Offhand: None, Count: 0; ",[],20.0,20.0,"[-0.8684378687525223, -0.34120020824823516, 0.35971945458640137]",south,0,0 minecraft:air,False,Player is not currently riding anything,0.0784000015258789
118.0,14:43:05.785435800,2025-07-30,literal{MF},"(-13.128284750056824, 68.0, 46.69999998807907)",20.0,"[{'name': ' None', 'count': 0, 'meta': ''}, {'name': ' None', 'count': 0, 'meta': ''}, {'name': ' None', 'count': 0, 'meta': ''}, {'name': ' None', 'count': 0, 'meta': ''}, {'name': ' None', 'count': 0, 'meta': ''}, {'name': ' None', 'count': 0, 'meta': ''}, {'name': ' None', 'count': 0, 'meta': ''}, {'name': ' None', 'count': 0, 'meta': ''}, {'name': ' None', 'count': 0, 'meta': ''}, {'name': ' None', 'count': 0, 'meta': ''}, {'name': ' None', 'count': 0, 'meta': ''}, {'name': ' None', 'count': 0, 'meta': ''}, {'name': ' None', 'count': 0, 'meta': ''}, {'name': ' None', 'count': 0, 'meta': ''}, {'name': ' None', 'count': 0, 'meta': ''}, {'name': ' None', 'count': 0, 'meta': ''}, {'name': ' None', 'count': 0, 'meta': ''}, {'name': ' None', 'count': 0, 'meta': ''}, {'name': ' None', 'count': 0, 'meta': ''}, {'name': ' None', 'count': 0, 'meta': ''}, {'name': ' None', 'count': 0, 'meta': ''}, {'name': ' None', 'count': 0, 'meta': ''}, {'name': ' None', 'count': 0, 'meta': ''}, {'name': ' None', 'count': 0, 'meta': ''}, {'name': ' None', 'count': 0, 'meta': ''}, {'name': ' None', 'count': 0, 'meta': ''}, {'name': ' None', 'count': 0, 'meta': ''}, {'name': ' None', 'count': 0, 'meta': ''}, {'name': ' None', 'count': 0, 'meta': ''}, {'name': ' None', 'count': 0, 'meta': ''}, {'name': ' None', 'count': 0, 'meta': ''}, {'name': ' None', 'count': 0, 'meta': ''}, {'name': ' None', 'count': 0, 'meta': ''}, {'name': ' None', 'count': 0, 'meta': ''}, {'name': ' None', 'count': 0, 'meta': ''}, {'name': ' None', 'count': 0, 'meta': ''}]","Armor Slot 0: None, Count: 0; Armor Slot 1: None, Count: 0; Armor Slot 2: None, Count: 0; Armor Slot 3: None, Count: 0; ","Offhand: None, Count: 0; ",[],20.0,20.0,"[-0.8684378687525223, -0.34120020824823516, 0.35971945458640137]",south,0,0 minecraft:air,False,Player is not currently riding anything,0.0784000015258789
118.0,14:43:05.834130,2025-07-30,literal{MF},"(-13.21033744277205, 68.0, 46.69999998807907)",20.0,"[{'name': ' None', 'count': 0, 'meta': ''}, {'name': ' None', 'count': 0, 'meta': ''}, {'name': ' None', 'count': 0, 'meta': ''}, {'name': ' None', 'count': 0, 'meta': ''}, {'name': ' None', 'count': 0, 'meta': ''}, {'name': ' None', 'count': 0, 'meta': ''}, {'name': ' None', 'count': 0, 'meta': ''}, {'name': ' None', 'count': 0, 'meta': ''}, {'name': ' None', 'count': 0, 'meta': ''}, {'name': ' None', 'count': 0, 'meta': ''}, {'name': ' None', 'count': 0, 'meta': ''}, {'name': ' None', 'count': 0, 'meta': ''}, {'name': ' None', 'count': 0, 'meta': ''}, {'name': ' None', 'count': 0, 'meta': ''}, {'name': ' None', 'count': 0, 'meta': ''}, {'name': ' None', 'count': 0, 'meta': ''}, {'name': ' None', 'count': 0, 'meta': ''}, {'name': ' None', 'count': 0, 'meta': ''}, {'name': ' None', 'count': 0, 'meta': ''}, {'name': ' None', 'count': 0, 'meta': ''}, {'name': ' None', 'count': 0, 'meta': ''}, {'name': ' None', 'count': 0, 'meta': ''}, {'name': ' None', 'count': 0, 'meta': ''}, {'name': ' None', 'count': 0, 'meta': ''}, {'name': ' None', 'count': 0, 'meta': ''}, {'name': ' None', 'count': 0, 'meta': ''}, {'name': ' None', 'count': 0, 'meta': ''}, {'name': ' None', 'count': 0, 'meta': ''}, {'name': ' None', 'count': 0, 'meta': ''}, {'name': ' None', 'count': 0, 'meta': ''}, {'name': ' None', 'count': 0, 'meta': ''}, {'name': ' None', 'count': 0, 'meta': ''}, {'name': ' None', 'count': 0, 'meta': ''}, {'name': ' None', 'count': 0, 'meta': ''}, {'name': ' None', 'count': 0, 'meta': ''}, {'name': ' None', 'count': 0, 'meta': ''}]","Armor Slot 0: None, Count: 0; Armor Slot 1: None, Count: 0; Armor Slot 2: None, Count: 0; Armor Slot 3: None, Count: 0; ","Offhand: None, Count: 0; ",[],20.0,20.0,"[-0.8684378687525223, -0.34120020824823516, 0.35971945458640137]",south,0,0 minecraft:air,False,Player is not currently riding anything,0.0784000015258789
118.0,14:43:05.886335300,2025-07-30,literal{MF},"(-13.293403968412235, 68.0, 46.69999998807907)",20.0,"[{'name': ' None', 'count': 0, 'meta': ''}, {'name': ' None', 'count': 0, 'meta': ''}, {'name': ' None', 'count': 0, 'meta': ''}, {'name': ' None', 'count': 0, 'meta': ''}, {'name': ' None', 'count': 0, 'meta': ''}, {'name': ' None', 'count': 0, 'meta': ''}, {'name': ' None', 'count': 0, 'meta': ''}, {'name': ' None', 'count': 0, 'meta': ''}, {'name': ' None', 'count': 0, 'meta': ''}, {'name': ' None', 'count': 0, 'meta': ''}, {'name': ' None', 'count': 0, 'meta': ''}, {'name': ' None', 'count': 0, 'meta': ''}, {'name': ' None', 'count': 0, 'meta': ''}, {'name': ' None', 'count': 0, 'meta': ''}, {'name': ' None', 'count': 0, 'meta': ''}, {'name': ' None', 'count': 0, 'meta': ''}, {'name': ' None', 'count': 0, 'meta': ''}, {'name': ' None', 'count': 0, 'meta': ''}, {'name': ' None', 'count': 0, 'meta': ''}, {'name': ' None', 'count': 0, 'meta': ''}, {'name': ' None', 'count': 0, 'meta': ''}, {'name': ' None', 'count': 0, 'meta': ''}, {'name': ' None', 'count': 0, 'meta': ''}, {'name': ' None', 'count': 0, 'meta': ''}, {'name': ' None', 'count': 0, 'meta': ''}, {'name': ' None', 'count': 0, 'meta': ''}, {'name': ' None', 'count': 0, 'meta': ''}, {'name': ' None', 'count': 0, 'meta': ''}, {'name': ' None', 'count': 0, 'meta': ''}, {'name': ' None', 'count': 0, 'meta': ''}, {'name': ' None', 'count': 0, 'meta': ''}, {'name': ' None', 'count': 0, 'meta': ''}, {'name': ' None', 'count': 0, 'meta': ''}, {'name': ' None', 'count': 0, 'meta': ''}, {'name': ' None', 'count': 0, 'meta': ''}, {'name': ' None', 'count': 0, 'meta': ''}]","Armor Slot 0: None, Count: 0; Armor Slot 1: None, Count: 0; Armor Slot 2: None, Count: 0; Armor Slot 3: None, Count: 0; ","Offhand: None, Count: 0; ",[],20.0,20.0,"[-0.8684378687525223, -0.34120020824823516, 0.35971945458640137]",south,0,0 minecraft:air,False,Player is not currently riding anything,0.0784000015258789
119.0,14:43:05.935685900,2025-07-30,literal{MF},"(-13.375575546089882, 68.0, 46.69999998807907)",20.0,"[{'name': ' None', 'count': 0, 'meta': ''}, {'name': ' None', 'count': 0, 'meta': ''}, {'name': ' None', 'count': 0, 'meta': ''}, {'name': ' None', 'count': 0, 'meta': ''}, {'name': ' None', 'count': 0, 'meta': ''}, {'name': ' None', 'count': 0, 'meta': ''}, {'name': ' None', 'count': 0, 'meta': ''}, {'name': ' None', 'count': 0, 'meta': ''}, {'name': ' None', 'count': 0, 'meta': ''}, {'name': ' None', 'count': 0, 'meta': ''}, {'name': ' None', 'count': 0, 'meta': ''}, {'name': ' None', 'count': 0, 'meta': ''}, {'name': ' None', 'count': 0, 'meta': ''}, {'name': ' None', 'count': 0, 'meta': ''}, {'name': ' None', 'count': 0, 'meta': ''}, {'name': ' None', 'count': 0, 'meta': ''}, {'name': ' None', 'count': 0, 'meta': ''}, {'name': ' None', 'count': 0, 'meta': ''}, {'name': ' None', 'count': 0, 'meta': ''}, {'name': ' None', 'count': 0, 'meta': ''}, {'name': ' None', 'count': 0, 'meta': ''}, {'name': ' None', 'count': 0, 'meta': ''}, {'name': ' None', 'count': 0, 'meta': ''}, {'name': ' None', 'count': 0, 'meta': ''}, {'name': ' None', 'count': 0, 'meta': ''}, {'name': ' None', 'count': 0, 'meta': ''}, {'name': ' None', 'count': 0, 'meta': ''}, {'name': ' None', 'count': 0, 'meta': ''}, {'name': ' None', 'count': 0, 'meta': ''}, {'name': ' None', 'count': 0, 'meta': ''}, {'name': ' None', 'count': 0, 'meta': ''}, {'name': ' None', 'count': 0, 'meta': ''}, {'name': ' None', 'count': 0, 'meta': ''}, {'name': ' None', 'count': 0, 'meta': ''}, {'name': ' None', 'count': 0, 'meta': ''}, {'name': ' None', 'count': 0, 'meta': ''}]","Armor Slot 0: None, Count: 0; Armor Slot 1: None, Count: 0; Armor Slot 2: None, Count: 0; Armor Slot 3: None, Count: 0; ","Offhand: None, Count: 0; ",[],20.0,20.0,"[-0.860194551263279, -0.3485722594931049, 0.3722401293370148]",south,0,0 minecraft:air,False,Player is not currently riding anything,0.1552320045166016
119.0,14:43:05.984768900,2025-07-30,literal{MF},"(-13.45554975192138, 68.0, 46.79363048627605)",20.0,"[{'name': ' None', 'count': 0, 'meta': ''}, {'name': ' None', 'count': 0, 'meta': ''}, {'name': ' None', 'count': 0, 'meta': ''}, {'name': ' None', 'count': 0, 'meta': ''}, {'name': ' None', 'count': 0, 'meta': ''}, {'name': ' None', 'count': 0, 'meta': ''}, {'name': ' None', 'count': 0, 'meta': ''}, {'name': ' None', 'count': 0, 'meta': ''}, {'name': ' None', 'count': 0, 'meta': ''}, {'name': ' None', 'count': 0, 'meta': ''}, {'name': ' None', 'count': 0, 'meta': ''}, {'name': ' None', 'count': 0, 'meta': ''}, {'name': ' None', 'count': 0, 'meta': ''}, {'name': ' None', 'count': 0, 'meta': ''}, {'name': ' None', 'count': 0, 'meta': ''}, {'name': ' None', 'count': 0, 'meta': ''}, {'name': ' None', 'count': 0, 'meta': ''}, {'name': ' None', 'count': 0, 'meta': ''}, {'name': ' None', 'count': 0, 'meta': ''}, {'name': ' None', 'count': 0, 'meta': ''}, {'name': ' None', 'count': 0, 'meta': ''}, {'name': ' None', 'count': 0, 'meta': ''}, {'name': ' None', 'count': 0, 'meta': ''}, {'name': ' None', 'count': 0, 'meta': ''}, {'name': ' None', 'count': 0, 'meta': ''}, {'name': ' None', 'count': 0, 'meta': ''}, {'name': ' None', 'count': 0, 'meta': ''}, {'name': ' None', 'count': 0, 'meta': ''}, {'name': ' None', 'count': 0, 'meta': ''}, {'name': ' None', 'count': 0, 'meta': ''}, {'name': ' None', 'count': 0, 'meta': ''}, {'name': ' None', 'count': 0, 'meta': ''}, {'name': ' None', 'count': 0, 'meta': ''}, {'name': ' None', 'count': 0, 'meta': ''}, {'name': ' None', 'count': 0, 'meta': ''}, {'name': ' None', 'count': 0, 'meta': ''}]","Armor Slot 0: None, Count: 0; Armor Slot 1: None, Count: 0; Armor Slot 2: None, Count: 0; Armor Slot 3: None, Count: 0; ","Offhand: None, Count: 0; ",[],20.0,20.0,"[-0.8498592448034801, -0.3583681360159231, 0.38640851842387136]",south,0,0 minecraft:air,False,Player is not currently riding anything,0.0784000015258789
119.0,14:43:06.035446900,2025-07-30,literal{MF},"(-13.533334721545003, 68.0, 46.93874824889151)",20.0,"[{'name': ' None', 'count': 0, 'meta': ''}, {'name': ' None', 'count': 0, 'meta': ''}, {'name': ' None', 'count': 0, 'meta': ''}, {'name': ' None', 'count': 0, 'meta': ''}, {'name': ' None', 'count': 0, 'meta': ''}, {'name': ' None', 'count': 0, 'meta': ''}, {'name': ' None', 'count': 0, 'meta': ''}, {'name': ' None', 'count': 0, 'meta': ''}, {'name': ' None', 'count': 0, 'meta': ''}, {'name': ' None', 'count': 0, 'meta': ''}, {'name': ' None', 'count': 0, 'meta': ''}, {'name': ' None', 'count': 0, 'meta': ''}, {'name': ' None', 'count': 0, 'meta': ''}, {'name': ' None', 'count': 0, 'meta': ''}, {'name': ' None', 'count': 0, 'meta': ''}, {'name': ' None', 'count': 0, 'meta': ''}, {'name': ' None', 'count': 0, 'meta': ''}, {'name': ' None', 'count': 0, 'meta': ''}, {'name': ' None', 'count': 0, 'meta': ''}, {'name': ' None', 'count': 0, 'meta': ''}, {'name': ' None', 'count': 0, 'meta': ''}, {'name': ' None', 'count': 0, 'meta': ''}, {'name': ' None', 'count': 0, 'meta': ''}, {'name': ' None', 'count': 0, 'meta': ''}, {'name': ' None', 'count': 0, 'meta': ''}, {'name': ' None', 'count': 0, 'meta': ''}, {'name': ' None', 'count': 0, 'meta': ''}, {'name': ' None', 'count': 0, 'meta': ''}, {'name': ' None', 'count': 0, 'meta': ''}, {'name': ' None', 'count': 0, 'meta': ''}, {'name': ' None', 'count': 0, 'meta': ''}, {'name': ' None', 'count': 0, 'meta': ''}, {'name': ' None', 'count': 0, 'meta': ''}, {'name': ' None', 'count': 0, 'meta': ''}, {'name': ' None', 'count': 0, 'meta': ''}, {'name': ' None', 'count': 0, 'meta': ''}]","Armor Slot 0: None, Count: 0; Armor Slot 1: None, Count: 0; Armor Slot 2: None, Count: 0; Armor Slot 3: None, Count: 0; ","Offhand: None, Count: 0; ",[],20.0,20.0,"[-0.8449134187320199, -0.360811006560812, 0.3948882530427365]",south,0,0 minecraft:air,False,Player is not currently riding anything,0.0784000015258789
119.0,14:43:06.084190700,2025-07-30,literal{MF},"(-13.608695793729913, 68.0, 47.1124148900553)",20.0,"[{'name': ' None', 'count': 0, 'meta': ''}, {'name': ' None', 'count': 0, 'meta': ''}, {'name': ' None', 'count': 0, 'meta': ''}, {'name': ' None', 'count': 0, 'meta': ''}, {'name': ' None', 'count': 0, 'meta': ''}, {'name': ' None', 'count': 0, 'meta': ''}, {'name': ' None', 'count': 0, 'meta': ''}, {'name': ' None', 'count': 0, 'meta': ''}, {'name': ' None', 'count': 0, 'meta': ''}, {'name': ' None', 'count': 0, 'meta': ''}, {'name': ' None', 'count': 0, 'meta': ''}, {'name': ' None', 'count': 0, 'meta': ''}, {'name': ' None', 'count': 0, 'meta': ''}, {'name': ' None', 'count': 0, 'meta': ''}, {'name': ' None', 'count': 0, 'meta': ''}, {'name': ' None', 'count': 0, 'meta': ''}, {'name': ' None', 'count': 0, 'meta': ''}, {'name': ' None', 'count': 0, 'meta': ''}, {'name': ' None', 'count': 0, 'meta': ''}, {'name': ' None', 'count': 0, 'meta': ''}, {'name': ' None', 'count': 0, 'meta': ''}, {'name': ' None', 'count': 0, 'meta': ''}, {'name': ' None', 'count': 0, 'meta': ''}, {'name': ' None', 'count': 0, 'meta': ''}, {'name': ' None', 'count': 0, 'meta': ''}, {'name': ' None', 'count': 0, 'meta': ''}, {'name': ' None', 'count': 0, 'meta': ''}, {'name': ' None', 'count': 0, 'meta': ''}, {'name': ' None', 'count': 0, 'meta': ''}, {'name': ' None', 'count': 0, 'meta': ''}, {'name': ' None', 'count': 0, 'meta': ''}, {'name': ' None', 'count': 0, 'meta': ''}, {'name': ' None', 'count': 0, 'meta': ''}, {'name': ' None', 'count': 0, 'meta': ''}, {'name': ' None', 'count': 0, 'meta': ''}, {'name': ' None', 'count': 0, 'meta': ''}]","Armor Slot 0: None, Count: 0; Armor Slot 1: None, Count: 0; Armor Slot 2: None, Count: 0; Armor Slot 3: None, Count: 0; ","Offhand: None, Count: 0; ",[],20.0,20.0,"[-0.8388188027971277, -0.3632514041600398, 0.40550145924491154]",south,0,0 minecraft:air,False,Player is not currently riding anything,0.0784000015258789
119.0,14:43:06.136506900,2025-07-30,literal{MF},"(-13.682733417759565, 68.0, 47.30166922071703)",20.0,"[{'name': ' None', 'count': 0, 'meta': ''}, {'name': ' None', 'count': 0, 'meta': ''}, {'name': ' None', 'count': 0, 'meta': ''}, {'name': ' None', 'count': 0, 'meta': ''}, {'name': ' None', 'count': 0, 'meta': ''}, {'name': ' None', 'count': 0, 'meta': ''}, {'name': ' None', 'count': 0, 'meta': ''}, {'name': ' None', 'count': 0, 'meta': ''}, {'name': ' None', 'count': 0, 'meta': ''}, {'name': ' None', 'count': 0, 'meta': ''}, {'name': ' None', 'count': 0, 'meta': ''}, {'name': ' None', 'count': 0, 'meta': ''}, {'name': ' None', 'count': 0, 'meta': ''}, {'name': ' None', 'count': 0, 'meta': ''}, {'name': ' None', 'count': 0, 'meta': ''}, {'name': ' None', 'count': 0, 'meta': ''}, {'name': ' None', 'count': 0, 'meta': ''}, {'name': ' None', 'count': 0, 'meta': ''}, {'name': ' None', 'count': 0, 'meta': ''}, {'name': ' None', 'count': 0, 'meta': ''}, {'name': ' None', 'count': 0, 'meta': ''}, {'name': ' None', 'count': 0, 'meta': ''}, {'name': ' None', 'count': 0, 'meta': ''}, {'name': ' None', 'count': 0, 'meta': ''}, {'name': ' None', 'count': 0, 'meta': ''}, {'name': ' None', 'count': 0, 'meta': ''}, {'name': ' None', 'count': 0, 'meta': ''}, {'name': ' None', 'count': 0, 'meta': ''}, {'name': ' None', 'count': 0, 'meta': ''}, {'name': ' None', 'count': 0, 'meta': ''}, {'name': ' None', 'count': 0, 'meta': ''}, {'name': ' None', 'count': 0, 'meta': ''}, {'name': ' None', 'count': 0, 'meta': ''}, {'name': ' None', 'count': 0, 'meta': ''}, {'name': ' None', 'count': 0, 'meta': ''}, {'name': ' None', 'count': 0, 'meta': ''}]","Armor Slot 0: None, Count: 0; Armor Slot 1: None, Count: 0; Armor Slot 2: None, Count: 0; Armor Slot 3: None, Count: 0; ","Offhand: None, Count: 0; ",[],20.0,20.0,"[-0.8379597375191871, -0.36568931208747973, 0.4050861702425311]",south,0,0 minecraft:air,False,Player is not currently riding anything,0.0784000015258789
119.0,14:43:06.183855600,2025-07-30,literal{MF},"(-13.757277013342884, 68.0, 47.49899760192264)",20.0,"[{'name': ' None', 'count': 0, 'meta': ''}, {'name': ' None', 'count': 0, 'meta': ''}, {'name': ' None', 'count': 0, 'meta': ''}, {'name': ' None', 'count': 0, 'meta': ''}, {'name': ' None', 'count': 0, 'meta': ''}, {'name': ' None', 'count': 0, 'meta': ''}, {'name': ' None', 'count': 0, 'meta': ''}, {'name': ' None', 'count': 0, 'meta': ''}, {'name': ' None', 'count': 0, 'meta': ''}, {'name': ' None', 'count': 0, 'meta': ''}, {'name': ' None', 'count': 0, 'meta': ''}, {'name': ' None', 'count': 0, 'meta': ''}, {'name': ' None', 'count': 0, 'meta': ''}, {'name': ' None', 'count': 0, 'meta': ''}, {'name': ' None', 'count': 0, 'meta': ''}, {'name': ' None', 'count': 0, 'meta': ''}, {'name': ' None', 'count': 0, 'meta': ''}, {'name': ' None', 'count': 0, 'meta': ''}, {'name': ' None', 'count': 0, 'meta': ''}, {'name': ' None', 'count': 0, 'meta': ''}, {'name': ' None', 'count': 0, 'meta': ''}, {'name': ' None', 'count': 0, 'meta': ''}, {'name': ' None', 'count': 0, 'meta': ''}, {'name': ' None', 'count': 0, 'meta': ''}, {'name': ' None', 'count': 0, 'meta': ''}, {'name': ' None', 'count': 0, 'meta': ''}, {'name': ' None', 'count': 0, 'meta': ''}, {'name': ' None', 'count': 0, 'meta': ''}, {'name': ' None', 'count': 0, 'meta': ''}, {'name': ' None', 'count': 0, 'meta': ''}, {'name': ' None', 'count': 0, 'meta': ''}, {'name': ' None', 'count': 0, 'meta': ''}, {'name': ' None', 'count': 0, 'meta': ''}, {'name': ' None', 'count': 0, 'meta': ''}, {'name': ' None', 'count': 0, 'meta': ''}, {'name': ' None', 'count': 0, 'meta': ''}]","Armor Slot 0: None, Count: 0; Armor Slot 1: None, Count: 0; Armor Slot 2: None, Count: 0; Armor Slot 3: None, Count: 0; ","Offhand: None, Count: 0; ",[],20.0,20.0,"[-0.8387816436759398, -0.37784092243430145, 0.39202243758015304]",south,0,0 minecraft:air,False,Player is not currently riding anything,0.0784000015258789
119.0,14:43:06.234750400,2025-07-30,literal{MF},"(-13.8335706562326, 68.0, 47.700186409260695)",20.0,"[{'name': ' None', 'count': 0, 'meta': ''}, {'name': ' None', 'count': 0, 'meta': ''}, {'name': ' None', 'count': 0, 'meta': ''}, {'name': ' None', 'count': 0, 'meta': ''}, {'name': ' None', 'count': 0, 'meta': ''}, {'name': ' None', 'count': 0, 'meta': ''}, {'name': ' None', 'count': 0, 'meta': ''}, {'name': ' None', 'count': 0, 'meta': ''}, {'name': ' None', 'count': 0, 'meta': ''}, {'name': ' None', 'count': 0, 'meta': ''}, {'name': ' None', 'count': 0, 'meta': ''}, {'name': ' None', 'count': 0, 'meta': ''}, {'name': ' None', 'count': 0, 'meta': ''}, {'name': ' None', 'count': 0, 'meta': ''}, {'name': ' None', 'count': 0, 'meta': ''}, {'name': ' None', 'count': 0, 'meta': ''}, {'name': ' None', 'count': 0, 'meta': ''}, {'name': ' None', 'count': 0, 'meta': ''}, {'name': ' None', 'count': 0, 'meta': ''}, {'name': ' None', 'count': 0, 'meta': ''}, {'name': ' None', 'count': 0, 'meta': ''}, {'name': ' None', 'count': 0, 'meta': ''}, {'name': ' None', 'count': 0, 'meta': ''}, {'name': ' None', 'count': 0, 'meta': ''}, {'name': ' None', 'count': 0, 'meta': ''}, {'name': ' None', 'count': 0, 'meta': ''}, {'name': ' None', 'count': 0, 'meta': ''}, {'name': ' None', 'count': 0, 'meta': ''}, {'name': ' None', 'count': 0, 'meta': ''}, {'name': ' None', 'count': 0, 'meta': ''}, {'name': ' None', 'count': 0, 'meta': ''}, {'name': ' None', 'count': 0, 'meta': ''}, {'name': ' None', 'count': 0, 'meta': ''}, {'name': ' None', 'count': 0, 'meta': ''}, {'name': ' None', 'count': 0, 'meta': ''}, {'name': ' None', 'count': 0, 'meta': ''}]","Armor Slot 0: None, Count: 0; Armor Slot 1: None, Count: 0; Armor Slot 2: None, Count: 0; Armor Slot 3: None, Count: 0; ","Offhand: None, Count: 0; ",[],20.0,20.0,"[-0.8439302701051841, -0.38026354204593604, 0.378393099555039]",south,0,0 minecraft:air,False,Player is not currently riding anything,0.0784000015258789
119.0,14:43:06.283830300,2025-07-30,literal{MF},"(-13.911312127655991, 68.0, 47.90329404622113)",20.0,"[{'name': ' None', 'count': 0, 'meta': ''}, {'name': ' None', 'count': 0, 'meta': ''}, {'name': ' None', 'count': 0, 'meta': ''}, {'name': ' None', 'count': 0, 'meta': ''}, {'name': ' None', 'count': 0, 'meta': ''}, {'name': ' None', 'count': 0, 'meta': ''}, {'name': ' None', 'count': 0, 'meta': ''}, {'name': ' None', 'count': 0, 'meta': ''}, {'name': ' None', 'count': 0, 'meta': ''}, {'name': ' None', 'count': 0, 'meta': ''}, {'name': ' None', 'count': 0, 'meta': ''}, {'name': ' None', 'count': 0, 'meta': ''}, {'name': ' None', 'count': 0, 'meta': ''}, {'name': ' None', 'count': 0, 'meta': ''}, {'name': ' None', 'count': 0, 'meta': ''}, {'name': ' None', 'count': 0, 'meta': ''}, {'name': ' None', 'count': 0, 'meta': ''}, {'name': ' None', 'count': 0, 'meta': ''}, {'name': ' None', 'count': 0, 'meta': ''}, {'name': ' None', 'count': 0, 'meta': ''}, {'name': ' None', 'count': 0, 'meta': ''}, {'name': ' None', 'count': 0, 'meta': ''}, {'name': ' None', 'count': 0, 'meta': ''}, {'name': ' None', 'count': 0, 'meta': ''}, {'name': ' None', 'count': 0, 'meta': ''}, {'name': ' None', 'count': 0, 'meta': ''}, {'name': ' None', 'count': 0, 'meta': ''}, {'name': ' None', 'count': 0, 'meta': ''}, {'name': ' None', 'count': 0, 'meta': ''}, {'name': ' None', 'count': 0, 'meta': ''}, {'name': ' None', 'count': 0, 'meta': ''}, {'name': ' None', 'count': 0, 'meta': ''}, {'name': ' None', 'count': 0, 'meta': ''}, {'name': ' None', 'count': 0, 'meta': ''}, {'name': ' None', 'count': 0, 'meta': ''}, {'name': ' None', 'count': 0, 'meta': ''}]","Armor Slot 0: None, Count: 0; Armor Slot 1: None, Count: 0; Armor Slot 2: None, Count: 0; Armor Slot 3: None, Count: 0; ","Offhand: None, Count: 0; ",[],20.0,20.0,"[-0.8458999493214812, -0.38026354204593604, 0.3739691355293832]",south,0,0 minecraft:air,False,Player is not currently riding anything,0.0784000015258789
119.0,14:43:06.343461600,2025-07-30,literal{MF},"(-13.993718917843657, 68.0, 48.10585625552646)",20.0,"[{'name': ' None', 'count': 0, 'meta': ''}, {'name': ' None', 'count': 0, 'meta': ''}, {'name': ' None', 'count': 0, 'meta': ''}, {'name': ' None', 'count': 0, 'meta': ''}, {'name': ' None', 'count': 0, 'meta': ''}, {'name': ' None', 'count': 0, 'meta': ''}, {'name': ' None', 'count': 0, 'meta': ''}, {'name': ' None', 'count': 0, 'meta': ''}, {'name': ' None', 'count': 0, 'meta': ''}, {'name': ' None', 'count': 0, 'meta': ''}, {'name': ' None', 'count': 0, 'meta': ''}, {'name': ' None', 'count': 0, 'meta': ''}, {'name': ' None', 'count': 0, 'meta': ''}, {'name': ' None', 'count': 0, 'meta': ''}, {'name': ' None', 'count': 0, 'meta': ''}, {'name': ' None', 'count': 0, 'meta': ''}, {'name': ' None', 'count': 0, 'meta': ''}, {'name': ' None', 'count': 0, 'meta': ''}, {'name': ' None', 'count': 0, 'meta': ''}, {'name': ' None', 'count': 0, 'meta': ''}, {'name': ' None', 'count': 0, 'meta': ''}, {'name': ' None', 'count': 0, 'meta': ''}, {'name': ' None', 'count': 0, 'meta': ''}, {'name': ' None', 'count': 0, 'meta': ''}, {'name': ' None', 'count': 0, 'meta': ''}, {'name': ' None', 'count': 0, 'meta': ''}, {'name': ' None', 'count': 0, 'meta': ''}, {'name': ' None', 'count': 0, 'meta': ''}, {'name': ' None', 'count': 0, 'meta': ''}, {'name': ' None', 'count': 0, 'meta': ''}, {'name': ' None', 'count': 0, 'meta': ''}, {'name': ' None', 'count': 0, 'meta': ''}, {'name': ' None', 'count': 0, 'meta': ''}, {'name': ' None', 'count': 0, 'meta': ''}, {'name': ' None', 'count': 0, 'meta': ''}, {'name': ' None', 'count': 0, 'meta': ''}]","Armor Slot 0: None, Count: 0; Armor Slot 1: None, Count: 0; Armor Slot 2: None, Count: 0; Armor Slot 3: None, Count: 0; ","Offhand: None, Count: 0; ",[],20.0,20.0,"[-0.8598886303797099, -0.38268355538708754, 0.3378532814403384]",south,0,0 minecraft:air,False,Player is not currently riding anything,0.0784000015258789
119.0,14:43:06.386233400,2025-07-30,literal{MF},"(-14.083877459179668, 68.0, 48.30567186192759)",20.0,"[{'name': ' None', 'count': 0, 'meta': ''}, {'name': ' None', 'count': 0, 'meta': ''}, {'name': ' None', 'count': 0, 'meta': ''}, {'name': ' None', 'count': 0, 'meta': ''}, {'name': ' None', 'count': 0, 'meta': ''}, {'name': ' None', 'count': 0, 'meta': ''}, {'name': ' None', 'count': 0, 'meta': ''}, {'name': ' None', 'count': 0, 'meta': ''}, {'name': ' None', 'count': 0, 'meta': ''}, {'name': ' None', 'count': 0, 'meta': ''}, {'name': ' None', 'count': 0, 'meta': ''}, {'name': ' None', 'count': 0, 'meta': ''}, {'name': ' None', 'count': 0, 'meta': ''}, {'name': ' None', 'count': 0, 'meta': ''}, {'name': ' None', 'count': 0, 'meta': ''}, {'name': ' None', 'count': 0, 'meta': ''}, {'name': ' None', 'count': 0, 'meta': ''}, {'name': ' None', 'count': 0, 'meta': ''}, {'name': ' None', 'count': 0, 'meta': ''}, {'name': ' None', 'count': 0, 'meta': ''}, {'name': ' None', 'count': 0, 'meta': ''}, {'name': ' None', 'count': 0, 'meta': ''}, {'name': ' None', 'count': 0, 'meta': ''}, {'name': ' None', 'count': 0, 'meta': ''}, {'name': ' None', 'count': 0, 'meta': ''}, {'name': ' None', 'count': 0, 'meta': ''}, {'name': ' None', 'count': 0, 'meta': ''}, {'name': ' None', 'count': 0, 'meta': ''}, {'name': ' None', 'count': 0, 'meta': ''}, {'name': ' None', 'count': 0, 'meta': ''}, {'name': ' None', 'count': 0, 'meta': ''}, {'name': ' None', 'count': 0, 'meta': ''}, {'name': ' None', 'count': 0, 'meta': ''}, {'name': ' None', 'count': 0, 'meta': ''}, {'name': ' None', 'count': 0, 'meta': ''}, {'name': ' None', 'count': 0, 'meta': ''}]","Armor Slot 0: None, Count: 0; Armor Slot 1: None, Count: 0; Armor Slot 2: None, Count: 0; Armor Slot 3: None, Count: 0; ","Offhand: None, Count: 0; ",[],20.0,20.0,"[-0.879802950315469, -0.37784092243430145, 0.2884146423990858]",south,0,0 minecraft:air,False,Player is not currently riding anything,0.0784000015258789
119.0,14:43:06.434910900,2025-07-30,literal{MF},"(-14.102577411679043, 68.0, 48.50789251830798)",20.0,"[{'name': ' None', 'count': 0, 'meta': ''}, {'name': ' None', 'count': 0, 'meta': ''}, {'name': ' None', 'count': 0, 'meta': ''}, {'name': ' None', 'count': 0, 'meta': ''}, {'name': ' None', 'count': 0, 'meta': ''}, {'name': ' None', 'count': 0, 'meta': ''}, {'name': ' None', 'count': 0, 'meta': ''}, {'name': ' None', 'count': 0, 'meta': ''}, {'name': ' None', 'count': 0, 'meta': ''}, {'name': ' None', 'count': 0, 'meta': ''}, {'name': ' None', 'count': 0, 'meta': ''}, {'name': ' None', 'count': 0, 'meta': ''}, {'name': ' None', 'count': 0, 'meta': ''}, {'name': ' None', 'count': 0, 'meta': ''}, {'name': ' None', 'count': 0, 'meta': ''}, {'name': ' None', 'count': 0, 'meta': ''}, {'name': ' None', 'count': 0, 'meta': ''}, {'name': ' None', 'count': 0, 'meta': ''}, {'name': ' None', 'count': 0, 'meta': ''}, {'name': ' None', 'count': 0, 'meta': ''}, {'name': ' None', 'count': 0, 'meta': ''}, {'name': ' None', 'count': 0, 'meta': ''}, {'name': ' None', 'count': 0, 'meta': ''}, {'name': ' None', 'count': 0, 'meta': ''}, {'name': ' None', 'count': 0, 'meta': ''}, {'name': ' None', 'count': 0, 'meta': ''}, {'name': ' None', 'count': 0, 'meta': ''}, {'name': ' None', 'count': 0, 'meta': ''}, {'name': ' None', 'count': 0, 'meta': ''}, {'name': ' None', 'count': 0, 'meta': ''}, {'name': ' None', 'count': 0, 'meta': ''}, {'name': ' None', 'count': 0, 'meta': ''}, {'name': ' None', 'count': 0, 'meta': ''}, {'name': ' None', 'count': 0, 'meta': ''}, {'name': ' None', 'count': 0, 'meta': ''}, {'name': ' None', 'count': 0, 'meta': ''}]","Armor Slot 0: None, Count: 0; Armor Slot 1: None, Count: 0; Armor Slot 2: None, Count: 0; Armor Slot 3: None, Count: 0; ","Offhand: None, Count: 0; ",[],20.0,20.0,"[-0.8807398991903512, -0.37541571315646294, 0.2887217904651368]",south,0,0 minecraft:air,False,Player is not currently riding anything,0.0784000015258789
119.0,14:43:06.486594800,2025-07-30,literal{MF},"(-14.081779259333617, 68.0, 48.711267000206334)",20.0,"[{'name': ' None', 'count': 0, 'meta': ''}, {'name': ' None', 'count': 0, 'meta': ''}, {'name': ' None', 'count': 0, 'meta': ''}, {'name': ' None', 'count': 0, 'meta': ''}, {'name': ' None', 'count': 0, 'meta': ''}, {'name': ' None', 'count': 0, 'meta': ''}, {'name': ' None', 'count': 0, 'meta': ''}, {'name': ' None', 'count': 0, 'meta': ''}, {'name': ' None', 'count': 0, 'meta': ''}, {'name': ' None', 'count': 0, 'meta': ''}, {'name': ' None', 'count': 0, 'meta': ''}, {'name': ' None', 'count': 0, 'meta': ''}, {'name': ' None', 'count': 0, 'meta': ''}, {'name': ' None', 'count': 0, 'meta': ''}, {'name': ' None', 'count': 0, 'meta': ''}, {'name': ' None', 'count': 0, 'meta': ''}, {'name': ' None', 'count': 0, 'meta': ''}, {'name': ' None', 'count': 0, 'meta': ''}, {'name': ' None', 'count': 0, 'meta': ''}, {'name': ' None', 'count': 0, 'meta': ''}, {'name': ' None', 'count': 0, 'meta': ''}, {'name': ' None', 'count': 0, 'meta': ''}, {'name': ' None', 'count': 0, 'meta': ''}, {'name': ' None', 'count': 0, 'meta': ''}, {'name': ' None', 'count': 0, 'meta': ''}, {'name': ' None', 'count': 0, 'meta': ''}, {'name': ' None', 'count': 0, 'meta': ''}, {'name': ' None', 'count': 0, 'meta': ''}, {'name': ' None', 'count': 0, 'meta': ''}, {'name': ' None', 'count': 0, 'meta': ''}, {'name': ' None', 'count': 0, 'meta': ''}, {'name': ' None', 'count': 0, 'meta': ''}, {'name': ' None', 'count': 0, 'meta': ''}, {'name': ' None', 'count': 0, 'meta': ''}, {'name': ' None', 'count': 0, 'meta': ''}, {'name': ' None', 'count': 0, 'meta': ''}]","Armor Slot 0: None, Count: 0; Armor Slot 1: None, Count: 0; Armor Slot 2: None, Count: 0; Armor Slot 3: None, Count: 0; ","Offhand: None, Count: 0; ",[],20.0,20.0,"[-0.8801453950808314, -0.3729879308344487, 0.29363938252530714]",south,0,0 minecraft:air,False,Player is not currently riding anything,0.0784000015258789
119.0,14:43:06.535274100,2025-07-30,literal{MF},"(-14.03795731668623, 68.0, 48.91477230643142)",20.0,"[{'name': ' None', 'count': 0, 'meta': ''}, {'name': ' None', 'count': 0, 'meta': ''}, {'name': ' None', 'count': 0, 'meta': ''}, {'name': ' None', 'count': 0, 'meta': ''}, {'name': ' None', 'count': 0, 'meta': ''}, {'name': ' None', 'count': 0, 'meta': ''}, {'name': ' None', 'count': 0, 'meta': ''}, {'name': ' None', 'count': 0, 'meta': ''}, {'name': ' None', 'count': 0, 'meta': ''}, {'name': ' None', 'count': 0, 'meta': ''}, {'name': ' None', 'count': 0, 'meta': ''}, {'name': ' None', 'count': 0, 'meta': ''}, {'name': ' None', 'count': 0, 'meta': ''}, {'name': ' None', 'count': 0, 'meta': ''}, {'name': ' None', 'count': 0, 'meta': ''}, {'name': ' None', 'count': 0, 'meta': ''}, {'name': ' None', 'count': 0, 'meta': ''}, {'name': ' None', 'count': 0, 'meta': ''}, {'name': ' None', 'count': 0, 'meta': ''}, {'name': ' None', 'count': 0, 'meta': ''}, {'name': ' None', 'count': 0, 'meta': ''}, {'name': ' None', 'count': 0, 'meta': ''}, {'name': ' None', 'count': 0, 'meta': ''}, {'name': ' None', 'count': 0, 'meta': ''}, {'name': ' None', 'count': 0, 'meta': ''}, {'name': ' None', 'count': 0, 'meta': ''}, {'name': ' None', 'count': 0, 'meta': ''}, {'name': ' None', 'count': 0, 'meta': ''}, {'name': ' None', 'count': 0, 'meta': ''}, {'name': ' None', 'count': 0, 'meta': ''}, {'name': ' None', 'count': 0, 'meta': ''}, {'name': ' None', 'count': 0, 'meta': ''}, {'name': ' None', 'count': 0, 'meta': ''}, {'name': ' None', 'count': 0, 'meta': ''}, {'name': ' None', 'count': 0, 'meta': ''}, {'name': ' None', 'count': 0, 'meta': ''}]","Armor Slot 0: None, Count: 0; Armor Slot 1: None, Count: 0; Armor Slot 2: None, Count: 0; Armor Slot 3: None, Count: 0; ","Offhand: None, Count: 0; ",[],20.0,20.0,"[-0.8860465738598405, -0.3436598884099523, 0.3111580788751875]",south,0,0 minecraft:air,False,Player is not currently riding anything,0.0784000015258789
119.0,14:43:06.584339500,2025-07-30,literal{MF},"(-13.981077257421932, 68.0, 49.118176515428054)",20.0,"[{'name': ' None', 'count': 0, 'meta': ''}, {'name': ' None', 'count': 0, 'meta': ''}, {'name': ' None', 'count': 0, 'meta': ''}, {'name': ' None', 'count': 0, 'meta': ''}, {'name': ' None', 'count': 0, 'meta': ''}, {'name': ' None', 'count': 0, 'meta': ''}, {'name': ' None', 'count': 0, 'meta': ''}, {'name': ' None', 'count': 0, 'meta': ''}, {'name': ' None', 'count': 0, 'meta': ''}, {'name': ' None', 'count': 0, 'meta': ''}, {'name': ' None', 'count': 0, 'meta': ''}, {'name': ' None', 'count': 0, 'meta': ''}, {'name': ' None', 'count': 0, 'meta': ''}, {'name': ' None', 'count': 0, 'meta': ''}, {'name': ' None', 'count': 0, 'meta': ''}, {'name': ' None', 'count': 0, 'meta': ''}, {'name': ' None', 'count': 0, 'meta': ''}, {'name': ' None', 'count': 0, 'meta': ''}, {'name': ' None', 'count': 0, 'meta': ''}, {'name': ' None', 'count': 0, 'meta': ''}, {'name': ' None', 'count': 0, 'meta': ''}, {'name': ' None', 'count': 0, 'meta': ''}, {'name': ' None', 'count': 0, 'meta': ''}, {'name': ' None', 'count': 0, 'meta': ''}, {'name': ' None', 'count': 0, 'meta': ''}, {'name': ' None', 'count': 0, 'meta': ''}, {'name': ' None', 'count': 0, 'meta': ''}, {'name': ' None', 'count': 0, 'meta': ''}, {'name': ' None', 'count': 0, 'meta': ''}, {'name': ' None', 'count': 0, 'meta': ''}, {'name': ' None', 'count': 0, 'meta': ''}, {'name': ' None', 'count': 0, 'meta': ''}, {'name': ' None', 'count': 0, 'meta': ''}, {'name': ' None', 'count': 0, 'meta': ''}, {'name': ' None', 'count': 0, 'meta': ''}, {'name': ' None', 'count': 0, 'meta': ''}]","Armor Slot 0: None, Count: 0; Armor Slot 1: None, Count: 0; Armor Slot 2: None, Count: 0; Armor Slot 3: None, Count: 0; ","Offhand: None, Count: 0; ",[],20.0,20.0,"[-0.8909891912453571, -0.3239176323622469, 0.31814403739309777]",south,0,0 minecraft:air,False,Player is not currently riding anything,0.0784000015258789
119.0,14:43:06.634140600,2025-07-30,literal{MF},"(-13.917067465656663, 68.0, 49.32152552533153)",20.0,"[{'name': ' None', 'count': 0, 'meta': ''}, {'name': ' None', 'count': 0, 'meta': ''}, {'name': ' None', 'count': 0, 'meta': ''}, {'name': ' None', 'count': 0, 'meta': ''}, {'name': ' None', 'count': 0, 'meta': ''}, {'name': ' None', 'count': 0, 'meta': ''}, {'name': ' None', 'count': 0, 'meta': ''}, {'name': ' None', 'count': 0, 'meta': ''}, {'name': ' None', 'count': 0, 'meta': ''}, {'name': ' None', 'count': 0, 'meta': ''}, {'name': ' None', 'count': 0, 'meta': ''}, {'name': ' None', 'count': 0, 'meta': ''}, {'name': ' None', 'count': 0, 'meta': ''}, {'name': ' None', 'count': 0, 'meta': ''}, {'name': ' None', 'count': 0, 'meta': ''}, {'name': ' None', 'count': 0, 'meta': ''}, {'name': ' None', 'count': 0, 'meta': ''}, {'name': ' None', 'count': 0, 'meta': ''}, {'name': ' None', 'count': 0, 'meta': ''}, {'name': ' None', 'count': 0, 'meta': ''}, {'name': ' None', 'count': 0, 'meta': ''}, {'name': ' None', 'count': 0, 'meta': ''}, {'name': ' None', 'count': 0, 'meta': ''}, {'name': ' None', 'count': 0, 'meta': ''}, {'name': ' None', 'count': 0, 'meta': ''}, {'name': ' None', 'count': 0, 'meta': ''}, {'name': ' None', 'count': 0, 'meta': ''}, {'name': ' None', 'count': 0, 'meta': ''}, {'name': ' None', 'count': 0, 'meta': ''}, {'name': ' None', 'count': 0, 'meta': ''}, {'name': ' None', 'count': 0, 'meta': ''}, {'name': ' None', 'count': 0, 'meta': ''}, {'name': ' None', 'count': 0, 'meta': ''}, {'name': ' None', 'count': 0, 'meta': ''}, {'name': ' None', 'count': 0, 'meta': ''}, {'name': ' None', 'count': 0, 'meta': ''}]","Armor Slot 0: None, Count: 0; Armor Slot 1: None, Count: 0; Armor Slot 2: None, Count: 0; Armor Slot 3: None, Count: 0; ","Offhand: None, Count: 0; ",[],20.0,20.0,"[-0.8956708406125157, -0.3090172476566073, 0.3198157061921826]",south,0,0 minecraft:air,False,Player is not currently riding anything,0.0784000015258789
119.0,14:43:06.685447500,2025-07-30,literal{MF},"(-13.84438089221913, 68.0, 49.522993291011446)",20.0,"[{'name': ' None', 'count': 0, 'meta': ''}, {'name': ' None', 'count': 0, 'meta': ''}, {'name': ' None', 'count': 0, 'meta': ''}, {'name': ' None', 'count': 0, 'meta': ''}, {'name': ' None', 'count': 0, 'meta': ''}, {'name': ' None', 'count': 0, 'meta': ''}, {'name': ' None', 'count': 0, 'meta': ''}, {'name': ' None', 'count': 0, 'meta': ''}, {'name': ' None', 'count': 0, 'meta': ''}, {'name': ' None', 'count': 0, 'meta': ''}, {'name': ' None', 'count': 0, 'meta': ''}, {'name': ' None', 'count': 0, 'meta': ''}, {'name': ' None', 'count': 0, 'meta': ''}, {'name': ' None', 'count': 0, 'meta': ''}, {'name': ' None', 'count': 0, 'meta': ''}, {'name': ' None', 'count': 0, 'meta': ''}, {'name': ' None', 'count': 0, 'meta': ''}, {'name': ' None', 'count': 0, 'meta': ''}, {'name': ' None', 'count': 0, 'meta': ''}, {'name': ' None', 'count': 0, 'meta': ''}, {'name': ' None', 'count': 0, 'meta': ''}, {'name': ' None', 'count': 0, 'meta': ''}, {'name': ' None', 'count': 0, 'meta': ''}, {'name': ' None', 'count': 0, 'meta': ''}, {'name': ' None', 'count': 0, 'meta': ''}, {'name': ' None', 'count': 0, 'meta': ''}, {'name': ' None', 'count': 0, 'meta': ''}, {'name': ' None', 'count': 0, 'meta': ''}, {'name': ' None', 'count': 0, 'meta': ''}, {'name': ' None', 'count': 0, 'meta': ''}, {'name': ' None', 'count': 0, 'meta': ''}, {'name': ' None', 'count': 0, 'meta': ''}, {'name': ' None', 'count': 0, 'meta': ''}, {'name': ' None', 'count': 0, 'meta': ''}, {'name': ' None', 'count': 0, 'meta': ''}, {'name': ' None', 'count': 0, 'meta': ''}]","Armor Slot 0: None, Count: 0; Armor Slot 1: None, Count: 0; Armor Slot 2: None, Count: 0; Armor Slot 3: None, Count: 0; ","Offhand: None, Count: 0; ",[],20.0,20.0,"[-0.8869012694832841, -0.27647638496443605, 0.37009045751807224]",south,0,0 minecraft:air,False,Player is not currently riding anything,0.0784000015258789
119.0,14:43:06.736707900,2025-07-30,literal{MF},"(-13.764140355295647, 68.0, 49.69999998807907)",20.0,"[{'name': ' None', 'count': 0, 'meta': ''}, {'name': ' None', 'count': 0, 'meta': ''}, {'name': ' None', 'count': 0, 'meta': ''}, {'name': ' None', 'count': 0, 'meta': ''}, {'name': ' None', 'count': 0, 'meta': ''}, {'name': ' None', 'count': 0, 'meta': ''}, {'name': ' None', 'count': 0, 'meta': ''}, {'name': ' None', 'count': 0, 'meta': ''}, {'name': ' None', 'count': 0, 'meta': ''}, {'name': ' None', 'count': 0, 'meta': ''}, {'name': ' None', 'count': 0, 'meta': ''}, {'name': ' None', 'count': 0, 'meta': ''}, {'name': ' None', 'count': 0, 'meta': ''}, {'name': ' None', 'count': 0, 'meta': ''}, {'name': ' None', 'count': 0, 'meta': ''}, {'name': ' None', 'count': 0, 'meta': ''}, {'name': ' None', 'count': 0, 'meta': ''}, {'name': ' None', 'count': 0, 'meta': ''}, {'name': ' None', 'count': 0, 'meta': ''}, {'name': ' None', 'count': 0, 'meta': ''}, {'name': ' None', 'count': 0, 'meta': ''}, {'name': ' None', 'count': 0, 'meta': ''}, {'name': ' None', 'count': 0, 'meta': ''}, {'name': ' None', 'count': 0, 'meta': ''}, {'name': ' None', 'count': 0, 'meta': ''}, {'name': ' None', 'count': 0, 'meta': ''}, {'name': ' None', 'count': 0, 'meta': ''}, {'name': ' None', 'count': 0, 'meta': ''}, {'name': ' None', 'count': 0, 'meta': ''}, {'name': ' None', 'count': 0, 'meta': ''}, {'name': ' None', 'count': 0, 'meta': ''}, {'name': ' None', 'count': 0, 'meta': ''}, {'name': ' None', 'count': 0, 'meta': ''}, {'name': ' None', 'count': 0, 'meta': ''}, {'name': ' None', 'count': 0, 'meta': ''}, {'name': ' None', 'count': 0, 'meta': ''}]","Armor Slot 0: None, Count: 0; Armor Slot 1: None, Count: 0; Armor Slot 2: None, Count: 0; Armor Slot 3: None, Count: 0; ","Offhand: None, Count: 0; ",[],20.0,20.0,"[-0.8786841518831833, -0.26134722592157983, 0.39951444120635454]",south,0,0 minecraft:air,False,Player is not currently riding anything,0.0784000015258789
119.0,14:43:06.790201900,2025-07-30,literal{MF},"(-13.679305480325672, 68.0, 49.69999998807907)",20.0,"[{'name': ' None', 'count': 0, 'meta': ''}, {'name': ' None', 'count': 0, 'meta': ''}, {'name': ' None', 'count': 0, 'meta': ''}, {'name': ' None', 'count': 0, 'meta': ''}, {'name': ' None', 'count': 0, 'meta': ''}, {'name': ' None', 'count': 0, 'meta': ''}, {'name': ' None', 'count': 0, 'meta': ''}, {'name': ' None', 'count': 0, 'meta': ''}, {'name': ' None', 'count': 0, 'meta': ''}, {'name': ' None', 'count': 0, 'meta': ''}, {'name': ' None', 'count': 0, 'meta': ''}, {'name': ' None', 'count': 0, 'meta': ''}, {'name': ' None', 'count': 0, 'meta': ''}, {'name': ' None', 'count': 0, 'meta': ''}, {'name': ' None', 'count': 0, 'meta': ''}, {'name': ' None', 'count': 0, 'meta': ''}, {'name': ' None', 'count': 0, 'meta': ''}, {'name': ' None', 'count': 0, 'meta': ''}, {'name': ' None', 'count': 0, 'meta': ''}, {'name': ' None', 'count': 0, 'meta': ''}, {'name': ' None', 'count': 0, 'meta': ''}, {'name': ' None', 'count': 0, 'meta': ''}, {'name': ' None', 'count': 0, 'meta': ''}, {'name': ' None', 'count': 0, 'meta': ''}, {'name': ' None', 'count': 0, 'meta': ''}, {'name': ' None', 'count': 0, 'meta': ''}, {'name': ' None', 'count': 0, 'meta': ''}, {'name': ' None', 'count': 0, 'meta': ''}, {'name': ' None', 'count': 0, 'meta': ''}, {'name': ' None', 'count': 0, 'meta': ''}, {'name': ' None', 'count': 0, 'meta': ''}, {'name': ' None', 'count': 0, 'meta': ''}, {'name': ' None', 'count': 0, 'meta': ''}, {'name': ' None', 'count': 0, 'meta': ''}, {'name': ' None', 'count': 0, 'meta': ''}, {'name': ' None', 'count': 0, 'meta': ''}]","Armor Slot 0: None, Count: 0; Armor Slot 1: None, Count: 0; Armor Slot 2: None, Count: 0; Armor Slot 3: None, Count: 0; ","Offhand: None, Count: 0; ",[],20.0,20.0,"[-0.8771986193651741, -0.2588193344993177, 0.4043947752792594]",south,0,0 minecraft:air,False,Player is not currently riding anything,0.0784000015258789
119.0,14:43:06.839441700,2025-07-30,literal{MF},"(-13.588044766627725, 68.0, 49.69999998807907)",20.0,"[{'name': ' None', 'count': 0, 'meta': ''}, {'name': ' None', 'count': 0, 'meta': ''}, {'name': ' None', 'count': 0, 'meta': ''}, {'name': ' None', 'count': 0, 'meta': ''}, {'name': ' None', 'count': 0, 'meta': ''}, {'name': ' None', 'count': 0, 'meta': ''}, {'name': ' None', 'count': 0, 'meta': ''}, {'name': ' None', 'count': 0, 'meta': ''}, {'name': ' None', 'count': 0, 'meta': ''}, {'name': ' None', 'count': 0, 'meta': ''}, {'name': ' None', 'count': 0, 'meta': ''}, {'name': ' None', 'count': 0, 'meta': ''}, {'name': ' None', 'count': 0, 'meta': ''}, {'name': ' None', 'count': 0, 'meta': ''}, {'name': ' None', 'count': 0, 'meta': ''}, {'name': ' None', 'count': 0, 'meta': ''}, {'name': ' None', 'count': 0, 'meta': ''}, {'name': ' None', 'count': 0, 'meta': ''}, {'name': ' None', 'count': 0, 'meta': ''}, {'name': ' None', 'count': 0, 'meta': ''}, {'name': ' None', 'count': 0, 'meta': ''}, {'name': ' None', 'count': 0, 'meta': ''}, {'name': ' None', 'count': 0, 'meta': ''}, {'name': ' None', 'count': 0, 'meta': ''}, {'name': ' None', 'count': 0, 'meta': ''}, {'name': ' None', 'count': 0, 'meta': ''}, {'name': ' None', 'count': 0, 'meta': ''}, {'name': ' None', 'count': 0, 'meta': ''}, {'name': ' None', 'count': 0, 'meta': ''}, {'name': ' None', 'count': 0, 'meta': ''}, {'name': ' None', 'count': 0, 'meta': ''}, {'name': ' None', 'count': 0, 'meta': ''}, {'name': ' None', 'count': 0, 'meta': ''}, {'name': ' None', 'count': 0, 'meta': ''}, {'name': ' None', 'count': 0, 'meta': ''}, {'name': ' None', 'count': 0, 'meta': ''}]","Armor Slot 0: None, Count: 0; Armor Slot 1: None, Count: 0; Armor Slot 2: None, Count: 0; Armor Slot 3: None, Count: 0; ","Offhand: None, Count: 0; ",[],20.0,20.0,"[-0.8624084340789658, -0.24107536452529849, 0.44512286107148047]",south,0,0 minecraft:air,False,Player is not currently riding anything,0.0784000015258789
119.0,14:43:06.885470400,2025-07-30,literal{MF},"(-13.489438984672452, 68.0, 49.69999998807907)",20.0,"[{'name': ' None', 'count': 0, 'meta': ''}, {'name': ' None', 'count': 0, 'meta': ''}, {'name': ' None', 'count': 0, 'meta': ''}, {'name': ' None', 'count': 0, 'meta': ''}, {'name': ' None', 'count': 0, 'meta': ''}, {'name': ' None', 'count': 0, 'meta': ''}, {'name': ' None', 'count': 0, 'meta': ''}, {'name': ' None', 'count': 0, 'meta': ''}, {'name': ' None', 'count': 0, 'meta': ''}, {'name': ' None', 'count': 0, 'meta': ''}, {'name': ' None', 'count': 0, 'meta': ''}, {'name': ' None', 'count': 0, 'meta': ''}, {'name': ' None', 'count': 0, 'meta': ''}, {'name': ' None', 'count': 0, 'meta': ''}, {'name': ' None', 'count': 0, 'meta': ''}, {'name': ' None', 'count': 0, 'meta': ''}, {'name': ' None', 'count': 0, 'meta': ''}, {'name': ' None', 'count': 0, 'meta': ''}, {'name': ' None', 'count': 0, 'meta': ''}, {'name': ' None', 'count': 0, 'meta': ''}, {'name': ' None', 'count': 0, 'meta': ''}, {'name': ' None', 'count': 0, 'meta': ''}, {'name': ' None', 'count': 0, 'meta': ''}, {'name': ' None', 'count': 0, 'meta': ''}, {'name': ' None', 'count': 0, 'meta': ''}, {'name': ' None', 'count': 0, 'meta': ''}, {'name': ' None', 'count': 0, 'meta': ''}, {'name': ' None', 'count': 0, 'meta': ''}, {'name': ' None', 'count': 0, 'meta': ''}, {'name': ' None', 'count': 0, 'meta': ''}, {'name': ' None', 'count': 0, 'meta': ''}, {'name': ' None', 'count': 0, 'meta': ''}, {'name': ' None', 'count': 0, 'meta': ''}, {'name': ' None', 'count': 0, 'meta': ''}, {'name': ' None', 'count': 0, 'meta': ''}, {'name': ' None', 'count': 0, 'meta': ''}]","Armor Slot 0: None, Count: 0; Armor Slot 1: None, Count: 0; Armor Slot 2: None, Count: 0; Armor Slot 3: None, Count: 0; ","Offhand: None, Count: 0; ",[],20.0,20.0,"[-0.8417503946478813, -0.24107536452529849, 0.483051696745939]",south,0,0 minecraft:air,False,Player is not currently riding anything,0.0784000015258789
116.0,14:43:06.936076700,2025-07-30,literal{MF},"(-13.385274576083335, 68.0, 49.69999998807907)",20.0,"[{'name': ' None', 'count': 0, 'meta': ''}, {'name': ' None', 'count': 0, 'meta': ''}, {'name': ' None', 'count': 0, 'meta': ''}, {'name': ' None', 'count': 0, 'meta': ''}, {'name': ' None', 'count': 0, 'meta': ''}, {'name': ' None', 'count': 0, 'meta': ''}, {'name': ' None', 'count': 0, 'meta': ''}, {'name': ' None', 'count': 0, 'meta': ''}, {'name': ' None', 'count': 0, 'meta': ''}, {'name': ' None', 'count': 0, 'meta': ''}, {'name': ' None', 'count': 0, 'meta': ''}, {'name': ' None', 'count': 0, 'meta': ''}, {'name': ' None', 'count': 0, 'meta': ''}, {'name': ' None', 'count': 0, 'meta': ''}, {'name': ' None', 'count': 0, 'meta': ''}, {'name': ' None', 'count': 0, 'meta': ''}, {'name': ' None', 'count': 0, 'meta': ''}, {'name': ' None', 'count': 0, 'meta': ''}, {'name': ' None', 'count': 0, 'meta': ''}, {'name': ' None', 'count': 0, 'meta': ''}, {'name': ' None', 'count': 0, 'meta': ''}, {'name': ' None', 'count': 0, 'meta': ''}, {'name': ' None', 'count': 0, 'meta': ''}, {'name': ' None', 'count': 0, 'meta': ''}, {'name': ' None', 'count': 0, 'meta': ''}, {'name': ' None', 'count': 0, 'meta': ''}, {'name': ' None', 'count': 0, 'meta': ''}, {'name': ' None', 'count': 0, 'meta': ''}, {'name': ' None', 'count': 0, 'meta': ''}, {'name': ' None', 'count': 0, 'meta': ''}, {'name': ' None', 'count': 0, 'meta': ''}, {'name': ' None', 'count': 0, 'meta': ''}, {'name': ' None', 'count': 0, 'meta': ''}, {'name': ' None', 'count': 0, 'meta': ''}, {'name': ' None', 'count': 0, 'meta': ''}, {'name': ' None', 'count': 0, 'meta': ''}]","Armor Slot 0: None, Count: 0; Armor Slot 1: None, Count: 0; Armor Slot 2: None, Count: 0; Armor Slot 3: None, Count: 0; ","Offhand: None, Count: 0; ",[],20.0,20.0,"[-0.832757169013457, -0.24107536452529849, 0.4983955919504978]",south,0,0 minecraft:air,False,Player is not currently riding anything,0.0784000015258789
116.0,14:43:06.985286800,2025-07-30,literal{MF},"(-13.278075156999616, 68.0, 49.69999998807907)",20.0,"[{'name': ' None', 'count': 0, 'meta': ''}, {'name': ' None', 'count': 0, 'meta': ''}, {'name': ' None', 'count': 0, 'meta': ''}, {'name': ' None', 'count': 0, 'meta': ''}, {'name': ' None', 'count': 0, 'meta': ''}, {'name': ' None', 'count': 0, 'meta': ''}, {'name': ' None', 'count': 0, 'meta': ''}, {'name': ' None', 'count': 0, 'meta': ''}, {'name': ' None', 'count': 0, 'meta': ''}, {'name': ' None', 'count': 0, 'meta': ''}, {'name': ' None', 'count': 0, 'meta': ''}, {'name': ' None', 'count': 0, 'meta': ''}, {'name': ' None', 'count': 0, 'meta': ''}, {'name': ' None', 'count': 0, 'meta': ''}, {'name': ' None', 'count': 0, 'meta': ''}, {'name': ' None', 'count': 0, 'meta': ''}, {'name': ' None', 'count': 0, 'meta': ''}, {'name': ' None', 'count': 0, 'meta': ''}, {'name': ' None', 'count': 0, 'meta': ''}, {'name': ' None', 'count': 0, 'meta': ''}, {'name': ' None', 'count': 0, 'meta': ''}, {'name': ' None', 'count': 0, 'meta': ''}, {'name': ' None', 'count': 0, 'meta': ''}, {'name': ' None', 'count': 0, 'meta': ''}, {'name': ' None', 'count': 0, 'meta': ''}, {'name': ' None', 'count': 0, 'meta': ''}, {'name': ' None', 'count': 0, 'meta': ''}, {'name': ' None', 'count': 0, 'meta': ''}, {'name': ' None', 'count': 0, 'meta': ''}, {'name': ' None', 'count': 0, 'meta': ''}, {'name': ' None', 'count': 0, 'meta': ''}, {'name': ' None', 'count': 0, 'meta': ''}, {'name': ' None', 'count': 0, 'meta': ''}, {'name': ' None', 'count': 0, 'meta': ''}, {'name': ' None', 'count': 0, 'meta': ''}, {'name': ' None', 'count': 0, 'meta': ''}]","Armor Slot 0: None, Count: 0; Armor Slot 1: None, Count: 0; Armor Slot 2: None, Count: 0; Armor Slot 3: None, Count: 0; ","Offhand: None, Count: 0; ",[],20.0,20.0,"[-0.832757169013457, -0.24107536452529849, 0.4983955919504978]",south,0,0 minecraft:air,False,Player is not currently riding anything,0.0784000015258789
116.0,14:43:07.034828400,2025-07-30,literal{MF},"(-13.169218621993366, 68.0, 49.69999998807907)",20.0,"[{'name': ' None', 'count': 0, 'meta': ''}, {'name': ' None', 'count': 0, 'meta': ''}, {'name': ' None', 'count': 0, 'meta': ''}, {'name': ' None', 'count': 0, 'meta': ''}, {'name': ' None', 'count': 0, 'meta': ''}, {'name': ' None', 'count': 0, 'meta': ''}, {'name': ' None', 'count': 0, 'meta': ''}, {'name': ' None', 'count': 0, 'meta': ''}, {'name': ' None', 'count': 0, 'meta': ''}, {'name': ' None', 'count': 0, 'meta': ''}, {'name': ' None', 'count': 0, 'meta': ''}, {'name': ' None', 'count': 0, 'meta': ''}, {'name': ' None', 'count': 0, 'meta': ''}, {'name': ' None', 'count': 0, 'meta': ''}, {'name': ' None', 'count': 0, 'meta': ''}, {'name': ' None', 'count': 0, 'meta': ''}, {'name': ' None', 'count': 0, 'meta': ''}, {'name': ' None', 'count': 0, 'meta': ''}, {'name': ' None', 'count': 0, 'meta': ''}, {'name': ' None', 'count': 0, 'meta': ''}, {'name': ' None', 'count': 0, 'meta': ''}, {'name': ' None', 'count': 0, 'meta': ''}, {'name': ' None', 'count': 0, 'meta': ''}, {'name': ' None', 'count': 0, 'meta': ''}, {'name': ' None', 'count': 0, 'meta': ''}, {'name': ' None', 'count': 0, 'meta': ''}, {'name': ' None', 'count': 0, 'meta': ''}, {'name': ' None', 'count': 0, 'meta': ''}, {'name': ' None', 'count': 0, 'meta': ''}, {'name': ' None', 'count': 0, 'meta': ''}, {'name': ' None', 'count': 0, 'meta': ''}, {'name': ' None', 'count': 0, 'meta': ''}, {'name': ' None', 'count': 0, 'meta': ''}, {'name': ' None', 'count': 0, 'meta': ''}, {'name': ' None', 'count': 0, 'meta': ''}, {'name': ' None', 'count': 0, 'meta': ''}]","Armor Slot 0: None, Count: 0; Armor Slot 1: None, Count: 0; Armor Slot 2: None, Count: 0; Armor Slot 3: None, Count: 0; ","Offhand: None, Count: 0; ",[],20.0,20.0,"[-0.832757169013457, -0.24107536452529849, 0.4983955919504978]",south,0,0 minecraft:air,False,Player is not currently riding anything,0.0784000015258789
116.0,14:43:07.085310900,2025-07-30,literal{MF},"(-13.059683223822988, 68.0, 49.69999998807907)",20.0,"[{'name': ' None', 'count': 0, 'meta': ''}, {'name': ' None', 'count': 0, 'meta': ''}, {'name': ' None', 'count': 0, 'meta': ''}, {'name': ' None', 'count': 0, 'meta': ''}, {'name': ' None', 'count': 0, 'meta': ''}, {'name': ' None', 'count': 0, 'meta': ''}, {'name': ' None', 'count': 0, 'meta': ''}, {'name': ' None', 'count': 0, 'meta': ''}, {'name': ' None', 'count': 0, 'meta': ''}, {'name': ' None', 'count': 0, 'meta': ''}, {'name': ' None', 'count': 0, 'meta': ''}, {'name': ' None', 'count': 0, 'meta': ''}, {'name': ' None', 'count': 0, 'meta': ''}, {'name': ' None', 'count': 0, 'meta': ''}, {'name': ' None', 'count': 0, 'meta': ''}, {'name': ' None', 'count': 0, 'meta': ''}, {'name': ' None', 'count': 0, 'meta': ''}, {'name': ' None', 'count': 0, 'meta': ''}, {'name': ' None', 'count': 0, 'meta': ''}, {'name': ' None', 'count': 0, 'meta': ''}, {'name': ' None', 'count': 0, 'meta': ''}, {'name': ' None', 'count': 0, 'meta': ''}, {'name': ' None', 'count': 0, 'meta': ''}, {'name': ' None', 'count': 0, 'meta': ''}, {'name': ' None', 'count': 0, 'meta': ''}, {'name': ' None', 'count': 0, 'meta': ''}, {'name': ' None', 'count': 0, 'meta': ''}, {'name': ' None', 'count': 0, 'meta': ''}, {'name': ' None', 'count': 0, 'meta': ''}, {'name': ' None', 'count': 0, 'meta': ''}, {'name': ' None', 'count': 0, 'meta': ''}, {'name': ' None', 'count': 0, 'meta': ''}, {'name': ' None', 'count': 0, 'meta': ''}, {'name': ' None', 'count': 0, 'meta': ''}, {'name': ' None', 'count': 0, 'meta': ''}, {'name': ' None', 'count': 0, 'meta': ''}]","Armor Slot 0: None, Count: 0; Armor Slot 1: None, Count: 0; Armor Slot 2: None, Count: 0; Armor Slot 3: None, Count: 0; ","Offhand: None, Count: 0; ",[],20.0,20.0,"[-0.8340591070155733, -0.24107536452529849, 0.49621373884988196]",south,0,0 minecraft:air,False,Player is not currently riding anything,0.0784000015258789
116.0,14:43:07.137370800,2025-07-30,literal{MF},"(-12.960722329590405, 68.0, 49.69999998807907)",20.0,"[{'name': ' None', 'count': 0, 'meta': ''}, {'name': ' None', 'count': 0, 'meta': ''}, {'name': ' None', 'count': 0, 'meta': ''}, {'name': ' None', 'count': 0, 'meta': ''}, {'name': ' None', 'count': 0, 'meta': ''}, {'name': ' None', 'count': 0, 'meta': ''}, {'name': ' None', 'count': 0, 'meta': ''}, {'name': ' None', 'count': 0, 'meta': ''}, {'name': ' None', 'count': 0, 'meta': ''}, {'name': ' None', 'count': 0, 'meta': ''}, {'name': ' None', 'count': 0, 'meta': ''}, {'name': ' None', 'count': 0, 'meta': ''}, {'name': ' None', 'count': 0, 'meta': ''}, {'name': ' None', 'count': 0, 'meta': ''}, {'name': ' None', 'count': 0, 'meta': ''}, {'name': ' None', 'count': 0, 'meta': ''}, {'name': ' None', 'count': 0, 'meta': ''}, {'name': ' None', 'count': 0, 'meta': ''}, {'name': ' None', 'count': 0, 'meta': ''}, {'name': ' None', 'count': 0, 'meta': ''}, {'name': ' None', 'count': 0, 'meta': ''}, {'name': ' None', 'count': 0, 'meta': ''}, {'name': ' None', 'count': 0, 'meta': ''}, {'name': ' None', 'count': 0, 'meta': ''}, {'name': ' None', 'count': 0, 'meta': ''}, {'name': ' None', 'count': 0, 'meta': ''}, {'name': ' None', 'count': 0, 'meta': ''}, {'name': ' None', 'count': 0, 'meta': ''}, {'name': ' None', 'count': 0, 'meta': ''}, {'name': ' None', 'count': 0, 'meta': ''}, {'name': ' None', 'count': 0, 'meta': ''}, {'name': ' None', 'count': 0, 'meta': ''}, {'name': ' None', 'count': 0, 'meta': ''}, {'name': ' None', 'count': 0, 'meta': ''}, {'name': ' None', 'count': 0, 'meta': ''}, {'name': ' None', 'count': 0, 'meta': ''}]","Armor Slot 0: None, Count: 0; Armor Slot 1: None, Count: 0; Armor Slot 2: None, Count: 0; Armor Slot 3: None, Count: 0; ","Offhand: None, Count: 0; ",[],20.0,20.0,"[-0.8809787333259795, -0.276476416956348, 0.3839756011706112]",south,0,0 minecraft:air,False,Player is not currently riding anything,0.0784000015258789
116.0,14:43:07.185388800,2025-07-30,literal{MF},"(-12.886567439580384, 68.0, 49.69999998807907)",20.0,"[{'name': ' None', 'count': 0, 'meta': ''}, {'name': ' None', 'count': 0, 'meta': ''}, {'name': ' None', 'count': 0, 'meta': ''}, {'name': ' None', 'count': 0, 'meta': ''}, {'name': ' None', 'count': 0, 'meta': ''}, {'name': ' None', 'count': 0, 'meta': ''}, {'name': ' None', 'count': 0, 'meta': ''}, {'name': ' None', 'count': 0, 'meta': ''}, {'name': ' None', 'count': 0, 'meta': ''}, {'name': ' None', 'count': 0, 'meta': ''}, {'name': ' None', 'count': 0, 'meta': ''}, {'name': ' None', 'count': 0, 'meta': ''}, {'name': ' None', 'count': 0, 'meta': ''}, {'name': ' None', 'count': 0, 'meta': ''}, {'name': ' None', 'count': 0, 'meta': ''}, {'name': ' None', 'count': 0, 'meta': ''}, {'name': ' None', 'count': 0, 'meta': ''}, {'name': ' None', 'count': 0, 'meta': ''}, {'name': ' None', 'count': 0, 'meta': ''}, {'name': ' None', 'count': 0, 'meta': ''}, {'name': ' None', 'count': 0, 'meta': ''}, {'name': ' None', 'count': 0, 'meta': ''}, {'name': ' None', 'count': 0, 'meta': ''}, {'name': ' None', 'count': 0, 'meta': ''}, {'name': ' None', 'count': 0, 'meta': ''}, {'name': ' None', 'count': 0, 'meta': ''}, {'name': ' None', 'count': 0, 'meta': ''}, {'name': ' None', 'count': 0, 'meta': ''}, {'name': ' None', 'count': 0, 'meta': ''}, {'name': ' None', 'count': 0, 'meta': ''}, {'name': ' None', 'count': 0, 'meta': ''}, {'name': ' None', 'count': 0, 'meta': ''}, {'name': ' None', 'count': 0, 'meta': ''}, {'name': ' None', 'count': 0, 'meta': ''}, {'name': ' None', 'count': 0, 'meta': ''}, {'name': ' None', 'count': 0, 'meta': ''}]","Armor Slot 0: None, Count: 0; Armor Slot 1: None, Count: 0; Armor Slot 2: None, Count: 0; Armor Slot 3: None, Count: 0; ","Offhand: None, Count: 0; ",[],20.0,20.0,"[-0.930787923083963, -0.3090172793168133, 0.195300187723098]",south,0,0 minecraft:air,False,Player is not currently riding anything,0.0784000015258789
116.0,14:43:07.236506700,2025-07-30,literal{MF},"(-12.829741332148366, 68.0, 49.69999998807907)",20.0,"[{'name': ' None', 'count': 0, 'meta': ''}, {'name': ' None', 'count': 0, 'meta': ''}, {'name': ' None', 'count': 0, 'meta': ''}, {'name': ' None', 'count': 0, 'meta': ''}, {'name': ' None', 'count': 0, 'meta': ''}, {'name': ' None', 'count': 0, 'meta': ''}, {'name': ' None', 'count': 0, 'meta': ''}, {'name': ' None', 'count': 0, 'meta': ''}, {'name': ' None', 'count': 0, 'meta': ''}, {'name': ' None', 'count': 0, 'meta': ''}, {'name': ' None', 'count': 0, 'meta': ''}, {'name': ' None', 'count': 0, 'meta': ''}, {'name': ' None', 'count': 0, 'meta': ''}, {'name': ' None', 'count': 0, 'meta': ''}, {'name': ' None', 'count': 0, 'meta': ''}, {'name': ' None', 'count': 0, 'meta': ''}, {'name': ' None', 'count': 0, 'meta': ''}, {'name': ' None', 'count': 0, 'meta': ''}, {'name': ' None', 'count': 0, 'meta': ''}, {'name': ' None', 'count': 0, 'meta': ''}, {'name': ' None', 'count': 0, 'meta': ''}, {'name': ' None', 'count': 0, 'meta': ''}, {'name': ' None', 'count': 0, 'meta': ''}, {'name': ' None', 'count': 0, 'meta': ''}, {'name': ' None', 'count': 0, 'meta': ''}, {'name': ' None', 'count': 0, 'meta': ''}, {'name': ' None', 'count': 0, 'meta': ''}, {'name': ' None', 'count': 0, 'meta': ''}, {'name': ' None', 'count': 0, 'meta': ''}, {'name': ' None', 'count': 0, 'meta': ''}, {'name': ' None', 'count': 0, 'meta': ''}, {'name': ' None', 'count': 0, 'meta': ''}, {'name': ' None', 'count': 0, 'meta': ''}, {'name': ' None', 'count': 0, 'meta': ''}, {'name': ' None', 'count': 0, 'meta': ''}, {'name': ' None', 'count': 0, 'meta': ''}]","Armor Slot 0: None, Count: 0; Armor Slot 1: None, Count: 0; Armor Slot 2: None, Count: 0; Armor Slot 3: None, Count: 0; ","Offhand: None, Count: 0; ",[],20.0,20.0,"[-0.9377377687154128, -0.3090172793168133, 0.15860705598514097]",south,0,0 minecraft:air,False,Player is not currently riding anything,0.0784000015258789
116.0,14:43:07.285186200,2025-07-30,literal{MF},"(-12.788734649689511, 68.0, 49.69999998807907)",20.0,"[{'name': ' None', 'count': 0, 'meta': ''}, {'name': ' None', 'count': 0, 'meta': ''}, {'name': ' None', 'count': 0, 'meta': ''}, {'name': ' None', 'count': 0, 'meta': ''}, {'name': ' None', 'count': 0, 'meta': ''}, {'name': ' None', 'count': 0, 'meta': ''}, {'name': ' None', 'count': 0, 'meta': ''}, {'name': ' None', 'count': 0, 'meta': ''}, {'name': ' None', 'count': 0, 'meta': ''}, {'name': ' None', 'count': 0, 'meta': ''}, {'name': ' None', 'count': 0, 'meta': ''}, {'name': ' None', 'count': 0, 'meta': ''}, {'name': ' None', 'count': 0, 'meta': ''}, {'name': ' None', 'count': 0, 'meta': ''}, {'name': ' None', 'count': 0, 'meta': ''}, {'name': ' None', 'count': 0, 'meta': ''}, {'name': ' None', 'count': 0, 'meta': ''}, {'name': ' None', 'count': 0, 'meta': ''}, {'name': ' None', 'count': 0, 'meta': ''}, {'name': ' None', 'count': 0, 'meta': ''}, {'name': ' None', 'count': 0, 'meta': ''}, {'name': ' None', 'count': 0, 'meta': ''}, {'name': ' None', 'count': 0, 'meta': ''}, {'name': ' None', 'count': 0, 'meta': ''}, {'name': ' None', 'count': 0, 'meta': ''}, {'name': ' None', 'count': 0, 'meta': ''}, {'name': ' None', 'count': 0, 'meta': ''}, {'name': ' None', 'count': 0, 'meta': ''}, {'name': ' None', 'count': 0, 'meta': ''}, {'name': ' None', 'count': 0, 'meta': ''}, {'name': ' None', 'count': 0, 'meta': ''}, {'name': ' None', 'count': 0, 'meta': ''}, {'name': ' None', 'count': 0, 'meta': ''}, {'name': ' None', 'count': 0, 'meta': ''}, {'name': ' None', 'count': 0, 'meta': ''}, {'name': ' None', 'count': 0, 'meta': ''}]","Armor Slot 0: None, Count: 0; Armor Slot 1: None, Count: 0; Armor Slot 2: None, Count: 0; Armor Slot 3: None, Count: 0; ","Offhand: None, Count: 0; ",[],20.0,20.0,"[-0.9461033979499411, -0.3090172793168133, 0.0969364816320975]",south,0,0 minecraft:air,False,Player is not currently riding anything,0.0784000015258789
116.0,14:43:07.335408500,2025-07-30,literal{MF},"(-12.771979269335455, 68.0, 49.69999998807907)",20.0,"[{'name': ' None', 'count': 0, 'meta': ''}, {'name': ' None', 'count': 0, 'meta': ''}, {'name': ' None', 'count': 0, 'meta': ''}, {'name': ' None', 'count': 0, 'meta': ''}, {'name': ' None', 'count': 0, 'meta': ''}, {'name': ' None', 'count': 0, 'meta': ''}, {'name': ' None', 'count': 0, 'meta': ''}, {'name': ' None', 'count': 0, 'meta': ''}, {'name': ' None', 'count': 0, 'meta': ''}, {'name': ' None', 'count': 0, 'meta': ''}, {'name': ' None', 'count': 0, 'meta': ''}, {'name': ' None', 'count': 0, 'meta': ''}, {'name': ' None', 'count': 0, 'meta': ''}, {'name': ' None', 'count': 0, 'meta': ''}, {'name': ' None', 'count': 0, 'meta': ''}, {'name': ' None', 'count': 0, 'meta': ''}, {'name': ' None', 'count': 0, 'meta': ''}, {'name': ' None', 'count': 0, 'meta': ''}, {'name': ' None', 'count': 0, 'meta': ''}, {'name': ' None', 'count': 0, 'meta': ''}, {'name': ' None', 'count': 0, 'meta': ''}, {'name': ' None', 'count': 0, 'meta': ''}, {'name': ' None', 'count': 0, 'meta': ''}, {'name': ' None', 'count': 0, 'meta': ''}, {'name': ' None', 'count': 0, 'meta': ''}, {'name': ' None', 'count': 0, 'meta': ''}, {'name': ' None', 'count': 0, 'meta': ''}, {'name': ' None', 'count': 0, 'meta': ''}, {'name': ' None', 'count': 0, 'meta': ''}, {'name': ' None', 'count': 0, 'meta': ''}, {'name': ' None', 'count': 0, 'meta': ''}, {'name': ' None', 'count': 0, 'meta': ''}, {'name': ' None', 'count': 0, 'meta': ''}, {'name': ' None', 'count': 0, 'meta': ''}, {'name': ' None', 'count': 0, 'meta': ''}, {'name': ' None', 'count': 0, 'meta': ''}]","Armor Slot 0: None, Count: 0; Armor Slot 1: None, Count: 0; Armor Slot 2: None, Count: 0; Armor Slot 3: None, Count: 0; ","Offhand: None, Count: 0; ",[],20.0,20.0,"[-0.9478510982290196, -0.3139927277782385, -0.0546521956413682]",south,0,0 minecraft:air,False,Player is not currently riding anything,0.0784000015258789
116.0,14:43:07.384334400,2025-07-30,literal{MF},"(-12.762830830599526, 68.0, 49.69999998807907)",20.0,"[{'name': ' None', 'count': 0, 'meta': ''}, {'name': ' None', 'count': 0, 'meta': ''}, {'name': ' None', 'count': 0, 'meta': ''}, {'name': ' None', 'count': 0, 'meta': ''}, {'name': ' None', 'count': 0, 'meta': ''}, {'name': ' None', 'count': 0, 'meta': ''}, {'name': ' None', 'count': 0, 'meta': ''}, {'name': ' None', 'count': 0, 'meta': ''}, {'name': ' None', 'count': 0, 'meta': ''}, {'name': ' None', 'count': 0, 'meta': ''}, {'name': ' None', 'count': 0, 'meta': ''}, {'name': ' None', 'count': 0, 'meta': ''}, {'name': ' None', 'count': 0, 'meta': ''}, {'name': ' None', 'count': 0, 'meta': ''}, {'name': ' None', 'count': 0, 'meta': ''}, {'name': ' None', 'count': 0, 'meta': ''}, {'name': ' None', 'count': 0, 'meta': ''}, {'name': ' None', 'count': 0, 'meta': ''}, {'name': ' None', 'count': 0, 'meta': ''}, {'name': ' None', 'count': 0, 'meta': ''}, {'name': ' None', 'count': 0, 'meta': ''}, {'name': ' None', 'count': 0, 'meta': ''}, {'name': ' None', 'count': 0, 'meta': ''}, {'name': ' None', 'count': 0, 'meta': ''}, {'name': ' None', 'count': 0, 'meta': ''}, {'name': ' None', 'count': 0, 'meta': ''}, {'name': ' None', 'count': 0, 'meta': ''}, {'name': ' None', 'count': 0, 'meta': ''}, {'name': ' None', 'count': 0, 'meta': ''}, {'name': ' None', 'count': 0, 'meta': ''}, {'name': ' None', 'count': 0, 'meta': ''}, {'name': ' None', 'count': 0, 'meta': ''}, {'name': ' None', 'count': 0, 'meta': ''}, {'name': ' None', 'count': 0, 'meta': ''}, {'name': ' None', 'count': 0, 'meta': ''}, {'name': ' None', 'count': 0, 'meta': ''}]","Armor Slot 0: None, Count: 0; Armor Slot 1: None, Count: 0; Armor Slot 2: None, Count: 0; Armor Slot 3: None, Count: 0; ","Offhand: None, Count: 0; ",[],20.0,20.0,"[-0.9351773245657526, -0.2965418928970491, -0.19366537474488318]",south,0,0 minecraft:air,False,Player is not currently riding anything,0.0784000015258789
116.0,14:43:07.436223900,2025-07-30,literal{MF},"(-12.75783578246952, 68.0, 49.69999998807907)",20.0,"[{'name': ' None', 'count': 0, 'meta': ''}, {'name': ' None', 'count': 0, 'meta': ''}, {'name': ' None', 'count': 0, 'meta': ''}, {'name': ' None', 'count': 0, 'meta': ''}, {'name': ' None', 'count': 0, 'meta': ''}, {'name': ' None', 'count': 0, 'meta': ''}, {'name': ' None', 'count': 0, 'meta': ''}, {'name': ' None', 'count': 0, 'meta': ''}, {'name': ' None', 'count': 0, 'meta': ''}, {'name': ' None', 'count': 0, 'meta': ''}, {'name': ' None', 'count': 0, 'meta': ''}, {'name': ' None', 'count': 0, 'meta': ''}, {'name': ' None', 'count': 0, 'meta': ''}, {'name': ' None', 'count': 0, 'meta': ''}, {'name': ' None', 'count': 0, 'meta': ''}, {'name': ' None', 'count': 0, 'meta': ''}, {'name': ' None', 'count': 0, 'meta': ''}, {'name': ' None', 'count': 0, 'meta': ''}, {'name': ' None', 'count': 0, 'meta': ''}, {'name': ' None', 'count': 0, 'meta': ''}, {'name': ' None', 'count': 0, 'meta': ''}, {'name': ' None', 'count': 0, 'meta': ''}, {'name': ' None', 'count': 0, 'meta': ''}, {'name': ' None', 'count': 0, 'meta': ''}, {'name': ' None', 'count': 0, 'meta': ''}, {'name': ' None', 'count': 0, 'meta': ''}, {'name': ' None', 'count': 0, 'meta': ''}, {'name': ' None', 'count': 0, 'meta': ''}, {'name': ' None', 'count': 0, 'meta': ''}, {'name': ' None', 'count': 0, 'meta': ''}, {'name': ' None', 'count': 0, 'meta': ''}, {'name': ' None', 'count': 0, 'meta': ''}, {'name': ' None', 'count': 0, 'meta': ''}, {'name': ' None', 'count': 0, 'meta': ''}, {'name': ' None', 'count': 0, 'meta': ''}, {'name': ' None', 'count': 0, 'meta': ''}]","Armor Slot 0: None, Count: 0; Armor Slot 1: None, Count: 0; Armor Slot 2: None, Count: 0; Armor Slot 3: None, Count: 0; ","Offhand: None, Count: 0; ",[],20.0,20.0,"[-0.9276821783656568, -0.268920179723237, -0.2590129589043213]",south,0,0 minecraft:air,False,Player is not currently riding anything,0.0784000015258789
116.0,14:43:07.488586700,2025-07-30,literal{MF},"(-12.75783578246952, 68.0, 49.69999998807907)",20.0,"[{'name': ' None', 'count': 0, 'meta': ''}, {'name': ' None', 'count': 0, 'meta': ''}, {'name': ' None', 'count': 0, 'meta': ''}, {'name': ' None', 'count': 0, 'meta': ''}, {'name': ' None', 'count': 0, 'meta': ''}, {'name': ' None', 'count': 0, 'meta': ''}, {'name': ' None', 'count': 0, 'meta': ''}, {'name': ' None', 'count': 0, 'meta': ''}, {'name': ' None', 'count': 0, 'meta': ''}, {'name': ' None', 'count': 0, 'meta': ''}, {'name': ' None', 'count': 0, 'meta': ''}, {'name': ' None', 'count': 0, 'meta': ''}, {'name': ' None', 'count': 0, 'meta': ''}, {'name': ' None', 'count': 0, 'meta': ''}, {'name': ' None', 'count': 0, 'meta': ''}, {'name': ' None', 'count': 0, 'meta': ''}, {'name': ' None', 'count': 0, 'meta': ''}, {'name': ' None', 'count': 0, 'meta': ''}, {'name': ' None', 'count': 0, 'meta': ''}, {'name': ' None', 'count': 0, 'meta': ''}, {'name': ' None', 'count': 0, 'meta': ''}, {'name': ' None', 'count': 0, 'meta': ''}, {'name': ' None', 'count': 0, 'meta': ''}, {'name': ' None', 'count': 0, 'meta': ''}, {'name': ' None', 'count': 0, 'meta': ''}, {'name': ' None', 'count': 0, 'meta': ''}, {'name': ' None', 'count': 0, 'meta': ''}, {'name': ' None', 'count': 0, 'meta': ''}, {'name': ' None', 'count': 0, 'meta': ''}, {'name': ' None', 'count': 0, 'meta': ''}, {'name': ' None', 'count': 0, 'meta': ''}, {'name': ' None', 'count': 0, 'meta': ''}, {'name': ' None', 'count': 0, 'meta': ''}, {'name': ' None', 'count': 0, 'meta': ''}, {'name': ' None', 'count': 0, 'meta': ''}, {'name': ' None', 'count': 0, 'meta': ''}]","Armor Slot 0: None, Count: 0; Armor Slot 1: None, Count: 0; Armor Slot 2: None, Count: 0; Armor Slot 3: None, Count: 0; ","Offhand: None, Count: 0; ",[],20.0,20.0,"[-0.8876323050545779, -0.2410754291406699, -0.39241754355295916]",south,0,0 minecraft:air,False,Player is not currently riding anything,0.0784000015258789
116.0,14:43:07.536619400,2025-07-30,literal{MF},"(-12.75783578246952, 68.0, 49.69999998807907)",20.0,"[{'name': ' None', 'count': 0, 'meta': ''}, {'name': ' None', 'count': 0, 'meta': ''}, {'name': ' None', 'count': 0, 'meta': ''}, {'name': ' None', 'count': 0, 'meta': ''}, {'name': ' None', 'count': 0, 'meta': ''}, {'name': ' None', 'count': 0, 'meta': ''}, {'name': ' None', 'count': 0, 'meta': ''}, {'name': ' None', 'count': 0, 'meta': ''}, {'name': ' None', 'count': 0, 'meta': ''}, {'name': ' None', 'count': 0, 'meta': ''}, {'name': ' None', 'count': 0, 'meta': ''}, {'name': ' None', 'count': 0, 'meta': ''}, {'name': ' None', 'count': 0, 'meta': ''}, {'name': ' None', 'count': 0, 'meta': ''}, {'name': ' None', 'count': 0, 'meta': ''}, {'name': ' None', 'count': 0, 'meta': ''}, {'name': ' None', 'count': 0, 'meta': ''}, {'name': ' None', 'count': 0, 'meta': ''}, {'name': ' None', 'count': 0, 'meta': ''}, {'name': ' None', 'count': 0, 'meta': ''}, {'name': ' None', 'count': 0, 'meta': ''}, {'name': ' None', 'count': 0, 'meta': ''}, {'name': ' None', 'count': 0, 'meta': ''}, {'name': ' None', 'count': 0, 'meta': ''}, {'name': ' None', 'count': 0, 'meta': ''}, {'name': ' None', 'count': 0, 'meta': ''}, {'name': ' None', 'count': 0, 'meta': ''}, {'name': ' None', 'count': 0, 'meta': ''}, {'name': ' None', 'count': 0, 'meta': ''}, {'name': ' None', 'count': 0, 'meta': ''}, {'name': ' None', 'count': 0, 'meta': ''}, {'name': ' None', 'count': 0, 'meta': ''}, {'name': ' None', 'count': 0, 'meta': ''}, {'name': ' None', 'count': 0, 'meta': ''}, {'name': ' None', 'count': 0, 'meta': ''}, {'name': ' None', 'count': 0, 'meta': ''}]","Armor Slot 0: None, Count: 0; Armor Slot 1: None, Count: 0; Armor Slot 2: None, Count: 0; Armor Slot 3: None, Count: 0; ","Offhand: None, Count: 0; ",[],20.0,20.0,"[-0.8109827472313474, -0.18738166120428004, -0.5542518351231873]",south,0,0 minecraft:air,False,Player is not currently riding anything,0.0784000015258789
116.0,14:43:07.585931200,2025-07-30,literal{MF},"(-12.75783578246952, 68.0, 49.69999998807907)",20.0,"[{'name': ' None', 'count': 0, 'meta': ''}, {'name': ' None', 'count': 0, 'meta': ''}, {'name': ' None', 'count': 0, 'meta': ''}, {'name': ' None', 'count': 0, 'meta': ''}, {'name': ' None', 'count': 0, 'meta': ''}, {'name': ' None', 'count': 0, 'meta': ''}, {'name': ' None', 'count': 0, 'meta': ''}, {'name': ' None', 'count': 0, 'meta': ''}, {'name': ' None', 'count': 0, 'meta': ''}, {'name': ' None', 'count': 0, 'meta': ''}, {'name': ' None', 'count': 0, 'meta': ''}, {'name': ' None', 'count': 0, 'meta': ''}, {'name': ' None', 'count': 0, 'meta': ''}, {'name': ' None', 'count': 0, 'meta': ''}, {'name': ' None', 'count': 0, 'meta': ''}, {'name': ' None', 'count': 0, 'meta': ''}, {'name': ' None', 'count': 0, 'meta': ''}, {'name': ' None', 'count': 0, 'meta': ''}, {'name': ' None', 'count': 0, 'meta': ''}, {'name': ' None', 'count': 0, 'meta': ''}, {'name': ' None', 'count': 0, 'meta': ''}, {'name': ' None', 'count': 0, 'meta': ''}, {'name': ' None', 'count': 0, 'meta': ''}, {'name': ' None', 'count': 0, 'meta': ''}, {'name': ' None', 'count': 0, 'meta': ''}, {'name': ' None', 'count': 0, 'meta': ''}, {'name': ' None', 'count': 0, 'meta': ''}, {'name': ' None', 'count': 0, 'meta': ''}, {'name': ' None', 'count': 0, 'meta': ''}, {'name': ' None', 'count': 0, 'meta': ''}, {'name': ' None', 'count': 0, 'meta': ''}, {'name': ' None', 'count': 0, 'meta': ''}, {'name': ' None', 'count': 0, 'meta': ''}, {'name': ' None', 'count': 0, 'meta': ''}, {'name': ' None', 'count': 0, 'meta': ''}, {'name': ' None', 'count': 0, 'meta': ''}]","Armor Slot 0: None, Count: 0; Armor Slot 1: None, Count: 0; Armor Slot 2: None, Count: 0; Armor Slot 3: None, Count: 0; ","Offhand: None, Count: 0; ",[],20.0,20.0,"[-0.7516838008013409, -0.13571593028371956, -0.6454089013021704]",south,0,0 minecraft:air,False,Player is not currently riding anything,0.0784000015258789
116.0,14:43:07.636207900,2025-07-30,literal{MF},"(-12.75783578246952, 68.0, 49.69999998807907)",20.0,"[{'name': ' None', 'count': 0, 'meta': ''}, {'name': ' None', 'count': 0, 'meta': ''}, {'name': ' None', 'count': 0, 'meta': ''}, {'name': ' None', 'count': 0, 'meta': ''}, {'name': ' None', 'count': 0, 'meta': ''}, {'name': ' None', 'count': 0, 'meta': ''}, {'name': ' None', 'count': 0, 'meta': ''}, {'name': ' None', 'count': 0, 'meta': ''}, {'name': ' None', 'count': 0, 'meta': ''}, {'name': ' None', 'count': 0, 'meta': ''}, {'name': ' None', 'count': 0, 'meta': ''}, {'name': ' None', 'count': 0, 'meta': ''}, {'name': ' None', 'count': 0, 'meta': ''}, {'name': ' None', 'count': 0, 'meta': ''}, {'name': ' None', 'count': 0, 'meta': ''}, {'name': ' None', 'count': 0, 'meta': ''}, {'name': ' None', 'count': 0, 'meta': ''}, {'name': ' None', 'count': 0, 'meta': ''}, {'name': ' None', 'count': 0, 'meta': ''}, {'name': ' None', 'count': 0, 'meta': ''}, {'name': ' None', 'count': 0, 'meta': ''}, {'name': ' None', 'count': 0, 'meta': ''}, {'name': ' None', 'count': 0, 'meta': ''}, {'name': ' None', 'count': 0, 'meta': ''}, {'name': ' None', 'count': 0, 'meta': ''}, {'name': ' None', 'count': 0, 'meta': ''}, {'name': ' None', 'count': 0, 'meta': ''}, {'name': ' None', 'count': 0, 'meta': ''}, {'name': ' None', 'count': 0, 'meta': ''}, {'name': ' None', 'count': 0, 'meta': ''}, {'name': ' None', 'count': 0, 'meta': ''}, {'name': ' None', 'count': 0, 'meta': ''}, {'name': ' None', 'count': 0, 'meta': ''}, {'name': ' None', 'count': 0, 'meta': ''}, {'name': ' None', 'count': 0, 'meta': ''}, {'name': ' None', 'count': 0, 'meta': ''}]","Armor Slot 0: None, Count: 0; Armor Slot 1: None, Count: 0; Armor Slot 2: None, Count: 0; Armor Slot 3: None, Count: 0; ","Offhand: None, Count: 0; ",[],20.0,20.0,"[-0.6892398863870799, -0.0915019667369447, -0.718732056538733]",west,0,0 minecraft:air,False,Player is not currently riding anything,0.0784000015258789
116.0,14:43:07.685308600,2025-07-30,literal{MF},"(-12.75783578246952, 68.0, 49.69999998807907)",20.0,"[{'name': ' None', 'count': 0, 'meta': ''}, {'name': ' None', 'count': 0, 'meta': ''}, {'name': ' None', 'count': 0, 'meta': ''}, {'name': ' None', 'count': 0, 'meta': ''}, {'name': ' None', 'count': 0, 'meta': ''}, {'name': ' None', 'count': 0, 'meta': ''}, {'name': ' None', 'count': 0, 'meta': ''}, {'name': ' None', 'count': 0, 'meta': ''}, {'name': ' None', 'count': 0, 'meta': ''}, {'name': ' None', 'count': 0, 'meta': ''}, {'name': ' None', 'count': 0, 'meta': ''}, {'name': ' None', 'count': 0, 'meta': ''}, {'name': ' None', 'count': 0, 'meta': ''}, {'name': ' None', 'count': 0, 'meta': ''}, {'name': ' None', 'count': 0, 'meta': ''}, {'name': ' None', 'count': 0, 'meta': ''}, {'name': ' None', 'count': 0, 'meta': ''}, {'name': ' None', 'count': 0, 'meta': ''}, {'name': ' None', 'count': 0, 'meta': ''}, {'name': ' None', 'count': 0, 'meta': ''}, {'name': ' None', 'count': 0, 'meta': ''}, {'name': ' None', 'count': 0, 'meta': ''}, {'name': ' None', 'count': 0, 'meta': ''}, {'name': ' None', 'count': 0, 'meta': ''}, {'name': ' None', 'count': 0, 'meta': ''}, {'name': ' None', 'count': 0, 'meta': ''}, {'name': ' None', 'count': 0, 'meta': ''}, {'name': ' None', 'count': 0, 'meta': ''}, {'name': ' None', 'count': 0, 'meta': ''}, {'name': ' None', 'count': 0, 'meta': ''}, {'name': ' None', 'count': 0, 'meta': ''}, {'name': ' None', 'count': 0, 'meta': ''}, {'name': ' None', 'count': 0, 'meta': ''}, {'name': ' None', 'count': 0, 'meta': ''}, {'name': ' None', 'count': 0, 'meta': ''}, {'name': ' None', 'count': 0, 'meta': ''}]","Armor Slot 0: None, Count: 0; Armor Slot 1: None, Count: 0; Armor Slot 2: None, Count: 0; Armor Slot 3: None, Count: 0; ","Offhand: None, Count: 0; ",[],20.0,20.0,"[-0.6521315559707775, -0.06279085425934042, -0.755500987642316]",west,0,0 minecraft:air,False,Player is not currently riding anything,0.0784000015258789
116.0,14:43:07.734187900,2025-07-30,literal{MF},"(-12.75783578246952, 68.0, 49.69999998807907)",20.0,"[{'name': ' None', 'count': 0, 'meta': ''}, {'name': ' None', 'count': 0, 'meta': ''}, {'name': ' None', 'count': 0, 'meta': ''}, {'name': ' None', 'count': 0, 'meta': ''}, {'name': ' None', 'count': 0, 'meta': ''}, {'name': ' None', 'count': 0, 'meta': ''}, {'name': ' None', 'count': 0, 'meta': ''}, {'name': ' None', 'count': 0, 'meta': ''}, {'name': ' None', 'count': 0, 'meta': ''}, {'name': ' None', 'count': 0, 'meta': ''}, {'name': ' None', 'count': 0, 'meta': ''}, {'name': ' None', 'count': 0, 'meta': ''}, {'name': ' None', 'count': 0, 'meta': ''}, {'name': ' None', 'count': 0, 'meta': ''}, {'name': ' None', 'count': 0, 'meta': ''}, {'name': ' None', 'count': 0, 'meta': ''}, {'name': ' None', 'count': 0, 'meta': ''}, {'name': ' None', 'count': 0, 'meta': ''}, {'name': ' None', 'count': 0, 'meta': ''}, {'name': ' None', 'count': 0, 'meta': ''}, {'name': ' None', 'count': 0, 'meta': ''}, {'name': ' None', 'count': 0, 'meta': ''}, {'name': ' None', 'count': 0, 'meta': ''}, {'name': ' None', 'count': 0, 'meta': ''}, {'name': ' None', 'count': 0, 'meta': ''}, {'name': ' None', 'count': 0, 'meta': ''}, {'name': ' None', 'count': 0, 'meta': ''}, {'name': ' None', 'count': 0, 'meta': ''}, {'name': ' None', 'count': 0, 'meta': ''}, {'name': ' None', 'count': 0, 'meta': ''}, {'name': ' None', 'count': 0, 'meta': ''}, {'name': ' None', 'count': 0, 'meta': ''}, {'name': ' None', 'count': 0, 'meta': ''}, {'name': ' None', 'count': 0, 'meta': ''}, {'name': ' None', 'count': 0, 'meta': ''}, {'name': ' None', 'count': 0, 'meta': ''}]","Armor Slot 0: None, Count: 0; Armor Slot 1: None, Count: 0; Armor Slot 2: None, Count: 0; Armor Slot 3: None, Count: 0; ","Offhand: None, Count: 0; ",[],20.0,20.0,"[-0.6383790403552754, -0.05756435847184135, -0.7675666391062101]",west,0,0 minecraft:air,False,Player is not currently riding anything,0.0784000015258789
116.0,14:43:07.786612500,2025-07-30,literal{MF},"(-12.75783578246952, 68.0, 49.69999998807907)",20.0,"[{'name': ' None', 'count': 0, 'meta': ''}, {'name': ' None', 'count': 0, 'meta': ''}, {'name': ' None', 'count': 0, 'meta': ''}, {'name': ' None', 'count': 0, 'meta': ''}, {'name': ' None', 'count': 0, 'meta': ''}, {'name': ' None', 'count': 0, 'meta': ''}, {'name': ' None', 'count': 0, 'meta': ''}, {'name': ' None', 'count': 0, 'meta': ''}, {'name': ' None', 'count': 0, 'meta': ''}, {'name': ' None', 'count': 0, 'meta': ''}, {'name': ' None', 'count': 0, 'meta': ''}, {'name': ' None', 'count': 0, 'meta': ''}, {'name': ' None', 'count': 0, 'meta': ''}, {'name': ' None', 'count': 0, 'meta': ''}, {'name': ' None', 'count': 0, 'meta': ''}, {'name': ' None', 'count': 0, 'meta': ''}, {'name': ' None', 'count': 0, 'meta': ''}, {'name': ' None', 'count': 0, 'meta': ''}, {'name': ' None', 'count': 0, 'meta': ''}, {'name': ' None', 'count': 0, 'meta': ''}, {'name': ' None', 'count': 0, 'meta': ''}, {'name': ' None', 'count': 0, 'meta': ''}, {'name': ' None', 'count': 0, 'meta': ''}, {'name': ' None', 'count': 0, 'meta': ''}, {'name': ' None', 'count': 0, 'meta': ''}, {'name': ' None', 'count': 0, 'meta': ''}, {'name': ' None', 'count': 0, 'meta': ''}, {'name': ' None', 'count': 0, 'meta': ''}, {'name': ' None', 'count': 0, 'meta': ''}, {'name': ' None', 'count': 0, 'meta': ''}, {'name': ' None', 'count': 0, 'meta': ''}, {'name': ' None', 'count': 0, 'meta': ''}, {'name': ' None', 'count': 0, 'meta': ''}, {'name': ' None', 'count': 0, 'meta': ''}, {'name': ' None', 'count': 0, 'meta': ''}, {'name': ' None', 'count': 0, 'meta': ''}]","Armor Slot 0: None, Count: 0; Armor Slot 1: None, Count: 0; Armor Slot 2: None, Count: 0; Armor Slot 3: None, Count: 0; ","Offhand: None, Count: 0; ",[],20.0,20.0,"[-0.6383790403552754, -0.05756435847184135, -0.7675666391062101]",west,0,0 minecraft:air,False,Player is not currently riding anything,0.0784000015258789
116.0,14:43:07.835335600,2025-07-30,literal{MF},"(-12.75783578246952, 68.0, 49.69999998807907)",20.0,"[{'name': ' None', 'count': 0, 'meta': ''}, {'name': ' None', 'count': 0, 'meta': ''}, {'name': ' None', 'count': 0, 'meta': ''}, {'name': ' None', 'count': 0, 'meta': ''}, {'name': ' None', 'count': 0, 'meta': ''}, {'name': ' None', 'count': 0, 'meta': ''}, {'name': ' None', 'count': 0, 'meta': ''}, {'name': ' None', 'count': 0, 'meta': ''}, {'name': ' None', 'count': 0, 'meta': ''}, {'name': ' None', 'count': 0, 'meta': ''}, {'name': ' None', 'count': 0, 'meta': ''}, {'name': ' None', 'count': 0, 'meta': ''}, {'name': ' None', 'count': 0, 'meta': ''}, {'name': ' None', 'count': 0, 'meta': ''}, {'name': ' None', 'count': 0, 'meta': ''}, {'name': ' None', 'count': 0, 'meta': ''}, {'name': ' None', 'count': 0, 'meta': ''}, {'name': ' None', 'count': 0, 'meta': ''}, {'name': ' None', 'count': 0, 'meta': ''}, {'name': ' None', 'count': 0, 'meta': ''}, {'name': ' None', 'count': 0, 'meta': ''}, {'name': ' None', 'count': 0, 'meta': ''}, {'name': ' None', 'count': 0, 'meta': ''}, {'name': ' None', 'count': 0, 'meta': ''}, {'name': ' None', 'count': 0, 'meta': ''}, {'name': ' None', 'count': 0, 'meta': ''}, {'name': ' None', 'count': 0, 'meta': ''}, {'name': ' None', 'count': 0, 'meta': ''}, {'name': ' None', 'count': 0, 'meta': ''}, {'name': ' None', 'count': 0, 'meta': ''}, {'name': ' None', 'count': 0, 'meta': ''}, {'name': ' None', 'count': 0, 'meta': ''}, {'name': ' None', 'count': 0, 'meta': ''}, {'name': ' None', 'count': 0, 'meta': ''}, {'name': ' None', 'count': 0, 'meta': ''}, {'name': ' None', 'count': 0, 'meta': ''}]","Armor Slot 0: None, Count: 0; Armor Slot 1: None, Count: 0; Armor Slot 2: None, Count: 0; Armor Slot 3: None, Count: 0; ","Offhand: None, Count: 0; ",[],20.0,20.0,"[-0.6605780354690778, -0.04710677990996532, -0.749278059429427]",west,0,0 minecraft:air,False,Player is not currently riding anything,0.0784000015258789
116.0,14:43:07.883748400,2025-07-30,literal{MF},"(-12.75783578246952, 68.0, 49.69999998807907)",20.0,"[{'name': ' None', 'count': 0, 'meta': ''}, {'name': ' None', 'count': 0, 'meta': ''}, {'name': ' None', 'count': 0, 'meta': ''}, {'name': ' None', 'count': 0, 'meta': ''}, {'name': ' None', 'count': 0, 'meta': ''}, {'name': ' None', 'count': 0, 'meta': ''}, {'name': ' None', 'count': 0, 'meta': ''}, {'name': ' None', 'count': 0, 'meta': ''}, {'name': ' None', 'count': 0, 'meta': ''}, {'name': ' None', 'count': 0, 'meta': ''}, {'name': ' None', 'count': 0, 'meta': ''}, {'name': ' None', 'count': 0, 'meta': ''}, {'name': ' None', 'count': 0, 'meta': ''}, {'name': ' None', 'count': 0, 'meta': ''}, {'name': ' None', 'count': 0, 'meta': ''}, {'name': ' None', 'count': 0, 'meta': ''}, {'name': ' None', 'count': 0, 'meta': ''}, {'name': ' None', 'count': 0, 'meta': ''}, {'name': ' None', 'count': 0, 'meta': ''}, {'name': ' None', 'count': 0, 'meta': ''}, {'name': ' None', 'count': 0, 'meta': ''}, {'name': ' None', 'count': 0, 'meta': ''}, {'name': ' None', 'count': 0, 'meta': ''}, {'name': ' None', 'count': 0, 'meta': ''}, {'name': ' None', 'count': 0, 'meta': ''}, {'name': ' None', 'count': 0, 'meta': ''}, {'name': ' None', 'count': 0, 'meta': ''}, {'name': ' None', 'count': 0, 'meta': ''}, {'name': ' None', 'count': 0, 'meta': ''}, {'name': ' None', 'count': 0, 'meta': ''}, {'name': ' None', 'count': 0, 'meta': ''}, {'name': ' None', 'count': 0, 'meta': ''}, {'name': ' None', 'count': 0, 'meta': ''}, {'name': ' None', 'count': 0, 'meta': ''}, {'name': ' None', 'count': 0, 'meta': ''}, {'name': ' None', 'count': 0, 'meta': ''}]","Armor Slot 0: None, Count: 0; Armor Slot 1: None, Count: 0; Armor Slot 2: None, Count: 0; Armor Slot 3: None, Count: 0; ","Offhand: None, Count: 0; ",[],20.0,20.0,"[-0.7306357935814489, -0.018325255082260745, -0.6825214444717297]",south,0,0 minecraft:air,False,Player is not currently riding anything,0.0784000015258789
119.0,14:43:07.934382600,2025-07-30,literal{MF},"(-12.75783578246952, 68.0, 49.69999998807907)",20.0,"[{'name': ' None', 'count': 0, 'meta': ''}, {'name': ' None', 'count': 0, 'meta': ''}, {'name': ' None', 'count': 0, 'meta': ''}, {'name': ' None', 'count': 0, 'meta': ''}, {'name': ' None', 'count': 0, 'meta': ''}, {'name': ' None', 'count': 0, 'meta': ''}, {'name': ' None', 'count': 0, 'meta': ''}, {'name': ' None', 'count': 0, 'meta': ''}, {'name': ' None', 'count': 0, 'meta': ''}, {'name': ' None', 'count': 0, 'meta': ''}, {'name': ' None', 'count': 0, 'meta': ''}, {'name': ' None', 'count': 0, 'meta': ''}, {'name': ' None', 'count': 0, 'meta': ''}, {'name': ' None', 'count': 0, 'meta': ''}, {'name': ' None', 'count': 0, 'meta': ''}, {'name': ' None', 'count': 0, 'meta': ''}, {'name': ' None', 'count': 0, 'meta': ''}, {'name': ' None', 'count': 0, 'meta': ''}, {'name': ' None', 'count': 0, 'meta': ''}, {'name': ' None', 'count': 0, 'meta': ''}, {'name': ' None', 'count': 0, 'meta': ''}, {'name': ' None', 'count': 0, 'meta': ''}, {'name': ' None', 'count': 0, 'meta': ''}, {'name': ' None', 'count': 0, 'meta': ''}, {'name': ' None', 'count': 0, 'meta': ''}, {'name': ' None', 'count': 0, 'meta': ''}, {'name': ' None', 'count': 0, 'meta': ''}, {'name': ' None', 'count': 0, 'meta': ''}, {'name': ' None', 'count': 0, 'meta': ''}, {'name': ' None', 'count': 0, 'meta': ''}, {'name': ' None', 'count': 0, 'meta': ''}, {'name': ' None', 'count': 0, 'meta': ''}, {'name': ' None', 'count': 0, 'meta': ''}, {'name': ' None', 'count': 0, 'meta': ''}, {'name': ' None', 'count': 0, 'meta': ''}, {'name': ' None', 'count': 0, 'meta': ''}]","Armor Slot 0: None, Count: 0; Armor Slot 1: None, Count: 0; Armor Slot 2: None, Count: 0; Armor Slot 3: None, Count: 0; ","Offhand: None, Count: 0; ",[],20.0,20.0,"[-0.8181246542622238, 0.007853580278971484, -0.5749872793072195]",south,0,0 minecraft:air,False,Player is not currently riding anything,0.0784000015258789
119.0,14:43:07.984833600,2025-07-30,literal{MF},"(-12.75783578246952, 68.0, 49.69999998807907)",20.0,"[{'name': ' None', 'count': 0, 'meta': ''}, {'name': ' None', 'count': 0, 'meta': ''}, {'name': ' None', 'count': 0, 'meta': ''}, {'name': ' None', 'count': 0, 'meta': ''}, {'name': ' None', 'count': 0, 'meta': ''}, {'name': ' None', 'count': 0, 'meta': ''}, {'name': ' None', 'count': 0, 'meta': ''}, {'name': ' None', 'count': 0, 'meta': ''}, {'name': ' None', 'count': 0, 'meta': ''}, {'name': ' None', 'count': 0, 'meta': ''}, {'name': ' None', 'count': 0, 'meta': ''}, {'name': ' None', 'count': 0, 'meta': ''}, {'name': ' None', 'count': 0, 'meta': ''}, {'name': ' None', 'count': 0, 'meta': ''}, {'name': ' None', 'count': 0, 'meta': ''}, {'name': ' None', 'count': 0, 'meta': ''}, {'name': ' None', 'count': 0, 'meta': ''}, {'name': ' None', 'count': 0, 'meta': ''}, {'name': ' None', 'count': 0, 'meta': ''}, {'name': ' None', 'count': 0, 'meta': ''}, {'name': ' None', 'count': 0, 'meta': ''}, {'name': ' None', 'count': 0, 'meta': ''}, {'name': ' None', 'count': 0, 'meta': ''}, {'name': ' None', 'count': 0, 'meta': ''}, {'name': ' None', 'count': 0, 'meta': ''}, {'name': ' None', 'count': 0, 'meta': ''}, {'name': ' None', 'count': 0, 'meta': ''}, {'name': ' None', 'count': 0, 'meta': ''}, {'name': ' None', 'count': 0, 'meta': ''}, {'name': ' None', 'count': 0, 'meta': ''}, {'name': ' None', 'count': 0, 'meta': ''}, {'name': ' None', 'count': 0, 'meta': ''}, {'name': ' None', 'count': 0, 'meta': ''}, {'name': ' None', 'count': 0, 'meta': ''}, {'name': ' None', 'count': 0, 'meta': ''}, {'name': ' None', 'count': 0, 'meta': ''}]","Armor Slot 0: None, Count: 0; Armor Slot 1: None, Count: 0; Armor Slot 2: None, Count: 0; Armor Slot 3: None, Count: 0; ","Offhand: None, Count: 0; ",[],20.0,20.0,"[-0.8550713035744022, 0.026176630085981853, -0.5178492539735036]",south,0,0 minecraft:air,False,Player is not currently riding anything,0.0784000015258789
119.0,14:43:08.034013600,2025-07-30,literal{MF},"(-12.75783578246952, 68.0, 49.69999998807907)",20.0,"[{'name': ' None', 'count': 0, 'meta': ''}, {'name': ' None', 'count': 0, 'meta': ''}, {'name': ' None', 'count': 0, 'meta': ''}, {'name': ' None', 'count': 0, 'meta': ''}, {'name': ' None', 'count': 0, 'meta': ''}, {'name': ' None', 'count': 0, 'meta': ''}, {'name': ' None', 'count': 0, 'meta': ''}, {'name': ' None', 'count': 0, 'meta': ''}, {'name': ' None', 'count': 0, 'meta': ''}, {'name': ' None', 'count': 0, 'meta': ''}, {'name': ' None', 'count': 0, 'meta': ''}, {'name': ' None', 'count': 0, 'meta': ''}, {'name': ' None', 'count': 0, 'meta': ''}, {'name': ' None', 'count': 0, 'meta': ''}, {'name': ' None', 'count': 0, 'meta': ''}, {'name': ' None', 'count': 0, 'meta': ''}, {'name': ' None', 'count': 0, 'meta': ''}, {'name': ' None', 'count': 0, 'meta': ''}, {'name': ' None', 'count': 0, 'meta': ''}, {'name': ' None', 'count': 0, 'meta': ''}, {'name': ' None', 'count': 0, 'meta': ''}, {'name': ' None', 'count': 0, 'meta': ''}, {'name': ' None', 'count': 0, 'meta': ''}, {'name': ' None', 'count': 0, 'meta': ''}, {'name': ' None', 'count': 0, 'meta': ''}, {'name': ' None', 'count': 0, 'meta': ''}, {'name': ' None', 'count': 0, 'meta': ''}, {'name': ' None', 'count': 0, 'meta': ''}, {'name': ' None', 'count': 0, 'meta': ''}, {'name': ' None', 'count': 0, 'meta': ''}, {'name': ' None', 'count': 0, 'meta': ''}, {'name': ' None', 'count': 0, 'meta': ''}, {'name': ' None', 'count': 0, 'meta': ''}, {'name': ' None', 'count': 0, 'meta': ''}, {'name': ' None', 'count': 0, 'meta': ''}, {'name': ' None', 'count': 0, 'meta': ''}]","Armor Slot 0: None, Count: 0; Armor Slot 1: None, Count: 0; Armor Slot 2: None, Count: 0; Armor Slot 3: None, Count: 0; ","Offhand: None, Count: 0; ",[],20.0,20.0,"[-0.8920217351039273, 0.05494986580184791, -0.448639873785799]",south,0,0 minecraft:air,False,Player is not currently riding anything,0.0784000015258789
119.0,14:43:08.093886700,2025-07-30,literal{MF},"(-12.75783578246952, 68.0, 49.69999998807907)",20.0,"[{'name': ' None', 'count': 0, 'meta': ''}, {'name': ' None', 'count': 0, 'meta': ''}, {'name': ' None', 'count': 0, 'meta': ''}, {'name': ' None', 'count': 0, 'meta': ''}, {'name': ' None', 'count': 0, 'meta': ''}, {'name': ' None', 'count': 0, 'meta': ''}, {'name': ' None', 'count': 0, 'meta': ''}, {'name': ' None', 'count': 0, 'meta': ''}, {'name': ' None', 'count': 0, 'meta': ''}, {'name': ' None', 'count': 0, 'meta': ''}, {'name': ' None', 'count': 0, 'meta': ''}, {'name': ' None', 'count': 0, 'meta': ''}, {'name': ' None', 'count': 0, 'meta': ''}, {'name': ' None', 'count': 0, 'meta': ''}, {'name': ' None', 'count': 0, 'meta': ''}, {'name': ' None', 'count': 0, 'meta': ''}, {'name': ' None', 'count': 0, 'meta': ''}, {'name': ' None', 'count': 0, 'meta': ''}, {'name': ' None', 'count': 0, 'meta': ''}, {'name': ' None', 'count': 0, 'meta': ''}, {'name': ' None', 'count': 0, 'meta': ''}, {'name': ' None', 'count': 0, 'meta': ''}, {'name': ' None', 'count': 0, 'meta': ''}, {'name': ' None', 'count': 0, 'meta': ''}, {'name': ' None', 'count': 0, 'meta': ''}, {'name': ' None', 'count': 0, 'meta': ''}, {'name': ' None', 'count': 0, 'meta': ''}, {'name': ' None', 'count': 0, 'meta': ''}, {'name': ' None', 'count': 0, 'meta': ''}, {'name': ' None', 'count': 0, 'meta': ''}, {'name': ' None', 'count': 0, 'meta': ''}, {'name': ' None', 'count': 0, 'meta': ''}, {'name': ' None', 'count': 0, 'meta': ''}, {'name': ' None', 'count': 0, 'meta': ''}, {'name': ' None', 'count': 0, 'meta': ''}, {'name': ' None', 'count': 0, 'meta': ''}]","Armor Slot 0: None, Count: 0; Armor Slot 1: None, Count: 0; Armor Slot 2: None, Count: 0; Armor Slot 3: None, Count: 0; ","Offhand: None, Count: 0; ",[],20.0,20.0,"[-0.9182137018235178, 0.0888939884996169, -0.38598116092910795]",south,0,0 minecraft:air,False,Player is not currently riding anything,0.0784000015258789
119.0,14:43:08.136092100,2025-07-30,literal{MF},"(-12.75783578246952, 68.0, 49.69999998807907)",20.0,"[{'name': ' None', 'count': 0, 'meta': ''}, {'name': ' None', 'count': 0, 'meta': ''}, {'name': ' None', 'count': 0, 'meta': ''}, {'name': ' None', 'count': 0, 'meta': ''}, {'name': ' None', 'count': 0, 'meta': ''}, {'name': ' None', 'count': 0, 'meta': ''}, {'name': ' None', 'count': 0, 'meta': ''}, {'name': ' None', 'count': 0, 'meta': ''}, {'name': ' None', 'count': 0, 'meta': ''}, {'name': ' None', 'count': 0, 'meta': ''}, {'name': ' None', 'count': 0, 'meta': ''}, {'name': ' None', 'count': 0, 'meta': ''}, {'name': ' None', 'count': 0, 'meta': ''}, {'name': ' None', 'count': 0, 'meta': ''}, {'name': ' None', 'count': 0, 'meta': ''}, {'name': ' None', 'count': 0, 'meta': ''}, {'name': ' None', 'count': 0, 'meta': ''}, {'name': ' None', 'count': 0, 'meta': ''}, {'name': ' None', 'count': 0, 'meta': ''}, {'name': ' None', 'count': 0, 'meta': ''}, {'name': ' None', 'count': 0, 'meta': ''}, {'name': ' None', 'count': 0, 'meta': ''}, {'name': ' None', 'count': 0, 'meta': ''}, {'name': ' None', 'count': 0, 'meta': ''}, {'name': ' None', 'count': 0, 'meta': ''}, {'name': ' None', 'count': 0, 'meta': ''}, {'name': ' None', 'count': 0, 'meta': ''}, {'name': ' None', 'count': 0, 'meta': ''}, {'name': ' None', 'count': 0, 'meta': ''}, {'name': ' None', 'count': 0, 'meta': ''}, {'name': ' None', 'count': 0, 'meta': ''}, {'name': ' None', 'count': 0, 'meta': ''}, {'name': ' None', 'count': 0, 'meta': ''}, {'name': ' None', 'count': 0, 'meta': ''}, {'name': ' None', 'count': 0, 'meta': ''}, {'name': ' None', 'count': 0, 'meta': ''}]","Armor Slot 0: None, Count: 0; Armor Slot 1: None, Count: 0; Armor Slot 2: None, Count: 0; Armor Slot 3: None, Count: 0; ","Offhand: None, Count: 0; ",[],20.0,20.0,"[-0.9295230628189394, 0.11233581474445174, -0.3512371569373012]",south,0,0 minecraft:air,False,Player is not currently riding anything,0.0784000015258789
119.0,14:43:08.184213800,2025-07-30,literal{MF},"(-12.790789058269187, 68.0, 49.69999998807907)",20.0,"[{'name': ' None', 'count': 0, 'meta': ''}, {'name': ' None', 'count': 0, 'meta': ''}, {'name': ' None', 'count': 0, 'meta': ''}, {'name': ' None', 'count': 0, 'meta': ''}, {'name': ' None', 'count': 0, 'meta': ''}, {'name': ' None', 'count': 0, 'meta': ''}, {'name': ' None', 'count': 0, 'meta': ''}, {'name': ' None', 'count': 0, 'meta': ''}, {'name': ' None', 'count': 0, 'meta': ''}, {'name': ' None', 'count': 0, 'meta': ''}, {'name': ' None', 'count': 0, 'meta': ''}, {'name': ' None', 'count': 0, 'meta': ''}, {'name': ' None', 'count': 0, 'meta': ''}, {'name': ' None', 'count': 0, 'meta': ''}, {'name': ' None', 'count': 0, 'meta': ''}, {'name': ' None', 'count': 0, 'meta': ''}, {'name': ' None', 'count': 0, 'meta': ''}, {'name': ' None', 'count': 0, 'meta': ''}, {'name': ' None', 'count': 0, 'meta': ''}, {'name': ' None', 'count': 0, 'meta': ''}, {'name': ' None', 'count': 0, 'meta': ''}, {'name': ' None', 'count': 0, 'meta': ''}, {'name': ' None', 'count': 0, 'meta': ''}, {'name': ' None', 'count': 0, 'meta': ''}, {'name': ' None', 'count': 0, 'meta': ''}, {'name': ' None', 'count': 0, 'meta': ''}, {'name': ' None', 'count': 0, 'meta': ''}, {'name': ' None', 'count': 0, 'meta': ''}, {'name': ' None', 'count': 0, 'meta': ''}, {'name': ' None', 'count': 0, 'meta': ''}, {'name': ' None', 'count': 0, 'meta': ''}, {'name': ' None', 'count': 0, 'meta': ''}, {'name': ' None', 'count': 0, 'meta': ''}, {'name': ' None', 'count': 0, 'meta': ''}, {'name': ' None', 'count': 0, 'meta': ''}, {'name': ' None', 'count': 0, 'meta': ''}]","Armor Slot 0: None, Count: 0; Armor Slot 1: None, Count: 0; Armor Slot 2: None, Count: 0; Armor Slot 3: None, Count: 0; ","Offhand: None, Count: 0; ",[],20.0,20.0,"[-0.9337075595807204, 0.13052590342877035, -0.3333964332681419]",south,0,0 minecraft:air,False,Player is not currently riding anything,0.0784000015258789
119.0,14:43:08.236349800,2025-07-30,literal{MF},"(-12.841734824745346, 68.0, 49.69999998807907)",20.0,"[{'name': ' None', 'count': 0, 'meta': ''}, {'name': ' None', 'count': 0, 'meta': ''}, {'name': ' None', 'count': 0, 'meta': ''}, {'name': ' None', 'count': 0, 'meta': ''}, {'name': ' None', 'count': 0, 'meta': ''}, {'name': ' None', 'count': 0, 'meta': ''}, {'name': ' None', 'count': 0, 'meta': ''}, {'name': ' None', 'count': 0, 'meta': ''}, {'name': ' None', 'count': 0, 'meta': ''}, {'name': ' None', 'count': 0, 'meta': ''}, {'name': ' None', 'count': 0, 'meta': ''}, {'name': ' None', 'count': 0, 'meta': ''}, {'name': ' None', 'count': 0, 'meta': ''}, {'name': ' None', 'count': 0, 'meta': ''}, {'name': ' None', 'count': 0, 'meta': ''}, {'name': ' None', 'count': 0, 'meta': ''}, {'name': ' None', 'count': 0, 'meta': ''}, {'name': ' None', 'count': 0, 'meta': ''}, {'name': ' None', 'count': 0, 'meta': ''}, {'name': ' None', 'count': 0, 'meta': ''}, {'name': ' None', 'count': 0, 'meta': ''}, {'name': ' None', 'count': 0, 'meta': ''}, {'name': ' None', 'count': 0, 'meta': ''}, {'name': ' None', 'count': 0, 'meta': ''}, {'name': ' None', 'count': 0, 'meta': ''}, {'name': ' None', 'count': 0, 'meta': ''}, {'name': ' None', 'count': 0, 'meta': ''}, {'name': ' None', 'count': 0, 'meta': ''}, {'name': ' None', 'count': 0, 'meta': ''}, {'name': ' None', 'count': 0, 'meta': ''}, {'name': ' None', 'count': 0, 'meta': ''}, {'name': ' None', 'count': 0, 'meta': ''}, {'name': ' None', 'count': 0, 'meta': ''}, {'name': ' None', 'count': 0, 'meta': ''}, {'name': ' None', 'count': 0, 'meta': ''}, {'name': ' None', 'count': 0, 'meta': ''}]","Armor Slot 0: None, Count: 0; Armor Slot 1: None, Count: 0; Armor Slot 2: None, Count: 0; Armor Slot 3: None, Count: 0; ","Offhand: None, Count: 0; ",[],20.0,20.0,"[-0.9337075595807204, 0.13052590342877035, -0.3333964332681419]",south,0,0 minecraft:air,False,Player is not currently riding anything,0.0784000015258789
119.0,14:43:08.285161600,2025-07-30,literal{MF},"(-12.902981868868585, 68.0, 49.69999998807907)",20.0,"[{'name': ' None', 'count': 0, 'meta': ''}, {'name': ' None', 'count': 0, 'meta': ''}, {'name': ' None', 'count': 0, 'meta': ''}, {'name': ' None', 'count': 0, 'meta': ''}, {'name': ' None', 'count': 0, 'meta': ''}, {'name': ' None', 'count': 0, 'meta': ''}, {'name': ' None', 'count': 0, 'meta': ''}, {'name': ' None', 'count': 0, 'meta': ''}, {'name': ' None', 'count': 0, 'meta': ''}, {'name': ' None', 'count': 0, 'meta': ''}, {'name': ' None', 'count': 0, 'meta': ''}, {'name': ' None', 'count': 0, 'meta': ''}, {'name': ' None', 'count': 0, 'meta': ''}, {'name': ' None', 'count': 0, 'meta': ''}, {'name': ' None', 'count': 0, 'meta': ''}, {'name': ' None', 'count': 0, 'meta': ''}, {'name': ' None', 'count': 0, 'meta': ''}, {'name': ' None', 'count': 0, 'meta': ''}, {'name': ' None', 'count': 0, 'meta': ''}, {'name': ' None', 'count': 0, 'meta': ''}, {'name': ' None', 'count': 0, 'meta': ''}, {'name': ' None', 'count': 0, 'meta': ''}, {'name': ' None', 'count': 0, 'meta': ''}, {'name': ' None', 'count': 0, 'meta': ''}, {'name': ' None', 'count': 0, 'meta': ''}, {'name': ' None', 'count': 0, 'meta': ''}, {'name': ' None', 'count': 0, 'meta': ''}, {'name': ' None', 'count': 0, 'meta': ''}, {'name': ' None', 'count': 0, 'meta': ''}, {'name': ' None', 'count': 0, 'meta': ''}, {'name': ' None', 'count': 0, 'meta': ''}, {'name': ' None', 'count': 0, 'meta': ''}, {'name': ' None', 'count': 0, 'meta': ''}, {'name': ' None', 'count': 0, 'meta': ''}, {'name': ' None', 'count': 0, 'meta': ''}, {'name': ' None', 'count': 0, 'meta': ''}]","Armor Slot 0: None, Count: 0; Armor Slot 1: None, Count: 0; Armor Slot 2: None, Count: 0; Armor Slot 3: None, Count: 0; ","Offhand: None, Count: 0; ",[],20.0,20.0,"[-0.9319491133868819, 0.13052590342877035, -0.3382807097537605]",south,0,0 minecraft:air,False,Player is not currently riding anything,0.0784000015258789
119.0,14:43:08.335652900,2025-07-30,literal{MF},"(-12.983404904695174, 68.0, 49.69999998807907)",20.0,"[{'name': ' None', 'count': 0, 'meta': ''}, {'name': ' None', 'count': 0, 'meta': ''}, {'name': ' None', 'count': 0, 'meta': ''}, {'name': ' None', 'count': 0, 'meta': ''}, {'name': ' None', 'count': 0, 'meta': ''}, {'name': ' None', 'count': 0, 'meta': ''}, {'name': ' None', 'count': 0, 'meta': ''}, {'name': ' None', 'count': 0, 'meta': ''}, {'name': ' None', 'count': 0, 'meta': ''}, {'name': ' None', 'count': 0, 'meta': ''}, {'name': ' None', 'count': 0, 'meta': ''}, {'name': ' None', 'count': 0, 'meta': ''}, {'name': ' None', 'count': 0, 'meta': ''}, {'name': ' None', 'count': 0, 'meta': ''}, {'name': ' None', 'count': 0, 'meta': ''}, {'name': ' None', 'count': 0, 'meta': ''}, {'name': ' None', 'count': 0, 'meta': ''}, {'name': ' None', 'count': 0, 'meta': ''}, {'name': ' None', 'count': 0, 'meta': ''}, {'name': ' None', 'count': 0, 'meta': ''}, {'name': ' None', 'count': 0, 'meta': ''}, {'name': ' None', 'count': 0, 'meta': ''}, {'name': ' None', 'count': 0, 'meta': ''}, {'name': ' None', 'count': 0, 'meta': ''}, {'name': ' None', 'count': 0, 'meta': ''}, {'name': ' None', 'count': 0, 'meta': ''}, {'name': ' None', 'count': 0, 'meta': ''}, {'name': ' None', 'count': 0, 'meta': ''}, {'name': ' None', 'count': 0, 'meta': ''}, {'name': ' None', 'count': 0, 'meta': ''}, {'name': ' None', 'count': 0, 'meta': ''}, {'name': ' None', 'count': 0, 'meta': ''}, {'name': ' None', 'count': 0, 'meta': ''}, {'name': ' None', 'count': 0, 'meta': ''}, {'name': ' None', 'count': 0, 'meta': ''}, {'name': ' None', 'count': 0, 'meta': ''}]","Armor Slot 0: None, Count: 0; Armor Slot 1: None, Count: 0; Armor Slot 2: None, Count: 0; Armor Slot 3: None, Count: 0; ","Offhand: None, Count: 0; ",[],20.0,20.0,"[-0.8732260020837653, 0.09931944830689926, -0.47708699046695585]",south,0,0 minecraft:air,False,Player is not currently riding anything,0.0784000015258789
119.0,14:43:08.384275200,2025-07-30,literal{MF},"(-13.078517545815538, 68.0, 49.69999998807907)",20.0,"[{'name': ' None', 'count': 0, 'meta': ''}, {'name': ' None', 'count': 0, 'meta': ''}, {'name': ' None', 'count': 0, 'meta': ''}, {'name': ' None', 'count': 0, 'meta': ''}, {'name': ' None', 'count': 0, 'meta': ''}, {'name': ' None', 'count': 0, 'meta': ''}, {'name': ' None', 'count': 0, 'meta': ''}, {'name': ' None', 'count': 0, 'meta': ''}, {'name': ' None', 'count': 0, 'meta': ''}, {'name': ' None', 'count': 0, 'meta': ''}, {'name': ' None', 'count': 0, 'meta': ''}, {'name': ' None', 'count': 0, 'meta': ''}, {'name': ' None', 'count': 0, 'meta': ''}, {'name': ' None', 'count': 0, 'meta': ''}, {'name': ' None', 'count': 0, 'meta': ''}, {'name': ' None', 'count': 0, 'meta': ''}, {'name': ' None', 'count': 0, 'meta': ''}, {'name': ' None', 'count': 0, 'meta': ''}, {'name': ' None', 'count': 0, 'meta': ''}, {'name': ' None', 'count': 0, 'meta': ''}, {'name': ' None', 'count': 0, 'meta': ''}, {'name': ' None', 'count': 0, 'meta': ''}, {'name': ' None', 'count': 0, 'meta': ''}, {'name': ' None', 'count': 0, 'meta': ''}, {'name': ' None', 'count': 0, 'meta': ''}, {'name': ' None', 'count': 0, 'meta': ''}, {'name': ' None', 'count': 0, 'meta': ''}, {'name': ' None', 'count': 0, 'meta': ''}, {'name': ' None', 'count': 0, 'meta': ''}, {'name': ' None', 'count': 0, 'meta': ''}, {'name': ' None', 'count': 0, 'meta': ''}, {'name': ' None', 'count': 0, 'meta': ''}, {'name': ' None', 'count': 0, 'meta': ''}, {'name': ' None', 'count': 0, 'meta': ''}, {'name': ' None', 'count': 0, 'meta': ''}, {'name': ' None', 'count': 0, 'meta': ''}]","Armor Slot 0: None, Count: 0; Armor Slot 1: None, Count: 0; Armor Slot 2: None, Count: 0; Armor Slot 3: None, Count: 0; ","Offhand: None, Count: 0; ",[],20.0,20.0,"[-0.8496500136086221, 0.0836775315083428, -0.5206658478290453]",south,0,0 minecraft:air,False,Player is not currently riding anything,0.0784000015258789
119.0,14:43:08.435738100,2025-07-30,literal{MF},"(-13.108885179090397, 68.0, 49.69999998807907)",20.0,"[{'name': ' None', 'count': 0, 'meta': ''}, {'name': ' None', 'count': 0, 'meta': ''}, {'name': ' None', 'count': 0, 'meta': ''}, {'name': ' None', 'count': 0, 'meta': ''}, {'name': ' None', 'count': 0, 'meta': ''}, {'name': ' None', 'count': 0, 'meta': ''}, {'name': ' None', 'count': 0, 'meta': ''}, {'name': ' None', 'count': 0, 'meta': ''}, {'name': ' None', 'count': 0, 'meta': ''}, {'name': ' None', 'count': 0, 'meta': ''}, {'name': ' None', 'count': 0, 'meta': ''}, {'name': ' None', 'count': 0, 'meta': ''}, {'name': ' None', 'count': 0, 'meta': ''}, {'name': ' None', 'count': 0, 'meta': ''}, {'name': ' None', 'count': 0, 'meta': ''}, {'name': ' None', 'count': 0, 'meta': ''}, {'name': ' None', 'count': 0, 'meta': ''}, {'name': ' None', 'count': 0, 'meta': ''}, {'name': ' None', 'count': 0, 'meta': ''}, {'name': ' None', 'count': 0, 'meta': ''}, {'name': ' None', 'count': 0, 'meta': ''}, {'name': ' None', 'count': 0, 'meta': ''}, {'name': ' None', 'count': 0, 'meta': ''}, {'name': ' None', 'count': 0, 'meta': ''}, {'name': ' None', 'count': 0, 'meta': ''}, {'name': ' None', 'count': 0, 'meta': ''}, {'name': ' None', 'count': 0, 'meta': ''}, {'name': ' None', 'count': 0, 'meta': ''}, {'name': ' None', 'count': 0, 'meta': ''}, {'name': ' None', 'count': 0, 'meta': ''}, {'name': ' None', 'count': 0, 'meta': ''}, {'name': ' None', 'count': 0, 'meta': ''}, {'name': ' None', 'count': 0, 'meta': ''}, {'name': ' None', 'count': 0, 'meta': ''}, {'name': ' None', 'count': 0, 'meta': ''}, {'name': ' None', 'count': 0, 'meta': ''}]","Armor Slot 0: None, Count: 0; Armor Slot 1: None, Count: 0; Armor Slot 2: None, Count: 0; Armor Slot 3: None, Count: 0; ","Offhand: None, Count: 0; ",[],20.0,20.0,"[-0.8403239653120391, 0.07845878045235595, -0.5363765963315139]",south,0,0 minecraft:air,False,Player is not currently riding anything,0.0784000015258789
119.0,14:43:08.486358600,2025-07-30,literal{MF},"(-13.11892240815067, 68.0, 49.69999998807907)",20.0,"[{'name': ' None', 'count': 0, 'meta': ''}, {'name': ' None', 'count': 0, 'meta': ''}, {'name': ' None', 'count': 0, 'meta': ''}, {'name': ' None', 'count': 0, 'meta': ''}, {'name': ' None', 'count': 0, 'meta': ''}, {'name': ' None', 'count': 0, 'meta': ''}, {'name': ' None', 'count': 0, 'meta': ''}, {'name': ' None', 'count': 0, 'meta': ''}, {'name': ' None', 'count': 0, 'meta': ''}, {'name': ' None', 'count': 0, 'meta': ''}, {'name': ' None', 'count': 0, 'meta': ''}, {'name': ' None', 'count': 0, 'meta': ''}, {'name': ' None', 'count': 0, 'meta': ''}, {'name': ' None', 'count': 0, 'meta': ''}, {'name': ' None', 'count': 0, 'meta': ''}, {'name': ' None', 'count': 0, 'meta': ''}, {'name': ' None', 'count': 0, 'meta': ''}, {'name': ' None', 'count': 0, 'meta': ''}, {'name': ' None', 'count': 0, 'meta': ''}, {'name': ' None', 'count': 0, 'meta': ''}, {'name': ' None', 'count': 0, 'meta': ''}, {'name': ' None', 'count': 0, 'meta': ''}, {'name': ' None', 'count': 0, 'meta': ''}, {'name': ' None', 'count': 0, 'meta': ''}, {'name': ' None', 'count': 0, 'meta': ''}, {'name': ' None', 'count': 0, 'meta': ''}, {'name': ' None', 'count': 0, 'meta': ''}, {'name': ' None', 'count': 0, 'meta': ''}, {'name': ' None', 'count': 0, 'meta': ''}, {'name': ' None', 'count': 0, 'meta': ''}, {'name': ' None', 'count': 0, 'meta': ''}, {'name': ' None', 'count': 0, 'meta': ''}, {'name': ' None', 'count': 0, 'meta': ''}, {'name': ' None', 'count': 0, 'meta': ''}, {'name': ' None', 'count': 0, 'meta': ''}, {'name': ' None', 'count': 0, 'meta': ''}]","Armor Slot 0: None, Count: 0; Armor Slot 1: None, Count: 0; Armor Slot 2: None, Count: 0; Armor Slot 3: None, Count: 0; ","Offhand: None, Count: 0; ",[],20.0,20.0,"[-0.7514046462753063, 0.034027024869733365, -0.6589637464492233]",south,0,0 minecraft:air,False,Player is not currently riding anything,0.0784000015258789
119.0,14:43:08.535187700,2025-07-30,literal{MF},"(-13.125965414579658, 68.0, 49.69999998807907)",20.0,"[{'name': ' None', 'count': 0, 'meta': ''}, {'name': ' None', 'count': 0, 'meta': ''}, {'name': ' None', 'count': 0, 'meta': ''}, {'name': ' None', 'count': 0, 'meta': ''}, {'name': ' None', 'count': 0, 'meta': ''}, {'name': ' None', 'count': 0, 'meta': ''}, {'name': ' None', 'count': 0, 'meta': ''}, {'name': ' None', 'count': 0, 'meta': ''}, {'name': ' None', 'count': 0, 'meta': ''}, {'name': ' None', 'count': 0, 'meta': ''}, {'name': ' None', 'count': 0, 'meta': ''}, {'name': ' None', 'count': 0, 'meta': ''}, {'name': ' None', 'count': 0, 'meta': ''}, {'name': ' None', 'count': 0, 'meta': ''}, {'name': ' None', 'count': 0, 'meta': ''}, {'name': ' None', 'count': 0, 'meta': ''}, {'name': ' None', 'count': 0, 'meta': ''}, {'name': ' None', 'count': 0, 'meta': ''}, {'name': ' None', 'count': 0, 'meta': ''}, {'name': ' None', 'count': 0, 'meta': ''}, {'name': ' None', 'count': 0, 'meta': ''}, {'name': ' None', 'count': 0, 'meta': ''}, {'name': ' None', 'count': 0, 'meta': ''}, {'name': ' None', 'count': 0, 'meta': ''}, {'name': ' None', 'count': 0, 'meta': ''}, {'name': ' None', 'count': 0, 'meta': ''}, {'name': ' None', 'count': 0, 'meta': ''}, {'name': ' None', 'count': 0, 'meta': ''}, {'name': ' None', 'count': 0, 'meta': ''}, {'name': ' None', 'count': 0, 'meta': ''}, {'name': ' None', 'count': 0, 'meta': ''}, {'name': ' None', 'count': 0, 'meta': ''}, {'name': ' None', 'count': 0, 'meta': ''}, {'name': ' None', 'count': 0, 'meta': ''}, {'name': ' None', 'count': 0, 'meta': ''}, {'name': ' None', 'count': 0, 'meta': ''}]","Armor Slot 0: None, Count: 0; Armor Slot 1: None, Count: 0; Armor Slot 2: None, Count: 0; Armor Slot 3: None, Count: 0; ","Offhand: None, Count: 0; ",[],20.0,20.0,"[-0.6958748615912339, 0.010471452695698175, -0.7180867118139862]",west,0,0 minecraft:air,False,Player is not currently riding anything,0.0784000015258789
119.0,14:43:08.584745700,2025-07-30,literal{MF},"(-13.131373575262073, 68.0, 49.69999998807907)",20.0,"[{'name': ' None', 'count': 0, 'meta': ''}, {'name': ' None', 'count': 0, 'meta': ''}, {'name': ' None', 'count': 0, 'meta': ''}, {'name': ' None', 'count': 0, 'meta': ''}, {'name': ' None', 'count': 0, 'meta': ''}, {'name': ' None', 'count': 0, 'meta': ''}, {'name': ' None', 'count': 0, 'meta': ''}, {'name': ' None', 'count': 0, 'meta': ''}, {'name': ' None', 'count': 0, 'meta': ''}, {'name': ' None', 'count': 0, 'meta': ''}, {'name': ' None', 'count': 0, 'meta': ''}, {'name': ' None', 'count': 0, 'meta': ''}, {'name': ' None', 'count': 0, 'meta': ''}, {'name': ' None', 'count': 0, 'meta': ''}, {'name': ' None', 'count': 0, 'meta': ''}, {'name': ' None', 'count': 0, 'meta': ''}, {'name': ' None', 'count': 0, 'meta': ''}, {'name': ' None', 'count': 0, 'meta': ''}, {'name': ' None', 'count': 0, 'meta': ''}, {'name': ' None', 'count': 0, 'meta': ''}, {'name': ' None', 'count': 0, 'meta': ''}, {'name': ' None', 'count': 0, 'meta': ''}, {'name': ' None', 'count': 0, 'meta': ''}, {'name': ' None', 'count': 0, 'meta': ''}, {'name': ' None', 'count': 0, 'meta': ''}, {'name': ' None', 'count': 0, 'meta': ''}, {'name': ' None', 'count': 0, 'meta': ''}, {'name': ' None', 'count': 0, 'meta': ''}, {'name': ' None', 'count': 0, 'meta': ''}, {'name': ' None', 'count': 0, 'meta': ''}, {'name': ' None', 'count': 0, 'meta': ''}, {'name': ' None', 'count': 0, 'meta': ''}, {'name': ' None', 'count': 0, 'meta': ''}, {'name': ' None', 'count': 0, 'meta': ''}, {'name': ' None', 'count': 0, 'meta': ''}, {'name': ' None', 'count': 0, 'meta': ''}]","Armor Slot 0: None, Count: 0; Armor Slot 1: None, Count: 0; Armor Slot 2: None, Count: 0; Armor Slot 3: None, Count: 0; ","Offhand: None, Count: 0; ",[],20.0,20.0,"[-0.6958748615912339, 0.010471452695698175, -0.7180867118139862]",west,0,0 minecraft:air,False,Player is not currently riding anything,0.0784000015258789
119.0,14:43:08.634190400,2025-07-30,literal{MF},"(-13.133204661981653, 68.0, 49.69999998807907)",20.0,"[{'name': ' None', 'count': 0, 'meta': ''}, {'name': ' None', 'count': 0, 'meta': ''}, {'name': ' None', 'count': 0, 'meta': ''}, {'name': ' None', 'count': 0, 'meta': ''}, {'name': ' None', 'count': 0, 'meta': ''}, {'name': ' None', 'count': 0, 'meta': ''}, {'name': ' None', 'count': 0, 'meta': ''}, {'name': ' None', 'count': 0, 'meta': ''}, {'name': ' None', 'count': 0, 'meta': ''}, {'name': ' None', 'count': 0, 'meta': ''}, {'name': ' None', 'count': 0, 'meta': ''}, {'name': ' None', 'count': 0, 'meta': ''}, {'name': ' None', 'count': 0, 'meta': ''}, {'name': ' None', 'count': 0, 'meta': ''}, {'name': ' None', 'count': 0, 'meta': ''}, {'name': ' None', 'count': 0, 'meta': ''}, {'name': ' None', 'count': 0, 'meta': ''}, {'name': ' None', 'count': 0, 'meta': ''}, {'name': ' None', 'count': 0, 'meta': ''}, {'name': ' None', 'count': 0, 'meta': ''}, {'name': ' None', 'count': 0, 'meta': ''}, {'name': ' None', 'count': 0, 'meta': ''}, {'name': ' None', 'count': 0, 'meta': ''}, {'name': ' None', 'count': 0, 'meta': ''}, {'name': ' None', 'count': 0, 'meta': ''}, {'name': ' None', 'count': 0, 'meta': ''}, {'name': ' None', 'count': 0, 'meta': ''}, {'name': ' None', 'count': 0, 'meta': ''}, {'name': ' None', 'count': 0, 'meta': ''}, {'name': ' None', 'count': 0, 'meta': ''}, {'name': ' None', 'count': 0, 'meta': ''}, {'name': ' None', 'count': 0, 'meta': ''}, {'name': ' None', 'count': 0, 'meta': ''}, {'name': ' None', 'count': 0, 'meta': ''}, {'name': ' None', 'count': 0, 'meta': ''}, {'name': ' None', 'count': 0, 'meta': ''}]","Armor Slot 0: None, Count: 0; Armor Slot 1: None, Count: 0; Armor Slot 2: None, Count: 0; Armor Slot 3: None, Count: 0; ","Offhand: None, Count: 0; ",[],20.0,20.0,"[-0.6939925132268787, 0.010471452695698175, -0.7199060634995946]",west,0,0 minecraft:air,False,Player is not currently riding anything,0.0784000015258789
119.0,14:43:08.685417600,2025-07-30,literal{MF},"(-13.137383543147202, 68.0, 49.69999998807907)",20.0,"[{'name': ' None', 'count': 0, 'meta': ''}, {'name': ' None', 'count': 0, 'meta': ''}, {'name': ' None', 'count': 0, 'meta': ''}, {'name': ' None', 'count': 0, 'meta': ''}, {'name': ' None', 'count': 0, 'meta': ''}, {'name': ' None', 'count': 0, 'meta': ''}, {'name': ' None', 'count': 0, 'meta': ''}, {'name': ' None', 'count': 0, 'meta': ''}, {'name': ' None', 'count': 0, 'meta': ''}, {'name': ' None', 'count': 0, 'meta': ''}, {'name': ' None', 'count': 0, 'meta': ''}, {'name': ' None', 'count': 0, 'meta': ''}, {'name': ' None', 'count': 0, 'meta': ''}, {'name': ' None', 'count': 0, 'meta': ''}, {'name': ' None', 'count': 0, 'meta': ''}, {'name': ' None', 'count': 0, 'meta': ''}, {'name': ' None', 'count': 0, 'meta': ''}, {'name': ' None', 'count': 0, 'meta': ''}, {'name': ' None', 'count': 0, 'meta': ''}, {'name': ' None', 'count': 0, 'meta': ''}, {'name': ' None', 'count': 0, 'meta': ''}, {'name': ' None', 'count': 0, 'meta': ''}, {'name': ' None', 'count': 0, 'meta': ''}, {'name': ' None', 'count': 0, 'meta': ''}, {'name': ' None', 'count': 0, 'meta': ''}, {'name': ' None', 'count': 0, 'meta': ''}, {'name': ' None', 'count': 0, 'meta': ''}, {'name': ' None', 'count': 0, 'meta': ''}, {'name': ' None', 'count': 0, 'meta': ''}, {'name': ' None', 'count': 0, 'meta': ''}, {'name': ' None', 'count': 0, 'meta': ''}, {'name': ' None', 'count': 0, 'meta': ''}, {'name': ' None', 'count': 0, 'meta': ''}, {'name': ' None', 'count': 0, 'meta': ''}, {'name': ' None', 'count': 0, 'meta': ''}, {'name': ' None', 'count': 0, 'meta': ''}]","Armor Slot 0: None, Count: 0; Armor Slot 1: None, Count: 0; Armor Slot 2: None, Count: 0; Armor Slot 3: None, Count: 0; ","Offhand: None, Count: 0; ",[],20.0,20.0,"[-0.6768669154884805, -0.005236297450190433, -0.7360867882974964]",west,0,0 minecraft:air,False,Player is not currently riding anything,0.0784000015258789
119.0,14:43:08.734894300,2025-07-30,literal{MF},"(-13.145227539601983, 68.0, 49.69999998807907)",20.0,"[{'name': ' None', 'count': 0, 'meta': ''}, {'name': ' None', 'count': 0, 'meta': ''}, {'name': ' None', 'count': 0, 'meta': ''}, {'name': ' None', 'count': 0, 'meta': ''}, {'name': ' None', 'count': 0, 'meta': ''}, {'name': ' None', 'count': 0, 'meta': ''}, {'name': ' None', 'count': 0, 'meta': ''}, {'name': ' None', 'count': 0, 'meta': ''}, {'name': ' None', 'count': 0, 'meta': ''}, {'name': ' None', 'count': 0, 'meta': ''}, {'name': ' None', 'count': 0, 'meta': ''}, {'name': ' None', 'count': 0, 'meta': ''}, {'name': ' None', 'count': 0, 'meta': ''}, {'name': ' None', 'count': 0, 'meta': ''}, {'name': ' None', 'count': 0, 'meta': ''}, {'name': ' None', 'count': 0, 'meta': ''}, {'name': ' None', 'count': 0, 'meta': ''}, {'name': ' None', 'count': 0, 'meta': ''}, {'name': ' None', 'count': 0, 'meta': ''}, {'name': ' None', 'count': 0, 'meta': ''}, {'name': ' None', 'count': 0, 'meta': ''}, {'name': ' None', 'count': 0, 'meta': ''}, {'name': ' None', 'count': 0, 'meta': ''}, {'name': ' None', 'count': 0, 'meta': ''}, {'name': ' None', 'count': 0, 'meta': ''}, {'name': ' None', 'count': 0, 'meta': ''}, {'name': ' None', 'count': 0, 'meta': ''}, {'name': ' None', 'count': 0, 'meta': ''}, {'name': ' None', 'count': 0, 'meta': ''}, {'name': ' None', 'count': 0, 'meta': ''}, {'name': ' None', 'count': 0, 'meta': ''}, {'name': ' None', 'count': 0, 'meta': ''}, {'name': ' None', 'count': 0, 'meta': ''}, {'name': ' None', 'count': 0, 'meta': ''}, {'name': ' None', 'count': 0, 'meta': ''}, {'name': ' None', 'count': 0, 'meta': ''}]","Armor Slot 0: None, Count: 0; Armor Slot 1: None, Count: 0; Armor Slot 2: None, Count: 0; Armor Slot 3: None, Count: 0; ","Offhand: None, Count: 0; ",[],20.0,20.0,"[-0.6492679784972972, -0.023560100132363967, -0.7601947209628506]",west,0,0 minecraft:air,False,Player is not currently riding anything,0.0784000015258789
119.0,14:43:08.786570500,2025-07-30,literal{MF},"(-13.157354358618534, 68.0, 49.69999998807907)",20.0,"[{'name': ' None', 'count': 0, 'meta': ''}, {'name': ' None', 'count': 0, 'meta': ''}, {'name': ' None', 'count': 0, 'meta': ''}, {'name': ' None', 'count': 0, 'meta': ''}, {'name': ' None', 'count': 0, 'meta': ''}, {'name': ' None', 'count': 0, 'meta': ''}, {'name': ' None', 'count': 0, 'meta': ''}, {'name': ' None', 'count': 0, 'meta': ''}, {'name': ' None', 'count': 0, 'meta': ''}, {'name': ' None', 'count': 0, 'meta': ''}, {'name': ' None', 'count': 0, 'meta': ''}, {'name': ' None', 'count': 0, 'meta': ''}, {'name': ' None', 'count': 0, 'meta': ''}, {'name': ' None', 'count': 0, 'meta': ''}, {'name': ' None', 'count': 0, 'meta': ''}, {'name': ' None', 'count': 0, 'meta': ''}, {'name': ' None', 'count': 0, 'meta': ''}, {'name': ' None', 'count': 0, 'meta': ''}, {'name': ' None', 'count': 0, 'meta': ''}, {'name': ' None', 'count': 0, 'meta': ''}, {'name': ' None', 'count': 0, 'meta': ''}, {'name': ' None', 'count': 0, 'meta': ''}, {'name': ' None', 'count': 0, 'meta': ''}, {'name': ' None', 'count': 0, 'meta': ''}, {'name': ' None', 'count': 0, 'meta': ''}, {'name': ' None', 'count': 0, 'meta': ''}, {'name': ' None', 'count': 0, 'meta': ''}, {'name': ' None', 'count': 0, 'meta': ''}, {'name': ' None', 'count': 0, 'meta': ''}, {'name': ' None', 'count': 0, 'meta': ''}, {'name': ' None', 'count': 0, 'meta': ''}, {'name': ' None', 'count': 0, 'meta': ''}, {'name': ' None', 'count': 0, 'meta': ''}, {'name': ' None', 'count': 0, 'meta': ''}, {'name': ' None', 'count': 0, 'meta': ''}, {'name': ' None', 'count': 0, 'meta': ''}]","Armor Slot 0: None, Count: 0; Armor Slot 1: None, Count: 0; Armor Slot 2: None, Count: 0; Armor Slot 3: None, Count: 0; ","Offhand: None, Count: 0; ",[],20.0,20.0,"[-0.6492679784972972, -0.023560100132363967, -0.7601947209628506]",west,0,0 minecraft:air,False,Player is not currently riding anything,0.0784000015258789
119.0,14:43:08.836306600,2025-07-30,literal{MF},"(-13.165806689290227, 68.0, 49.69999998807907)",20.0,"[{'name': ' None', 'count': 0, 'meta': ''}, {'name': ' None', 'count': 0, 'meta': ''}, {'name': ' None', 'count': 0, 'meta': ''}, {'name': ' None', 'count': 0, 'meta': ''}, {'name': ' None', 'count': 0, 'meta': ''}, {'name': ' None', 'count': 0, 'meta': ''}, {'name': ' None', 'count': 0, 'meta': ''}, {'name': ' None', 'count': 0, 'meta': ''}, {'name': ' None', 'count': 0, 'meta': ''}, {'name': ' None', 'count': 0, 'meta': ''}, {'name': ' None', 'count': 0, 'meta': ''}, {'name': ' None', 'count': 0, 'meta': ''}, {'name': ' None', 'count': 0, 'meta': ''}, {'name': ' None', 'count': 0, 'meta': ''}, {'name': ' None', 'count': 0, 'meta': ''}, {'name': ' None', 'count': 0, 'meta': ''}, {'name': ' None', 'count': 0, 'meta': ''}, {'name': ' None', 'count': 0, 'meta': ''}, {'name': ' None', 'count': 0, 'meta': ''}, {'name': ' None', 'count': 0, 'meta': ''}, {'name': ' None', 'count': 0, 'meta': ''}, {'name': ' None', 'count': 0, 'meta': ''}, {'name': ' None', 'count': 0, 'meta': ''}, {'name': ' None', 'count': 0, 'meta': ''}, {'name': ' None', 'count': 0, 'meta': ''}, {'name': ' None', 'count': 0, 'meta': ''}, {'name': ' None', 'count': 0, 'meta': ''}, {'name': ' None', 'count': 0, 'meta': ''}, {'name': ' None', 'count': 0, 'meta': ''}, {'name': ' None', 'count': 0, 'meta': ''}, {'name': ' None', 'count': 0, 'meta': ''}, {'name': ' None', 'count': 0, 'meta': ''}, {'name': ' None', 'count': 0, 'meta': ''}, {'name': ' None', 'count': 0, 'meta': ''}, {'name': ' None', 'count': 0, 'meta': ''}, {'name': ' None', 'count': 0, 'meta': ''}]","Armor Slot 0: None, Count: 0; Armor Slot 1: None, Count: 0; Armor Slot 2: None, Count: 0; Armor Slot 3: None, Count: 0; ","Offhand: None, Count: 0; ",[],20.0,20.0,"[-0.6925445289208622, -0.06540346971708104, -0.7184041074567629]",west,0,0 minecraft:air,False,Player is not currently riding anything,0.0784000015258789
119.0,14:43:08.885815400,2025-07-30,literal{MF},"(-13.162310071358364, 68.0, 49.69999998807907)",20.0,"[{'name': ' None', 'count': 0, 'meta': ''}, {'name': ' None', 'count': 0, 'meta': ''}, {'name': ' None', 'count': 0, 'meta': ''}, {'name': ' None', 'count': 0, 'meta': ''}, {'name': ' None', 'count': 0, 'meta': ''}, {'name': ' None', 'count': 0, 'meta': ''}, {'name': ' None', 'count': 0, 'meta': ''}, {'name': ' None', 'count': 0, 'meta': ''}, {'name': ' None', 'count': 0, 'meta': ''}, {'name': ' None', 'count': 0, 'meta': ''}, {'name': ' None', 'count': 0, 'meta': ''}, {'name': ' None', 'count': 0, 'meta': ''}, {'name': ' None', 'count': 0, 'meta': ''}, {'name': ' None', 'count': 0, 'meta': ''}, {'name': ' None', 'count': 0, 'meta': ''}, {'name': ' None', 'count': 0, 'meta': ''}, {'name': ' None', 'count': 0, 'meta': ''}, {'name': ' None', 'count': 0, 'meta': ''}, {'name': ' None', 'count': 0, 'meta': ''}, {'name': ' None', 'count': 0, 'meta': ''}, {'name': ' None', 'count': 0, 'meta': ''}, {'name': ' None', 'count': 0, 'meta': ''}, {'name': ' None', 'count': 0, 'meta': ''}, {'name': ' None', 'count': 0, 'meta': ''}, {'name': ' None', 'count': 0, 'meta': ''}, {'name': ' None', 'count': 0, 'meta': ''}, {'name': ' None', 'count': 0, 'meta': ''}, {'name': ' None', 'count': 0, 'meta': ''}, {'name': ' None', 'count': 0, 'meta': ''}, {'name': ' None', 'count': 0, 'meta': ''}, {'name': ' None', 'count': 0, 'meta': ''}, {'name': ' None', 'count': 0, 'meta': ''}, {'name': ' None', 'count': 0, 'meta': ''}, {'name': ' None', 'count': 0, 'meta': ''}, {'name': ' None', 'count': 0, 'meta': ''}, {'name': ' None', 'count': 0, 'meta': ''}]","Armor Slot 0: None, Count: 0; Armor Slot 1: None, Count: 0; Armor Slot 2: None, Count: 0; Armor Slot 3: None, Count: 0; ","Offhand: None, Count: 0; ",[],20.0,20.0,"[-0.7560943501197339, -0.12533356878850815, -0.642349461159386]",south,0,0 minecraft:air,False,Player is not currently riding anything,0.0784000015258789
118.0,14:43:08.935179,2025-07-30,literal{MF},"(-13.1430549883013, 68.0, 49.69999998807907)",20.0,"[{'name': ' None', 'count': 0, 'meta': ''}, {'name': ' None', 'count': 0, 'meta': ''}, {'name': ' None', 'count': 0, 'meta': ''}, {'name': ' None', 'count': 0, 'meta': ''}, {'name': ' None', 'count': 0, 'meta': ''}, {'name': ' None', 'count': 0, 'meta': ''}, {'name': ' None', 'count': 0, 'meta': ''}, {'name': ' None', 'count': 0, 'meta': ''}, {'name': ' None', 'count': 0, 'meta': ''}, {'name': ' None', 'count': 0, 'meta': ''}, {'name': ' None', 'count': 0, 'meta': ''}, {'name': ' None', 'count': 0, 'meta': ''}, {'name': ' None', 'count': 0, 'meta': ''}, {'name': ' None', 'count': 0, 'meta': ''}, {'name': ' None', 'count': 0, 'meta': ''}, {'name': ' None', 'count': 0, 'meta': ''}, {'name': ' None', 'count': 0, 'meta': ''}, {'name': ' None', 'count': 0, 'meta': ''}, {'name': ' None', 'count': 0, 'meta': ''}, {'name': ' None', 'count': 0, 'meta': ''}, {'name': ' None', 'count': 0, 'meta': ''}, {'name': ' None', 'count': 0, 'meta': ''}, {'name': ' None', 'count': 0, 'meta': ''}, {'name': ' None', 'count': 0, 'meta': ''}, {'name': ' None', 'count': 0, 'meta': ''}, {'name': ' None', 'count': 0, 'meta': ''}, {'name': ' None', 'count': 0, 'meta': ''}, {'name': ' None', 'count': 0, 'meta': ''}, {'name': ' None', 'count': 0, 'meta': ''}, {'name': ' None', 'count': 0, 'meta': ''}, {'name': ' None', 'count': 0, 'meta': ''}, {'name': ' None', 'count': 0, 'meta': ''}, {'name': ' None', 'count': 0, 'meta': ''}, {'name': ' None', 'count': 0, 'meta': ''}, {'name': ' None', 'count': 0, 'meta': ''}, {'name': ' None', 'count': 0, 'meta': ''}]","Armor Slot 0: None, Count: 0; Armor Slot 1: None, Count: 0; Armor Slot 2: None, Count: 0; Armor Slot 3: None, Count: 0; ","Offhand: None, Count: 0; ",[],20.0,20.0,"[-0.8165069646312356, -0.17966108262122768, -0.548669547268713]",south,0,0 minecraft:air,False,Player is not currently riding anything,0.0784000015258789
118.0,14:43:08.985608800,2025-07-30,literal{MF},"(-13.094991981693019, 68.0, 49.69999998807907)",20.0,"[{'name': ' None', 'count': 0, 'meta': ''}, {'name': ' None', 'count': 0, 'meta': ''}, {'name': ' None', 'count': 0, 'meta': ''}, {'name': ' None', 'count': 0, 'meta': ''}, {'name': ' None', 'count': 0, 'meta': ''}, {'name': ' None', 'count': 0, 'meta': ''}, {'name': ' None', 'count': 0, 'meta': ''}, {'name': ' None', 'count': 0, 'meta': ''}, {'name': ' None', 'count': 0, 'meta': ''}, {'name': ' None', 'count': 0, 'meta': ''}, {'name': ' None', 'count': 0, 'meta': ''}, {'name': ' None', 'count': 0, 'meta': ''}, {'name': ' None', 'count': 0, 'meta': ''}, {'name': ' None', 'count': 0, 'meta': ''}, {'name': ' None', 'count': 0, 'meta': ''}, {'name': ' None', 'count': 0, 'meta': ''}, {'name': ' None', 'count': 0, 'meta': ''}, {'name': ' None', 'count': 0, 'meta': ''}, {'name': ' None', 'count': 0, 'meta': ''}, {'name': ' None', 'count': 0, 'meta': ''}, {'name': ' None', 'count': 0, 'meta': ''}, {'name': ' None', 'count': 0, 'meta': ''}, {'name': ' None', 'count': 0, 'meta': ''}, {'name': ' None', 'count': 0, 'meta': ''}, {'name': ' None', 'count': 0, 'meta': ''}, {'name': ' None', 'count': 0, 'meta': ''}, {'name': ' None', 'count': 0, 'meta': ''}, {'name': ' None', 'count': 0, 'meta': ''}, {'name': ' None', 'count': 0, 'meta': ''}, {'name': ' None', 'count': 0, 'meta': ''}, {'name': ' None', 'count': 0, 'meta': ''}, {'name': ' None', 'count': 0, 'meta': ''}, {'name': ' None', 'count': 0, 'meta': ''}, {'name': ' None', 'count': 0, 'meta': ''}, {'name': ' None', 'count': 0, 'meta': ''}, {'name': ' None', 'count': 0, 'meta': ''}]","Armor Slot 0: None, Count: 0; Armor Slot 1: None, Count: 0; Armor Slot 2: None, Count: 0; Armor Slot 3: None, Count: 0; ","Offhand: None, Count: 0; ",[],20.0,20.0,"[-0.8970632209331609, -0.22580161062452697, -0.37985682867153037]",south,0,0 minecraft:air,False,Player is not currently riding anything,0.0784000015258789
118.0,14:43:09.035338500,2025-07-30,literal{MF},"(-13.012540606592061, 68.0, 49.69999998807907)",20.0,"[{'name': ' None', 'count': 0, 'meta': ''}, {'name': ' None', 'count': 0, 'meta': ''}, {'name': ' None', 'count': 0, 'meta': ''}, {'name': ' None', 'count': 0, 'meta': ''}, {'name': ' None', 'count': 0, 'meta': ''}, {'name': ' None', 'count': 0, 'meta': ''}, {'name': ' None', 'count': 0, 'meta': ''}, {'name': ' None', 'count': 0, 'meta': ''}, {'name': ' None', 'count': 0, 'meta': ''}, {'name': ' None', 'count': 0, 'meta': ''}, {'name': ' None', 'count': 0, 'meta': ''}, {'name': ' None', 'count': 0, 'meta': ''}, {'name': ' None', 'count': 0, 'meta': ''}, {'name': ' None', 'count': 0, 'meta': ''}, {'name': ' None', 'count': 0, 'meta': ''}, {'name': ' None', 'count': 0, 'meta': ''}, {'name': ' None', 'count': 0, 'meta': ''}, {'name': ' None', 'count': 0, 'meta': ''}, {'name': ' None', 'count': 0, 'meta': ''}, {'name': ' None', 'count': 0, 'meta': ''}, {'name': ' None', 'count': 0, 'meta': ''}, {'name': ' None', 'count': 0, 'meta': ''}, {'name': ' None', 'count': 0, 'meta': ''}, {'name': ' None', 'count': 0, 'meta': ''}, {'name': ' None', 'count': 0, 'meta': ''}, {'name': ' None', 'count': 0, 'meta': ''}, {'name': ' None', 'count': 0, 'meta': ''}, {'name': ' None', 'count': 0, 'meta': ''}, {'name': ' None', 'count': 0, 'meta': ''}, {'name': ' None', 'count': 0, 'meta': ''}, {'name': ' None', 'count': 0, 'meta': ''}, {'name': ' None', 'count': 0, 'meta': ''}, {'name': ' None', 'count': 0, 'meta': ''}, {'name': ' None', 'count': 0, 'meta': ''}, {'name': ' None', 'count': 0, 'meta': ''}, {'name': ' None', 'count': 0, 'meta': ''}]","Armor Slot 0: None, Count: 0; Armor Slot 1: None, Count: 0; Armor Slot 2: None, Count: 0; Armor Slot 3: None, Count: 0; ","Offhand: None, Count: 0; ",[],20.0,20.0,"[-0.9533161096448467, -0.24107541298682714, -0.1818544482404692]",south,0,0 minecraft:air,False,Player is not currently riding anything,0.0784000015258789
118.0,14:43:09.085675,2025-07-30,literal{MF},"(-12.893737171681272, 68.0, 49.69999998807907)",20.0,"[{'name': ' None', 'count': 0, 'meta': ''}, {'name': ' None', 'count': 0, 'meta': ''}, {'name': ' None', 'count': 0, 'meta': ''}, {'name': ' None', 'count': 0, 'meta': ''}, {'name': ' None', 'count': 0, 'meta': ''}, {'name': ' None', 'count': 0, 'meta': ''}, {'name': ' None', 'count': 0, 'meta': ''}, {'name': ' None', 'count': 0, 'meta': ''}, {'name': ' None', 'count': 0, 'meta': ''}, {'name': ' None', 'count': 0, 'meta': ''}, {'name': ' None', 'count': 0, 'meta': ''}, {'name': ' None', 'count': 0, 'meta': ''}, {'name': ' None', 'count': 0, 'meta': ''}, {'name': ' None', 'count': 0, 'meta': ''}, {'name': ' None', 'count': 0, 'meta': ''}, {'name': ' None', 'count': 0, 'meta': ''}, {'name': ' None', 'count': 0, 'meta': ''}, {'name': ' None', 'count': 0, 'meta': ''}, {'name': ' None', 'count': 0, 'meta': ''}, {'name': ' None', 'count': 0, 'meta': ''}, {'name': ' None', 'count': 0, 'meta': ''}, {'name': ' None', 'count': 0, 'meta': ''}, {'name': ' None', 'count': 0, 'meta': ''}, {'name': ' None', 'count': 0, 'meta': ''}, {'name': ' None', 'count': 0, 'meta': ''}, {'name': ' None', 'count': 0, 'meta': ''}, {'name': ' None', 'count': 0, 'meta': ''}, {'name': ' None', 'count': 0, 'meta': ''}, {'name': ' None', 'count': 0, 'meta': ''}, {'name': ' None', 'count': 0, 'meta': ''}, {'name': ' None', 'count': 0, 'meta': ''}, {'name': ' None', 'count': 0, 'meta': ''}, {'name': ' None', 'count': 0, 'meta': ''}, {'name': ' None', 'count': 0, 'meta': ''}, {'name': ' None', 'count': 0, 'meta': ''}, {'name': ' None', 'count': 0, 'meta': ''}]","Armor Slot 0: None, Count: 0; Armor Slot 1: None, Count: 0; Armor Slot 2: None, Count: 0; Armor Slot 3: None, Count: 0; ","Offhand: None, Count: 0; ",[],20.0,20.0,"[-0.9695453522991482, -0.24107541298682714, 0.043179336358395874]",south,0,0 minecraft:air,False,Player is not currently riding anything,0.0784000015258789
118.0,14:43:09.136375400,2025-07-30,literal{MF},"(-12.748436666286784, 68.0, 49.69999998807907)",20.0,"[{'name': ' None', 'count': 0, 'meta': ''}, {'name': ' None', 'count': 0, 'meta': ''}, {'name': ' None', 'count': 0, 'meta': ''}, {'name': ' None', 'count': 0, 'meta': ''}, {'name': ' None', 'count': 0, 'meta': ''}, {'name': ' None', 'count': 0, 'meta': ''}, {'name': ' None', 'count': 0, 'meta': ''}, {'name': ' None', 'count': 0, 'meta': ''}, {'name': ' None', 'count': 0, 'meta': ''}, {'name': ' None', 'count': 0, 'meta': ''}, {'name': ' None', 'count': 0, 'meta': ''}, {'name': ' None', 'count': 0, 'meta': ''}, {'name': ' None', 'count': 0, 'meta': ''}, {'name': ' None', 'count': 0, 'meta': ''}, {'name': ' None', 'count': 0, 'meta': ''}, {'name': ' None', 'count': 0, 'meta': ''}, {'name': ' None', 'count': 0, 'meta': ''}, {'name': ' None', 'count': 0, 'meta': ''}, {'name': ' None', 'count': 0, 'meta': ''}, {'name': ' None', 'count': 0, 'meta': ''}, {'name': ' None', 'count': 0, 'meta': ''}, {'name': ' None', 'count': 0, 'meta': ''}, {'name': ' None', 'count': 0, 'meta': ''}, {'name': ' None', 'count': 0, 'meta': ''}, {'name': ' None', 'count': 0, 'meta': ''}, {'name': ' None', 'count': 0, 'meta': ''}, {'name': ' None', 'count': 0, 'meta': ''}, {'name': ' None', 'count': 0, 'meta': ''}, {'name': ' None', 'count': 0, 'meta': ''}, {'name': ' None', 'count': 0, 'meta': ''}, {'name': ' None', 'count': 0, 'meta': ''}, {'name': ' None', 'count': 0, 'meta': ''}, {'name': ' None', 'count': 0, 'meta': ''}, {'name': ' None', 'count': 0, 'meta': ''}, {'name': ' None', 'count': 0, 'meta': ''}, {'name': ' None', 'count': 0, 'meta': ''}]","Armor Slot 0: None, Count: 0; Armor Slot 1: None, Count: 0; Armor Slot 2: None, Count: 0; Armor Slot 3: None, Count: 0; ","Offhand: None, Count: 0; ",[],20.0,20.0,"[-0.9597206087375428, -0.24107541298682714, 0.14428790114791692]",south,0,0 minecraft:air,False,Player is not currently riding anything,0.0784000015258789
118.0,14:43:09.185364200,2025-07-30,literal{MF},"(-12.583843152074596, 68.0, 49.752253168006426)",20.0,"[{'name': ' None', 'count': 0, 'meta': ''}, {'name': ' None', 'count': 0, 'meta': ''}, {'name': ' None', 'count': 0, 'meta': ''}, {'name': ' None', 'count': 0, 'meta': ''}, {'name': ' None', 'count': 0, 'meta': ''}, {'name': ' None', 'count': 0, 'meta': ''}, {'name': ' None', 'count': 0, 'meta': ''}, {'name': ' None', 'count': 0, 'meta': ''}, {'name': ' None', 'count': 0, 'meta': ''}, {'name': ' None', 'count': 0, 'meta': ''}, {'name': ' None', 'count': 0, 'meta': ''}, {'name': ' None', 'count': 0, 'meta': ''}, {'name': ' None', 'count': 0, 'meta': ''}, {'name': ' None', 'count': 0, 'meta': ''}, {'name': ' None', 'count': 0, 'meta': ''}, {'name': ' None', 'count': 0, 'meta': ''}, {'name': ' None', 'count': 0, 'meta': ''}, {'name': ' None', 'count': 0, 'meta': ''}, {'name': ' None', 'count': 0, 'meta': ''}, {'name': ' None', 'count': 0, 'meta': ''}, {'name': ' None', 'count': 0, 'meta': ''}, {'name': ' None', 'count': 0, 'meta': ''}, {'name': ' None', 'count': 0, 'meta': ''}, {'name': ' None', 'count': 0, 'meta': ''}, {'name': ' None', 'count': 0, 'meta': ''}, {'name': ' None', 'count': 0, 'meta': ''}, {'name': ' None', 'count': 0, 'meta': ''}, {'name': ' None', 'count': 0, 'meta': ''}, {'name': ' None', 'count': 0, 'meta': ''}, {'name': ' None', 'count': 0, 'meta': ''}, {'name': ' None', 'count': 0, 'meta': ''}, {'name': ' None', 'count': 0, 'meta': ''}, {'name': ' None', 'count': 0, 'meta': ''}, {'name': ' None', 'count': 0, 'meta': ''}, {'name': ' None', 'count': 0, 'meta': ''}, {'name': ' None', 'count': 0, 'meta': ''}]","Armor Slot 0: None, Count: 0; Armor Slot 1: None, Count: 0; Armor Slot 2: None, Count: 0; Armor Slot 3: None, Count: 0; ","Offhand: None, Count: 0; ",[],20.0,20.0,"[-0.9449055810220263, -0.23599058498919834, 0.22685212529284982]",south,0,0 minecraft:air,False,Player is not currently riding anything,0.0784000015258789
118.0,14:43:09.236266900,2025-07-30,literal{MF},"(-12.400385168914594, 68.0, 49.751724724537574)",20.0,"[{'name': ' None', 'count': 0, 'meta': ''}, {'name': ' None', 'count': 0, 'meta': ''}, {'name': ' None', 'count': 0, 'meta': ''}, {'name': ' None', 'count': 0, 'meta': ''}, {'name': ' None', 'count': 0, 'meta': ''}, {'name': ' None', 'count': 0, 'meta': ''}, {'name': ' None', 'count': 0, 'meta': ''}, {'name': ' None', 'count': 0, 'meta': ''}, {'name': ' None', 'count': 0, 'meta': ''}, {'name': ' None', 'count': 0, 'meta': ''}, {'name': ' None', 'count': 0, 'meta': ''}, {'name': ' None', 'count': 0, 'meta': ''}, {'name': ' None', 'count': 0, 'meta': ''}, {'name': ' None', 'count': 0, 'meta': ''}, {'name': ' None', 'count': 0, 'meta': ''}, {'name': ' None', 'count': 0, 'meta': ''}, {'name': ' None', 'count': 0, 'meta': ''}, {'name': ' None', 'count': 0, 'meta': ''}, {'name': ' None', 'count': 0, 'meta': ''}, {'name': ' None', 'count': 0, 'meta': ''}, {'name': ' None', 'count': 0, 'meta': ''}, {'name': ' None', 'count': 0, 'meta': ''}, {'name': ' None', 'count': 0, 'meta': ''}, {'name': ' None', 'count': 0, 'meta': ''}, {'name': ' None', 'count': 0, 'meta': ''}, {'name': ' None', 'count': 0, 'meta': ''}, {'name': ' None', 'count': 0, 'meta': ''}, {'name': ' None', 'count': 0, 'meta': ''}, {'name': ' None', 'count': 0, 'meta': ''}, {'name': ' None', 'count': 0, 'meta': ''}, {'name': ' None', 'count': 0, 'meta': ''}, {'name': ' None', 'count': 0, 'meta': ''}, {'name': ' None', 'count': 0, 'meta': ''}, {'name': ' None', 'count': 0, 'meta': ''}, {'name': ' None', 'count': 0, 'meta': ''}, {'name': ' None', 'count': 0, 'meta': ''}]","Armor Slot 0: None, Count: 0; Armor Slot 1: None, Count: 0; Armor Slot 2: None, Count: 0; Armor Slot 3: None, Count: 0; ","Offhand: None, Count: 0; ",[],20.0,20.0,"[-0.9314711786498853, -0.22069782464554108, 0.28922986281039414]",south,0,0 minecraft:air,False,Player is not currently riding anything,0.0784000015258789
118.0,14:43:09.286914400,2025-07-30,literal{MF},"(-12.206627184512714, 68.0, 49.72266604151453)",20.0,"[{'name': ' None', 'count': 0, 'meta': ''}, {'name': ' None', 'count': 0, 'meta': ''}, {'name': ' None', 'count': 0, 'meta': ''}, {'name': ' None', 'count': 0, 'meta': ''}, {'name': ' None', 'count': 0, 'meta': ''}, {'name': ' None', 'count': 0, 'meta': ''}, {'name': ' None', 'count': 0, 'meta': ''}, {'name': ' None', 'count': 0, 'meta': ''}, {'name': ' None', 'count': 0, 'meta': ''}, {'name': ' None', 'count': 0, 'meta': ''}, {'name': ' None', 'count': 0, 'meta': ''}, {'name': ' None', 'count': 0, 'meta': ''}, {'name': ' None', 'count': 0, 'meta': ''}, {'name': ' None', 'count': 0, 'meta': ''}, {'name': ' None', 'count': 0, 'meta': ''}, {'name': ' None', 'count': 0, 'meta': ''}, {'name': ' None', 'count': 0, 'meta': ''}, {'name': ' None', 'count': 0, 'meta': ''}, {'name': ' None', 'count': 0, 'meta': ''}, {'name': ' None', 'count': 0, 'meta': ''}, {'name': ' None', 'count': 0, 'meta': ''}, {'name': ' None', 'count': 0, 'meta': ''}, {'name': ' None', 'count': 0, 'meta': ''}, {'name': ' None', 'count': 0, 'meta': ''}, {'name': ' None', 'count': 0, 'meta': ''}, {'name': ' None', 'count': 0, 'meta': ''}, {'name': ' None', 'count': 0, 'meta': ''}, {'name': ' None', 'count': 0, 'meta': ''}, {'name': ' None', 'count': 0, 'meta': ''}, {'name': ' None', 'count': 0, 'meta': ''}, {'name': ' None', 'count': 0, 'meta': ''}, {'name': ' None', 'count': 0, 'meta': ''}, {'name': ' None', 'count': 0, 'meta': ''}, {'name': ' None', 'count': 0, 'meta': ''}, {'name': ' None', 'count': 0, 'meta': ''}, {'name': ' None', 'count': 0, 'meta': ''}]","Armor Slot 0: None, Count: 0; Armor Slot 1: None, Count: 0; Armor Slot 2: None, Count: 0; Armor Slot 3: None, Count: 0; ","Offhand: None, Count: 0; ",[],20.0,20.0,"[-0.9314711786498853, -0.22069782464554108, 0.28922986281039414]",south,0,0 minecraft:air,False,Player is not currently riding anything,0.0784000015258789
118.0,14:43:09.335942700,2025-07-30,literal{MF},"(-12.012339748513693, 68.0, 49.75336170293184)",20.0,"[{'name': ' None', 'count': 0, 'meta': ''}, {'name': ' None', 'count': 0, 'meta': ''}, {'name': ' None', 'count': 0, 'meta': ''}, {'name': ' None', 'count': 0, 'meta': ''}, {'name': ' None', 'count': 0, 'meta': ''}, {'name': ' None', 'count': 0, 'meta': ''}, {'name': ' None', 'count': 0, 'meta': ''}, {'name': ' None', 'count': 0, 'meta': ''}, {'name': ' None', 'count': 0, 'meta': ''}, {'name': ' None', 'count': 0, 'meta': ''}, {'name': ' None', 'count': 0, 'meta': ''}, {'name': ' None', 'count': 0, 'meta': ''}, {'name': ' None', 'count': 0, 'meta': ''}, {'name': ' None', 'count': 0, 'meta': ''}, {'name': ' None', 'count': 0, 'meta': ''}, {'name': ' None', 'count': 0, 'meta': ''}, {'name': ' None', 'count': 0, 'meta': ''}, {'name': ' None', 'count': 0, 'meta': ''}, {'name': ' None', 'count': 0, 'meta': ''}, {'name': ' None', 'count': 0, 'meta': ''}, {'name': ' None', 'count': 0, 'meta': ''}, {'name': ' None', 'count': 0, 'meta': ''}, {'name': ' None', 'count': 0, 'meta': ''}, {'name': ' None', 'count': 0, 'meta': ''}, {'name': ' None', 'count': 0, 'meta': ''}, {'name': ' None', 'count': 0, 'meta': ''}, {'name': ' None', 'count': 0, 'meta': ''}, {'name': ' None', 'count': 0, 'meta': ''}, {'name': ' None', 'count': 0, 'meta': ''}, {'name': ' None', 'count': 0, 'meta': ''}, {'name': ' None', 'count': 0, 'meta': ''}, {'name': ' None', 'count': 0, 'meta': ''}, {'name': ' None', 'count': 0, 'meta': ''}, {'name': ' None', 'count': 0, 'meta': ''}, {'name': ' None', 'count': 0, 'meta': ''}, {'name': ' None', 'count': 0, 'meta': ''}]","Armor Slot 0: None, Count: 0; Armor Slot 1: None, Count: 0; Armor Slot 2: None, Count: 0; Armor Slot 3: None, Count: 0; ","Offhand: None, Count: 0; ",[],20.0,20.0,"[-0.9314711786498853, -0.22069782464554108, 0.28922986281039414]",south,0,0 minecraft:air,False,Player is not currently riding anything,0.0784000015258789
118.0,14:43:09.385338700,2025-07-30,literal{MF},"(-11.819921215912586, 68.0, 49.82057302137908)",20.0,"[{'name': ' None', 'count': 0, 'meta': ''}, {'name': ' None', 'count': 0, 'meta': ''}, {'name': ' None', 'count': 0, 'meta': ''}, {'name': ' None', 'count': 0, 'meta': ''}, {'name': ' None', 'count': 0, 'meta': ''}, {'name': ' None', 'count': 0, 'meta': ''}, {'name': ' None', 'count': 0, 'meta': ''}, {'name': ' None', 'count': 0, 'meta': ''}, {'name': ' None', 'count': 0, 'meta': ''}, {'name': ' None', 'count': 0, 'meta': ''}, {'name': ' None', 'count': 0, 'meta': ''}, {'name': ' None', 'count': 0, 'meta': ''}, {'name': ' None', 'count': 0, 'meta': ''}, {'name': ' None', 'count': 0, 'meta': ''}, {'name': ' None', 'count': 0, 'meta': ''}, {'name': ' None', 'count': 0, 'meta': ''}, {'name': ' None', 'count': 0, 'meta': ''}, {'name': ' None', 'count': 0, 'meta': ''}, {'name': ' None', 'count': 0, 'meta': ''}, {'name': ' None', 'count': 0, 'meta': ''}, {'name': ' None', 'count': 0, 'meta': ''}, {'name': ' None', 'count': 0, 'meta': ''}, {'name': ' None', 'count': 0, 'meta': ''}, {'name': ' None', 'count': 0, 'meta': ''}, {'name': ' None', 'count': 0, 'meta': ''}, {'name': ' None', 'count': 0, 'meta': ''}, {'name': ' None', 'count': 0, 'meta': ''}, {'name': ' None', 'count': 0, 'meta': ''}, {'name': ' None', 'count': 0, 'meta': ''}, {'name': ' None', 'count': 0, 'meta': ''}, {'name': ' None', 'count': 0, 'meta': ''}, {'name': ' None', 'count': 0, 'meta': ''}, {'name': ' None', 'count': 0, 'meta': ''}, {'name': ' None', 'count': 0, 'meta': ''}, {'name': ' None', 'count': 0, 'meta': ''}, {'name': ' None', 'count': 0, 'meta': ''}]","Armor Slot 0: None, Count: 0; Armor Slot 1: None, Count: 0; Armor Slot 2: None, Count: 0; Armor Slot 3: None, Count: 0; ","Offhand: None, Count: 0; ",[],20.0,20.0,"[-0.9417112962759802, -0.22835125578925886, 0.2470537157091174]",south,0,0 minecraft:air,False,Player is not currently riding anything,0.0784000015258789
118.0,14:43:09.434274600,2025-07-30,literal{MF},"(-11.634896396322384, 68.0, 49.917315766559575)",20.0,"[{'name': ' None', 'count': 0, 'meta': ''}, {'name': ' None', 'count': 0, 'meta': ''}, {'name': ' None', 'count': 0, 'meta': ''}, {'name': ' None', 'count': 0, 'meta': ''}, {'name': ' None', 'count': 0, 'meta': ''}, {'name': ' None', 'count': 0, 'meta': ''}, {'name': ' None', 'count': 0, 'meta': ''}, {'name': ' None', 'count': 0, 'meta': ''}, {'name': ' None', 'count': 0, 'meta': ''}, {'name': ' None', 'count': 0, 'meta': ''}, {'name': ' None', 'count': 0, 'meta': ''}, {'name': ' None', 'count': 0, 'meta': ''}, {'name': ' None', 'count': 0, 'meta': ''}, {'name': ' None', 'count': 0, 'meta': ''}, {'name': ' None', 'count': 0, 'meta': ''}, {'name': ' None', 'count': 0, 'meta': ''}, {'name': ' None', 'count': 0, 'meta': ''}, {'name': ' None', 'count': 0, 'meta': ''}, {'name': ' None', 'count': 0, 'meta': ''}, {'name': ' None', 'count': 0, 'meta': ''}, {'name': ' None', 'count': 0, 'meta': ''}, {'name': ' None', 'count': 0, 'meta': ''}, {'name': ' None', 'count': 0, 'meta': ''}, {'name': ' None', 'count': 0, 'meta': ''}, {'name': ' None', 'count': 0, 'meta': ''}, {'name': ' None', 'count': 0, 'meta': ''}, {'name': ' None', 'count': 0, 'meta': ''}, {'name': ' None', 'count': 0, 'meta': ''}, {'name': ' None', 'count': 0, 'meta': ''}, {'name': ' None', 'count': 0, 'meta': ''}, {'name': ' None', 'count': 0, 'meta': ''}, {'name': ' None', 'count': 0, 'meta': ''}, {'name': ' None', 'count': 0, 'meta': ''}, {'name': ' None', 'count': 0, 'meta': ''}, {'name': ' None', 'count': 0, 'meta': ''}, {'name': ' None', 'count': 0, 'meta': ''}]","Armor Slot 0: None, Count: 0; Armor Slot 1: None, Count: 0; Armor Slot 2: None, Count: 0; Armor Slot 3: None, Count: 0; ","Offhand: None, Count: 0; ",[],20.0,20.0,"[-0.9614457697196449, -0.2385338325901821, 0.13683436190532886]",south,0,0 minecraft:air,False,Player is not currently riding anything,0.0784000015258789
118.0,14:43:09.484926700,2025-07-30,literal{MF},"(-11.465036909516463, 68.0, 50.04267431117359)",20.0,"[{'name': ' None', 'count': 0, 'meta': ''}, {'name': ' None', 'count': 0, 'meta': ''}, {'name': ' None', 'count': 0, 'meta': ''}, {'name': ' None', 'count': 0, 'meta': ''}, {'name': ' None', 'count': 0, 'meta': ''}, {'name': ' None', 'count': 0, 'meta': ''}, {'name': ' None', 'count': 0, 'meta': ''}, {'name': ' None', 'count': 0, 'meta': ''}, {'name': ' None', 'count': 0, 'meta': ''}, {'name': ' None', 'count': 0, 'meta': ''}, {'name': ' None', 'count': 0, 'meta': ''}, {'name': ' None', 'count': 0, 'meta': ''}, {'name': ' None', 'count': 0, 'meta': ''}, {'name': ' None', 'count': 0, 'meta': ''}, {'name': ' None', 'count': 0, 'meta': ''}, {'name': ' None', 'count': 0, 'meta': ''}, {'name': ' None', 'count': 0, 'meta': ''}, {'name': ' None', 'count': 0, 'meta': ''}, {'name': ' None', 'count': 0, 'meta': ''}, {'name': ' None', 'count': 0, 'meta': ''}, {'name': ' None', 'count': 0, 'meta': ''}, {'name': ' None', 'count': 0, 'meta': ''}, {'name': ' None', 'count': 0, 'meta': ''}, {'name': ' None', 'count': 0, 'meta': ''}, {'name': ' None', 'count': 0, 'meta': ''}, {'name': ' None', 'count': 0, 'meta': ''}, {'name': ' None', 'count': 0, 'meta': ''}, {'name': ' None', 'count': 0, 'meta': ''}, {'name': ' None', 'count': 0, 'meta': ''}, {'name': ' None', 'count': 0, 'meta': ''}, {'name': ' None', 'count': 0, 'meta': ''}, {'name': ' None', 'count': 0, 'meta': ''}, {'name': ' None', 'count': 0, 'meta': ''}, {'name': ' None', 'count': 0, 'meta': ''}, {'name': ' None', 'count': 0, 'meta': ''}, {'name': ' None', 'count': 0, 'meta': ''}]","Armor Slot 0: None, Count: 0; Armor Slot 1: None, Count: 0; Armor Slot 2: None, Count: 0; Armor Slot 3: None, Count: 0; ","Offhand: None, Count: 0; ",[],20.0,20.0,"[-0.9635329116631915, -0.26639771400565787, -0.025230658223918907]",south,0,0 minecraft:air,False,Player is not currently riding anything,0.0784000015258789
118.0,14:43:09.535442600,2025-07-30,literal{MF},"(-11.313086221556834, 68.0, 50.19170844989451)",20.0,"[{'name': ' None', 'count': 0, 'meta': ''}, {'name': ' None', 'count': 0, 'meta': ''}, {'name': ' None', 'count': 0, 'meta': ''}, {'name': ' None', 'count': 0, 'meta': ''}, {'name': ' None', 'count': 0, 'meta': ''}, {'name': ' None', 'count': 0, 'meta': ''}, {'name': ' None', 'count': 0, 'meta': ''}, {'name': ' None', 'count': 0, 'meta': ''}, {'name': ' None', 'count': 0, 'meta': ''}, {'name': ' None', 'count': 0, 'meta': ''}, {'name': ' None', 'count': 0, 'meta': ''}, {'name': ' None', 'count': 0, 'meta': ''}, {'name': ' None', 'count': 0, 'meta': ''}, {'name': ' None', 'count': 0, 'meta': ''}, {'name': ' None', 'count': 0, 'meta': ''}, {'name': ' None', 'count': 0, 'meta': ''}, {'name': ' None', 'count': 0, 'meta': ''}, {'name': ' None', 'count': 0, 'meta': ''}, {'name': ' None', 'count': 0, 'meta': ''}, {'name': ' None', 'count': 0, 'meta': ''}, {'name': ' None', 'count': 0, 'meta': ''}, {'name': ' None', 'count': 0, 'meta': ''}, {'name': ' None', 'count': 0, 'meta': ''}, {'name': ' None', 'count': 0, 'meta': ''}, {'name': ' None', 'count': 0, 'meta': ''}, {'name': ' None', 'count': 0, 'meta': ''}, {'name': ' None', 'count': 0, 'meta': ''}, {'name': ' None', 'count': 0, 'meta': ''}, {'name': ' None', 'count': 0, 'meta': ''}, {'name': ' None', 'count': 0, 'meta': ''}, {'name': ' None', 'count': 0, 'meta': ''}, {'name': ' None', 'count': 0, 'meta': ''}, {'name': ' None', 'count': 0, 'meta': ''}, {'name': ' None', 'count': 0, 'meta': ''}, {'name': ' None', 'count': 0, 'meta': ''}, {'name': ' None', 'count': 0, 'meta': ''}]","Armor Slot 0: None, Count: 0; Armor Slot 1: None, Count: 0; Armor Slot 2: None, Count: 0; Armor Slot 3: None, Count: 0; ","Offhand: None, Count: 0; ",[],20.0,20.0,"[-0.9499631178976612, -0.2764764809401709, -0.14536447338016723]",south,0,0 minecraft:air,False,Player is not currently riding anything,0.0784000015258789
118.0,14:43:09.585050300,2025-07-30,literal{MF},"(-11.179436338614794, 68.0, 50.3592846481169)",20.0,"[{'name': ' None', 'count': 0, 'meta': ''}, {'name': ' None', 'count': 0, 'meta': ''}, {'name': ' None', 'count': 0, 'meta': ''}, {'name': ' None', 'count': 0, 'meta': ''}, {'name': ' None', 'count': 0, 'meta': ''}, {'name': ' None', 'count': 0, 'meta': ''}, {'name': ' None', 'count': 0, 'meta': ''}, {'name': ' None', 'count': 0, 'meta': ''}, {'name': ' None', 'count': 0, 'meta': ''}, {'name': ' None', 'count': 0, 'meta': ''}, {'name': ' None', 'count': 0, 'meta': ''}, {'name': ' None', 'count': 0, 'meta': ''}, {'name': ' None', 'count': 0, 'meta': ''}, {'name': ' None', 'count': 0, 'meta': ''}, {'name': ' None', 'count': 0, 'meta': ''}, {'name': ' None', 'count': 0, 'meta': ''}, {'name': ' None', 'count': 0, 'meta': ''}, {'name': ' None', 'count': 0, 'meta': ''}, {'name': ' None', 'count': 0, 'meta': ''}, {'name': ' None', 'count': 0, 'meta': ''}, {'name': ' None', 'count': 0, 'meta': ''}, {'name': ' None', 'count': 0, 'meta': ''}, {'name': ' None', 'count': 0, 'meta': ''}, {'name': ' None', 'count': 0, 'meta': ''}, {'name': ' None', 'count': 0, 'meta': ''}, {'name': ' None', 'count': 0, 'meta': ''}, {'name': ' None', 'count': 0, 'meta': ''}, {'name': ' None', 'count': 0, 'meta': ''}, {'name': ' None', 'count': 0, 'meta': ''}, {'name': ' None', 'count': 0, 'meta': ''}, {'name': ' None', 'count': 0, 'meta': ''}, {'name': ' None', 'count': 0, 'meta': ''}, {'name': ' None', 'count': 0, 'meta': ''}, {'name': ' None', 'count': 0, 'meta': ''}, {'name': ' None', 'count': 0, 'meta': ''}, {'name': ' None', 'count': 0, 'meta': ''}]","Armor Slot 0: None, Count: 0; Armor Slot 1: None, Count: 0; Armor Slot 2: None, Count: 0; Armor Slot 3: None, Count: 0; ","Offhand: None, Count: 0; ",[],20.0,20.0,"[-0.9287857068884016, -0.2815045478354551, -0.2410649294853324]",south,0,0 minecraft:air,False,Player is not currently riding anything,0.0784000015258789
118.0,14:43:09.635591600,2025-07-30,literal{MF},"(-11.06989327153986, 68.0, 50.543854453384704)",20.0,"[{'name': ' None', 'count': 0, 'meta': ''}, {'name': ' None', 'count': 0, 'meta': ''}, {'name': ' None', 'count': 0, 'meta': ''}, {'name': ' None', 'count': 0, 'meta': ''}, {'name': ' None', 'count': 0, 'meta': ''}, {'name': ' None', 'count': 0, 'meta': ''}, {'name': ' None', 'count': 0, 'meta': ''}, {'name': ' None', 'count': 0, 'meta': ''}, {'name': ' None', 'count': 0, 'meta': ''}, {'name': ' None', 'count': 0, 'meta': ''}, {'name': ' None', 'count': 0, 'meta': ''}, {'name': ' None', 'count': 0, 'meta': ''}, {'name': ' None', 'count': 0, 'meta': ''}, {'name': ' None', 'count': 0, 'meta': ''}, {'name': ' None', 'count': 0, 'meta': ''}, {'name': ' None', 'count': 0, 'meta': ''}, {'name': ' None', 'count': 0, 'meta': ''}, {'name': ' None', 'count': 0, 'meta': ''}, {'name': ' None', 'count': 0, 'meta': ''}, {'name': ' None', 'count': 0, 'meta': ''}, {'name': ' None', 'count': 0, 'meta': ''}, {'name': ' None', 'count': 0, 'meta': ''}, {'name': ' None', 'count': 0, 'meta': ''}, {'name': ' None', 'count': 0, 'meta': ''}, {'name': ' None', 'count': 0, 'meta': ''}, {'name': ' None', 'count': 0, 'meta': ''}, {'name': ' None', 'count': 0, 'meta': ''}, {'name': ' None', 'count': 0, 'meta': ''}, {'name': ' None', 'count': 0, 'meta': ''}, {'name': ' None', 'count': 0, 'meta': ''}, {'name': ' None', 'count': 0, 'meta': ''}, {'name': ' None', 'count': 0, 'meta': ''}, {'name': ' None', 'count': 0, 'meta': ''}, {'name': ' None', 'count': 0, 'meta': ''}, {'name': ' None', 'count': 0, 'meta': ''}, {'name': ' None', 'count': 0, 'meta': ''}]","Armor Slot 0: None, Count: 0; Armor Slot 1: None, Count: 0; Armor Slot 2: None, Count: 0; Armor Slot 3: None, Count: 0; ","Offhand: None, Count: 0; ",[],20.0,20.0,"[-0.8782767106339495, -0.28652489718061286, -0.3827969472888322]",south,0,0 minecraft:air,False,Player is not currently riding anything,0.0784000015258789
118.0,14:43:09.684319400,2025-07-30,literal{MF},"(-10.987499633693544, 68.0, 50.74204622957379)",20.0,"[{'name': ' None', 'count': 0, 'meta': ''}, {'name': ' None', 'count': 0, 'meta': ''}, {'name': ' None', 'count': 0, 'meta': ''}, {'name': ' None', 'count': 0, 'meta': ''}, {'name': ' None', 'count': 0, 'meta': ''}, {'name': ' None', 'count': 0, 'meta': ''}, {'name': ' None', 'count': 0, 'meta': ''}, {'name': ' None', 'count': 0, 'meta': ''}, {'name': ' None', 'count': 0, 'meta': ''}, {'name': ' None', 'count': 0, 'meta': ''}, {'name': ' None', 'count': 0, 'meta': ''}, {'name': ' None', 'count': 0, 'meta': ''}, {'name': ' None', 'count': 0, 'meta': ''}, {'name': ' None', 'count': 0, 'meta': ''}, {'name': ' None', 'count': 0, 'meta': ''}, {'name': ' None', 'count': 0, 'meta': ''}, {'name': ' None', 'count': 0, 'meta': ''}, {'name': ' None', 'count': 0, 'meta': ''}, {'name': ' None', 'count': 0, 'meta': ''}, {'name': ' None', 'count': 0, 'meta': ''}, {'name': ' None', 'count': 0, 'meta': ''}, {'name': ' None', 'count': 0, 'meta': ''}, {'name': ' None', 'count': 0, 'meta': ''}, {'name': ' None', 'count': 0, 'meta': ''}, {'name': ' None', 'count': 0, 'meta': ''}, {'name': ' None', 'count': 0, 'meta': ''}, {'name': ' None', 'count': 0, 'meta': ''}, {'name': ' None', 'count': 0, 'meta': ''}, {'name': ' None', 'count': 0, 'meta': ''}, {'name': ' None', 'count': 0, 'meta': ''}, {'name': ' None', 'count': 0, 'meta': ''}, {'name': ' None', 'count': 0, 'meta': ''}, {'name': ' None', 'count': 0, 'meta': ''}, {'name': ' None', 'count': 0, 'meta': ''}, {'name': ' None', 'count': 0, 'meta': ''}, {'name': ' None', 'count': 0, 'meta': ''}]","Armor Slot 0: None, Count: 0; Armor Slot 1: None, Count: 0; Armor Slot 2: None, Count: 0; Armor Slot 3: None, Count: 0; ","Offhand: None, Count: 0; ",[],20.0,20.0,"[-0.8148190742408263, -0.2789914704711001, -0.5081669368009847]",south,0,0 minecraft:air,False,Player is not currently riding anything,0.0784000015258789
118.0,14:43:09.737326600,2025-07-30,literal{MF},"(-10.92325761914704, 68.0, 50.94838765690725)",20.0,"[{'name': ' None', 'count': 0, 'meta': ''}, {'name': ' None', 'count': 0, 'meta': ''}, {'name': ' None', 'count': 0, 'meta': ''}, {'name': ' None', 'count': 0, 'meta': ''}, {'name': ' None', 'count': 0, 'meta': ''}, {'name': ' None', 'count': 0, 'meta': ''}, {'name': ' None', 'count': 0, 'meta': ''}, {'name': ' None', 'count': 0, 'meta': ''}, {'name': ' None', 'count': 0, 'meta': ''}, {'name': ' None', 'count': 0, 'meta': ''}, {'name': ' None', 'count': 0, 'meta': ''}, {'name': ' None', 'count': 0, 'meta': ''}, {'name': ' None', 'count': 0, 'meta': ''}, {'name': ' None', 'count': 0, 'meta': ''}, {'name': ' None', 'count': 0, 'meta': ''}, {'name': ' None', 'count': 0, 'meta': ''}, {'name': ' None', 'count': 0, 'meta': ''}, {'name': ' None', 'count': 0, 'meta': ''}, {'name': ' None', 'count': 0, 'meta': ''}, {'name': ' None', 'count': 0, 'meta': ''}, {'name': ' None', 'count': 0, 'meta': ''}, {'name': ' None', 'count': 0, 'meta': ''}, {'name': ' None', 'count': 0, 'meta': ''}, {'name': ' None', 'count': 0, 'meta': ''}, {'name': ' None', 'count': 0, 'meta': ''}, {'name': ' None', 'count': 0, 'meta': ''}, {'name': ' None', 'count': 0, 'meta': ''}, {'name': ' None', 'count': 0, 'meta': ''}, {'name': ' None', 'count': 0, 'meta': ''}, {'name': ' None', 'count': 0, 'meta': ''}, {'name': ' None', 'count': 0, 'meta': ''}, {'name': ' None', 'count': 0, 'meta': ''}, {'name': ' None', 'count': 0, 'meta': ''}, {'name': ' None', 'count': 0, 'meta': ''}, {'name': ' None', 'count': 0, 'meta': ''}, {'name': ' None', 'count': 0, 'meta': ''}]","Armor Slot 0: None, Count: 0; Armor Slot 1: None, Count: 0; Armor Slot 2: None, Count: 0; Armor Slot 3: None, Count: 0; ","Offhand: None, Count: 0; ",[],20.0,20.0,"[-0.8017303814910041, -0.25881943096491156, -0.5387401020429874]",south,0,0 minecraft:air,False,Player is not currently riding anything,0.0784000015258789
118.0,14:43:09.786670600,2025-07-30,literal{MF},"(-10.87227672940515, 68.0, 51.159777186817095)",20.0,"[{'name': ' None', 'count': 0, 'meta': ''}, {'name': ' None', 'count': 0, 'meta': ''}, {'name': ' None', 'count': 0, 'meta': ''}, {'name': ' None', 'count': 0, 'meta': ''}, {'name': ' None', 'count': 0, 'meta': ''}, {'name': ' None', 'count': 0, 'meta': ''}, {'name': ' None', 'count': 0, 'meta': ''}, {'name': ' None', 'count': 0, 'meta': ''}, {'name': ' None', 'count': 0, 'meta': ''}, {'name': ' None', 'count': 0, 'meta': ''}, {'name': ' None', 'count': 0, 'meta': ''}, {'name': ' None', 'count': 0, 'meta': ''}, {'name': ' None', 'count': 0, 'meta': ''}, {'name': ' None', 'count': 0, 'meta': ''}, {'name': ' None', 'count': 0, 'meta': ''}, {'name': ' None', 'count': 0, 'meta': ''}, {'name': ' None', 'count': 0, 'meta': ''}, {'name': ' None', 'count': 0, 'meta': ''}, {'name': ' None', 'count': 0, 'meta': ''}, {'name': ' None', 'count': 0, 'meta': ''}, {'name': ' None', 'count': 0, 'meta': ''}, {'name': ' None', 'count': 0, 'meta': ''}, {'name': ' None', 'count': 0, 'meta': ''}, {'name': ' None', 'count': 0, 'meta': ''}, {'name': ' None', 'count': 0, 'meta': ''}, {'name': ' None', 'count': 0, 'meta': ''}, {'name': ' None', 'count': 0, 'meta': ''}, {'name': ' None', 'count': 0, 'meta': ''}, {'name': ' None', 'count': 0, 'meta': ''}, {'name': ' None', 'count': 0, 'meta': ''}, {'name': ' None', 'count': 0, 'meta': ''}, {'name': ' None', 'count': 0, 'meta': ''}, {'name': ' None', 'count': 0, 'meta': ''}, {'name': ' None', 'count': 0, 'meta': ''}, {'name': ' None', 'count': 0, 'meta': ''}, {'name': ' None', 'count': 0, 'meta': ''}]","Armor Slot 0: None, Count: 0; Armor Slot 1: None, Count: 0; Armor Slot 2: None, Count: 0; Armor Slot 3: None, Count: 0; ","Offhand: None, Count: 0; ",[],20.0,20.0,"[-0.7881574467063002, -0.23344575229254735, -0.5694830286654488]",south,0,0 minecraft:air,False,Player is not currently riding anything,0.0784000015258789
118.0,14:43:09.834183300,2025-07-30,literal{MF},"(-10.834248332659666, 68.0, 51.37467505785919)",20.0,"[{'name': ' None', 'count': 0, 'meta': ''}, {'name': ' None', 'count': 0, 'meta': ''}, {'name': ' None', 'count': 0, 'meta': ''}, {'name': ' None', 'count': 0, 'meta': ''}, {'name': ' None', 'count': 0, 'meta': ''}, {'name': ' None', 'count': 0, 'meta': ''}, {'name': ' None', 'count': 0, 'meta': ''}, {'name': ' None', 'count': 0, 'meta': ''}, {'name': ' None', 'count': 0, 'meta': ''}, {'name': ' None', 'count': 0, 'meta': ''}, {'name': ' None', 'count': 0, 'meta': ''}, {'name': ' None', 'count': 0, 'meta': ''}, {'name': ' None', 'count': 0, 'meta': ''}, {'name': ' None', 'count': 0, 'meta': ''}, {'name': ' None', 'count': 0, 'meta': ''}, {'name': ' None', 'count': 0, 'meta': ''}, {'name': ' None', 'count': 0, 'meta': ''}, {'name': ' None', 'count': 0, 'meta': ''}, {'name': ' None', 'count': 0, 'meta': ''}, {'name': ' None', 'count': 0, 'meta': ''}, {'name': ' None', 'count': 0, 'meta': ''}, {'name': ' None', 'count': 0, 'meta': ''}, {'name': ' None', 'count': 0, 'meta': ''}, {'name': ' None', 'count': 0, 'meta': ''}, {'name': ' None', 'count': 0, 'meta': ''}, {'name': ' None', 'count': 0, 'meta': ''}, {'name': ' None', 'count': 0, 'meta': ''}, {'name': ' None', 'count': 0, 'meta': ''}, {'name': ' None', 'count': 0, 'meta': ''}, {'name': ' None', 'count': 0, 'meta': ''}, {'name': ' None', 'count': 0, 'meta': ''}, {'name': ' None', 'count': 0, 'meta': ''}, {'name': ' None', 'count': 0, 'meta': ''}, {'name': ' None', 'count': 0, 'meta': ''}, {'name': ' None', 'count': 0, 'meta': ''}, {'name': ' None', 'count': 0, 'meta': ''}]","Armor Slot 0: None, Count: 0; Armor Slot 1: None, Count: 0; Armor Slot 2: None, Count: 0; Armor Slot 3: None, Count: 0; ","Offhand: None, Count: 0; ",[],20.0,20.0,"[-0.7601962524072131, -0.19765772544556828, -0.6188966645553302]",south,0,0 minecraft:air,False,Player is not currently riding anything,0.0784000015258789
118.0,14:43:09.884465600,2025-07-30,literal{MF},"(-10.808769583657204, 68.0, 51.59189807910599)",20.0,"[{'name': ' None', 'count': 0, 'meta': ''}, {'name': ' None', 'count': 0, 'meta': ''}, {'name': ' None', 'count': 0, 'meta': ''}, {'name': ' None', 'count': 0, 'meta': ''}, {'name': ' None', 'count': 0, 'meta': ''}, {'name': ' None', 'count': 0, 'meta': ''}, {'name': ' None', 'count': 0, 'meta': ''}, {'name': ' None', 'count': 0, 'meta': ''}, {'name': ' None', 'count': 0, 'meta': ''}, {'name': ' None', 'count': 0, 'meta': ''}, {'name': ' None', 'count': 0, 'meta': ''}, {'name': ' None', 'count': 0, 'meta': ''}, {'name': ' None', 'count': 0, 'meta': ''}, {'name': ' None', 'count': 0, 'meta': ''}, {'name': ' None', 'count': 0, 'meta': ''}, {'name': ' None', 'count': 0, 'meta': ''}, {'name': ' None', 'count': 0, 'meta': ''}, {'name': ' None', 'count': 0, 'meta': ''}, {'name': ' None', 'count': 0, 'meta': ''}, {'name': ' None', 'count': 0, 'meta': ''}, {'name': ' None', 'count': 0, 'meta': ''}, {'name': ' None', 'count': 0, 'meta': ''}, {'name': ' None', 'count': 0, 'meta': ''}, {'name': ' None', 'count': 0, 'meta': ''}, {'name': ' None', 'count': 0, 'meta': ''}, {'name': ' None', 'count': 0, 'meta': ''}, {'name': ' None', 'count': 0, 'meta': ''}, {'name': ' None', 'count': 0, 'meta': ''}, {'name': ' None', 'count': 0, 'meta': ''}, {'name': ' None', 'count': 0, 'meta': ''}, {'name': ' None', 'count': 0, 'meta': ''}, {'name': ' None', 'count': 0, 'meta': ''}, {'name': ' None', 'count': 0, 'meta': ''}, {'name': ' None', 'count': 0, 'meta': ''}, {'name': ' None', 'count': 0, 'meta': ''}, {'name': ' None', 'count': 0, 'meta': ''}]","Armor Slot 0: None, Count: 0; Armor Slot 1: None, Count: 0; Armor Slot 2: None, Count: 0; Armor Slot 3: None, Count: 0; ","Offhand: None, Count: 0; ",[],20.0,20.0,"[-0.7286176691599555, -0.17192948724635826, -0.6629906059689818]",south,0,0 minecraft:air,False,Player is not currently riding anything,0.0784000015258789
119.0,14:43:09.934363100,2025-07-30,literal{MF},"(-10.794330881641752, 68.0, 51.81050047563023)",20.0,"[{'name': ' None', 'count': 0, 'meta': ''}, {'name': ' None', 'count': 0, 'meta': ''}, {'name': ' None', 'count': 0, 'meta': ''}, {'name': ' None', 'count': 0, 'meta': ''}, {'name': ' None', 'count': 0, 'meta': ''}, {'name': ' None', 'count': 0, 'meta': ''}, {'name': ' None', 'count': 0, 'meta': ''}, {'name': ' None', 'count': 0, 'meta': ''}, {'name': ' None', 'count': 0, 'meta': ''}, {'name': ' None', 'count': 0, 'meta': ''}, {'name': ' None', 'count': 0, 'meta': ''}, {'name': ' None', 'count': 0, 'meta': ''}, {'name': ' None', 'count': 0, 'meta': ''}, {'name': ' None', 'count': 0, 'meta': ''}, {'name': ' None', 'count': 0, 'meta': ''}, {'name': ' None', 'count': 0, 'meta': ''}, {'name': ' None', 'count': 0, 'meta': ''}, {'name': ' None', 'count': 0, 'meta': ''}, {'name': ' None', 'count': 0, 'meta': ''}, {'name': ' None', 'count': 0, 'meta': ''}, {'name': ' None', 'count': 0, 'meta': ''}, {'name': ' None', 'count': 0, 'meta': ''}, {'name': ' None', 'count': 0, 'meta': ''}, {'name': ' None', 'count': 0, 'meta': ''}, {'name': ' None', 'count': 0, 'meta': ''}, {'name': ' None', 'count': 0, 'meta': ''}, {'name': ' None', 'count': 0, 'meta': ''}, {'name': ' None', 'count': 0, 'meta': ''}, {'name': ' None', 'count': 0, 'meta': ''}, {'name': ' None', 'count': 0, 'meta': ''}, {'name': ' None', 'count': 0, 'meta': ''}, {'name': ' None', 'count': 0, 'meta': ''}, {'name': ' None', 'count': 0, 'meta': ''}, {'name': ' None', 'count': 0, 'meta': ''}, {'name': ' None', 'count': 0, 'meta': ''}, {'name': ' None', 'count': 0, 'meta': ''}]","Armor Slot 0: None, Count: 0; Armor Slot 1: None, Count: 0; Armor Slot 2: None, Count: 0; Armor Slot 3: None, Count: 0; ","Offhand: None, Count: 0; ",[],20.0,20.0,"[-0.7014566995769536, -0.16160421861190452, -0.6941488134005873]",south,0,0 minecraft:air,False,Player is not currently riding anything,0.0784000015258789
119.0,14:43:09.986573,2025-07-30,literal{MF},"(-10.786965064461706, 68.0, 52.02985605750497)",20.0,"[{'name': ' None', 'count': 0, 'meta': ''}, {'name': ' None', 'count': 0, 'meta': ''}, {'name': ' None', 'count': 0, 'meta': ''}, {'name': ' None', 'count': 0, 'meta': ''}, {'name': ' None', 'count': 0, 'meta': ''}, {'name': ' None', 'count': 0, 'meta': ''}, {'name': ' None', 'count': 0, 'meta': ''}, {'name': ' None', 'count': 0, 'meta': ''}, {'name': ' None', 'count': 0, 'meta': ''}, {'name': ' None', 'count': 0, 'meta': ''}, {'name': ' None', 'count': 0, 'meta': ''}, {'name': ' None', 'count': 0, 'meta': ''}, {'name': ' None', 'count': 0, 'meta': ''}, {'name': ' None', 'count': 0, 'meta': ''}, {'name': ' None', 'count': 0, 'meta': ''}, {'name': ' None', 'count': 0, 'meta': ''}, {'name': ' None', 'count': 0, 'meta': ''}, {'name': ' None', 'count': 0, 'meta': ''}, {'name': ' None', 'count': 0, 'meta': ''}, {'name': ' None', 'count': 0, 'meta': ''}, {'name': ' None', 'count': 0, 'meta': ''}, {'name': ' None', 'count': 0, 'meta': ''}, {'name': ' None', 'count': 0, 'meta': ''}, {'name': ' None', 'count': 0, 'meta': ''}, {'name': ' None', 'count': 0, 'meta': ''}, {'name': ' None', 'count': 0, 'meta': ''}, {'name': ' None', 'count': 0, 'meta': ''}, {'name': ' None', 'count': 0, 'meta': ''}, {'name': ' None', 'count': 0, 'meta': ''}, {'name': ' None', 'count': 0, 'meta': ''}, {'name': ' None', 'count': 0, 'meta': ''}, {'name': ' None', 'count': 0, 'meta': ''}, {'name': ' None', 'count': 0, 'meta': ''}, {'name': ' None', 'count': 0, 'meta': ''}, {'name': ' None', 'count': 0, 'meta': ''}, {'name': ' None', 'count': 0, 'meta': ''}]","Armor Slot 0: None, Count: 0; Armor Slot 1: None, Count: 0; Armor Slot 2: None, Count: 0; Armor Slot 3: None, Count: 0; ","Offhand: None, Count: 0; ",[],20.0,20.0,"[-0.6944444453355458, -0.15902009227414562, -0.7017546028318792]",west,0,0 minecraft:air,False,Player is not currently riding anything,0.0784000015258789
119.0,14:43:10.035283300,2025-07-30,literal{MF},"(-10.789477265327891, 68.0, 52.24941053015884)",20.0,"[{'name': ' None', 'count': 0, 'meta': ''}, {'name': ' None', 'count': 0, 'meta': ''}, {'name': ' None', 'count': 0, 'meta': ''}, {'name': ' None', 'count': 0, 'meta': ''}, {'name': ' None', 'count': 0, 'meta': ''}, {'name': ' None', 'count': 0, 'meta': ''}, {'name': ' None', 'count': 0, 'meta': ''}, {'name': ' None', 'count': 0, 'meta': ''}, {'name': ' None', 'count': 0, 'meta': ''}, {'name': ' None', 'count': 0, 'meta': ''}, {'name': ' None', 'count': 0, 'meta': ''}, {'name': ' None', 'count': 0, 'meta': ''}, {'name': ' None', 'count': 0, 'meta': ''}, {'name': ' None', 'count': 0, 'meta': ''}, {'name': ' None', 'count': 0, 'meta': ''}, {'name': ' None', 'count': 0, 'meta': ''}, {'name': ' None', 'count': 0, 'meta': ''}, {'name': ' None', 'count': 0, 'meta': ''}, {'name': ' None', 'count': 0, 'meta': ''}, {'name': ' None', 'count': 0, 'meta': ''}, {'name': ' None', 'count': 0, 'meta': ''}, {'name': ' None', 'count': 0, 'meta': ''}, {'name': ' None', 'count': 0, 'meta': ''}, {'name': ' None', 'count': 0, 'meta': ''}, {'name': ' None', 'count': 0, 'meta': ''}, {'name': ' None', 'count': 0, 'meta': ''}, {'name': ' None', 'count': 0, 'meta': ''}, {'name': ' None', 'count': 0, 'meta': ''}, {'name': ' None', 'count': 0, 'meta': ''}, {'name': ' None', 'count': 0, 'meta': ''}, {'name': ' None', 'count': 0, 'meta': ''}, {'name': ' None', 'count': 0, 'meta': ''}, {'name': ' None', 'count': 0, 'meta': ''}, {'name': ' None', 'count': 0, 'meta': ''}, {'name': ' None', 'count': 0, 'meta': ''}, {'name': ' None', 'count': 0, 'meta': ''}]","Armor Slot 0: None, Count: 0; Armor Slot 1: None, Count: 0; Armor Slot 2: None, Count: 0; Armor Slot 3: None, Count: 0; ","Offhand: None, Count: 0; ",[],20.0,20.0,"[-0.6498224176746725, -0.16934988114885355, -0.7409800559005031]",west,0,0 minecraft:air,False,Player is not currently riding anything,0.0784000015258789
119.0,14:43:10.087909800,2025-07-30,literal{MF},"(-10.80018497580895, 68.0, 52.46871236076144)",20.0,"[{'name': ' None', 'count': 0, 'meta': ''}, {'name': ' None', 'count': 0, 'meta': ''}, {'name': ' None', 'count': 0, 'meta': ''}, {'name': ' None', 'count': 0, 'meta': ''}, {'name': ' None', 'count': 0, 'meta': ''}, {'name': ' None', 'count': 0, 'meta': ''}, {'name': ' None', 'count': 0, 'meta': ''}, {'name': ' None', 'count': 0, 'meta': ''}, {'name': ' None', 'count': 0, 'meta': ''}, {'name': ' None', 'count': 0, 'meta': ''}, {'name': ' None', 'count': 0, 'meta': ''}, {'name': ' None', 'count': 0, 'meta': ''}, {'name': ' None', 'count': 0, 'meta': ''}, {'name': ' None', 'count': 0, 'meta': ''}, {'name': ' None', 'count': 0, 'meta': ''}, {'name': ' None', 'count': 0, 'meta': ''}, {'name': ' None', 'count': 0, 'meta': ''}, {'name': ' None', 'count': 0, 'meta': ''}, {'name': ' None', 'count': 0, 'meta': ''}, {'name': ' None', 'count': 0, 'meta': ''}, {'name': ' None', 'count': 0, 'meta': ''}, {'name': ' None', 'count': 0, 'meta': ''}, {'name': ' None', 'count': 0, 'meta': ''}, {'name': ' None', 'count': 0, 'meta': ''}, {'name': ' None', 'count': 0, 'meta': ''}, {'name': ' None', 'count': 0, 'meta': ''}, {'name': ' None', 'count': 0, 'meta': ''}, {'name': ' None', 'count': 0, 'meta': ''}, {'name': ' None', 'count': 0, 'meta': ''}, {'name': ' None', 'count': 0, 'meta': ''}, {'name': ' None', 'count': 0, 'meta': ''}, {'name': ' None', 'count': 0, 'meta': ''}, {'name': ' None', 'count': 0, 'meta': ''}, {'name': ' None', 'count': 0, 'meta': ''}, {'name': ' None', 'count': 0, 'meta': ''}, {'name': ' None', 'count': 0, 'meta': ''}]","Armor Slot 0: None, Count: 0; Armor Slot 1: None, Count: 0; Armor Slot 2: None, Count: 0; Armor Slot 3: None, Count: 0; ","Offhand: None, Count: 0; ",[],20.0,20.0,"[-0.6179431400853836, -0.17192947084945417, -0.7671939342010224]",west,0,0 minecraft:air,False,Player is not currently riding anything,0.0784000015258789
119.0,14:43:10.134594800,2025-07-30,literal{MF},"(-10.817520406751711, 68.0, 52.68778899638093)",20.0,"[{'name': ' None', 'count': 0, 'meta': ''}, {'name': ' None', 'count': 0, 'meta': ''}, {'name': ' None', 'count': 0, 'meta': ''}, {'name': ' None', 'count': 0, 'meta': ''}, {'name': ' None', 'count': 0, 'meta': ''}, {'name': ' None', 'count': 0, 'meta': ''}, {'name': ' None', 'count': 0, 'meta': ''}, {'name': ' None', 'count': 0, 'meta': ''}, {'name': ' None', 'count': 0, 'meta': ''}, {'name': ' None', 'count': 0, 'meta': ''}, {'name': ' None', 'count': 0, 'meta': ''}, {'name': ' None', 'count': 0, 'meta': ''}, {'name': ' None', 'count': 0, 'meta': ''}, {'name': ' None', 'count': 0, 'meta': ''}, {'name': ' None', 'count': 0, 'meta': ''}, {'name': ' None', 'count': 0, 'meta': ''}, {'name': ' None', 'count': 0, 'meta': ''}, {'name': ' None', 'count': 0, 'meta': ''}, {'name': ' None', 'count': 0, 'meta': ''}, {'name': ' None', 'count': 0, 'meta': ''}, {'name': ' None', 'count': 0, 'meta': ''}, {'name': ' None', 'count': 0, 'meta': ''}, {'name': ' None', 'count': 0, 'meta': ''}, {'name': ' None', 'count': 0, 'meta': ''}, {'name': ' None', 'count': 0, 'meta': ''}, {'name': ' None', 'count': 0, 'meta': ''}, {'name': ' None', 'count': 0, 'meta': ''}, {'name': ' None', 'count': 0, 'meta': ''}, {'name': ' None', 'count': 0, 'meta': ''}, {'name': ' None', 'count': 0, 'meta': ''}, {'name': ' None', 'count': 0, 'meta': ''}, {'name': ' None', 'count': 0, 'meta': ''}, {'name': ' None', 'count': 0, 'meta': ''}, {'name': ' None', 'count': 0, 'meta': ''}, {'name': ' None', 'count': 0, 'meta': ''}, {'name': ' None', 'count': 0, 'meta': ''}]","Armor Slot 0: None, Count: 0; Armor Slot 1: None, Count: 0; Armor Slot 2: None, Count: 0; Armor Slot 3: None, Count: 0; ","Offhand: None, Count: 0; ",[],20.0,20.0,"[-0.6118985544612288, -0.17192947084945417, -0.7720235851978133]",west,0,0 minecraft:air,False,Player is not currently riding anything,0.0784000015258789
119.0,14:43:10.186550600,2025-07-30,literal{MF},"(-10.838474573486888, 68.0, 52.906742675525365)",20.0,"[{'name': ' None', 'count': 0, 'meta': ''}, {'name': ' None', 'count': 0, 'meta': ''}, {'name': ' None', 'count': 0, 'meta': ''}, {'name': ' None', 'count': 0, 'meta': ''}, {'name': ' None', 'count': 0, 'meta': ''}, {'name': ' None', 'count': 0, 'meta': ''}, {'name': ' None', 'count': 0, 'meta': ''}, {'name': ' None', 'count': 0, 'meta': ''}, {'name': ' None', 'count': 0, 'meta': ''}, {'name': ' None', 'count': 0, 'meta': ''}, {'name': ' None', 'count': 0, 'meta': ''}, {'name': ' None', 'count': 0, 'meta': ''}, {'name': ' None', 'count': 0, 'meta': ''}, {'name': ' None', 'count': 0, 'meta': ''}, {'name': ' None', 'count': 0, 'meta': ''}, {'name': ' None', 'count': 0, 'meta': ''}, {'name': ' None', 'count': 0, 'meta': ''}, {'name': ' None', 'count': 0, 'meta': ''}, {'name': ' None', 'count': 0, 'meta': ''}, {'name': ' None', 'count': 0, 'meta': ''}, {'name': ' None', 'count': 0, 'meta': ''}, {'name': ' None', 'count': 0, 'meta': ''}, {'name': ' None', 'count': 0, 'meta': ''}, {'name': ' None', 'count': 0, 'meta': ''}, {'name': ' None', 'count': 0, 'meta': ''}, {'name': ' None', 'count': 0, 'meta': ''}, {'name': ' None', 'count': 0, 'meta': ''}, {'name': ' None', 'count': 0, 'meta': ''}, {'name': ' None', 'count': 0, 'meta': ''}, {'name': ' None', 'count': 0, 'meta': ''}, {'name': ' None', 'count': 0, 'meta': ''}, {'name': ' None', 'count': 0, 'meta': ''}, {'name': ' None', 'count': 0, 'meta': ''}, {'name': ' None', 'count': 0, 'meta': ''}, {'name': ' None', 'count': 0, 'meta': ''}, {'name': ' None', 'count': 0, 'meta': ''}]","Armor Slot 0: None, Count: 0; Armor Slot 1: None, Count: 0; Armor Slot 2: None, Count: 0; Armor Slot 3: None, Count: 0; ","Offhand: None, Count: 0; ",[],20.0,20.0,"[-0.6118985544612288, -0.17192947084945417, -0.7720235851978133]",west,0,0 minecraft:air,False,Player is not currently riding anything,0.0784000015258789
119.0,14:43:10.235099100,2025-07-30,literal{MF},"(-10.861404570194221, 68.0, 53.125629220426624)",20.0,"[{'name': ' None', 'count': 0, 'meta': ''}, {'name': ' None', 'count': 0, 'meta': ''}, {'name': ' None', 'count': 0, 'meta': ''}, {'name': ' None', 'count': 0, 'meta': ''}, {'name': ' None', 'count': 0, 'meta': ''}, {'name': ' None', 'count': 0, 'meta': ''}, {'name': ' None', 'count': 0, 'meta': ''}, {'name': ' None', 'count': 0, 'meta': ''}, {'name': ' None', 'count': 0, 'meta': ''}, {'name': ' None', 'count': 0, 'meta': ''}, {'name': ' None', 'count': 0, 'meta': ''}, {'name': ' None', 'count': 0, 'meta': ''}, {'name': ' None', 'count': 0, 'meta': ''}, {'name': ' None', 'count': 0, 'meta': ''}, {'name': ' None', 'count': 0, 'meta': ''}, {'name': ' None', 'count': 0, 'meta': ''}, {'name': ' None', 'count': 0, 'meta': ''}, {'name': ' None', 'count': 0, 'meta': ''}, {'name': ' None', 'count': 0, 'meta': ''}, {'name': ' None', 'count': 0, 'meta': ''}, {'name': ' None', 'count': 0, 'meta': ''}, {'name': ' None', 'count': 0, 'meta': ''}, {'name': ' None', 'count': 0, 'meta': ''}, {'name': ' None', 'count': 0, 'meta': ''}, {'name': ' None', 'count': 0, 'meta': ''}, {'name': ' None', 'count': 0, 'meta': ''}, {'name': ' None', 'count': 0, 'meta': ''}, {'name': ' None', 'count': 0, 'meta': ''}, {'name': ' None', 'count': 0, 'meta': ''}, {'name': ' None', 'count': 0, 'meta': ''}, {'name': ' None', 'count': 0, 'meta': ''}, {'name': ' None', 'count': 0, 'meta': ''}, {'name': ' None', 'count': 0, 'meta': ''}, {'name': ' None', 'count': 0, 'meta': ''}, {'name': ' None', 'count': 0, 'meta': ''}, {'name': ' None', 'count': 0, 'meta': ''}]","Armor Slot 0: None, Count: 0; Armor Slot 1: None, Count: 0; Armor Slot 2: None, Count: 0; Armor Slot 3: None, Count: 0; ","Offhand: None, Count: 0; ",[],20.0,20.0,"[-0.6118985544612288, -0.17192947084945417, -0.7720235851978133]",west,0,0 minecraft:air,False,Player is not currently riding anything,0.0784000015258789
119.0,14:43:10.284366200,2025-07-30,literal{MF},"(-10.888787044233776, 68.0, 53.34403062119048)",20.0,"[{'name': ' None', 'count': 0, 'meta': ''}, {'name': ' None', 'count': 0, 'meta': ''}, {'name': ' None', 'count': 0, 'meta': ''}, {'name': ' None', 'count': 0, 'meta': ''}, {'name': ' None', 'count': 0, 'meta': ''}, {'name': ' None', 'count': 0, 'meta': ''}, {'name': ' None', 'count': 0, 'meta': ''}, {'name': ' None', 'count': 0, 'meta': ''}, {'name': ' None', 'count': 0, 'meta': ''}, {'name': ' None', 'count': 0, 'meta': ''}, {'name': ' None', 'count': 0, 'meta': ''}, {'name': ' None', 'count': 0, 'meta': ''}, {'name': ' None', 'count': 0, 'meta': ''}, {'name': ' None', 'count': 0, 'meta': ''}, {'name': ' None', 'count': 0, 'meta': ''}, {'name': ' None', 'count': 0, 'meta': ''}, {'name': ' None', 'count': 0, 'meta': ''}, {'name': ' None', 'count': 0, 'meta': ''}, {'name': ' None', 'count': 0, 'meta': ''}, {'name': ' None', 'count': 0, 'meta': ''}, {'name': ' None', 'count': 0, 'meta': ''}, {'name': ' None', 'count': 0, 'meta': ''}, {'name': ' None', 'count': 0, 'meta': ''}, {'name': ' None', 'count': 0, 'meta': ''}, {'name': ' None', 'count': 0, 'meta': ''}, {'name': ' None', 'count': 0, 'meta': ''}, {'name': ' None', 'count': 0, 'meta': ''}, {'name': ' None', 'count': 0, 'meta': ''}, {'name': ' None', 'count': 0, 'meta': ''}, {'name': ' None', 'count': 0, 'meta': ''}, {'name': ' None', 'count': 0, 'meta': ''}, {'name': ' None', 'count': 0, 'meta': ''}, {'name': ' None', 'count': 0, 'meta': ''}, {'name': ' None', 'count': 0, 'meta': ''}, {'name': ' None', 'count': 0, 'meta': ''}, {'name': ' None', 'count': 0, 'meta': ''}]","Armor Slot 0: None, Count: 0; Armor Slot 1: None, Count: 0; Armor Slot 2: None, Count: 0; Armor Slot 3: None, Count: 0; ","Offhand: None, Count: 0; ",[],20.0,20.0,"[-0.5868065804143617, -0.15643484315636083, -0.7944722632219755]",west,0,0 minecraft:air,False,Player is not currently riding anything,0.0784000015258789
119.0,14:43:10.336552900,2025-07-30,literal{MF},"(-10.923754414332356, 68.0, 53.56125401330858)",20.0,"[{'name': ' None', 'count': 0, 'meta': ''}, {'name': ' None', 'count': 0, 'meta': ''}, {'name': ' None', 'count': 0, 'meta': ''}, {'name': ' None', 'count': 0, 'meta': ''}, {'name': ' None', 'count': 0, 'meta': ''}, {'name': ' None', 'count': 0, 'meta': ''}, {'name': ' None', 'count': 0, 'meta': ''}, {'name': ' None', 'count': 0, 'meta': ''}, {'name': ' None', 'count': 0, 'meta': ''}, {'name': ' None', 'count': 0, 'meta': ''}, {'name': ' None', 'count': 0, 'meta': ''}, {'name': ' None', 'count': 0, 'meta': ''}, {'name': ' None', 'count': 0, 'meta': ''}, {'name': ' None', 'count': 0, 'meta': ''}, {'name': ' None', 'count': 0, 'meta': ''}, {'name': ' None', 'count': 0, 'meta': ''}, {'name': ' None', 'count': 0, 'meta': ''}, {'name': ' None', 'count': 0, 'meta': ''}, {'name': ' None', 'count': 0, 'meta': ''}, {'name': ' None', 'count': 0, 'meta': ''}, {'name': ' None', 'count': 0, 'meta': ''}, {'name': ' None', 'count': 0, 'meta': ''}, {'name': ' None', 'count': 0, 'meta': ''}, {'name': ' None', 'count': 0, 'meta': ''}, {'name': ' None', 'count': 0, 'meta': ''}, {'name': ' None', 'count': 0, 'meta': ''}, {'name': ' None', 'count': 0, 'meta': ''}, {'name': ' None', 'count': 0, 'meta': ''}, {'name': ' None', 'count': 0, 'meta': ''}, {'name': ' None', 'count': 0, 'meta': ''}, {'name': ' None', 'count': 0, 'meta': ''}, {'name': ' None', 'count': 0, 'meta': ''}, {'name': ' None', 'count': 0, 'meta': ''}, {'name': ' None', 'count': 0, 'meta': ''}, {'name': ' None', 'count': 0, 'meta': ''}, {'name': ' None', 'count': 0, 'meta': ''}]","Armor Slot 0: None, Count: 0; Armor Slot 1: None, Count: 0; Armor Slot 2: None, Count: 0; Armor Slot 3: None, Count: 0; ","Offhand: None, Count: 0; ",[],20.0,20.0,"[-0.5466800363482991, -0.12793052933460244, -0.8275111585485665]",west,0,0 minecraft:air,False,Player is not currently riding anything,0.0784000015258789
119.0,14:43:10.384367100,2025-07-30,literal{MF},"(-11.028473966413605, 68.0, 53.727523028676)",20.0,"[{'name': ' None', 'count': 0, 'meta': ''}, {'name': ' None', 'count': 0, 'meta': ''}, {'name': ' None', 'count': 0, 'meta': ''}, {'name': ' None', 'count': 0, 'meta': ''}, {'name': ' None', 'count': 0, 'meta': ''}, {'name': ' None', 'count': 0, 'meta': ''}, {'name': ' None', 'count': 0, 'meta': ''}, {'name': ' None', 'count': 0, 'meta': ''}, {'name': ' None', 'count': 0, 'meta': ''}, {'name': ' None', 'count': 0, 'meta': ''}, {'name': ' None', 'count': 0, 'meta': ''}, {'name': ' None', 'count': 0, 'meta': ''}, {'name': ' None', 'count': 0, 'meta': ''}, {'name': ' None', 'count': 0, 'meta': ''}, {'name': ' None', 'count': 0, 'meta': ''}, {'name': ' None', 'count': 0, 'meta': ''}, {'name': ' None', 'count': 0, 'meta': ''}, {'name': ' None', 'count': 0, 'meta': ''}, {'name': ' None', 'count': 0, 'meta': ''}, {'name': ' None', 'count': 0, 'meta': ''}, {'name': ' None', 'count': 0, 'meta': ''}, {'name': ' None', 'count': 0, 'meta': ''}, {'name': ' None', 'count': 0, 'meta': ''}, {'name': ' None', 'count': 0, 'meta': ''}, {'name': ' None', 'count': 0, 'meta': ''}, {'name': ' None', 'count': 0, 'meta': ''}, {'name': ' None', 'count': 0, 'meta': ''}, {'name': ' None', 'count': 0, 'meta': ''}, {'name': ' None', 'count': 0, 'meta': ''}, {'name': ' None', 'count': 0, 'meta': ''}, {'name': ' None', 'count': 0, 'meta': ''}, {'name': ' None', 'count': 0, 'meta': ''}, {'name': ' None', 'count': 0, 'meta': ''}, {'name': ' None', 'count': 0, 'meta': ''}, {'name': ' None', 'count': 0, 'meta': ''}, {'name': ' None', 'count': 0, 'meta': ''}]","Armor Slot 0: None, Count: 0; Armor Slot 1: None, Count: 0; Armor Slot 2: None, Count: 0; Armor Slot 3: None, Count: 0; ","Offhand: None, Count: 0; ",[],20.0,20.0,"[-0.4842953605352497, -0.09150198331187501, -0.8701065399214202]",west,0,0 minecraft:air,False,Player is not currently riding anything,0.0784000015258789
119.0,14:43:10.436094300,2025-07-30,literal{MF},"(-11.085650848491213, 68.0, 53.81830592161129)",20.0,"[{'name': ' None', 'count': 0, 'meta': ''}, {'name': ' None', 'count': 0, 'meta': ''}, {'name': ' None', 'count': 0, 'meta': ''}, {'name': ' None', 'count': 0, 'meta': ''}, {'name': ' None', 'count': 0, 'meta': ''}, {'name': ' None', 'count': 0, 'meta': ''}, {'name': ' None', 'count': 0, 'meta': ''}, {'name': ' None', 'count': 0, 'meta': ''}, {'name': ' None', 'count': 0, 'meta': ''}, {'name': ' None', 'count': 0, 'meta': ''}, {'name': ' None', 'count': 0, 'meta': ''}, {'name': ' None', 'count': 0, 'meta': ''}, {'name': ' None', 'count': 0, 'meta': ''}, {'name': ' None', 'count': 0, 'meta': ''}, {'name': ' None', 'count': 0, 'meta': ''}, {'name': ' None', 'count': 0, 'meta': ''}, {'name': ' None', 'count': 0, 'meta': ''}, {'name': ' None', 'count': 0, 'meta': ''}, {'name': ' None', 'count': 0, 'meta': ''}, {'name': ' None', 'count': 0, 'meta': ''}, {'name': ' None', 'count': 0, 'meta': ''}, {'name': ' None', 'count': 0, 'meta': ''}, {'name': ' None', 'count': 0, 'meta': ''}, {'name': ' None', 'count': 0, 'meta': ''}, {'name': ' None', 'count': 0, 'meta': ''}, {'name': ' None', 'count': 0, 'meta': ''}, {'name': ' None', 'count': 0, 'meta': ''}, {'name': ' None', 'count': 0, 'meta': ''}, {'name': ' None', 'count': 0, 'meta': ''}, {'name': ' None', 'count': 0, 'meta': ''}, {'name': ' None', 'count': 0, 'meta': ''}, {'name': ' None', 'count': 0, 'meta': ''}, {'name': ' None', 'count': 0, 'meta': ''}, {'name': ' None', 'count': 0, 'meta': ''}, {'name': ' None', 'count': 0, 'meta': ''}, {'name': ' None', 'count': 0, 'meta': ''}]","Armor Slot 0: None, Count: 0; Armor Slot 1: None, Count: 0; Armor Slot 2: None, Count: 0; Armor Slot 3: None, Count: 0; ","Offhand: None, Count: 0; ",[],20.0,20.0,"[-0.44118443254914524, -0.07062733791882138, -0.894632927861919]",west,0,0 minecraft:air,False,Player is not currently riding anything,0.0784000015258789
119.0,14:43:10.484565700,2025-07-30,literal{MF},"(-11.116869429731707, 68.0, 53.86787338691135)",20.0,"[{'name': ' None', 'count': 0, 'meta': ''}, {'name': ' None', 'count': 0, 'meta': ''}, {'name': ' None', 'count': 0, 'meta': ''}, {'name': ' None', 'count': 0, 'meta': ''}, {'name': ' None', 'count': 0, 'meta': ''}, {'name': ' None', 'count': 0, 'meta': ''}, {'name': ' None', 'count': 0, 'meta': ''}, {'name': ' None', 'count': 0, 'meta': ''}, {'name': ' None', 'count': 0, 'meta': ''}, {'name': ' None', 'count': 0, 'meta': ''}, {'name': ' None', 'count': 0, 'meta': ''}, {'name': ' None', 'count': 0, 'meta': ''}, {'name': ' None', 'count': 0, 'meta': ''}, {'name': ' None', 'count': 0, 'meta': ''}, {'name': ' None', 'count': 0, 'meta': ''}, {'name': ' None', 'count': 0, 'meta': ''}, {'name': ' None', 'count': 0, 'meta': ''}, {'name': ' None', 'count': 0, 'meta': ''}, {'name': ' None', 'count': 0, 'meta': ''}, {'name': ' None', 'count': 0, 'meta': ''}, {'name': ' None', 'count': 0, 'meta': ''}, {'name': ' None', 'count': 0, 'meta': ''}, {'name': ' None', 'count': 0, 'meta': ''}, {'name': ' None', 'count': 0, 'meta': ''}, {'name': ' None', 'count': 0, 'meta': ''}, {'name': ' None', 'count': 0, 'meta': ''}, {'name': ' None', 'count': 0, 'meta': ''}, {'name': ' None', 'count': 0, 'meta': ''}, {'name': ' None', 'count': 0, 'meta': ''}, {'name': ' None', 'count': 0, 'meta': ''}, {'name': ' None', 'count': 0, 'meta': ''}, {'name': ' None', 'count': 0, 'meta': ''}, {'name': ' None', 'count': 0, 'meta': ''}, {'name': ' None', 'count': 0, 'meta': ''}, {'name': ' None', 'count': 0, 'meta': ''}, {'name': ' None', 'count': 0, 'meta': ''}]","Armor Slot 0: None, Count: 0; Armor Slot 1: None, Count: 0; Armor Slot 2: None, Count: 0; Armor Slot 3: None, Count: 0; ","Offhand: None, Count: 0; ",[],20.0,20.0,"[-0.3483702107731682, -0.03402769859200677, -0.9367391910101712]",west,0,0 minecraft:air,False,Player is not currently riding anything,0.0784000015258789
119.0,14:43:10.536704700,2025-07-30,literal{MF},"(-11.13391477706888, 68.0, 53.894937226108716)",20.0,"[{'name': ' None', 'count': 0, 'meta': ''}, {'name': ' None', 'count': 0, 'meta': ''}, {'name': ' None', 'count': 0, 'meta': ''}, {'name': ' None', 'count': 0, 'meta': ''}, {'name': ' None', 'count': 0, 'meta': ''}, {'name': ' None', 'count': 0, 'meta': ''}, {'name': ' None', 'count': 0, 'meta': ''}, {'name': ' None', 'count': 0, 'meta': ''}, {'name': ' None', 'count': 0, 'meta': ''}, {'name': ' None', 'count': 0, 'meta': ''}, {'name': ' None', 'count': 0, 'meta': ''}, {'name': ' None', 'count': 0, 'meta': ''}, {'name': ' None', 'count': 0, 'meta': ''}, {'name': ' None', 'count': 0, 'meta': ''}, {'name': ' None', 'count': 0, 'meta': ''}, {'name': ' None', 'count': 0, 'meta': ''}, {'name': ' None', 'count': 0, 'meta': ''}, {'name': ' None', 'count': 0, 'meta': ''}, {'name': ' None', 'count': 0, 'meta': ''}, {'name': ' None', 'count': 0, 'meta': ''}, {'name': ' None', 'count': 0, 'meta': ''}, {'name': ' None', 'count': 0, 'meta': ''}, {'name': ' None', 'count': 0, 'meta': ''}, {'name': ' None', 'count': 0, 'meta': ''}, {'name': ' None', 'count': 0, 'meta': ''}, {'name': ' None', 'count': 0, 'meta': ''}, {'name': ' None', 'count': 0, 'meta': ''}, {'name': ' None', 'count': 0, 'meta': ''}, {'name': ' None', 'count': 0, 'meta': ''}, {'name': ' None', 'count': 0, 'meta': ''}, {'name': ' None', 'count': 0, 'meta': ''}, {'name': ' None', 'count': 0, 'meta': ''}, {'name': ' None', 'count': 0, 'meta': ''}, {'name': ' None', 'count': 0, 'meta': ''}, {'name': ' None', 'count': 0, 'meta': ''}, {'name': ' None', 'count': 0, 'meta': ''}]","Armor Slot 0: None, Count: 0; Armor Slot 1: None, Count: 0; Armor Slot 2: None, Count: 0; Armor Slot 3: None, Count: 0; ","Offhand: None, Count: 0; ",[],20.0,20.0,"[-0.2915122859406751, -0.013089941960666268, -0.9564775170201902]",west,0,0 minecraft:air,False,Player is not currently riding anything,0.0784000015258789
119.0,14:43:10.585162,2025-07-30,literal{MF},"(-11.143221537795979, 68.0, 53.90971408402685)",20.0,"[{'name': ' None', 'count': 0, 'meta': ''}, {'name': ' None', 'count': 0, 'meta': ''}, {'name': ' None', 'count': 0, 'meta': ''}, {'name': ' None', 'count': 0, 'meta': ''}, {'name': ' None', 'count': 0, 'meta': ''}, {'name': ' None', 'count': 0, 'meta': ''}, {'name': ' None', 'count': 0, 'meta': ''}, {'name': ' None', 'count': 0, 'meta': ''}, {'name': ' None', 'count': 0, 'meta': ''}, {'name': ' None', 'count': 0, 'meta': ''}, {'name': ' None', 'count': 0, 'meta': ''}, {'name': ' None', 'count': 0, 'meta': ''}, {'name': ' None', 'count': 0, 'meta': ''}, {'name': ' None', 'count': 0, 'meta': ''}, {'name': ' None', 'count': 0, 'meta': ''}, {'name': ' None', 'count': 0, 'meta': ''}, {'name': ' None', 'count': 0, 'meta': ''}, {'name': ' None', 'count': 0, 'meta': ''}, {'name': ' None', 'count': 0, 'meta': ''}, {'name': ' None', 'count': 0, 'meta': ''}, {'name': ' None', 'count': 0, 'meta': ''}, {'name': ' None', 'count': 0, 'meta': ''}, {'name': ' None', 'count': 0, 'meta': ''}, {'name': ' None', 'count': 0, 'meta': ''}, {'name': ' None', 'count': 0, 'meta': ''}, {'name': ' None', 'count': 0, 'meta': ''}, {'name': ' None', 'count': 0, 'meta': ''}, {'name': ' None', 'count': 0, 'meta': ''}, {'name': ' None', 'count': 0, 'meta': ''}, {'name': ' None', 'count': 0, 'meta': ''}, {'name': ' None', 'count': 0, 'meta': ''}, {'name': ' None', 'count': 0, 'meta': ''}, {'name': ' None', 'count': 0, 'meta': ''}, {'name': ' None', 'count': 0, 'meta': ''}, {'name': ' None', 'count': 0, 'meta': ''}, {'name': ' None', 'count': 0, 'meta': ''}]","Armor Slot 0: None, Count: 0; Armor Slot 1: None, Count: 0; Armor Slot 2: None, Count: 0; Armor Slot 3: None, Count: 0; ","Offhand: None, Count: 0; ",[],20.0,20.0,"[-0.1822200430233128, -0.013089941960666268, -0.9831706410079831]",west,0,0 minecraft:air,False,Player is not currently riding anything,0.0784000015258789
119.0,14:43:10.632854,2025-07-30,literal{MF},"(-11.148303029743204, 68.0, 53.917782249387294)",20.0,"[{'name': ' None', 'count': 0, 'meta': ''}, {'name': ' None', 'count': 0, 'meta': ''}, {'name': ' None', 'count': 0, 'meta': ''}, {'name': ' None', 'count': 0, 'meta': ''}, {'name': ' None', 'count': 0, 'meta': ''}, {'name': ' None', 'count': 0, 'meta': ''}, {'name': ' None', 'count': 0, 'meta': ''}, {'name': ' None', 'count': 0, 'meta': ''}, {'name': ' None', 'count': 0, 'meta': ''}, {'name': ' None', 'count': 0, 'meta': ''}, {'name': ' None', 'count': 0, 'meta': ''}, {'name': ' None', 'count': 0, 'meta': ''}, {'name': ' None', 'count': 0, 'meta': ''}, {'name': ' None', 'count': 0, 'meta': ''}, {'name': ' None', 'count': 0, 'meta': ''}, {'name': ' None', 'count': 0, 'meta': ''}, {'name': ' None', 'count': 0, 'meta': ''}, {'name': ' None', 'count': 0, 'meta': ''}, {'name': ' None', 'count': 0, 'meta': ''}, {'name': ' None', 'count': 0, 'meta': ''}, {'name': ' None', 'count': 0, 'meta': ''}, {'name': ' None', 'count': 0, 'meta': ''}, {'name': ' None', 'count': 0, 'meta': ''}, {'name': ' None', 'count': 0, 'meta': ''}, {'name': ' None', 'count': 0, 'meta': ''}, {'name': ' None', 'count': 0, 'meta': ''}, {'name': ' None', 'count': 0, 'meta': ''}, {'name': ' None', 'count': 0, 'meta': ''}, {'name': ' None', 'count': 0, 'meta': ''}, {'name': ' None', 'count': 0, 'meta': ''}, {'name': ' None', 'count': 0, 'meta': ''}, {'name': ' None', 'count': 0, 'meta': ''}, {'name': ' None', 'count': 0, 'meta': ''}, {'name': ' None', 'count': 0, 'meta': ''}, {'name': ' None', 'count': 0, 'meta': ''}, {'name': ' None', 'count': 0, 'meta': ''}]","Armor Slot 0: None, Count: 0; Armor Slot 1: None, Count: 0; Armor Slot 2: None, Count: 0; Armor Slot 3: None, Count: 0; ","Offhand: None, Count: 0; ",[],20.0,20.0,"[-0.14089361118132662, -0.010472129892107808, -0.9899693554973347]",west,0,0 minecraft:air,False,Player is not currently riding anything,0.0784000015258789
119.0,14:43:10.685741100,2025-07-30,literal{MF},"(-11.148303029743204, 68.0, 53.92218746818577)",20.0,"[{'name': ' None', 'count': 0, 'meta': ''}, {'name': ' None', 'count': 0, 'meta': ''}, {'name': ' None', 'count': 0, 'meta': ''}, {'name': ' None', 'count': 0, 'meta': ''}, {'name': ' None', 'count': 0, 'meta': ''}, {'name': ' None', 'count': 0, 'meta': ''}, {'name': ' None', 'count': 0, 'meta': ''}, {'name': ' None', 'count': 0, 'meta': ''}, {'name': ' None', 'count': 0, 'meta': ''}, {'name': ' None', 'count': 0, 'meta': ''}, {'name': ' None', 'count': 0, 'meta': ''}, {'name': ' None', 'count': 0, 'meta': ''}, {'name': ' None', 'count': 0, 'meta': ''}, {'name': ' None', 'count': 0, 'meta': ''}, {'name': ' None', 'count': 0, 'meta': ''}, {'name': ' None', 'count': 0, 'meta': ''}, {'name': ' None', 'count': 0, 'meta': ''}, {'name': ' None', 'count': 0, 'meta': ''}, {'name': ' None', 'count': 0, 'meta': ''}, {'name': ' None', 'count': 0, 'meta': ''}, {'name': ' None', 'count': 0, 'meta': ''}, {'name': ' None', 'count': 0, 'meta': ''}, {'name': ' None', 'count': 0, 'meta': ''}, {'name': ' None', 'count': 0, 'meta': ''}, {'name': ' None', 'count': 0, 'meta': ''}, {'name': ' None', 'count': 0, 'meta': ''}, {'name': ' None', 'count': 0, 'meta': ''}, {'name': ' None', 'count': 0, 'meta': ''}, {'name': ' None', 'count': 0, 'meta': ''}, {'name': ' None', 'count': 0, 'meta': ''}, {'name': ' None', 'count': 0, 'meta': ''}, {'name': ' None', 'count': 0, 'meta': ''}, {'name': ' None', 'count': 0, 'meta': ''}, {'name': ' None', 'count': 0, 'meta': ''}, {'name': ' None', 'count': 0, 'meta': ''}, {'name': ' None', 'count': 0, 'meta': ''}]","Armor Slot 0: None, Count: 0; Armor Slot 1: None, Count: 0; Armor Slot 2: None, Count: 0; Armor Slot 3: None, Count: 0; ","Offhand: None, Count: 0; ",[],20.0,20.0,"[-0.14089361118132662, -0.010472129892107808, -0.9899693554973347]",west,0,0 minecraft:air,False,Player is not currently riding anything,0.0784000015258789
119.0,14:43:10.734884700,2025-07-30,literal{MF},"(-11.148303029743204, 68.0, 53.92218746818577)",20.0,"[{'name': ' None', 'count': 0, 'meta': ''}, {'name': ' None', 'count': 0, 'meta': ''}, {'name': ' None', 'count': 0, 'meta': ''}, {'name': ' None', 'count': 0, 'meta': ''}, {'name': ' None', 'count': 0, 'meta': ''}, {'name': ' None', 'count': 0, 'meta': ''}, {'name': ' None', 'count': 0, 'meta': ''}, {'name': ' None', 'count': 0, 'meta': ''}, {'name': ' None', 'count': 0, 'meta': ''}, {'name': ' None', 'count': 0, 'meta': ''}, {'name': ' None', 'count': 0, 'meta': ''}, {'name': ' None', 'count': 0, 'meta': ''}, {'name': ' None', 'count': 0, 'meta': ''}, {'name': ' None', 'count': 0, 'meta': ''}, {'name': ' None', 'count': 0, 'meta': ''}, {'name': ' None', 'count': 0, 'meta': ''}, {'name': ' None', 'count': 0, 'meta': ''}, {'name': ' None', 'count': 0, 'meta': ''}, {'name': ' None', 'count': 0, 'meta': ''}, {'name': ' None', 'count': 0, 'meta': ''}, {'name': ' None', 'count': 0, 'meta': ''}, {'name': ' None', 'count': 0, 'meta': ''}, {'name': ' None', 'count': 0, 'meta': ''}, {'name': ' None', 'count': 0, 'meta': ''}, {'name': ' None', 'count': 0, 'meta': ''}, {'name': ' None', 'count': 0, 'meta': ''}, {'name': ' None', 'count': 0, 'meta': ''}, {'name': ' None', 'count': 0, 'meta': ''}, {'name': ' None', 'count': 0, 'meta': ''}, {'name': ' None', 'count': 0, 'meta': ''}, {'name': ' None', 'count': 0, 'meta': ''}, {'name': ' None', 'count': 0, 'meta': ''}, {'name': ' None', 'count': 0, 'meta': ''}, {'name': ' None', 'count': 0, 'meta': ''}, {'name': ' None', 'count': 0, 'meta': ''}, {'name': ' None', 'count': 0, 'meta': ''}]","Armor Slot 0: None, Count: 0; Armor Slot 1: None, Count: 0; Armor Slot 2: None, Count: 0; Armor Slot 3: None, Count: 0; ","Offhand: None, Count: 0; ",[],20.0,20.0,"[-0.14089361118132662, -0.010472129892107808, -0.9899693554973347]",west,0,0 minecraft:air,False,Player is not currently riding anything,0.0784000015258789
119.0,14:43:10.784045200,2025-07-30,literal{MF},"(-11.148303029743204, 68.0, 53.92218746818577)",20.0,"[{'name': ' None', 'count': 0, 'meta': ''}, {'name': ' None', 'count': 0, 'meta': ''}, {'name': ' None', 'count': 0, 'meta': ''}, {'name': ' None', 'count': 0, 'meta': ''}, {'name': ' None', 'count': 0, 'meta': ''}, {'name': ' None', 'count': 0, 'meta': ''}, {'name': ' None', 'count': 0, 'meta': ''}, {'name': ' None', 'count': 0, 'meta': ''}, {'name': ' None', 'count': 0, 'meta': ''}, {'name': ' None', 'count': 0, 'meta': ''}, {'name': ' None', 'count': 0, 'meta': ''}, {'name': ' None', 'count': 0, 'meta': ''}, {'name': ' None', 'count': 0, 'meta': ''}, {'name': ' None', 'count': 0, 'meta': ''}, {'name': ' None', 'count': 0, 'meta': ''}, {'name': ' None', 'count': 0, 'meta': ''}, {'name': ' None', 'count': 0, 'meta': ''}, {'name': ' None', 'count': 0, 'meta': ''}, {'name': ' None', 'count': 0, 'meta': ''}, {'name': ' None', 'count': 0, 'meta': ''}, {'name': ' None', 'count': 0, 'meta': ''}, {'name': ' None', 'count': 0, 'meta': ''}, {'name': ' None', 'count': 0, 'meta': ''}, {'name': ' None', 'count': 0, 'meta': ''}, {'name': ' None', 'count': 0, 'meta': ''}, {'name': ' None', 'count': 0, 'meta': ''}, {'name': ' None', 'count': 0, 'meta': ''}, {'name': ' None', 'count': 0, 'meta': ''}, {'name': ' None', 'count': 0, 'meta': ''}, {'name': ' None', 'count': 0, 'meta': ''}, {'name': ' None', 'count': 0, 'meta': ''}, {'name': ' None', 'count': 0, 'meta': ''}, {'name': ' None', 'count': 0, 'meta': ''}, {'name': ' None', 'count': 0, 'meta': ''}, {'name': ' None', 'count': 0, 'meta': ''}, {'name': ' None', 'count': 0, 'meta': ''}]","Armor Slot 0: None, Count: 0; Armor Slot 1: None, Count: 0; Armor Slot 2: None, Count: 0; Armor Slot 3: None, Count: 0; ","Offhand: None, Count: 0; ",[],20.0,20.0,"[-0.14348488545288915, -0.010472129892107808, -0.9895971009163751]",west,0,0 minecraft:air,False,Player is not currently riding anything,0.0784000015258789
119.0,14:43:10.833958500,2025-07-30,literal{MF},"(-11.148303029743204, 68.0, 53.92218746818577)",20.0,"[{'name': ' None', 'count': 0, 'meta': ''}, {'name': ' None', 'count': 0, 'meta': ''}, {'name': ' None', 'count': 0, 'meta': ''}, {'name': ' None', 'count': 0, 'meta': ''}, {'name': ' None', 'count': 0, 'meta': ''}, {'name': ' None', 'count': 0, 'meta': ''}, {'name': ' None', 'count': 0, 'meta': ''}, {'name': ' None', 'count': 0, 'meta': ''}, {'name': ' None', 'count': 0, 'meta': ''}, {'name': ' None', 'count': 0, 'meta': ''}, {'name': ' None', 'count': 0, 'meta': ''}, {'name': ' None', 'count': 0, 'meta': ''}, {'name': ' None', 'count': 0, 'meta': ''}, {'name': ' None', 'count': 0, 'meta': ''}, {'name': ' None', 'count': 0, 'meta': ''}, {'name': ' None', 'count': 0, 'meta': ''}, {'name': ' None', 'count': 0, 'meta': ''}, {'name': ' None', 'count': 0, 'meta': ''}, {'name': ' None', 'count': 0, 'meta': ''}, {'name': ' None', 'count': 0, 'meta': ''}, {'name': ' None', 'count': 0, 'meta': ''}, {'name': ' None', 'count': 0, 'meta': ''}, {'name': ' None', 'count': 0, 'meta': ''}, {'name': ' None', 'count': 0, 'meta': ''}, {'name': ' None', 'count': 0, 'meta': ''}, {'name': ' None', 'count': 0, 'meta': ''}, {'name': ' None', 'count': 0, 'meta': ''}, {'name': ' None', 'count': 0, 'meta': ''}, {'name': ' None', 'count': 0, 'meta': ''}, {'name': ' None', 'count': 0, 'meta': ''}, {'name': ' None', 'count': 0, 'meta': ''}, {'name': ' None', 'count': 0, 'meta': ''}, {'name': ' None', 'count': 0, 'meta': ''}, {'name': ' None', 'count': 0, 'meta': ''}, {'name': ' None', 'count': 0, 'meta': ''}, {'name': ' None', 'count': 0, 'meta': ''}]","Armor Slot 0: None, Count: 0; Armor Slot 1: None, Count: 0; Armor Slot 2: None, Count: 0; Armor Slot 3: None, Count: 0; ","Offhand: None, Count: 0; ",[],20.0,20.0,"[-0.14866446589404858, -0.010472129892107808, -0.9888322461752349]",west,0,0 minecraft:air,False,Player is not currently riding anything,0.0784000015258789
119.0,14:43:10.884325600,2025-07-30,literal{MF},"(-11.148303029743204, 68.0, 53.92218746818577)",20.0,"[{'name': ' None', 'count': 0, 'meta': ''}, {'name': ' None', 'count': 0, 'meta': ''}, {'name': ' None', 'count': 0, 'meta': ''}, {'name': ' None', 'count': 0, 'meta': ''}, {'name': ' None', 'count': 0, 'meta': ''}, {'name': ' None', 'count': 0, 'meta': ''}, {'name': ' None', 'count': 0, 'meta': ''}, {'name': ' None', 'count': 0, 'meta': ''}, {'name': ' None', 'count': 0, 'meta': ''}, {'name': ' None', 'count': 0, 'meta': ''}, {'name': ' None', 'count': 0, 'meta': ''}, {'name': ' None', 'count': 0, 'meta': ''}, {'name': ' None', 'count': 0, 'meta': ''}, {'name': ' None', 'count': 0, 'meta': ''}, {'name': ' None', 'count': 0, 'meta': ''}, {'name': ' None', 'count': 0, 'meta': ''}, {'name': ' None', 'count': 0, 'meta': ''}, {'name': ' None', 'count': 0, 'meta': ''}, {'name': ' None', 'count': 0, 'meta': ''}, {'name': ' None', 'count': 0, 'meta': ''}, {'name': ' None', 'count': 0, 'meta': ''}, {'name': ' None', 'count': 0, 'meta': ''}, {'name': ' None', 'count': 0, 'meta': ''}, {'name': ' None', 'count': 0, 'meta': ''}, {'name': ' None', 'count': 0, 'meta': ''}, {'name': ' None', 'count': 0, 'meta': ''}, {'name': ' None', 'count': 0, 'meta': ''}, {'name': ' None', 'count': 0, 'meta': ''}, {'name': ' None', 'count': 0, 'meta': ''}, {'name': ' None', 'count': 0, 'meta': ''}, {'name': ' None', 'count': 0, 'meta': ''}, {'name': ' None', 'count': 0, 'meta': ''}, {'name': ' None', 'count': 0, 'meta': ''}, {'name': ' None', 'count': 0, 'meta': ''}, {'name': ' None', 'count': 0, 'meta': ''}, {'name': ' None', 'count': 0, 'meta': ''}]","Armor Slot 0: None, Count: 0; Armor Slot 1: None, Count: 0; Armor Slot 2: None, Count: 0; Armor Slot 3: None, Count: 0; ","Offhand: None, Count: 0; ",[],20.0,20.0,"[-0.15642132522551686, -0.013089941960666268, -0.9876036768026734]",west,0,0 minecraft:air,False,Player is not currently riding anything,0.0784000015258789
119.0,14:43:10.934394700,2025-07-30,literal{MF},"(-11.148303029743204, 68.0, 53.92218746818577)",20.0,"[{'name': ' None', 'count': 0, 'meta': ''}, {'name': ' None', 'count': 0, 'meta': ''}, {'name': ' None', 'count': 0, 'meta': ''}, {'name': ' None', 'count': 0, 'meta': ''}, {'name': ' None', 'count': 0, 'meta': ''}, {'name': ' None', 'count': 0, 'meta': ''}, {'name': ' None', 'count': 0, 'meta': ''}, {'name': ' None', 'count': 0, 'meta': ''}, {'name': ' None', 'count': 0, 'meta': ''}, {'name': ' None', 'count': 0, 'meta': ''}, {'name': ' None', 'count': 0, 'meta': ''}, {'name': ' None', 'count': 0, 'meta': ''}, {'name': ' None', 'count': 0, 'meta': ''}, {'name': ' None', 'count': 0, 'meta': ''}, {'name': ' None', 'count': 0, 'meta': ''}, {'name': ' None', 'count': 0, 'meta': ''}, {'name': ' None', 'count': 0, 'meta': ''}, {'name': ' None', 'count': 0, 'meta': ''}, {'name': ' None', 'count': 0, 'meta': ''}, {'name': ' None', 'count': 0, 'meta': ''}, {'name': ' None', 'count': 0, 'meta': ''}, {'name': ' None', 'count': 0, 'meta': ''}, {'name': ' None', 'count': 0, 'meta': ''}, {'name': ' None', 'count': 0, 'meta': ''}, {'name': ' None', 'count': 0, 'meta': ''}, {'name': ' None', 'count': 0, 'meta': ''}, {'name': ' None', 'count': 0, 'meta': ''}, {'name': ' None', 'count': 0, 'meta': ''}, {'name': ' None', 'count': 0, 'meta': ''}, {'name': ' None', 'count': 0, 'meta': ''}, {'name': ' None', 'count': 0, 'meta': ''}, {'name': ' None', 'count': 0, 'meta': ''}, {'name': ' None', 'count': 0, 'meta': ''}, {'name': ' None', 'count': 0, 'meta': ''}, {'name': ' None', 'count': 0, 'meta': ''}, {'name': ' None', 'count': 0, 'meta': ''}]","Armor Slot 0: None, Count: 0; Armor Slot 1: None, Count: 0; Armor Slot 2: None, Count: 0; Armor Slot 3: None, Count: 0; ","Offhand: None, Count: 0; ",[],20.0,20.0,"[-0.15642132522551686, -0.013089941960666268, -0.9876036768026734]",west,0,0 minecraft:air,False,Player is not currently riding anything,0.0784000015258789
119.0,14:43:10.985433800,2025-07-30,literal{MF},"(-11.148303029743204, 68.0, 53.92218746818577)",20.0,"[{'name': ' None', 'count': 0, 'meta': ''}, {'name': ' None', 'count': 0, 'meta': ''}, {'name': ' None', 'count': 0, 'meta': ''}, {'name': ' None', 'count': 0, 'meta': ''}, {'name': ' None', 'count': 0, 'meta': ''}, {'name': ' None', 'count': 0, 'meta': ''}, {'name': ' None', 'count': 0, 'meta': ''}, {'name': ' None', 'count': 0, 'meta': ''}, {'name': ' None', 'count': 0, 'meta': ''}, {'name': ' None', 'count': 0, 'meta': ''}, {'name': ' None', 'count': 0, 'meta': ''}, {'name': ' None', 'count': 0, 'meta': ''}, {'name': ' None', 'count': 0, 'meta': ''}, {'name': ' None', 'count': 0, 'meta': ''}, {'name': ' None', 'count': 0, 'meta': ''}, {'name': ' None', 'count': 0, 'meta': ''}, {'name': ' None', 'count': 0, 'meta': ''}, {'name': ' None', 'count': 0, 'meta': ''}, {'name': ' None', 'count': 0, 'meta': ''}, {'name': ' None', 'count': 0, 'meta': ''}, {'name': ' None', 'count': 0, 'meta': ''}, {'name': ' None', 'count': 0, 'meta': ''}, {'name': ' None', 'count': 0, 'meta': ''}, {'name': ' None', 'count': 0, 'meta': ''}, {'name': ' None', 'count': 0, 'meta': ''}, {'name': ' None', 'count': 0, 'meta': ''}, {'name': ' None', 'count': 0, 'meta': ''}, {'name': ' None', 'count': 0, 'meta': ''}, {'name': ' None', 'count': 0, 'meta': ''}, {'name': ' None', 'count': 0, 'meta': ''}, {'name': ' None', 'count': 0, 'meta': ''}, {'name': ' None', 'count': 0, 'meta': ''}, {'name': ' None', 'count': 0, 'meta': ''}, {'name': ' None', 'count': 0, 'meta': ''}, {'name': ' None', 'count': 0, 'meta': ''}, {'name': ' None', 'count': 0, 'meta': ''}]","Armor Slot 0: None, Count: 0; Armor Slot 1: None, Count: 0; Armor Slot 2: None, Count: 0; Armor Slot 3: None, Count: 0; ","Offhand: None, Count: 0; ",[],20.0,20.0,"[-0.15900635289512327, -0.013089941960666268, -0.9871907785015305]",west,0,0 minecraft:air,False,Player is not currently riding anything,0.0784000015258789
119.0,14:43:11.033575,2025-07-30,literal{MF},"(-11.148303029743204, 68.0, 53.92218746818577)",20.0,"[{'name': ' None', 'count': 0, 'meta': ''}, {'name': ' None', 'count': 0, 'meta': ''}, {'name': ' None', 'count': 0, 'meta': ''}, {'name': ' None', 'count': 0, 'meta': ''}, {'name': ' None', 'count': 0, 'meta': ''}, {'name': ' None', 'count': 0, 'meta': ''}, {'name': ' None', 'count': 0, 'meta': ''}, {'name': ' None', 'count': 0, 'meta': ''}, {'name': ' None', 'count': 0, 'meta': ''}, {'name': ' None', 'count': 0, 'meta': ''}, {'name': ' None', 'count': 0, 'meta': ''}, {'name': ' None', 'count': 0, 'meta': ''}, {'name': ' None', 'count': 0, 'meta': ''}, {'name': ' None', 'count': 0, 'meta': ''}, {'name': ' None', 'count': 0, 'meta': ''}, {'name': ' None', 'count': 0, 'meta': ''}, {'name': ' None', 'count': 0, 'meta': ''}, {'name': ' None', 'count': 0, 'meta': ''}, {'name': ' None', 'count': 0, 'meta': ''}, {'name': ' None', 'count': 0, 'meta': ''}, {'name': ' None', 'count': 0, 'meta': ''}, {'name': ' None', 'count': 0, 'meta': ''}, {'name': ' None', 'count': 0, 'meta': ''}, {'name': ' None', 'count': 0, 'meta': ''}, {'name': ' None', 'count': 0, 'meta': ''}, {'name': ' None', 'count': 0, 'meta': ''}, {'name': ' None', 'count': 0, 'meta': ''}, {'name': ' None', 'count': 0, 'meta': ''}, {'name': ' None', 'count': 0, 'meta': ''}, {'name': ' None', 'count': 0, 'meta': ''}, {'name': ' None', 'count': 0, 'meta': ''}, {'name': ' None', 'count': 0, 'meta': ''}, {'name': ' None', 'count': 0, 'meta': ''}, {'name': ' None', 'count': 0, 'meta': ''}, {'name': ' None', 'count': 0, 'meta': ''}, {'name': ' None', 'count': 0, 'meta': ''}]","Armor Slot 0: None, Count: 0; Armor Slot 1: None, Count: 0; Armor Slot 2: None, Count: 0; Armor Slot 3: None, Count: 0; ","Offhand: None, Count: 0; ",[],20.0,20.0,"[-0.16159029073081815, -0.013089941960666268, -0.9867711139676698]",west,0,0 minecraft:air,False,Player is not currently riding anything,0.0784000015258789
119.0,14:43:11.084402,2025-07-30,literal{MF},"(-11.148303029743204, 68.0, 53.92218746818577)",20.0,"[{'name': ' None', 'count': 0, 'meta': ''}, {'name': ' None', 'count': 0, 'meta': ''}, {'name': ' None', 'count': 0, 'meta': ''}, {'name': ' None', 'count': 0, 'meta': ''}, {'name': ' None', 'count': 0, 'meta': ''}, {'name': ' None', 'count': 0, 'meta': ''}, {'name': ' None', 'count': 0, 'meta': ''}, {'name': ' None', 'count': 0, 'meta': ''}, {'name': ' None', 'count': 0, 'meta': ''}, {'name': ' None', 'count': 0, 'meta': ''}, {'name': ' None', 'count': 0, 'meta': ''}, {'name': ' None', 'count': 0, 'meta': ''}, {'name': ' None', 'count': 0, 'meta': ''}, {'name': ' None', 'count': 0, 'meta': ''}, {'name': ' None', 'count': 0, 'meta': ''}, {'name': ' None', 'count': 0, 'meta': ''}, {'name': ' None', 'count': 0, 'meta': ''}, {'name': ' None', 'count': 0, 'meta': ''}, {'name': ' None', 'count': 0, 'meta': ''}, {'name': ' None', 'count': 0, 'meta': ''}, {'name': ' None', 'count': 0, 'meta': ''}, {'name': ' None', 'count': 0, 'meta': ''}, {'name': ' None', 'count': 0, 'meta': ''}, {'name': ' None', 'count': 0, 'meta': ''}, {'name': ' None', 'count': 0, 'meta': ''}, {'name': ' None', 'count': 0, 'meta': ''}, {'name': ' None', 'count': 0, 'meta': ''}, {'name': ' None', 'count': 0, 'meta': ''}, {'name': ' None', 'count': 0, 'meta': ''}, {'name': ' None', 'count': 0, 'meta': ''}, {'name': ' None', 'count': 0, 'meta': ''}, {'name': ' None', 'count': 0, 'meta': ''}, {'name': ' None', 'count': 0, 'meta': ''}, {'name': ' None', 'count': 0, 'meta': ''}, {'name': ' None', 'count': 0, 'meta': ''}, {'name': ' None', 'count': 0, 'meta': ''}]","Armor Slot 0: None, Count: 0; Armor Slot 1: None, Count: 0; Armor Slot 2: None, Count: 0; Armor Slot 3: None, Count: 0; ","Offhand: None, Count: 0; ",[],20.0,20.0,"[-0.16158419889983824, -0.015707664312185426, -0.9867339134476697]",west,0,0 minecraft:air,False,Player is not currently riding anything,0.0784000015258789
