fps,time,date,plyrName,plyrLocation,plyrHealth,plyrInventory,plyrArmor,plyrOffhand,plyrStatus,plyrHunger,plyrSat,plyrView,plyrFacing,plyrSelectedSlot,plyrSelectedItem,plyrRideState,plyrRideVehicle,plyrMomentum
37.0,16:58:37.532602900,2025-11-10,literal{minecrafter256},"(104.20210670360522, 72.0, 136.96777125237057)",20.0,[],"Armor Slot 0: None, Count: 0; Armor Slot 1: None, Count: 0; Armor Slot 2: None, Count: 0; Armor Slot 3: None, Count: 0; ","Offhand: None, Count: 0; ",[],20.0,20.0,"[0.462412952831386, -0.46561472655075486, -0.7545708631220954]",west,0,8 minecraft:birch_log,False,Player is not currently riding anything,0.0784000015258789
37.0,16:58:37.545013300,2025-11-10,literal{minecrafter256},"(104.20210670360522, 72.0, 136.96777125237057)",20.0,[],"Armor Slot 0: None, Count: 0; Armor Slot 1: None, Count: 0; Armor Slot 2: None, Count: 0; Armor Slot 3: None, Count: 0; ","Offhand: None, Count: 0; ",[],20.0,20.0,"[0.462412952831386, -0.46561472655075486, -0.7545708631220954]",west,0,8 minecraft:birch_log,False,Player is not currently riding anything,0.0784000015258789
37.0,16:58:37.549105500,2025-11-10,literal{minecrafter256},"(104.20210670360522, 72.0, 136.96777125237057)",20.0,[],"Armor Slot 0: None, Count: 0; Armor Slot 1: None, Count: 0; Armor Slot 2: None, Count: 0; Armor Slot 3: None, Count: 0; ","Offhand: None, Count: 0; ",[],20.0,20.0,"[0.462412952831386, -0.46561472655075486, -0.7545708631220954]",west,0,8 minecraft:birch_log,False,Player is not currently riding anything,0.0784000015258789
37.0,16:58:37.553101200,2025-11-10,literal{minecrafter256},"(104.20210670360522, 72.0, 136.96777125237057)",20.0,[],"Armor Slot 0: None, Count: 0; Armor Slot 1: None, Count: 0; Armor Slot 2: None, Count: 0; Armor Slot 3: None, Count: 0; ","Offhand: None, Count: 0; ",[],20.0,20.0,"[0.462412952831386, -0.46561472655075486, -0.7545708631220954]",west,0,8 minecraft:birch_log,False,Player is not currently riding anything,0.0784000015258789
37.0,16:58:37.556616800,2025-11-10,literal{minecrafter256},"(104.20210670360522, 72.0, 136.96777125237057)",20.0,[],"Armor Slot 0: None, Count: 0; Armor Slot 1: None, Count: 0; Armor Slot 2: None, Count: 0; Armor Slot 3: None, Count: 0; ","Offhand: None, Count: 0; ",[],20.0,20.0,"[0.462412952831386, -0.46561472655075486, -0.7545708631220954]",west,0,8 minecraft:birch_log,False,Player is not currently riding anything,0.0784000015258789
37.0,16:58:37.584707900,2025-11-10,literal{minecrafter256},"(104.20210670360522, 72.0, 136.96777125237057)",20.0,[],"Armor Slot 0: None, Count: 0; Armor Slot 1: None, Count: 0; Armor Slot 2: None, Count: 0; Armor Slot 3: None, Count: 0; ","Offhand: None, Count: 0; ",[],20.0,20.0,"[0.462412952831386, -0.46561472655075486, -0.7545708631220954]",west,0,8 minecraft:birch_log,False,Player is not currently riding anything,0.0784000015258789
30.0,16:58:37.637910600,2025-11-10,literal{minecrafter256},"(104.20210670360522, 72.0, 136.96777125237057)",20.0,[],"Armor Slot 0: None, Count: 0; Armor Slot 1: None, Count: 0; Armor Slot 2: None, Count: 0; Armor Slot 3: None, Count: 0; ","Offhand: None, Count: 0; ",[],20.0,20.0,"[0.462412952831386, -0.46561472655075486, -0.7545708631220954]",west,0,8 minecraft:birch_log,False,Player is not currently riding anything,0.0784000015258789
30.0,16:58:37.708917400,2025-11-10,literal{minecrafter256},"(104.20210670360522, 72.0, 136.96777125237057)",20.0,[],"Armor Slot 0: None, Count: 0; Armor Slot 1: None, Count: 0; Armor Slot 2: None, Count: 0; Armor Slot 3: None, Count: 0; ","Offhand: None, Count: 0; ",[],20.0,20.0,"[0.462412952831386, -0.46561472655075486, -0.7545708631220954]",west,0,8 minecraft:birch_log,False,Player is not currently riding anything,0.0784000015258789
30.0,16:58:37.732464500,2025-11-10,literal{minecrafter256},"(104.20210670360522, 72.0, 136.96777125237057)",20.0,[],"Armor Slot 0: None, Count: 0; Armor Slot 1: None, Count: 0; Armor Slot 2: None, Count: 0; Armor Slot 3: None, Count: 0; ","Offhand: None, Count: 0; ",[],20.0,20.0,"[0.462412952831386, -0.46561472655075486, -0.7545708631220954]",west,0,8 minecraft:birch_log,False,Player is not currently riding anything,0.0784000015258789
30.0,16:58:37.782722100,2025-11-10,literal{minecrafter256},"(104.20210670360522, 72.0, 136.96777125237057)",20.0,[],"Armor Slot 0: None, Count: 0; Armor Slot 1: None, Count: 0; Armor Slot 2: None, Count: 0; Armor Slot 3: None, Count: 0; ","Offhand: None, Count: 0; ",[],20.0,20.0,"[0.462412952831386, -0.46561472655075486, -0.7545708631220954]",west,0,8 minecraft:birch_log,False,Player is not currently riding anything,0.0784000015258789
30.0,16:58:37.831344100,2025-11-10,literal{minecrafter256},"(104.20210670360522, 72.0, 136.96777125237057)",20.0,[],"Armor Slot 0: None, Count: 0; Armor Slot 1: None, Count: 0; Armor Slot 2: None, Count: 0; Armor Slot 3: None, Count: 0; ","Offhand: None, Count: 0; ",[],20.0,20.0,"[0.462412952831386, -0.46561472655075486, -0.7545708631220954]",west,0,8 minecraft:birch_log,False,Player is not currently riding anything,0.0784000015258789
30.0,16:58:37.926852,2025-11-10,literal{minecrafter256},"(104.20210670360522, 72.0, 136.96777125237057)",20.0,[],"Armor Slot 0: None, Count: 0; Armor Slot 1: None, Count: 0; Armor Slot 2: None, Count: 0; Armor Slot 3: None, Count: 0; ","Offhand: None, Count: 0; ",[],20.0,20.0,"[0.462412952831386, -0.46561472655075486, -0.7545708631220954]",west,0,8 minecraft:birch_log,False,Player is not currently riding anything,0.0784000015258789
30.0,16:58:37.942876400,2025-11-10,literal{minecrafter256},"(104.20210670360522, 72.0, 136.96777125237057)",20.0,[],"Armor Slot 0: None, Count: 0; Armor Slot 1: None, Count: 0; Armor Slot 2: None, Count: 0; Armor Slot 3: None, Count: 0; ","Offhand: None, Count: 0; ",[],20.0,20.0,"[0.4107187997469835, -0.5090416220568774, -0.7564302311172527]",west,0,8 minecraft:birch_log,False,Player is not currently riding anything,0.0784000015258789
30.0,16:58:37.989990400,2025-11-10,literal{minecrafter256},"(104.20210670360522, 72.0, 136.96777125237057)",20.0,[],"Armor Slot 0: None, Count: 0; Armor Slot 1: None, Count: 0; Armor Slot 2: None, Count: 0; Armor Slot 3: None, Count: 0; ","Offhand: None, Count: 0; ",[],20.0,20.0,"[0.4107187997469835, -0.5090416220568774, -0.7564302311172527]",west,0,8 minecraft:birch_log,False,Player is not currently riding anything,0.0784000015258789
30.0,16:58:38.037264400,2025-11-10,literal{minecrafter256},"(104.20210670360522, 72.0, 136.96777125237057)",20.0,[],"Armor Slot 0: None, Count: 0; Armor Slot 1: None, Count: 0; Armor Slot 2: None, Count: 0; Armor Slot 3: None, Count: 0; ","Offhand: None, Count: 0; ",[],20.0,20.0,"[0.33914785468861247, -0.5664064015333814, -0.7511075295602606]",west,0,8 minecraft:birch_log,False,Player is not currently riding anything,0.0784000015258789
30.0,16:58:38.100656700,2025-11-10,literal{minecrafter256},"(104.20210670360522, 72.0, 136.96777125237057)",20.0,[],"Armor Slot 0: None, Count: 0; Armor Slot 1: None, Count: 0; Armor Slot 2: None, Count: 0; Armor Slot 3: None, Count: 0; ","Offhand: None, Count: 0; ",[],20.0,20.0,"[0.30334511003422393, -0.5962250673885023, -0.7433016973180544]",west,0,8 minecraft:birch_log,False,Player is not currently riding anything,0.0784000015258789
30.0,16:58:38.137775800,2025-11-10,literal{minecrafter256},"(104.20210670360522, 72.0, 136.96777125237057)",20.0,[],"Armor Slot 0: None, Count: 0; Armor Slot 1: None, Count: 0; Armor Slot 2: None, Count: 0; Armor Slot 3: None, Count: 0; ","Offhand: None, Count: 0; ",[],20.0,20.0,"[0.30334511003422393, -0.5962250673885023, -0.7433016973180544]",west,0,8 minecraft:birch_log,False,Player is not currently riding anything,0.0784000015258789
30.0,16:58:38.205006500,2025-11-10,literal{minecrafter256},"(104.20210670360522, 72.0, 136.96777125237057)",20.0,[],"Armor Slot 0: None, Count: 0; Armor Slot 1: None, Count: 0; Armor Slot 2: None, Count: 0; Armor Slot 3: None, Count: 0; ","Offhand: None, Count: 0; ",[],20.0,20.0,"[0.30139809360093, -0.5962250673885023, -0.7440933128252806]",west,0,8 minecraft:birch_log,False,Player is not currently riding anything,0.0784000015258789
30.0,16:58:38.235107200,2025-11-10,literal{minecrafter256},"(104.20210670360522, 72.0, 136.96777125237057)",20.0,[],"Armor Slot 0: None, Count: 0; Armor Slot 1: None, Count: 0; Armor Slot 2: None, Count: 0; Armor Slot 3: None, Count: 0; ","Offhand: None, Count: 0; ",[],20.0,20.0,"[0.30139809360093, -0.5962250673885023, -0.7440933128252806]",west,0,8 minecraft:birch_log,False,Player is not currently riding anything,0.0784000015258789
30.0,16:58:38.286560300,2025-11-10,literal{minecrafter256},"(104.20210670360522, 72.0, 136.96777125237057)",20.0,[],"Armor Slot 0: None, Count: 0; Armor Slot 1: None, Count: 0; Armor Slot 2: None, Count: 0; Armor Slot 3: None, Count: 0; ","Offhand: None, Count: 0; ",[],20.0,20.0,"[0.28813530751596417, -0.5792813568620775, -0.7625032158323736]",west,0,8 minecraft:birch_log,False,Player is not currently riding anything,0.0784000015258789
30.0,16:58:38.331944400,2025-11-10,literal{minecrafter256},"(104.20210670360522, 72.0, 136.96777125237057)",20.0,[],"Armor Slot 0: None, Count: 0; Armor Slot 1: None, Count: 0; Armor Slot 2: None, Count: 0; Armor Slot 3: None, Count: 0; ","Offhand: None, Count: 0; ",[],20.0,20.0,"[0.2775586764438878, -0.555570399094905, -0.7837746568882188]",west,0,8 minecraft:birch_log,False,Player is not currently riding anything,0.0784000015258789
30.0,16:58:38.386375400,2025-11-10,literal{minecrafter256},"(104.20210670360522, 72.0, 136.96777125237057)",20.0,[],"Armor Slot 0: None, Count: 0; Armor Slot 1: None, Count: 0; Armor Slot 2: None, Count: 0; Armor Slot 3: None, Count: 0; ","Offhand: None, Count: 0; ",[],20.0,20.0,"[0.27120574945734377, -0.5468329342545578, -0.7920992257765633]",west,0,8 minecraft:birch_log,False,Player is not currently riding anything,0.0784000015258789
65.0,16:58:38.536164900,2025-11-10,literal{minecrafter256},"(104.20210670360522, 72.0, 136.96777125237057)",20.0,[],"Armor Slot 0: None, Count: 0; Armor Slot 1: None, Count: 0; Armor Slot 2: None, Count: 0; Armor Slot 3: None, Count: 0; ","Offhand: None, Count: 0; ",[],20.0,20.0,"[0.2694346031131822, -0.5135413891680677, -0.8146657205606317]",west,0,8 minecraft:birch_log,False,Player is not currently riding anything,0.0784000015258789
65.0,16:58:38.555974500,2025-11-10,literal{minecrafter256},"(104.20210670360522, 72.0, 136.96777125237057)",20.0,[],"Armor Slot 0: None, Count: 0; Armor Slot 1: None, Count: 0; Armor Slot 2: None, Count: 0; Armor Slot 3: None, Count: 0; ","Offhand: None, Count: 0; ",[],20.0,20.0,"[0.3572753957602866, -0.35836804278061346, -0.8625118187583999]",west,0,8 minecraft:birch_log,False,Player is not currently riding anything,0.0784000015258789
65.0,16:58:38.577014,2025-11-10,literal{minecrafter256},"(104.20210670360522, 72.0, 136.96777125237057)",20.0,[],"Armor Slot 0: None, Count: 0; Armor Slot 1: None, Count: 0; Armor Slot 2: None, Count: 0; Armor Slot 3: None, Count: 0; ","Offhand: None, Count: 0; ",[],20.0,20.0,"[0.3572753957602866, -0.35836804278061346, -0.8625118187583999]",west,0,8 minecraft:birch_log,False,Player is not currently riding anything,0.0784000015258789
65.0,16:58:38.622715500,2025-11-10,literal{minecrafter256},"(104.20210670360522, 72.0, 136.96777125237057)",20.0,[],"Armor Slot 0: None, Count: 0; Armor Slot 1: None, Count: 0; Armor Slot 2: None, Count: 0; Armor Slot 3: None, Count: 0; ","Offhand: None, Count: 0; ",[],20.0,20.0,"[0.3572753957602866, -0.35836804278061346, -0.8625118187583999]",west,0,8 minecraft:birch_log,False,Player is not currently riding anything,0.0784000015258789
65.0,16:58:38.649156700,2025-11-10,literal{minecrafter256},"(104.20210670360522, 72.0, 136.96777125237057)",20.0,[],"Armor Slot 0: None, Count: 0; Armor Slot 1: None, Count: 0; Armor Slot 2: None, Count: 0; Armor Slot 3: None, Count: 0; ","Offhand: None, Count: 0; ",[],20.0,20.0,"[0.4017789301831054, -0.2990408812014353, -0.8655335017381988]",west,0,8 minecraft:birch_log,False,Player is not currently riding anything,0.0784000015258789
65.0,16:58:38.698094700,2025-11-10,literal{minecrafter256},"(104.20210670360522, 72.0, 136.96777125237057)",20.0,[],"Armor Slot 0: None, Count: 0; Armor Slot 1: None, Count: 0; Armor Slot 2: None, Count: 0; Armor Slot 3: None, Count: 0; ","Offhand: None, Count: 0; ",[],20.0,20.0,"[0.5142501714282927, -0.17708481895172615, -0.8391589408942778]",west,0,8 minecraft:birch_log,False,Player is not currently riding anything,0.0784000015258789
65.0,16:58:38.755195300,2025-11-10,literal{minecrafter256},"(104.20210670360522, 72.0, 136.96777125237057)",20.0,[],"Armor Slot 0: None, Count: 0; Armor Slot 1: None, Count: 0; Armor Slot 2: None, Count: 0; Armor Slot 3: None, Count: 0; ","Offhand: None, Count: 0; ",[],20.0,20.0,"[0.5873539587471696, -0.12533330457238806, -0.799566688844022]",west,0,8 minecraft:birch_log,False,Player is not currently riding anything,0.0784000015258789
65.0,16:58:38.806305400,2025-11-10,literal{minecrafter256},"(104.20210670360522, 72.0, 136.96777125237057)",20.0,[],"Armor Slot 0: None, Count: 0; Armor Slot 1: None, Count: 0; Armor Slot 2: None, Count: 0; Armor Slot 3: None, Count: 0; ","Offhand: None, Count: 0; ",[],20.0,20.0,"[0.5873539587471696, -0.12533330457238806, -0.799566688844022]",west,0,8 minecraft:birch_log,False,Player is not currently riding anything,0.0784000015258789
65.0,16:58:38.855156,2025-11-10,literal{minecrafter256},"(104.20210670360522, 72.0, 136.96777125237057)",20.0,[],"Armor Slot 0: None, Count: 0; Armor Slot 1: None, Count: 0; Armor Slot 2: None, Count: 0; Armor Slot 3: None, Count: 0; ","Offhand: None, Count: 0; ",[],20.0,20.0,"[0.6913829088235085, -0.04710651388950296, -0.7209512117584116]",west,0,8 minecraft:birch_log,False,Player is not currently riding anything,0.0784000015258789
65.0,16:58:38.897399700,2025-11-10,literal{minecrafter256},"(104.20210670360522, 72.0, 136.96777125237057)",20.0,[],"Armor Slot 0: None, Count: 0; Armor Slot 1: None, Count: 0; Armor Slot 2: None, Count: 0; Armor Slot 3: None, Count: 0; ","Offhand: None, Count: 0; ",[],20.0,20.0,"[0.8506300707006951, 0.08889425376140203, -0.5181952281408367]",north,0,8 minecraft:birch_log,False,Player is not currently riding anything,0.0784000015258789
65.0,16:58:38.950496900,2025-11-10,literal{minecrafter256},"(104.20210670360522, 72.0, 136.96777125237057)",20.0,[],"Armor Slot 0: None, Count: 0; Armor Slot 1: None, Count: 0; Armor Slot 2: None, Count: 0; Armor Slot 3: None, Count: 0; ","Offhand: None, Count: 0; ",[],20.0,20.0,"[0.9653944204142645, 0.22325010952108615, -0.13480727588609387]",north,0,8 minecraft:birch_log,False,Player is not currently riding anything,0.0784000015258789
65.0,16:58:38.989317,2025-11-10,literal{minecrafter256},"(104.20210670360522, 72.0, 136.96777125237057)",20.0,[],"Armor Slot 0: None, Count: 0; Armor Slot 1: None, Count: 0; Armor Slot 2: None, Count: 0; Armor Slot 3: None, Count: 0; ","Offhand: None, Count: 0; ",[],20.0,20.0,"[0.9424401002169749, 0.30403307361094517, 0.13917811485179638]",north,0,8 minecraft:birch_log,False,Player is not currently riding anything,0.0784000015258789
65.0,16:58:39.045618600,2025-11-10,literal{minecrafter256},"(104.20210670360522, 72.0, 136.96777125237057)",20.0,[],"Armor Slot 0: None, Count: 0; Armor Slot 1: None, Count: 0; Armor Slot 2: None, Count: 0; Armor Slot 3: None, Count: 0; ","Offhand: None, Count: 0; ",[],20.0,20.0,"[0.8680448233305071, 0.36325124908230694, 0.33844750660811845]",north,0,8 minecraft:birch_log,False,Player is not currently riding anything,0.0784000015258789
65.0,16:58:39.117142500,2025-11-10,literal{minecrafter256},"(104.20210670360522, 72.0, 136.96777125237057)",20.0,[],"Armor Slot 0: None, Count: 0; Armor Slot 1: None, Count: 0; Armor Slot 2: None, Count: 0; Armor Slot 3: None, Count: 0; ","Offhand: None, Count: 0; ",[],20.0,20.0,"[0.8189665118360767, 0.38510082298316933, 0.4254306155282373]",north,0,8 minecraft:birch_log,False,Player is not currently riding anything,0.0784000015258789
65.0,16:58:39.153228700,2025-11-10,literal{minecrafter256},"(104.20210670360522, 72.0, 136.96777125237057)",20.0,[],"Armor Slot 0: None, Count: 0; Armor Slot 1: None, Count: 0; Armor Slot 2: None, Count: 0; Armor Slot 3: None, Count: 0; ","Offhand: None, Count: 0; ",[],20.0,20.0,"[0.7774446870010742, 0.3971478845244596, 0.4877020775755916]",north,0,8 minecraft:birch_log,False,Player is not currently riding anything,0.0784000015258789
65.0,16:58:39.182786300,2025-11-10,literal{minecrafter256},"(104.20210670360522, 72.0, 136.96777125237057)",20.0,[],"Armor Slot 0: None, Count: 0; Armor Slot 1: None, Count: 0; Armor Slot 2: None, Count: 0; Armor Slot 3: None, Count: 0; ","Offhand: None, Count: 0; ",[],20.0,20.0,"[0.7657418325150067, 0.40434360161811045, 0.5001456765453983]",north,0,8 minecraft:birch_log,False,Player is not currently riding anything,0.0784000015258789
65.0,16:58:39.267130400,2025-11-10,literal{minecrafter256},"(104.20210670360522, 72.0, 136.96777125237057)",20.0,[],"Armor Slot 0: None, Count: 0; Armor Slot 1: None, Count: 0; Armor Slot 2: None, Count: 0; Armor Slot 3: None, Count: 0; ","Offhand: None, Count: 0; ",[],20.0,20.0,"[0.7666254770070201, 0.40194778884874505, 0.500722830559346]",north,0,8 minecraft:birch_log,False,Player is not currently riding anything,0.0784000015258789
65.0,16:58:39.324853700,2025-11-10,literal{minecrafter256},"(104.20210670360522, 72.0, 136.96777125237057)",20.0,[],"Armor Slot 0: None, Count: 0; Armor Slot 1: None, Count: 0; Armor Slot 2: None, Count: 0; Armor Slot 3: None, Count: 0; ","Offhand: None, Count: 0; ",[],20.0,20.0,"[0.7757556221747431, 0.39474385638426723, 0.49232154382187476]",north,0,8 minecraft:birch_log,False,Player is not currently riding anything,0.0784000015258789
65.0,16:58:39.353261400,2025-11-10,literal{minecrafter256},"(104.20210670360522, 72.0, 136.96777125237057)",20.0,[],"Armor Slot 0: None, Count: 0; Armor Slot 1: None, Count: 0; Armor Slot 2: None, Count: 0; Armor Slot 3: None, Count: 0; ","Offhand: None, Count: 0; ",[],20.0,20.0,"[0.9400469385524514, 0.14608300550973521, 0.3081744778845361]",north,0,8 minecraft:birch_log,False,Player is not currently riding anything,0.0784000015258789
65.0,16:58:39.390902600,2025-11-10,literal{minecrafter256},"(104.20210670360522, 72.0, 136.96777125237057)",20.0,[],"Armor Slot 0: None, Count: 0; Armor Slot 1: None, Count: 0; Armor Slot 2: None, Count: 0; Armor Slot 3: None, Count: 0; ","Offhand: None, Count: 0; ",[],20.0,20.0,"[0.9772626085623866, 0.02617691294988536, 0.21041046346190512]",north,0,8 minecraft:birch_log,False,Player is not currently riding anything,0.0784000015258789
65.0,16:58:39.435116200,2025-11-10,literal{minecrafter256},"(104.20210670360522, 72.0, 136.96777125237057)",20.0,[],"Armor Slot 0: None, Count: 0; Armor Slot 1: None, Count: 0; Armor Slot 2: None, Count: 0; Armor Slot 3: None, Count: 0; ","Offhand: None, Count: 0; ",[],20.0,20.0,"[0.9772626085623866, 0.02617691294988536, 0.21041046346190512]",north,0,8 minecraft:birch_log,False,Player is not currently riding anything,0.0784000015258789
65.0,16:58:39.494866,2025-11-10,literal{minecrafter256},"(104.20210670360522, 72.0, 136.96777125237057)",20.0,[],"Armor Slot 0: None, Count: 0; Armor Slot 1: None, Count: 0; Armor Slot 2: None, Count: 0; Armor Slot 3: None, Count: 0; ","Offhand: None, Count: 0; ",[],20.0,20.0,"[0.9772626085623866, 0.02617691294988536, 0.21041046346190512]",north,0,8 minecraft:birch_log,False,Player is not currently riding anything,0.0784000015258789
61.0,16:58:39.558841700,2025-11-10,literal{minecrafter256},"(104.20210670360522, 72.0, 136.96777125237057)",20.0,[],"Armor Slot 0: None, Count: 0; Armor Slot 1: None, Count: 0; Armor Slot 2: None, Count: 0; Armor Slot 3: None, Count: 0; ","Offhand: None, Count: 0; ",[],20.0,20.0,"[0.9786326338323029, 0.010471747083692506, 0.2053497273225969]",north,0,8 minecraft:birch_log,False,Player is not currently riding anything,0.0784000015258789
61.0,16:58:39.594966900,2025-11-10,literal{minecrafter256},"(104.20210670360522, 72.0, 136.96777125237057)",20.0,[],"Armor Slot 0: None, Count: 0; Armor Slot 1: None, Count: 0; Armor Slot 2: None, Count: 0; Armor Slot 3: None, Count: 0; ","Offhand: None, Count: 0; ",[],20.0,20.0,"[0.9786024484943308, -0.013089636139463295, 0.2053433934331399]",north,0,8 minecraft:birch_log,False,Player is not currently riding anything,0.0784000015258789
61.0,16:58:39.650437300,2025-11-10,literal{minecrafter256},"(104.20210670360522, 72.0, 136.96777125237057)",20.0,[],"Armor Slot 0: None, Count: 0; Armor Slot 1: None, Count: 0; Armor Slot 2: None, Count: 0; Armor Slot 3: None, Count: 0; ","Offhand: None, Count: 0; ",[],20.0,20.0,"[0.9780615298930657, -0.013089636139463295, 0.20790455783597475]",north,0,8 minecraft:birch_log,False,Player is not currently riding anything,0.0784000015258789
61.0,16:58:39.706932400,2025-11-10,literal{minecrafter256},"(104.20210670360522, 72.0, 136.96777125237057)",20.0,[],"Armor Slot 0: None, Count: 0; Armor Slot 1: None, Count: 0; Armor Slot 2: None, Count: 0; Armor Slot 3: None, Count: 0; ","Offhand: None, Count: 0; ",[],20.0,20.0,"[0.9768792321026777, -0.01832497216890943, 0.21300507337031058]",north,0,8 minecraft:birch_log,False,Player is not currently riding anything,0.0784000015258789
61.0,16:58:39.741992200,2025-11-10,literal{minecrafter256},"(104.20210670360522, 72.0, 136.96777125237057)",20.0,[],"Armor Slot 0: None, Count: 0; Armor Slot 1: None, Count: 0; Armor Slot 2: None, Count: 0; Armor Slot 3: None, Count: 0; ","Offhand: None, Count: 0; ",[],20.0,20.0,"[0.9762680698804199, -0.020942460238039824, 0.2155506183965563]",north,0,8 minecraft:birch_log,False,Player is not currently riding anything,0.0784000015258789
61.0,16:58:39.789256900,2025-11-10,literal{minecrafter256},"(104.20210670360522, 72.0, 136.96777125237057)",20.0,[],"Armor Slot 0: None, Count: 0; Armor Slot 1: None, Count: 0; Armor Slot 2: None, Count: 0; Armor Slot 3: None, Count: 0; ","Offhand: None, Count: 0; ",[],20.0,20.0,"[0.9762680698804199, -0.020942460238039824, 0.2155506183965563]",north,0,8 minecraft:birch_log,False,Player is not currently riding anything,0.0784000015258789
61.0,16:58:39.855929300,2025-11-10,literal{minecrafter256},"(104.20210670360522, 72.0, 136.96777125237057)",20.0,[],"Armor Slot 0: None, Count: 0; Armor Slot 1: None, Count: 0; Armor Slot 2: None, Count: 0; Armor Slot 3: None, Count: 0; ","Offhand: None, Count: 0; ",[],20.0,20.0,"[0.9762680698804199, -0.020942460238039824, 0.2155506183965563]",north,0,8 minecraft:birch_log,False,Player is not currently riding anything,0.0784000015258789
61.0,16:58:39.910931900,2025-11-10,literal{minecrafter256},"(104.20210670360522, 72.0, 136.96777125237057)",20.0,[],"Armor Slot 0: None, Count: 0; Armor Slot 1: None, Count: 0; Armor Slot 2: None, Count: 0; Armor Slot 3: None, Count: 0; ","Offhand: None, Count: 0; ",[],20.0,20.0,"[0.9762680698804199, -0.020942460238039824, 0.2155506183965563]",north,0,8 minecraft:birch_log,False,Player is not currently riding anything,0.0784000015258789
61.0,16:58:39.956567700,2025-11-10,literal{minecrafter256},"(104.20210670360522, 72.0, 136.96777125237057)",20.0,[],"Armor Slot 0: None, Count: 0; Armor Slot 1: None, Count: 0; Armor Slot 2: None, Count: 0; Armor Slot 3: None, Count: 0; ","Offhand: None, Count: 0; ",[],20.0,20.0,"[0.9762680698804199, -0.020942460238039824, 0.2155506183965563]",north,0,8 minecraft:birch_log,False,Player is not currently riding anything,0.0784000015258789
61.0,16:58:39.985931300,2025-11-10,literal{minecrafter256},"(104.20210670360522, 72.0, 136.96777125237057)",20.0,[],"Armor Slot 0: None, Count: 0; Armor Slot 1: None, Count: 0; Armor Slot 2: None, Count: 0; Armor Slot 3: None, Count: 0; ","Offhand: None, Count: 0; ",[],20.0,20.0,"[0.9762680698804199, -0.020942460238039824, 0.2155506183965563]",north,0,8 minecraft:birch_log,False,Player is not currently riding anything,0.0784000015258789
61.0,16:58:40.044987700,2025-11-10,literal{minecrafter256},"(104.20210670360522, 72.0, 136.96777125237057)",20.0,[],"Armor Slot 0: None, Count: 0; Armor Slot 1: None, Count: 0; Armor Slot 2: None, Count: 0; Armor Slot 3: None, Count: 0; ","Offhand: None, Count: 0; ",[],20.0,20.0,"[0.9762680698804199, -0.020942460238039824, 0.2155506183965563]",north,0,8 minecraft:birch_log,False,Player is not currently riding anything,0.0784000015258789
61.0,16:58:40.102795700,2025-11-10,literal{minecrafter256},"(104.20210670360522, 72.0, 136.96777125237057)",20.0,[],"Armor Slot 0: None, Count: 0; Armor Slot 1: None, Count: 0; Armor Slot 2: None, Count: 0; Armor Slot 3: None, Count: 0; ","Offhand: None, Count: 0; ",[],20.0,20.0,"[0.9762680698804199, -0.020942460238039824, 0.2155506183965563]",north,0,8 minecraft:birch_log,False,Player is not currently riding anything,0.0784000015258789
61.0,16:58:40.148393200,2025-11-10,literal{minecrafter256},"(104.20210670360522, 72.0, 136.96777125237057)",20.0,[],"Armor Slot 0: None, Count: 0; Armor Slot 1: None, Count: 0; Armor Slot 2: None, Count: 0; Armor Slot 3: None, Count: 0; ","Offhand: None, Count: 0; ",[],20.0,20.0,"[0.9762680698804199, -0.020942460238039824, 0.2155506183965563]",north,0,8 minecraft:birch_log,False,Player is not currently riding anything,0.0784000015258789
61.0,16:58:40.219508300,2025-11-10,literal{minecrafter256},"(104.20210670360522, 72.0, 136.96777125237057)",20.0,[],"Armor Slot 0: None, Count: 0; Armor Slot 1: None, Count: 0; Armor Slot 2: None, Count: 0; Armor Slot 3: None, Count: 0; ","Offhand: None, Count: 0; ",[],20.0,20.0,"[0.9762680698804199, -0.020942460238039824, 0.2155506183965563]",north,0,8 minecraft:birch_log,False,Player is not currently riding anything,0.0784000015258789
61.0,16:58:40.252498600,2025-11-10,literal{minecrafter256},"(104.20210670360522, 72.0, 136.96777125237057)",20.0,[],"Armor Slot 0: None, Count: 0; Armor Slot 1: None, Count: 0; Armor Slot 2: None, Count: 0; Armor Slot 3: None, Count: 0; ","Offhand: None, Count: 0; ",[],20.0,20.0,"[0.9762680698804199, -0.020942460238039824, 0.2155506183965563]",north,0,8 minecraft:birch_log,False,Player is not currently riding anything,0.0784000015258789
61.0,16:58:40.292736900,2025-11-10,literal{minecrafter256},"(104.20210670360522, 72.0, 136.96777125237057)",20.0,[],"Armor Slot 0: None, Count: 0; Armor Slot 1: None, Count: 0; Armor Slot 2: None, Count: 0; Armor Slot 3: None, Count: 0; ","Offhand: None, Count: 0; ",[],20.0,20.0,"[0.9762680698804199, -0.020942460238039824, 0.2155506183965563]",north,0,8 minecraft:birch_log,False,Player is not currently riding anything,0.0784000015258789
61.0,16:58:40.356217400,2025-11-10,literal{minecrafter256},"(104.20210670360522, 72.0, 136.96777125237057)",20.0,[],"Armor Slot 0: None, Count: 0; Armor Slot 1: None, Count: 0; Armor Slot 2: None, Count: 0; Armor Slot 3: None, Count: 0; ","Offhand: None, Count: 0; ",[],20.0,20.0,"[0.9762680698804199, -0.020942460238039824, 0.2155506183965563]",north,0,8 minecraft:birch_log,False,Player is not currently riding anything,0.0784000015258789
61.0,16:58:40.446927,2025-11-10,literal{minecrafter256},"(104.20210670360522, 72.0, 136.96777125237057)",20.0,[],"Armor Slot 0: None, Count: 0; Armor Slot 1: None, Count: 0; Armor Slot 2: None, Count: 0; Armor Slot 3: None, Count: 0; ","Offhand: None, Count: 0; ",[],20.0,20.0,"[0.9762680698804199, -0.020942460238039824, 0.2155506183965563]",north,0,8 minecraft:birch_log,False,Player is not currently riding anything,0.0784000015258789
61.0,16:58:40.475485300,2025-11-10,literal{minecrafter256},"(104.20210670360522, 72.0, 136.96777125237057)",20.0,[],"Armor Slot 0: None, Count: 0; Armor Slot 1: None, Count: 0; Armor Slot 2: None, Count: 0; Armor Slot 3: None, Count: 0; ","Offhand: None, Count: 0; ",[],20.0,20.0,"[0.9762680698804199, -0.020942460238039824, 0.2155506183965563]",north,0,8 minecraft:birch_log,False,Player is not currently riding anything,0.0784000015258789
61.0,16:58:40.492511500,2025-11-10,literal{minecrafter256},"(104.20210670360522, 72.0, 136.96777125237057)",20.0,[],"Armor Slot 0: None, Count: 0; Armor Slot 1: None, Count: 0; Armor Slot 2: None, Count: 0; Armor Slot 3: None, Count: 0; ","Offhand: None, Count: 0; ",[],20.0,20.0,"[0.9762680698804199, -0.020942460238039824, 0.2155506183965563]",north,0,8 minecraft:birch_log,False,Player is not currently riding anything,0.0784000015258789
80.0,16:58:40.546642700,2025-11-10,literal{minecrafter256},"(104.20210670360522, 72.0, 136.96777125237057)",20.0,[],"Armor Slot 0: None, Count: 0; Armor Slot 1: None, Count: 0; Armor Slot 2: None, Count: 0; Armor Slot 3: None, Count: 0; ","Offhand: None, Count: 0; ",[],20.0,20.0,"[0.9762680698804199, -0.020942460238039824, 0.2155506183965563]",north,0,8 minecraft:birch_log,False,Player is not currently riding anything,0.0784000015258789
80.0,16:58:40.593336,2025-11-10,literal{minecrafter256},"(104.20210670360522, 72.0, 136.96777125237057)",20.0,[],"Armor Slot 0: None, Count: 0; Armor Slot 1: None, Count: 0; Armor Slot 2: None, Count: 0; Armor Slot 3: None, Count: 0; ","Offhand: None, Count: 0; ",[],20.0,20.0,"[0.9762680698804199, -0.020942460238039824, 0.2155506183965563]",north,0,8 minecraft:birch_log,False,Player is not currently riding anything,0.0784000015258789
80.0,16:58:40.640839,2025-11-10,literal{minecrafter256},"(104.20210670360522, 72.0, 136.96777125237057)",20.0,[],"Armor Slot 0: None, Count: 0; Armor Slot 1: None, Count: 0; Armor Slot 2: None, Count: 0; Armor Slot 3: None, Count: 0; ","Offhand: None, Count: 0; ",[],20.0,20.0,"[0.9762680698804199, -0.020942460238039824, 0.2155506183965563]",north,0,8 minecraft:birch_log,False,Player is not currently riding anything,0.0784000015258789
80.0,16:58:40.698940100,2025-11-10,literal{minecrafter256},"(104.20210670360522, 72.0, 136.96777125237057)",20.0,[],"Armor Slot 0: None, Count: 0; Armor Slot 1: None, Count: 0; Armor Slot 2: None, Count: 0; Armor Slot 3: None, Count: 0; ","Offhand: None, Count: 0; ",[],20.0,20.0,"[0.9762680698804199, -0.020942460238039824, 0.2155506183965563]",north,0,8 minecraft:birch_log,False,Player is not currently riding anything,0.0784000015258789
80.0,16:58:40.741573200,2025-11-10,literal{minecrafter256},"(104.20210670360522, 72.0, 136.96777125237057)",20.0,[],"Armor Slot 0: None, Count: 0; Armor Slot 1: None, Count: 0; Armor Slot 2: None, Count: 0; Armor Slot 3: None, Count: 0; ","Offhand: None, Count: 0; ",[],20.0,20.0,"[0.9762680698804199, -0.020942460238039824, 0.2155506183965563]",north,0,8 minecraft:birch_log,False,Player is not currently riding anything,0.0784000015258789
80.0,16:58:40.789277400,2025-11-10,literal{minecrafter256},"(104.20210670360522, 72.0, 136.96777125237057)",20.0,[],"Armor Slot 0: None, Count: 0; Armor Slot 1: None, Count: 0; Armor Slot 2: None, Count: 0; Armor Slot 3: None, Count: 0; ","Offhand: None, Count: 0; ",[],20.0,20.0,"[0.9762680698804199, -0.020942460238039824, 0.2155506183965563]",north,0,8 minecraft:birch_log,False,Player is not currently riding anything,0.0784000015258789
80.0,16:58:40.849618800,2025-11-10,literal{minecrafter256},"(104.20210670360522, 72.0, 136.96777125237057)",20.0,[],"Armor Slot 0: None, Count: 0; Armor Slot 1: None, Count: 0; Armor Slot 2: None, Count: 0; Armor Slot 3: None, Count: 0; ","Offhand: None, Count: 0; ",[],20.0,20.0,"[0.9762680698804199, -0.020942460238039824, 0.2155506183965563]",north,0,8 minecraft:birch_log,False,Player is not currently riding anything,0.0784000015258789
117.0,16:58:48.793479300,2025-11-10,literal{minecrafter256},"(104.20210670360522, 72.0, 136.96777125237057)",20.0,[],"Armor Slot 0: None, Count: 0; Armor Slot 1: None, Count: 0; Armor Slot 2: None, Count: 0; Armor Slot 3: None, Count: 0; ","Offhand: None, Count: 0; ",[],20.0,20.0,"[0.9762680698804199, -0.020942460238039824, 0.2155506183965563]",north,0,8 minecraft:birch_log,False,Player is not currently riding anything,0.0784000015258789
117.0,16:58:48.834049700,2025-11-10,literal{minecrafter256},"(104.20210670360522, 72.0, 136.96777125237057)",20.0,[],"Armor Slot 0: None, Count: 0; Armor Slot 1: None, Count: 0; Armor Slot 2: None, Count: 0; Armor Slot 3: None, Count: 0; ","Offhand: None, Count: 0; ",[],20.0,20.0,"[0.9717229700288159, -0.007853939170471263, 0.23599318879553138]",north,0,8 minecraft:birch_log,False,Player is not currently riding anything,0.0784000015258789
117.0,16:58:48.883188400,2025-11-10,literal{minecrafter256},"(104.20210670360522, 72.0, 136.96777125237057)",20.0,[],"Armor Slot 0: None, Count: 0; Armor Slot 1: None, Count: 0; Armor Slot 2: None, Count: 0; Armor Slot 3: None, Count: 0; ","Offhand: None, Count: 0; ",[],20.0,20.0,"[0.9616560262711326, 0.013089560204266448, 0.27394588982146406]",north,0,8 minecraft:birch_log,False,Player is not currently riding anything,0.0784000015258789
117.0,16:58:48.931888600,2025-11-10,literal{minecrafter256},"(104.20210670360522, 72.0, 136.96777125237057)",20.0,[],"Armor Slot 0: None, Count: 0; Armor Slot 1: None, Count: 0; Armor Slot 2: None, Count: 0; Armor Slot 3: None, Count: 0; ","Offhand: None, Count: 0; ",[],20.0,20.0,"[0.9484818932491413, 0.04449117475739417, 0.31369194052004473]",north,0,8 minecraft:birch_log,False,Player is not currently riding anything,0.0784000015258789
117.0,16:58:48.979049500,2025-11-10,literal{minecrafter256},"(104.20210670360522, 72.0, 136.96777125237057)",20.0,[],"Armor Slot 0: None, Count: 0; Armor Slot 1: None, Count: 0; Armor Slot 2: None, Count: 0; Armor Slot 3: None, Count: 0; ","Offhand: None, Count: 0; ",[],20.0,20.0,"[0.9417986734244693, 0.06017745537813589, 0.33074753604542906]",north,0,8 minecraft:birch_log,False,Player is not currently riding anything,0.0784000015258789
117.0,16:58:49.029419100,2025-11-10,literal{minecrafter256},"(104.20210670360522, 72.0, 136.96777125237057)",20.0,[],"Armor Slot 0: None, Count: 0; Armor Slot 1: None, Count: 0; Armor Slot 2: None, Count: 0; Armor Slot 3: None, Count: 0; ","Offhand: None, Count: 0; ",[],20.0,20.0,"[0.9409295873936254, 0.06017745537813589, 0.33321192270306654]",north,0,8 minecraft:birch_log,False,Player is not currently riding anything,0.0784000015258789
117.0,16:58:49.081089900,2025-11-10,literal{minecrafter256},"(104.20210670360522, 72.0, 136.96777125237057)",20.0,[],"Armor Slot 0: None, Count: 0; Armor Slot 1: None, Count: 0; Armor Slot 2: None, Count: 0; Armor Slot 3: None, Count: 0; ","Offhand: None, Count: 0; ",[],20.0,20.0,"[0.9409295873936254, 0.06017745537813589, 0.33321192270306654]",north,0,8 minecraft:birch_log,False,Player is not currently riding anything,0.0784000015258789
117.0,16:58:49.130080200,2025-11-10,literal{minecrafter256},"(104.20210670360522, 72.0, 136.96777125237057)",20.0,[],"Armor Slot 0: None, Count: 0; Armor Slot 1: None, Count: 0; Armor Slot 2: None, Count: 0; Armor Slot 3: None, Count: 0; ","Offhand: None, Count: 0; ",[],20.0,20.0,"[0.9409295873936254, 0.06017745537813589, 0.33321192270306654]",north,0,8 minecraft:birch_log,False,Player is not currently riding anything,0.0784000015258789
117.0,16:58:49.182139,2025-11-10,literal{minecrafter256},"(104.20210670360522, 72.0, 136.96777125237057)",20.0,[],"Armor Slot 0: None, Count: 0; Armor Slot 1: None, Count: 0; Armor Slot 2: None, Count: 0; Armor Slot 3: None, Count: 0; ","Offhand: None, Count: 0; ",[],20.0,20.0,"[0.9415914903958397, 0.04710642244496825, 0.33344632278460895]",north,0,8 minecraft:birch_log,False,Player is not currently riding anything,0.0784000015258789
117.0,16:58:49.233784600,2025-11-10,literal{minecrafter256},"(104.20210670360522, 72.0, 136.96777125237057)",20.0,[],"Armor Slot 0: None, Count: 0; Armor Slot 1: None, Count: 0; Armor Slot 2: None, Count: 0; Armor Slot 3: None, Count: 0; ","Offhand: None, Count: 0; ",[],20.0,20.0,"[0.9451786952277067, 0.01047175020441329, 0.3263856255034928]",north,0,8 minecraft:birch_log,False,Player is not currently riding anything,0.0784000015258789
117.0,16:58:49.287088900,2025-11-10,literal{minecrafter256},"(104.20210670360522, 72.0, 136.96777125237057)",20.0,[],"Armor Slot 0: None, Count: 0; Armor Slot 1: None, Count: 0; Armor Slot 2: None, Count: 0; Armor Slot 3: None, Count: 0; ","Offhand: None, Count: 0; ",[],20.0,20.0,"[0.9457355682797728, -0.06540317490522055, 0.3182870710582702]",north,0,8 minecraft:birch_log,False,Player is not currently riding anything,0.0784000015258789
117.0,16:58:49.328950400,2025-11-10,literal{minecrafter256},"(104.20210670360522, 72.0, 136.96777125237057)",20.0,[],"Armor Slot 0: None, Count: 0; Armor Slot 1: None, Count: 0; Armor Slot 2: None, Count: 0; Armor Slot 3: None, Count: 0; ","Offhand: None, Count: 0; ",[],20.0,20.0,"[0.9449647454805581, -0.13312138141774932, 0.298865065888093]",north,0,8 minecraft:birch_log,False,Player is not currently riding anything,0.0784000015258789
117.0,16:58:49.382987900,2025-11-10,literal{minecrafter256},"(104.20210670360522, 72.0, 136.96777125237057)",20.0,[],"Armor Slot 0: None, Count: 0; Armor Slot 1: None, Count: 0; Armor Slot 2: None, Count: 0; Armor Slot 3: None, Count: 0; ","Offhand: None, Count: 0; ",[],20.0,20.0,"[0.9470240063441286, -0.2002230725132107, 0.25111004090096734]",north,0,8 minecraft:birch_log,False,Player is not currently riding anything,0.0784000015258789
117.0,16:58:49.430164800,2025-11-10,literal{minecrafter256},"(104.20210670360522, 72.0, 136.96777125237057)",20.0,[],"Armor Slot 0: None, Count: 0; Armor Slot 1: None, Count: 0; Armor Slot 2: None, Count: 0; Armor Slot 3: None, Count: 0; ","Offhand: None, Count: 0; ",[],20.0,20.0,"[0.9462448309166981, -0.25122486058495774, 0.20373215108936027]",north,0,8 minecraft:birch_log,False,Player is not currently riding anything,0.0784000015258789
117.0,16:58:49.477846300,2025-11-10,literal{minecrafter256},"(104.20210670360522, 72.0, 136.96777125237057)",20.0,[],"Armor Slot 0: None, Count: 0; Armor Slot 1: None, Count: 0; Armor Slot 2: None, Count: 0; Armor Slot 3: None, Count: 0; ","Offhand: None, Count: 0; ",[],20.0,20.0,"[0.9416440528806508, -0.29654167035201784, 0.15927810715643625]",north,0,8 minecraft:birch_log,False,Player is not currently riding anything,0.0784000015258789
119.0,16:58:49.532812,2025-11-10,literal{minecrafter256},"(104.20210670360522, 72.0, 136.96777125237057)",20.0,[],"Armor Slot 0: None, Count: 0; Armor Slot 1: None, Count: 0; Armor Slot 2: None, Count: 0; Armor Slot 3: None, Count: 0; ","Offhand: None, Count: 0; ",[],20.0,20.0,"[0.9333809632502165, -0.33627362991258913, 0.1253795169376131]",north,0,8 minecraft:birch_log,False,Player is not currently riding anything,0.0784000015258789
119.0,16:58:49.580770600,2025-11-10,literal{minecrafter256},"(104.20210670360522, 72.0, 136.96777125237057)",20.0,[],"Armor Slot 0: None, Count: 0; Armor Slot 1: None, Count: 0; Armor Slot 2: None, Count: 0; Armor Slot 3: None, Count: 0; ","Offhand: None, Count: 0; ",[],20.0,20.0,"[0.9195475313734832, -0.3826835246315887, 0.08936250623430993]",north,0,8 minecraft:birch_log,False,Player is not currently riding anything,0.0784000015258789
119.0,16:58:49.629860200,2025-11-10,literal{minecrafter256},"(104.20210670360522, 72.0, 136.96777125237057)",20.0,[],"Armor Slot 0: None, Count: 0; Armor Slot 1: None, Count: 0; Armor Slot 2: None, Count: 0; Armor Slot 3: None, Count: 0; ","Offhand: None, Count: 0; ",[],20.0,20.0,"[0.9047781846456229, -0.4210359281086931, 0.06407170850713054]",north,0,8 minecraft:birch_log,False,Player is not currently riding anything,0.0784000015258789
119.0,16:58:49.680322,2025-11-10,literal{minecrafter256},"(104.20210670360522, 72.0, 136.96777125237057)",20.0,[],"Armor Slot 0: None, Count: 0; Armor Slot 1: None, Count: 0; Armor Slot 2: None, Count: 0; Armor Slot 3: None, Count: 0; ","Offhand: None, Count: 0; ",[],20.0,20.0,"[0.8746792864782765, -0.4840463142326234, 0.025205386005085175]",north,0,8 minecraft:birch_log,False,Player is not currently riding anything,0.0784000015258789
119.0,16:58:49.730169800,2025-11-10,literal{minecrafter256},"(104.20210670360522, 72.0, 136.96777125237057)",20.0,[],"Armor Slot 0: None, Count: 0; Armor Slot 1: None, Count: 0; Armor Slot 2: None, Count: 0; Armor Slot 3: None, Count: 0; ","Offhand: None, Count: 0; ",[],20.0,20.0,"[0.8414070334095233, -0.5402404437369817, -0.013208598708963917]",north,0,8 minecraft:birch_log,False,Player is not currently riding anything,0.0784000015258789
119.0,16:58:49.778995400,2025-11-10,literal{minecrafter256},"(104.20210670360522, 72.0, 136.96777125237057)",20.0,[],"Armor Slot 0: None, Count: 0; Armor Slot 1: None, Count: 0; Armor Slot 2: None, Count: 0; Armor Slot 3: None, Count: 0; ","Offhand: None, Count: 0; ",[],20.0,20.0,"[0.8341842487772673, -0.5512092503476903, -0.01746428993814018]",north,0,8 minecraft:birch_log,False,Player is not currently riding anything,0.0784000015258789
119.0,16:58:49.830046500,2025-11-10,literal{minecrafter256},"(104.20210670360522, 72.0, 136.96777125237057)",20.0,[],"Armor Slot 0: None, Count: 0; Armor Slot 1: None, Count: 0; Armor Slot 2: None, Count: 0; Armor Slot 3: None, Count: 0; ","Offhand: None, Count: 0; ",[],20.0,20.0,"[0.8189335436277863, -0.5728616022286206, -0.034313784595907934]",north,0,8 minecraft:birch_log,False,Player is not currently riding anything,0.0784000015258789
119.0,16:58:49.879861,2025-11-10,literal{minecrafter256},"(104.20210670360522, 72.0, 136.96777125237057)",20.0,[],"Armor Slot 0: None, Count: 0; Armor Slot 1: None, Count: 0; Armor Slot 2: None, Count: 0; Armor Slot 3: None, Count: 0; ","Offhand: None, Count: 0; ",[],20.0,20.0,"[0.7399939046924717, -0.6652305634381991, -0.09938469945462025]",north,0,8 minecraft:birch_log,False,Player is not currently riding anything,0.0784000015258789
119.0,16:58:49.927814,2025-11-10,literal{minecrafter256},"(104.20210670360522, 72.0, 136.96777125237057)",20.0,[],"Armor Slot 0: None, Count: 0; Armor Slot 1: None, Count: 0; Armor Slot 2: None, Count: 0; Armor Slot 3: None, Count: 0; ","Offhand: None, Count: 0; ",[],20.0,20.0,"[0.6541383468647319, -0.7413907064571533, -0.14980935731802217]",north,0,8 minecraft:birch_log,False,Player is not currently riding anything,0.0784000015258789
119.0,16:58:49.980115100,2025-11-10,literal{minecrafter256},"(104.20210670360522, 72.0, 136.96777125237057)",20.0,[],"Armor Slot 0: None, Count: 0; Armor Slot 1: None, Count: 0; Armor Slot 2: None, Count: 0; Armor Slot 3: None, Count: 0; ","Offhand: None, Count: 0; ",[],20.0,20.0,"[0.6008730647900755, -0.7804305655248865, -0.17285743375477794]",north,0,8 minecraft:birch_log,False,Player is not currently riding anything,0.0784000015258789
119.0,16:58:50.029571700,2025-11-10,literal{minecrafter256},"(104.20210670360522, 72.0, 136.96777125237057)",20.0,[],"Armor Slot 0: None, Count: 0; Armor Slot 1: None, Count: 0; Armor Slot 2: None, Count: 0; Armor Slot 3: None, Count: 0; ","Offhand: None, Count: 0; ",[],20.0,20.0,"[0.5515306588904417, -0.8136086120824371, -0.18399717022053808]",north,0,8 minecraft:birch_log,False,Player is not currently riding anything,0.0784000015258789
119.0,16:58:50.074928100,2025-11-10,literal{minecrafter256},"(104.20210670360522, 72.0, 136.96777125237057)",20.0,[],"Armor Slot 0: None, Count: 0; Armor Slot 1: None, Count: 0; Armor Slot 2: None, Count: 0; Armor Slot 3: None, Count: 0; ","Offhand: None, Count: 0; ",[],20.0,20.0,"[0.5440060753666875, -0.8181498858714659, -0.18624756162871325]",north,0,8 minecraft:birch_log,False,Player is not currently riding anything,0.0784000015258789
119.0,16:58:50.126789900,2025-11-10,literal{minecrafter256},"(104.20210670360522, 72.0, 136.96777125237057)",20.0,[],"Armor Slot 0: None, Count: 0; Armor Slot 1: None, Count: 0; Armor Slot 2: None, Count: 0; Armor Slot 3: None, Count: 0; ","Offhand: None, Count: 0; ",[],20.0,20.0,"[0.5440060753666875, -0.8181498858714659, -0.18624756162871325]",north,0,8 minecraft:birch_log,False,Player is not currently riding anything,0.0784000015258789
119.0,16:58:50.179760700,2025-11-10,literal{minecrafter256},"(104.20210670360522, 72.0, 136.96777125237057)",20.0,[],"Armor Slot 0: None, Count: 0; Armor Slot 1: None, Count: 0; Armor Slot 2: None, Count: 0; Armor Slot 3: None, Count: 0; ","Offhand: None, Count: 0; ",[],20.0,20.0,"[0.5459266106583117, -0.8181498858714659, -0.18054057722195205]",north,0,8 minecraft:birch_log,False,Player is not currently riding anything,0.0784000015258789
119.0,16:58:50.228740200,2025-11-10,literal{minecrafter256},"(104.20210670360522, 72.0, 136.96777125237057)",20.0,[],"Armor Slot 0: None, Count: 0; Armor Slot 1: None, Count: 0; Armor Slot 2: None, Count: 0; Armor Slot 3: None, Count: 0; ","Offhand: None, Count: 0; ",[],20.0,20.0,"[0.5656604068507236, -0.8151279345732478, -0.12487895899560025]",north,0,8 minecraft:birch_log,False,Player is not currently riding anything,0.0784000015258789
119.0,16:58:50.278321300,2025-11-10,literal{minecrafter256},"(104.20210670360522, 72.0, 136.96777125237057)",20.0,[],"Armor Slot 0: None, Count: 0; Armor Slot 1: None, Count: 0; Armor Slot 2: None, Count: 0; Armor Slot 3: None, Count: 0; ","Offhand: None, Count: 0; ",[],20.0,20.0,"[0.5816413388765623, -0.8074755075998592, -0.09837000323386016]",north,0,8 minecraft:birch_log,False,Player is not currently riding anything,0.0784000015258789
119.0,16:58:50.325858300,2025-11-10,literal{minecrafter256},"(104.20210670360522, 72.0, 136.96777125237057)",20.0,[],"Armor Slot 0: None, Count: 0; Armor Slot 1: None, Count: 0; Armor Slot 2: None, Count: 0; Armor Slot 3: None, Count: 0; ","Offhand: None, Count: 0; ",[],20.0,20.0,"[0.5924516796485209, -0.8028175307656121, -0.06697028876338933]",north,0,8 minecraft:birch_log,False,Player is not currently riding anything,0.0784000015258789
119.0,16:58:50.377774300,2025-11-10,literal{minecrafter256},"(104.20210670360522, 72.0, 136.96777125237057)",20.0,[],"Armor Slot 0: None, Count: 0; Armor Slot 1: None, Count: 0; Armor Slot 2: None, Count: 0; Armor Slot 3: None, Count: 0; ","Offhand: None, Count: 0; ",[],20.0,20.0,"[0.605932315491871, -0.794944369544438, -0.030157559122970686]",north,0,8 minecraft:birch_log,False,Player is not currently riding anything,0.0784000015258789
119.0,16:58:50.427167100,2025-11-10,literal{minecrafter256},"(104.20210670360522, 72.0, 136.96777125237057)",20.0,[],"Armor Slot 0: None, Count: 0; Armor Slot 1: None, Count: 0; Armor Slot 2: None, Count: 0; Armor Slot 3: None, Count: 0; ","Offhand: None, Count: 0; ",[],20.0,20.0,"[0.6107841217906563, -0.7917568733724414, -0.007988118421294177]",north,0,8 minecraft:birch_log,False,Player is not currently riding anything,0.0784000015258789
119.0,16:58:50.476628,2025-11-10,literal{minecrafter256},"(104.20210670360522, 72.0, 136.96777125237057)",20.0,[],"Armor Slot 0: None, Count: 0; Armor Slot 1: None, Count: 0; Armor Slot 2: None, Count: 0; Armor Slot 3: None, Count: 0; ","Offhand: None, Count: 0; ",[],20.0,20.0,"[0.6107841217906563, -0.7917568733724414, -0.007988118421294177]",north,0,8 minecraft:birch_log,False,Player is not currently riding anything,0.0784000015258789
119.0,16:58:50.526915800,2025-11-10,literal{minecrafter256},"(104.20210670360522, 72.0, 136.96777125237057)",20.0,[],"Armor Slot 0: None, Count: 0; Armor Slot 1: None, Count: 0; Armor Slot 2: None, Count: 0; Armor Slot 3: None, Count: 0; ","Offhand: None, Count: 0; ",[],20.0,20.0,"[0.6107841217906563, -0.7917568733724414, -0.007988118421294177]",north,0,8 minecraft:birch_log,False,Player is not currently riding anything,0.0784000015258789
119.0,16:58:50.860689100,2025-11-10,literal{minecrafter256},"(104.20210670360522, 72.0, 136.96777125237057)",20.0,[],"Armor Slot 0: None, Count: 0; Armor Slot 1: None, Count: 0; Armor Slot 2: None, Count: 0; Armor Slot 3: None, Count: 0; ","Offhand: None, Count: 0; ",[],20.0,20.0,"[0.6178642949017099, -0.7771457938587855, -0.11953295852279013]",north,0,8 minecraft:birch_log,False,Player is not currently riding anything,0.0784000015258789
119.0,16:58:50.866664100,2025-11-10,literal{minecrafter256},"(104.20210670360522, 72.0, 136.96777125237057)",20.0,[],"Armor Slot 0: None, Count: 0; Armor Slot 1: None, Count: 0; Armor Slot 2: None, Count: 0; Armor Slot 3: None, Count: 0; ","Offhand: None, Count: 0; ",[],20.0,20.0,"[0.6178642949017099, -0.7771457938587855, -0.11953295852279013]",north,0,8 minecraft:birch_log,False,Player is not currently riding anything,0.0784000015258789
119.0,16:58:50.874833900,2025-11-10,literal{minecrafter256},"(104.20210670360522, 72.0, 136.96777125237057)",20.0,[],"Armor Slot 0: None, Count: 0; Armor Slot 1: None, Count: 0; Armor Slot 2: None, Count: 0; Armor Slot 3: None, Count: 0; ","Offhand: None, Count: 0; ",[],20.0,20.0,"[0.6178642949017099, -0.7771457938587855, -0.11953295852279013]",north,0,8 minecraft:birch_log,False,Player is not currently riding anything,0.0784000015258789
119.0,16:58:50.883273,2025-11-10,literal{minecrafter256},"(104.20210670360522, 72.0, 136.96777125237057)",20.0,[],"Armor Slot 0: None, Count: 0; Armor Slot 1: None, Count: 0; Armor Slot 2: None, Count: 0; Armor Slot 3: None, Count: 0; ","Offhand: None, Count: 0; ",[],20.0,20.0,"[0.6178642949017099, -0.7771457938587855, -0.11953295852279013]",north,0,8 minecraft:birch_log,False,Player is not currently riding anything,0.0784000015258789
119.0,16:58:50.888785500,2025-11-10,literal{minecrafter256},"(104.20210670360522, 72.0, 136.96777125237057)",20.0,[],"Armor Slot 0: None, Count: 0; Armor Slot 1: None, Count: 0; Armor Slot 2: None, Count: 0; Armor Slot 3: None, Count: 0; ","Offhand: None, Count: 0; ",[],20.0,20.0,"[0.6178642949017099, -0.7771457938587855, -0.11953295852279013]",north,0,8 minecraft:birch_log,False,Player is not currently riding anything,0.0784000015258789
119.0,16:58:50.893883400,2025-11-10,literal{minecrafter256},"(104.20210670360522, 72.0, 136.96777125237057)",20.0,[],"Armor Slot 0: None, Count: 0; Armor Slot 1: None, Count: 0; Armor Slot 2: None, Count: 0; Armor Slot 3: None, Count: 0; ","Offhand: None, Count: 0; ",[],20.0,20.0,"[0.6178642949017099, -0.7771457938587855, -0.11953295852279013]",north,0,8 minecraft:birch_log,False,Player is not currently riding anything,0.0784000015258789
119.0,16:58:50.904007400,2025-11-10,literal{minecrafter256},"(104.20210670360522, 72.0, 136.96777125237057)",20.0,[],"Armor Slot 0: None, Count: 0; Armor Slot 1: None, Count: 0; Armor Slot 2: None, Count: 0; Armor Slot 3: None, Count: 0; ","Offhand: None, Count: 0; ",[],20.0,20.0,"[0.6178642949017099, -0.7771457938587855, -0.11953295852279013]",north,0,8 minecraft:birch_log,False,Player is not currently riding anything,0.0784000015258789
119.0,16:58:50.927560200,2025-11-10,literal{minecrafter256},"(104.20210670360522, 72.0, 136.96777125237057)",20.0,[],"Armor Slot 0: None, Count: 0; Armor Slot 1: None, Count: 0; Armor Slot 2: None, Count: 0; Armor Slot 3: None, Count: 0; ","Offhand: None, Count: 0; ",[],20.0,20.0,"[0.616862460388958, -0.7754955582188393, -0.134489197133941]",north,0,8 minecraft:birch_log,False,Player is not currently riding anything,0.0784000015258789
119.0,16:58:50.978364700,2025-11-10,literal{minecrafter256},"(104.20210670360522, 72.0, 136.96777125237057)",20.0,[],"Armor Slot 0: None, Count: 0; Armor Slot 1: None, Count: 0; Armor Slot 2: None, Count: 0; Armor Slot 3: None, Count: 0; ","Offhand: None, Count: 0; ",[],20.0,20.0,"[0.612651238419936, -0.7738400073110313, -0.16071746372868764]",north,0,8 minecraft:birch_log,False,Player is not currently riding anything,0.0784000015258789
119.0,16:58:51.025341200,2025-11-10,literal{minecrafter256},"(104.20210670360522, 72.0, 136.96777125237057)",20.0,[],"Armor Slot 0: None, Count: 0; Armor Slot 1: None, Count: 0; Armor Slot 2: None, Count: 0; Armor Slot 3: None, Count: 0; ","Offhand: None, Count: 0; ",[],20.0,20.0,"[0.6053837101729518, -0.7738400073110313, -0.18623159383438295]",north,0,8 minecraft:birch_log,False,Player is not currently riding anything,0.0784000015258789
119.0,16:58:51.075981200,2025-11-10,literal{minecrafter256},"(104.20210670360522, 72.0, 136.96777125237057)",20.0,[],"Armor Slot 0: None, Count: 0; Armor Slot 1: None, Count: 0; Armor Slot 2: None, Count: 0; Armor Slot 3: None, Count: 0; ","Offhand: None, Count: 0; ",[],20.0,20.0,"[0.5917587123411862, -0.7754955582188393, -0.22006423051271207]",north,0,8 minecraft:birch_log,False,Player is not currently riding anything,0.0784000015258789
119.0,16:58:51.124900600,2025-11-10,literal{minecrafter256},"(104.20210670360522, 72.0, 136.96777125237057)",20.0,[],"Armor Slot 0: None, Count: 0; Armor Slot 1: None, Count: 0; Armor Slot 2: None, Count: 0; Armor Slot 3: None, Count: 0; ","Offhand: None, Count: 0; ",[],20.0,20.0,"[0.5687651545925485, -0.7836933167174087, -0.24966173966745825]",north,0,8 minecraft:birch_log,False,Player is not currently riding anything,0.0784000015258789
119.0,16:58:51.174090500,2025-11-10,literal{minecrafter256},"(104.20210670360522, 72.0, 136.96777125237057)",20.0,[],"Armor Slot 0: None, Count: 0; Armor Slot 1: None, Count: 0; Armor Slot 2: None, Count: 0; Armor Slot 3: None, Count: 0; ","Offhand: None, Count: 0; ",[],20.0,20.0,"[0.5550695848282614, -0.7885476293998406, -0.26474590113252583]",north,0,8 minecraft:birch_log,False,Player is not currently riding anything,0.0784000015258789
119.0,16:58:51.225483700,2025-11-10,literal{minecrafter256},"(104.20210670360522, 72.0, 136.96777125237057)",20.0,[],"Armor Slot 0: None, Count: 0; Armor Slot 1: None, Count: 0; Armor Slot 2: None, Count: 0; Armor Slot 3: None, Count: 0; ","Offhand: None, Count: 0; ",[],20.0,20.0,"[0.5557607569449707, -0.7885476293998406, -0.2632918859513997]",north,0,8 minecraft:birch_log,False,Player is not currently riding anything,0.0784000015258789
119.0,16:58:51.280815600,2025-11-10,literal{minecrafter256},"(104.20210670360522, 72.0, 136.96777125237057)",20.0,[],"Armor Slot 0: None, Count: 0; Armor Slot 1: None, Count: 0; Armor Slot 2: None, Count: 0; Armor Slot 3: None, Count: 0; ","Offhand: None, Count: 0; ",[],20.0,20.0,"[0.5550695848282614, -0.7885476293998406, -0.26474590113252583]",north,0,8 minecraft:birch_log,False,Player is not currently riding anything,0.0784000015258789
119.0,16:58:51.327552400,2025-11-10,literal{minecrafter256},"(104.20210670360522, 72.0, 136.96777125237057)",20.0,[],"Armor Slot 0: None, Count: 0; Armor Slot 1: None, Count: 0; Armor Slot 2: None, Count: 0; Armor Slot 3: None, Count: 0; ","Offhand: None, Count: 0; ",[],20.0,20.0,"[0.5576245094314574, -0.7869349151490398, -0.2641748394542902]",north,0,8 minecraft:birch_log,False,Player is not currently riding anything,0.0784000015258789
119.0,16:58:51.376972200,2025-11-10,literal{minecrafter256},"(104.20210670360522, 72.0, 136.96777125237057)",20.0,[],"Armor Slot 0: None, Count: 0; Armor Slot 1: None, Count: 0; Armor Slot 2: None, Count: 0; Armor Slot 3: None, Count: 0; ","Offhand: None, Count: 0; ",[],20.0,20.0,"[0.5920409892630618, -0.7688416617805253, -0.2415987709881313]",north,0,8 minecraft:birch_log,False,Player is not currently riding anything,0.0784000015258789
119.0,16:58:51.424711700,2025-11-10,literal{minecrafter256},"(104.20210670360522, 72.0, 136.96777125237057)",20.0,[],"Armor Slot 0: None, Count: 0; Armor Slot 1: None, Count: 0; Armor Slot 2: None, Count: 0; Armor Slot 3: None, Count: 0; ","Offhand: None, Count: 0; ",[],20.0,20.0,"[0.6453002516831505, -0.7396309247062158, -0.19113785704535535]",north,0,8 minecraft:birch_log,False,Player is not currently riding anything,0.0784000015258789
119.0,16:58:51.475677100,2025-11-10,literal{minecrafter256},"(104.20210670360522, 72.0, 136.96777125237057)",20.0,[],"Armor Slot 0: None, Count: 0; Armor Slot 1: None, Count: 0; Armor Slot 2: None, Count: 0; Armor Slot 3: None, Count: 0; ","Offhand: None, Count: 0; ",[],20.0,20.0,"[0.6775282243899929, -0.7181261309636588, -0.1589036348926898]",north,0,8 minecraft:birch_log,False,Player is not currently riding anything,0.0784000015258789
119.0,16:58:51.524851700,2025-11-10,literal{minecrafter256},"(104.20210670360522, 72.0, 136.96777125237057)",20.0,[],"Armor Slot 0: None, Count: 0; Armor Slot 1: None, Count: 0; Armor Slot 2: None, Count: 0; Armor Slot 3: None, Count: 0; ","Offhand: None, Count: 0; ",[],20.0,20.0,"[0.7017055357955051, -0.701531179047561, -0.12435170227255452]",north,0,8 minecraft:birch_log,False,Player is not currently riding anything,0.0784000015258789
119.0,16:58:51.574929800,2025-11-10,literal{minecrafter256},"(104.20210670360522, 72.0, 136.96777125237057)",20.0,[],"Armor Slot 0: None, Count: 0; Armor Slot 1: None, Count: 0; Armor Slot 2: None, Count: 0; Armor Slot 3: None, Count: 0; ","Offhand: None, Count: 0; ",[],20.0,20.0,"[0.7219087582610357, -0.6864528833947847, -0.0873509222904691]",north,0,8 minecraft:birch_log,False,Player is not currently riding anything,0.0784000015258789
119.0,16:58:51.625855400,2025-11-10,literal{minecrafter256},"(104.20210670360522, 72.0, 136.96777125237057)",20.0,[],"Armor Slot 0: None, Count: 0; Armor Slot 1: None, Count: 0; Armor Slot 2: None, Count: 0; Armor Slot 3: None, Count: 0; ","Offhand: None, Count: 0; ",[],20.0,20.0,"[0.724567722302554, -0.6845467758972682, -0.07998329454295044]",north,0,8 minecraft:birch_log,False,Player is not currently riding anything,0.0784000015258789
119.0,16:58:51.676200600,2025-11-10,literal{minecrafter256},"(104.20210670360522, 72.0, 136.96777125237057)",20.0,[],"Armor Slot 0: None, Count: 0; Armor Slot 1: None, Count: 0; Armor Slot 2: None, Count: 0; Armor Slot 3: None, Count: 0; ","Offhand: None, Count: 0; ",[],20.0,20.0,"[0.724567722302554, -0.6845467758972682, -0.07998329454295044]",north,0,8 minecraft:birch_log,False,Player is not currently riding anything,0.0784000015258789
119.0,16:58:51.727084600,2025-11-10,literal{minecrafter256},"(104.20210670360522, 72.0, 136.96777125237057)",20.0,[],"Armor Slot 0: None, Count: 0; Armor Slot 1: None, Count: 0; Armor Slot 2: None, Count: 0; Armor Slot 3: None, Count: 0; ","Offhand: None, Count: 0; ",[],20.0,20.0,"[0.724567722302554, -0.6845467758972682, -0.07998329454295044]",north,0,8 minecraft:birch_log,False,Player is not currently riding anything,0.0784000015258789
119.0,16:58:51.776222700,2025-11-10,literal{minecrafter256},"(104.20210670360522, 72.0, 136.96777125237057)",20.0,[],"Armor Slot 0: None, Count: 0; Armor Slot 1: None, Count: 0; Armor Slot 2: None, Count: 0; Armor Slot 3: None, Count: 0; ","Offhand: None, Count: 0; ",[],20.0,20.0,"[0.7209544707101548, -0.6864528833947847, -0.09490569025104113]",north,0,8 minecraft:birch_log,False,Player is not currently riding anything,0.0784000015258789
119.0,16:58:51.825224900,2025-11-10,literal{minecrafter256},"(104.20210670360522, 72.0, 136.96777125237057)",20.0,[],"Armor Slot 0: None, Count: 0; Armor Slot 1: None, Count: 0; Armor Slot 2: None, Count: 0; Armor Slot 3: None, Count: 0; ","Offhand: None, Count: 0; ",[],20.0,20.0,"[0.7080715123015945, -0.6959125384066575, -0.11975171128353647]",north,0,8 minecraft:birch_log,False,Player is not currently riding anything,0.0784000015258789
119.0,16:58:51.878530700,2025-11-10,literal{minecrafter256},"(104.20210670360522, 72.0, 136.96777125237057)",20.0,[],"Armor Slot 0: None, Count: 0; Armor Slot 1: None, Count: 0; Armor Slot 2: None, Count: 0; Armor Slot 3: None, Count: 0; ","Offhand: None, Count: 0; ",[],20.0,20.0,"[0.691476597283566, -0.7052529983762571, -0.15645550067172556]",north,0,8 minecraft:birch_log,False,Player is not currently riding anything,0.0784000015258789
119.0,16:58:51.926860900,2025-11-10,literal{minecrafter256},"(104.20210670360522, 72.0, 136.96777125237057)",20.0,[],"Armor Slot 0: None, Count: 0; Armor Slot 1: None, Count: 0; Armor Slot 2: None, Count: 0; Armor Slot 3: None, Count: 0; ","Offhand: None, Count: 0; ",[],20.0,20.0,"[0.6799039213499651, -0.7107993708440477, -0.18026345203797284]",north,0,8 minecraft:birch_log,False,Player is not currently riding anything,0.0784000015258789
119.0,16:58:51.975346600,2025-11-10,literal{minecrafter256},"(104.20210670360522, 72.0, 136.96777125237057)",20.0,[],"Armor Slot 0: None, Count: 0; Armor Slot 1: None, Count: 0; Armor Slot 2: None, Count: 0; Armor Slot 3: None, Count: 0; ","Offhand: None, Count: 0; ",[],20.0,20.0,"[0.6731642370568238, -0.7126384348520964, -0.19747498859161566]",north,0,8 minecraft:birch_log,False,Player is not currently riding anything,0.0784000015258789
119.0,16:58:52.027416300,2025-11-10,literal{minecrafter256},"(104.20210670360522, 72.0, 136.96777125237057)",20.0,[],"Armor Slot 0: None, Count: 0; Armor Slot 1: None, Count: 0; Armor Slot 2: None, Count: 0; Armor Slot 3: None, Count: 0; ","Offhand: None, Count: 0; ",[],20.0,20.0,"[0.6583959605970822, -0.71812626996327, -0.22540944846675345]",north,0,8 minecraft:birch_log,False,Player is not currently riding anything,0.0784000015258789
119.0,16:58:52.076064800,2025-11-10,literal{minecrafter256},"(104.20210670360522, 72.0, 136.96777125237057)",20.0,[],"Armor Slot 0: None, Count: 0; Armor Slot 1: None, Count: 0; Armor Slot 2: None, Count: 0; Armor Slot 3: None, Count: 0; ","Offhand: None, Count: 0; ",[],20.0,20.0,"[0.638683708589327, -0.7253743710122876, -0.2567394443031919]",north,0,8 minecraft:birch_log,False,Player is not currently riding anything,0.0784000015258789
119.0,16:58:52.125269700,2025-11-10,literal{minecrafter256},"(104.20210670360522, 72.0, 136.96777125237057)",20.0,[],"Armor Slot 0: None, Count: 0; Armor Slot 1: None, Count: 0; Armor Slot 2: None, Count: 0; Armor Slot 3: None, Count: 0; ","Offhand: None, Count: 0; ",[],20.0,20.0,"[0.631417943723387, -0.7271740094827609, -0.26931271837196136]",north,0,8 minecraft:birch_log,False,Player is not currently riding anything,0.0784000015258789
119.0,16:58:52.174690200,2025-11-10,literal{minecrafter256},"(104.20210670360522, 72.0, 136.96777125237057)",20.0,[],"Armor Slot 0: None, Count: 0; Armor Slot 1: None, Count: 0; Armor Slot 2: None, Count: 0; Armor Slot 3: None, Count: 0; ","Offhand: None, Count: 0; ",[],20.0,20.0,"[0.631417943723387, -0.7271740094827609, -0.26931271837196136]",north,0,8 minecraft:birch_log,False,Player is not currently riding anything,0.0784000015258789
119.0,16:58:52.225013700,2025-11-10,literal{minecrafter256},"(104.20210670360522, 72.0, 136.96777125237057)",20.0,[],"Armor Slot 0: None, Count: 0; Armor Slot 1: None, Count: 0; Armor Slot 2: None, Count: 0; Armor Slot 3: None, Count: 0; ","Offhand: None, Count: 0; ",[],20.0,20.0,"[0.631417943723387, -0.7271740094827609, -0.26931271837196136]",north,0,8 minecraft:birch_log,False,Player is not currently riding anything,0.0784000015258789
119.0,16:58:52.275105900,2025-11-10,literal{minecrafter256},"(104.20210670360522, 72.0, 136.96777125237057)",20.0,[],"Armor Slot 0: None, Count: 0; Armor Slot 1: None, Count: 0; Armor Slot 2: None, Count: 0; Armor Slot 3: None, Count: 0; ","Offhand: None, Count: 0; ",[],20.0,20.0,"[0.631417943723387, -0.7271740094827609, -0.26931271837196136]",north,0,8 minecraft:birch_log,False,Player is not currently riding anything,0.0784000015258789
119.0,16:58:52.324663700,2025-11-10,literal{minecrafter256},"(104.20210670360522, 72.0, 136.96777125237057)",20.0,[],"Armor Slot 0: None, Count: 0; Armor Slot 1: None, Count: 0; Armor Slot 2: None, Count: 0; Armor Slot 3: None, Count: 0; ","Offhand: None, Count: 0; ",[],20.0,20.0,"[0.631417943723387, -0.7271740094827609, -0.26931271837196136]",north,0,8 minecraft:birch_log,False,Player is not currently riding anything,0.0784000015258789
119.0,16:58:52.375694900,2025-11-10,literal{minecrafter256},"(104.20210670360522, 72.0, 136.96777125237057)",20.0,[],"Armor Slot 0: None, Count: 0; Armor Slot 1: None, Count: 0; Armor Slot 2: None, Count: 0; Armor Slot 3: None, Count: 0; ","Offhand: None, Count: 0; ",[],20.0,20.0,"[0.631417943723387, -0.7271740094827609, -0.26931271837196136]",north,0,8 minecraft:birch_log,False,Player is not currently riding anything,0.0784000015258789
119.0,16:58:52.423152200,2025-11-10,literal{minecrafter256},"(104.20210670360522, 72.0, 136.96777125237057)",20.0,[],"Armor Slot 0: None, Count: 0; Armor Slot 1: None, Count: 0; Armor Slot 2: None, Count: 0; Armor Slot 3: None, Count: 0; ","Offhand: None, Count: 0; ",[],20.0,20.0,"[0.631417943723387, -0.7271740094827609, -0.26931271837196136]",north,0,8 minecraft:birch_log,False,Player is not currently riding anything,0.0784000015258789
119.0,16:58:52.473331100,2025-11-10,literal{minecrafter256},"(104.20210670360522, 72.0, 136.96777125237057)",20.0,[],"Armor Slot 0: None, Count: 0; Armor Slot 1: None, Count: 0; Armor Slot 2: None, Count: 0; Armor Slot 3: None, Count: 0; ","Offhand: None, Count: 0; ",[],20.0,20.0,"[0.631417943723387, -0.7271740094827609, -0.26931271837196136]",north,0,8 minecraft:birch_log,False,Player is not currently riding anything,0.0784000015258789
119.0,16:58:52.526547500,2025-11-10,literal{minecrafter256},"(104.20210670360522, 72.0, 136.96777125237057)",20.0,[],"Armor Slot 0: None, Count: 0; Armor Slot 1: None, Count: 0; Armor Slot 2: None, Count: 0; Armor Slot 3: None, Count: 0; ","Offhand: None, Count: 0; ",[],20.0,20.0,"[0.631417943723387, -0.7271740094827609, -0.26931271837196136]",north,0,8 minecraft:birch_log,False,Player is not currently riding anything,0.0784000015258789
119.0,16:58:52.575955600,2025-11-10,literal{minecrafter256},"(104.20210670360522, 72.0, 136.96777125237057)",20.0,[],"Armor Slot 0: None, Count: 0; Armor Slot 1: None, Count: 0; Armor Slot 2: None, Count: 0; Armor Slot 3: None, Count: 0; ","Offhand: None, Count: 0; ",[],20.0,20.0,"[0.631417943723387, -0.7271740094827609, -0.26931271837196136]",north,0,8 minecraft:birch_log,False,Player is not currently riding anything,0.0784000015258789
119.0,16:58:52.624731600,2025-11-10,literal{minecrafter256},"(104.20210670360522, 72.0, 136.96777125237057)",20.0,[],"Armor Slot 0: None, Count: 0; Armor Slot 1: None, Count: 0; Armor Slot 2: None, Count: 0; Armor Slot 3: None, Count: 0; ","Offhand: None, Count: 0; ",[],20.0,20.0,"[0.631417943723387, -0.7271740094827609, -0.26931271837196136]",north,0,8 minecraft:birch_log,False,Player is not currently riding anything,0.0784000015258789
119.0,16:58:52.674987300,2025-11-10,literal{minecrafter256},"(104.20210670360522, 72.0, 136.96777125237057)",20.0,[],"Armor Slot 0: None, Count: 0; Armor Slot 1: None, Count: 0; Armor Slot 2: None, Count: 0; Armor Slot 3: None, Count: 0; ","Offhand: None, Count: 0; ",[],20.0,20.0,"[0.631417943723387, -0.7271740094827609, -0.26931271837196136]",north,0,8 minecraft:birch_log,False,Player is not currently riding anything,0.0784000015258789
119.0,16:58:52.724901800,2025-11-10,literal{minecrafter256},"(104.20210670360522, 72.0, 136.96777125237057)",20.0,[],"Armor Slot 0: None, Count: 0; Armor Slot 1: None, Count: 0; Armor Slot 2: None, Count: 0; Armor Slot 3: None, Count: 0; ","Offhand: None, Count: 0; ",[],20.0,20.0,"[0.631417943723387, -0.7271740094827609, -0.26931271837196136]",north,0,8 minecraft:birch_log,False,Player is not currently riding anything,0.0784000015258789
119.0,16:58:52.774008500,2025-11-10,literal{minecrafter256},"(104.20210670360522, 72.0, 136.96777125237057)",20.0,[],"Armor Slot 0: None, Count: 0; Armor Slot 1: None, Count: 0; Armor Slot 2: None, Count: 0; Armor Slot 3: None, Count: 0; ","Offhand: None, Count: 0; ",[],20.0,20.0,"[0.631417943723387, -0.7271740094827609, -0.26931271837196136]",north,0,8 minecraft:birch_log,False,Player is not currently riding anything,0.0784000015258789
119.0,16:58:52.826894800,2025-11-10,literal{minecrafter256},"(104.20210670360522, 72.0, 136.96777125237057)",20.0,[],"Armor Slot 0: None, Count: 0; Armor Slot 1: None, Count: 0; Armor Slot 2: None, Count: 0; Armor Slot 3: None, Count: 0; ","Offhand: None, Count: 0; ",[],20.0,20.0,"[0.6321208096192691, -0.7271740094827609, -0.26765881636711597]",north,0,8 minecraft:birch_log,False,Player is not currently riding anything,0.0784000015258789
119.0,16:58:52.875013600,2025-11-10,literal{minecrafter256},"(104.20210670360522, 72.0, 136.96777125237057)",20.0,[],"Armor Slot 0: None, Count: 0; Armor Slot 1: None, Count: 0; Armor Slot 2: None, Count: 0; Armor Slot 3: None, Count: 0; ","Offhand: None, Count: 0; ",[],20.0,20.0,"[0.6393537021386226, -0.7253743710122876, -0.25506639418034976]",north,0,8 minecraft:birch_log,False,Player is not currently riding anything,0.0784000015258789
119.0,16:58:52.924795100,2025-11-10,literal{minecrafter256},"(104.20210670360522, 72.0, 136.96777125237057)",20.0,[],"Armor Slot 0: None, Count: 0; Armor Slot 1: None, Count: 0; Armor Slot 2: None, Count: 0; Armor Slot 3: None, Count: 0; ","Offhand: None, Count: 0; ",[],20.0,20.0,"[0.6559197293594696, -0.7163018969664426, -0.23807751057014145]",north,0,8 minecraft:birch_log,False,Player is not currently riding anything,0.0784000015258789
119.0,16:58:52.975750100,2025-11-10,literal{minecrafter256},"(104.20210670360522, 72.0, 136.96777125237057)",20.0,[],"Armor Slot 0: None, Count: 0; Armor Slot 1: None, Count: 0; Armor Slot 2: None, Count: 0; Armor Slot 3: None, Count: 0; ","Offhand: None, Count: 0; ",[],20.0,20.0,"[0.6806535628417281, -0.6996632168342253, -0.21721443414295835]",north,0,8 minecraft:birch_log,False,Player is not currently riding anything,0.0784000015258789
119.0,16:58:53.023735500,2025-11-10,literal{minecrafter256},"(104.17427079685835, 72.0, 136.87380762657156)",20.0,[],"Armor Slot 0: None, Count: 0; Armor Slot 1: None, Count: 0; Armor Slot 2: None, Count: 0; Armor Slot 3: None, Count: 0; ","Offhand: None, Count: 0; ",[],20.0,20.0,"[0.7006682406698143, -0.6826361711101038, -0.20753764576289357]",north,0,8 minecraft:birch_log,False,Player is not currently riding anything,0.0784000015258789
119.0,16:58:53.078368600,2025-11-10,literal{minecrafter256},"(104.13346014696685, 72.0, 136.727909542782)",20.0,[],"Armor Slot 0: None, Count: 0; Armor Slot 1: None, Count: 0; Armor Slot 2: None, Count: 0; Armor Slot 3: None, Count: 0; ","Offhand: None, Count: 0; ",[],20.0,20.0,"[0.7372528802699849, -0.6454575453361088, -0.19960648211492646]",north,0,8 minecraft:birch_log,False,Player is not currently riding anything,0.0784000015258789
119.0,16:58:53.126917700,2025-11-10,literal{minecrafter256},"(104.08630973405045, 72.0, 136.55345680834907)",20.0,[],"Armor Slot 0: None, Count: 0; Armor Slot 1: None, Count: 0; Armor Slot 2: None, Count: 0; Armor Slot 3: None, Count: 0; ","Offhand: None, Count: 0; ",[],20.0,20.0,"[0.754887755906729, -0.6252424588865552, -0.1980311682225733]",north,0,8 minecraft:birch_log,False,Player is not currently riding anything,0.0784000015258789
119.0,16:58:53.176002100,2025-11-10,literal{minecrafter256},"(104.03594327135431, 72.0, 136.3633491776474)",20.0,[],"Armor Slot 0: None, Count: 0; Armor Slot 1: None, Count: 0; Armor Slot 2: None, Count: 0; Armor Slot 3: None, Count: 0; ","Offhand: None, Count: 0; ",[],20.0,20.0,"[0.7663668826556838, -0.6108360921464849, -0.19889964730944198]",north,0,8 minecraft:birch_log,False,Player is not currently riding anything,0.0784000015258789
119.0,16:58:53.225070200,2025-11-10,literal{minecrafter256},"(103.9838208452745, 72.0, 136.16469397259016)",20.0,[],"Armor Slot 0: None, Count: 0; Armor Slot 1: None, Count: 0; Armor Slot 2: None, Count: 0; Armor Slot 3: None, Count: 0; ","Offhand: None, Count: 0; ",[],20.0,20.0,"[0.7785810092987767, -0.5941207522856197, -0.20206965052394094]",north,0,8 minecraft:birch_log,False,Player is not currently riding anything,0.0784000015258789
119.0,16:58:53.277552300,2025-11-10,literal{minecrafter256},"(103.93049420184188, 72.0, 135.96143584659927)",20.0,[],"Armor Slot 0: None, Count: 0; Armor Slot 1: None, Count: 0; Armor Slot 2: None, Count: 0; Armor Slot 3: None, Count: 0; ","Offhand: None, Count: 0; ",[],20.0,20.0,"[0.7884496223395331, -0.5792808141578791, -0.20683551769759556]",north,0,8 minecraft:birch_log,False,Player is not currently riding anything,0.0784000015258789
119.0,16:58:53.332817,2025-11-10,literal{minecrafter256},"(103.8752671679398, 72.0, 135.7559993228806)",20.0,[],"Armor Slot 0: None, Count: 0; Armor Slot 1: None, Count: 0; Armor Slot 2: None, Count: 0; Armor Slot 3: None, Count: 0; ","Offhand: None, Count: 0; ",[],20.0,20.0,"[0.8028252640484854, -0.5533911388756406, -0.22187799084046417]",north,0,8 minecraft:birch_log,False,Player is not currently riding anything,0.0784000015258789
119.0,16:58:53.375514,2025-11-10,literal{minecrafter256},"(103.81752062343502, 72.0, 135.54979559980387)",20.0,[],"Armor Slot 0: None, Count: 0; Armor Slot 1: None, Count: 0; Armor Slot 2: None, Count: 0; Armor Slot 3: None, Count: 0; ","Offhand: None, Count: 0; ",[],20.0,20.0,"[0.8141998159021885, -0.5291785603288384, -0.23884872005757213]",north,0,8 minecraft:birch_log,False,Player is not currently riding anything,0.0784000015258789
119.0,16:58:53.429772200,2025-11-10,literal{minecrafter256},"(103.7566811815953, 72.0, 135.34369399660338)",20.0,[],"Armor Slot 0: None, Count: 0; Armor Slot 1: None, Count: 0; Armor Slot 2: None, Count: 0; Armor Slot 3: None, Count: 0; ","Offhand: None, Count: 0; ",[],20.0,20.0,"[0.8200838648198739, -0.5112926855478963, -0.2569868564096593]",north,0,8 minecraft:birch_log,False,Player is not currently riding anything,0.0784000015258789
119.0,16:58:53.476730600,2025-11-10,literal{minecrafter256},"(103.69293622570453, 72.0, 135.1380382532617)",20.0,[],"Armor Slot 0: None, Count: 0; Armor Slot 1: None, Count: 0; Armor Slot 2: None, Count: 0; Armor Slot 3: None, Count: 0; ","Offhand: None, Count: 0; ",[],20.0,20.0,"[0.8241806083295069, -0.49773067033763574, -0.27016754923352954]",north,0,8 minecraft:birch_log,False,Player is not currently riding anything,0.0784000015258789
119.0,16:58:53.526338600,2025-11-10,literal{minecrafter256},"(103.62469199137105, 72.0, 134.93363179608534)",20.0,[],"Armor Slot 0: None, Count: 0; Armor Slot 1: None, Count: 0; Armor Slot 2: None, Count: 0; Armor Slot 3: None, Count: 0; ","Offhand: None, Count: 0; ",[],20.0,20.0,"[0.8272556934363208, -0.47485604416738386, -0.3002661402737506]",north,0,8 minecraft:birch_log,False,Player is not currently riding anything,0.0784000015258789
116.0,16:58:53.576048500,2025-11-10,literal{minecrafter256},"(103.5523099906916, 72.0, 134.7305351972686)",20.0,[],"Armor Slot 0: None, Count: 0; Armor Slot 1: None, Count: 0; Armor Slot 2: None, Count: 0; Armor Slot 3: None, Count: 0; ","Offhand: None, Count: 0; ",[],20.0,20.0,"[0.8273469535461225, -0.46329571650594165, -0.3175753414942609]",north,0,8 minecraft:birch_log,False,Player is not currently riding anything,0.0784000015258789
116.0,16:58:53.626094500,2025-11-10,literal{minecrafter256},"(103.47599938234414, 72.0, 134.52881220750672)",20.0,[],"Armor Slot 0: None, Count: 0; Armor Slot 1: None, Count: 0; Armor Slot 2: None, Count: 0; Armor Slot 3: None, Count: 0; ","Offhand: None, Count: 0; ",[],20.0,20.0,"[0.8269389880026181, -0.4516560059122872, -0.33493098161347473]",north,0,8 minecraft:birch_log,False,Player is not currently riding anything,0.0784000015258789
116.0,16:58:53.675104900,2025-11-10,literal{minecrafter256},"(103.39730005094474, 72.0, 134.3279382994323)",20.0,[],"Armor Slot 0: None, Count: 0; Armor Slot 1: None, Count: 0; Armor Slot 2: None, Count: 0; Armor Slot 3: None, Count: 0; ","Offhand: None, Count: 0; ",[],20.0,20.0,"[0.8314623337189081, -0.4399389067807655, -0.3392994929369216]",north,0,8 minecraft:birch_log,False,Player is not currently riding anything,0.0784000015258789
116.0,16:58:53.723629900,2025-11-10,literal{minecrafter256},"(103.31635033342464, 72.0, 134.1279199499322)",20.0,[],"Armor Slot 0: None, Count: 0; Armor Slot 1: None, Count: 0; Armor Slot 2: None, Count: 0; Armor Slot 3: None, Count: 0; ","Offhand: None, Count: 0; ",[],20.0,20.0,"[0.8331015780334856, -0.42814642676578163, -0.3501890888160414]",north,0,8 minecraft:birch_log,False,Player is not currently riding anything,0.0784000015258789
116.0,16:58:53.775300100,2025-11-10,literal{minecrafter256},"(103.23393817586742, 72.0, 133.92846735338264)",20.0,[],"Armor Slot 0: None, Count: 0; Armor Slot 1: None, Count: 0; Armor Slot 2: None, Count: 0; Armor Slot 3: None, Count: 0; ","Offhand: None, Count: 0; ",[],20.0,20.0,"[0.8352527672239728, -0.4210355959630896, -0.3536691134050328]",north,0,8 minecraft:birch_log,False,Player is not currently riding anything,0.0784000015258789
116.0,16:58:53.828941100,2025-11-10,literal{minecrafter256},"(103.15048541176259, 72.0, 133.72942656337614)",20.0,[],"Armor Slot 0: None, Count: 0; Armor Slot 1: None, Count: 0; Armor Slot 2: None, Count: 0; Armor Slot 3: None, Count: 0; ","Offhand: None, Count: 0; ",[],20.0,20.0,"[0.841280820170432, -0.4043433884903076, -0.35882169081250015]",north,0,8 minecraft:birch_log,False,Player is not currently riding anything,0.0784000015258789
116.0,16:58:53.875791700,2025-11-10,literal{minecrafter256},"(103.06646447641675, 72.0, 133.53061061976828)",20.0,[],"Armor Slot 0: None, Count: 0; Armor Slot 1: None, Count: 0; Armor Slot 2: None, Count: 0; Armor Slot 3: None, Count: 0; ","Offhand: None, Count: 0; ",[],20.0,20.0,"[0.8422516339115643, -0.40194757547499876, -0.3592357606684925]",north,0,8 minecraft:birch_log,False,Player is not currently riding anything,0.0784000015258789
116.0,16:58:53.925777300,2025-11-10,literal{minecrafter256},"(102.98213331953731, 72.0, 133.33191744230834)",20.0,[],"Armor Slot 0: None, Count: 0; Armor Slot 1: None, Count: 0; Armor Slot 2: None, Count: 0; Armor Slot 3: None, Count: 0; ","Offhand: None, Count: 0; ",[],20.0,20.0,"[0.8460770962413825, -0.3923369390051746, -0.3608673904743958]",north,0,8 minecraft:birch_log,False,Player is not currently riding anything,0.0784000015258789
116.0,16:58:53.973606700,2025-11-10,literal{minecrafter256},"(102.89810862494794, 72.0, 133.13308977186202)",20.0,[],"Armor Slot 0: None, Count: 0; Armor Slot 1: None, Count: 0; Armor Slot 2: None, Count: 0; Armor Slot 3: None, Count: 0; ","Offhand: None, Count: 0; ",[],20.0,20.0,"[0.8516958764553748, -0.38268327858758305, -0.3580050870006868]",north,0,8 minecraft:birch_log,False,Player is not currently riding anything,0.0784000015258789
116.0,16:58:54.023599100,2025-11-10,literal{minecrafter256},"(102.81567635570683, 72.0, 132.9336026910198)",20.0,[],"Armor Slot 0: None, Count: 0; Armor Slot 1: None, Count: 0; Armor Slot 2: None, Count: 0; Armor Slot 3: None, Count: 0; ","Offhand: None, Count: 0; ",[],20.0,20.0,"[0.8635766444155881, -0.36568903323343077, -0.3471410523010952]",north,0,8 minecraft:birch_log,False,Player is not currently riding anything,0.0784000015258789
116.0,16:58:54.074883600,2025-11-10,literal{minecrafter256},"(102.7353022083103, 72.0, 132.733286682807)",20.0,[],"Armor Slot 0: None, Count: 0; Armor Slot 1: None, Count: 0; Armor Slot 2: None, Count: 0; Armor Slot 3: None, Count: 0; ","Offhand: None, Count: 0; ",[],20.0,20.0,"[0.8706984503693177, -0.3583678563099835, -0.33683332389811976]",north,0,8 minecraft:birch_log,False,Player is not currently riding anything,0.0784000015258789
116.0,16:58:54.126343,2025-11-10,literal{minecrafter256},"(102.65701761794368, 72.0, 132.5321501920917)",20.0,[],"Armor Slot 0: None, Count: 0; Armor Slot 1: None, Count: 0; Armor Slot 2: None, Count: 0; Armor Slot 3: None, Count: 0; ","Offhand: None, Count: 0; ",[],20.0,20.0,"[0.8793407886504332, -0.34365963831403185, -0.3296328721615958]",north,0,8 minecraft:birch_log,False,Player is not currently riding anything,0.0784000015258789
116.0,16:58:54.176254300,2025-11-10,literal{minecrafter256},"(102.61427422663876, 72.0, 132.4223296554052)",20.0,[],"Armor Slot 0: None, Count: 0; Armor Slot 1: None, Count: 0; Armor Slot 2: None, Count: 0; Armor Slot 3: None, Count: 0; ","Offhand: None, Count: 0; ",[],20.0,20.0,"[0.8844236121081318, -0.34119992662173654, -0.3183983109548896]",north,0,8 minecraft:birch_log,False,Player is not currently riding anything,0.0784000015258789
116.0,16:58:54.225125200,2025-11-10,literal{minecrafter256},"(102.5909363322755, 72.0, 132.36236763540964)",20.0,[],"Armor Slot 0: None, Count: 0; Armor Slot 1: None, Count: 0; Armor Slot 2: None, Count: 0; Armor Slot 3: None, Count: 0; ","Offhand: None, Count: 0; ",[],20.0,20.0,"[0.8902126375213437, -0.32886662787588516, -0.31522722132905456]",north,0,8 minecraft:birch_log,False,Player is not currently riding anything,0.0784000015258789
116.0,16:58:54.273135900,2025-11-10,literal{minecrafter256},"(102.57819384047309, 72.0, 132.3296283686893)",20.0,[],"Armor Slot 0: None, Count: 0; Armor Slot 1: None, Count: 0; Armor Slot 2: None, Count: 0; Armor Slot 3: None, Count: 0; ","Offhand: None, Count: 0; ",[],20.0,20.0,"[0.8918440992532195, -0.3263931384128683, -0.31317985539336946]",north,0,8 minecraft:birch_log,False,Player is not currently riding anything,0.0784000015258789
116.0,16:58:54.325762900,2025-11-10,literal{minecrafter256},"(102.57123643914086, 72.0, 132.31175272698368)",20.0,[],"Armor Slot 0: None, Count: 0; Armor Slot 1: None, Count: 0; Armor Slot 2: None, Count: 0; Armor Slot 3: None, Count: 0; ","Offhand: None, Count: 0; ",[],20.0,20.0,"[0.8934648186586724, -0.32391741189920514, -0.31112397543060905]",north,0,8 minecraft:birch_log,False,Player is not currently riding anything,0.0784000015258789
116.0,16:58:54.373951500,2025-11-10,literal{minecrafter256},"(102.56743769757223, 72.0, 132.30199262547876)",20.0,[],"Armor Slot 0: None, Count: 0; Armor Slot 1: None, Count: 0; Armor Slot 2: None, Count: 0; Armor Slot 3: None, Count: 0; ","Offhand: None, Count: 0; ",[],20.0,20.0,"[0.8934648186586724, -0.32391741189920514, -0.31112397543060905]",north,0,8 minecraft:birch_log,False,Player is not currently riding anything,0.0784000015258789
116.0,16:58:54.425931300,2025-11-10,literal{minecrafter256},"(102.59967325540165, 72.0, 132.38921018756858)",20.0,[],"Armor Slot 0: None, Count: 0; Armor Slot 1: None, Count: 0; Armor Slot 2: None, Count: 0; Armor Slot 3: None, Count: 0; ","Offhand: None, Count: 0; ",[],20.0,20.0,"[0.8934648186586724, -0.32391741189920514, -0.31112397543060905]",north,0,8 minecraft:birch_log,False,Player is not currently riding anything,0.0784000015258789
116.0,16:58:54.473187600,2025-11-10,literal{minecrafter256},"(102.64950942985031, 72.0, 132.52937756013137)",20.0,[],"Armor Slot 0: None, Count: 0; Armor Slot 1: None, Count: 0; Armor Slot 2: None, Count: 0; Armor Slot 3: None, Count: 0; ","Offhand: None, Count: 0; ",[],20.0,20.0,"[0.8934648186586724, -0.32391741189920514, -0.31112397543060905]",north,0,8 minecraft:birch_log,False,Player is not currently riding anything,0.0784000015258789
116.0,16:58:54.523625500,2025-11-10,literal{minecrafter256},"(102.70895554208929, 72.0, 132.69845553257045)",20.0,[],"Armor Slot 0: None, Count: 0; Armor Slot 1: None, Count: 0; Armor Slot 2: None, Count: 0; Armor Slot 3: None, Count: 0; ","Offhand: None, Count: 0; ",[],20.0,20.0,"[0.8934648186586724, -0.32391741189920514, -0.31112397543060905]",north,0,8 minecraft:birch_log,False,Player is not currently riding anything,0.0784000015258789
119.0,16:58:54.575051800,2025-11-10,literal{minecrafter256},"(102.77364868097122, 72.0, 132.88331869437548)",20.0,[],"Armor Slot 0: None, Count: 0; Armor Slot 1: None, Count: 0; Armor Slot 2: None, Count: 0; Armor Slot 3: None, Count: 0; ","Offhand: None, Count: 0; ",[],20.0,20.0,"[0.8934648186586724, -0.32391741189920514, -0.31112397543060905]",north,0,8 minecraft:birch_log,False,Player is not currently riding anything,0.0784000015258789
119.0,16:58:54.623536,2025-11-10,literal{minecrafter256},"(102.84120669673298, 72.0, 133.07680057057541)",20.0,[],"Armor Slot 0: None, Count: 0; Armor Slot 1: None, Count: 0; Armor Slot 2: None, Count: 0; Armor Slot 3: None, Count: 0; ","Offhand: None, Count: 0; ",[],20.0,20.0,"[0.8934648186586724, -0.32391741189920514, -0.31112397543060905]",north,0,8 minecraft:birch_log,False,Player is not currently riding anything,0.0784000015258789
119.0,16:58:54.676319700,2025-11-10,literal{minecrafter256},"(102.91032893545281, 72.0, 133.27498826538155)",20.0,[],"Armor Slot 0: None, Count: 0; Armor Slot 1: None, Count: 0; Armor Slot 2: None, Count: 0; Armor Slot 3: None, Count: 0; ","Offhand: None, Count: 0; ",[],20.0,20.0,"[0.8934648186586724, -0.32391741189920514, -0.31112397543060905]",north,0,8 minecraft:birch_log,False,Player is not currently riding anything,0.0784000015258789
119.0,16:58:54.724746800,2025-11-10,literal{minecrafter256},"(102.98030524000696, 72.0, 133.47574533744512)",20.0,[],"Armor Slot 0: None, Count: 0; Armor Slot 1: None, Count: 0; Armor Slot 2: None, Count: 0; Armor Slot 3: None, Count: 0; ","Offhand: None, Count: 0; ",[],20.0,20.0,"[0.8934648186586724, -0.32391741189920514, -0.31112397543060905]",north,0,8 minecraft:birch_log,False,Player is not currently riding anything,0.0784000015258789
119.0,16:58:54.775065500,2025-11-10,literal{minecrafter256},"(103.05074786456079, 72.0, 133.67790528965418)",20.0,[],"Armor Slot 0: None, Count: 0; Armor Slot 1: None, Count: 0; Armor Slot 2: None, Count: 0; Armor Slot 3: None, Count: 0; ","Offhand: None, Count: 0; ",[],20.0,20.0,"[0.8934648186586724, -0.32391741189920514, -0.31112397543060905]",north,0,8 minecraft:birch_log,False,Player is not currently riding anything,0.0784000015258789
119.0,16:58:54.825753,2025-11-10,literal{minecrafter256},"(103.12144509986403, 72.0, 133.88083121451166)",20.0,[],"Armor Slot 0: None, Count: 0; Armor Slot 1: None, Count: 0; Armor Slot 2: None, Count: 0; Armor Slot 3: None, Count: 0; ","Offhand: None, Count: 0; ",[],20.0,20.0,"[0.8934648186586724, -0.32391741189920514, -0.31112397543060905]",north,0,8 minecraft:birch_log,False,Player is not currently riding anything,0.0784000015258789
119.0,16:58:54.873418500,2025-11-10,literal{minecrafter256},"(103.1922813526526, 72.0, 134.08417536048375)",20.0,[],"Armor Slot 0: None, Count: 0; Armor Slot 1: None, Count: 0; Armor Slot 2: None, Count: 0; Armor Slot 3: None, Count: 0; ","Offhand: None, Count: 0; ",[],20.0,20.0,"[0.8934648186586724, -0.32391741189920514, -0.31112397543060905]",north,0,8 minecraft:birch_log,False,Player is not currently riding anything,0.0784000015258789
119.0,16:58:54.923934600,2025-11-10,literal{minecrafter256},"(103.26319350899698, 72.0, 134.28774785521094)",20.0,[],"Armor Slot 0: None, Count: 0; Armor Slot 1: None, Count: 0; Armor Slot 2: None, Count: 0; Armor Slot 3: None, Count: 0; ","Offhand: None, Count: 0; ",[],20.0,20.0,"[0.8934648186586724, -0.32391741189920514, -0.31112397543060905]",north,0,8 minecraft:birch_log,False,Player is not currently riding anything,0.0784000015258789
119.0,16:58:54.976163100,2025-11-10,literal{minecrafter256},"(103.33414710868763, 72.0, 134.4914450283729)",20.0,[],"Armor Slot 0: None, Count: 0; Armor Slot 1: None, Count: 0; Armor Slot 2: None, Count: 0; Armor Slot 3: None, Count: 0; ","Offhand: None, Count: 0; ",[],20.0,20.0,"[0.8934648186586724, -0.32391741189920514, -0.31112397543060905]",north,0,8 minecraft:birch_log,False,Player is not currently riding anything,0.0784000015258789
119.0,16:58:55.025703400,2025-11-10,literal{minecrafter256},"(103.40512333644799, 72.0, 134.69521027596815)",20.0,[],"Armor Slot 0: None, Count: 0; Armor Slot 1: None, Count: 0; Armor Slot 2: None, Count: 0; Armor Slot 3: None, Count: 0; ","Offhand: None, Count: 0; ",[],20.0,20.0,"[0.8934648186586724, -0.32391741189920514, -0.31112397543060905]",north,0,8 minecraft:birch_log,False,Player is not currently riding anything,0.0784000015258789
119.0,16:58:55.073479100,2025-11-10,literal{minecrafter256},"(103.47611191913583, 72.0, 134.8990126922083)",20.0,[],"Armor Slot 0: None, Count: 0; Armor Slot 1: None, Count: 0; Armor Slot 2: None, Count: 0; Armor Slot 3: None, Count: 0; ","Offhand: None, Count: 0; ",[],20.0,20.0,"[0.8934648186586724, -0.32391741189920514, -0.31112397543060905]",north,0,8 minecraft:birch_log,False,Player is not currently riding anything,0.0784000015258789
119.0,16:58:55.124120400,2025-11-10,literal{minecrafter256},"(103.54710724761487, 72.0, 135.1028354025309)",20.0,[],"Armor Slot 0: None, Count: 0; Armor Slot 1: None, Count: 0; Armor Slot 2: None, Count: 0; Armor Slot 3: None, Count: 0; ","Offhand: None, Count: 0; ",[],20.0,20.0,"[0.8934648186586724, -0.32391741189920514, -0.31112397543060905]",north,0,8 minecraft:birch_log,False,Player is not currently riding anything,0.0784000015258789
119.0,16:58:55.174751800,2025-11-10,literal{minecrafter256},"(103.5858707014669, 72.0, 135.21412261529335)",20.0,[],"Armor Slot 0: None, Count: 0; Armor Slot 1: None, Count: 0; Armor Slot 2: None, Count: 0; Armor Slot 3: None, Count: 0; ","Offhand: None, Count: 0; ",[],20.0,20.0,"[0.8934648186586724, -0.32391741189920514, -0.31112397543060905]",north,0,8 minecraft:birch_log,False,Player is not currently riding anything,0.0784000015258789
119.0,16:58:55.224728900,2025-11-10,literal{minecrafter256},"(103.60703554972847, 72.0, 135.2748854405194)",20.0,[],"Armor Slot 0: None, Count: 0; Armor Slot 1: None, Count: 0; Armor Slot 2: None, Count: 0; Armor Slot 3: None, Count: 0; ","Offhand: None, Count: 0; ",[],20.0,20.0,"[0.8934648186586724, -0.32391741189920514, -0.31112397543060905]",north,0,8 minecraft:birch_log,False,Player is not currently riding anything,0.0784000015258789
119.0,16:58:55.273667,2025-11-10,literal{minecrafter256},"(103.61859155822154, 72.0, 135.30806194694637)",20.0,[],"Armor Slot 0: None, Count: 0; Armor Slot 1: None, Count: 0; Armor Slot 2: None, Count: 0; Armor Slot 3: None, Count: 0; ","Offhand: None, Count: 0; ",[],20.0,20.0,"[0.8934648186586724, -0.32391741189920514, -0.31112397543060905]",north,0,8 minecraft:birch_log,False,Player is not currently riding anything,0.0784000015258789
119.0,16:58:55.323505700,2025-11-10,literal{minecrafter256},"(103.62490113959163, 72.0, 135.32617632155953)",20.0,[],"Armor Slot 0: None, Count: 0; Armor Slot 1: None, Count: 0; Armor Slot 2: None, Count: 0; Armor Slot 3: None, Count: 0; ","Offhand: None, Count: 0; ",[],20.0,20.0,"[0.8934648186586724, -0.32391741189920514, -0.31112397543060905]",north,0,8 minecraft:birch_log,False,Player is not currently riding anything,0.0784000015258789
119.0,16:58:55.374881700,2025-11-10,literal{minecrafter256},"(103.62834617141985, 72.0, 135.33606677124712)",20.0,[],"Armor Slot 0: None, Count: 0; Armor Slot 1: None, Count: 0; Armor Slot 2: None, Count: 0; Armor Slot 3: None, Count: 0; ","Offhand: None, Count: 0; ",[],20.0,20.0,"[0.8934648186586724, -0.32391741189920514, -0.31112397543060905]",north,0,8 minecraft:birch_log,False,Player is not currently riding anything,0.0784000015258789
119.0,16:58:55.427209400,2025-11-10,literal{minecrafter256},"(103.62834617141985, 72.0, 135.34146695740378)",20.0,[],"Armor Slot 0: None, Count: 0; Armor Slot 1: None, Count: 0; Armor Slot 2: None, Count: 0; Armor Slot 3: None, Count: 0; ","Offhand: None, Count: 0; ",[],20.0,20.0,"[0.8934648186586724, -0.32391741189920514, -0.31112397543060905]",north,0,8 minecraft:birch_log,False,Player is not currently riding anything,0.0784000015258789
119.0,16:58:55.475068500,2025-11-10,literal{minecrafter256},"(103.62834617141985, 72.0, 135.34146695740378)",20.0,[],"Armor Slot 0: None, Count: 0; Armor Slot 1: None, Count: 0; Armor Slot 2: None, Count: 0; Armor Slot 3: None, Count: 0; ","Offhand: None, Count: 0; ",[],20.0,20.0,"[0.8926609118478589, -0.3263931384128683, -0.3108440375106901]",north,0,8 minecraft:birch_log,False,Player is not currently riding anything,0.0784000015258789
119.0,16:58:55.524910700,2025-11-10,literal{minecrafter256},"(103.62834617141985, 72.0, 135.34146695740378)",20.0,[],"Armor Slot 0: None, Count: 0; Armor Slot 1: None, Count: 0; Armor Slot 2: None, Count: 0; Armor Slot 3: None, Count: 0; ","Offhand: None, Count: 0; ",[],20.0,20.0,"[0.8926609118478589, -0.3263931384128683, -0.3108440375106901]",north,0,8 minecraft:birch_log,False,Player is not currently riding anything,0.0784000015258789
118.0,16:58:55.573941100,2025-11-10,literal{minecrafter256},"(103.62834617141985, 72.0, 135.34146695740378)",20.0,[],"Armor Slot 0: None, Count: 0; Armor Slot 1: None, Count: 0; Armor Slot 2: None, Count: 0; Armor Slot 3: None, Count: 0; ","Offhand: None, Count: 0; ",[],20.0,20.0,"[0.8926609118478589, -0.3263931384128683, -0.3108440375106901]",north,0,8 minecraft:birch_log,False,Player is not currently riding anything,0.0784000015258789
118.0,16:58:55.623929400,2025-11-10,literal{minecrafter256},"(103.62834617141985, 72.0, 135.34146695740378)",20.0,[],"Armor Slot 0: None, Count: 0; Armor Slot 1: None, Count: 0; Armor Slot 2: None, Count: 0; Armor Slot 3: None, Count: 0; ","Offhand: None, Count: 0; ",[],20.0,20.0,"[0.8926609118478589, -0.3263931384128683, -0.3108440375106901]",north,0,8 minecraft:birch_log,False,Player is not currently riding anything,0.0784000015258789
118.0,16:58:55.675065300,2025-11-10,literal{minecrafter256},"(103.62834617141985, 72.0, 135.34146695740378)",20.0,[],"Armor Slot 0: None, Count: 0; Armor Slot 1: None, Count: 0; Armor Slot 2: None, Count: 0; Armor Slot 3: None, Count: 0; ","Offhand: None, Count: 0; ",[],20.0,20.0,"[0.8926609118478589, -0.3263931384128683, -0.3108440375106901]",north,0,8 minecraft:birch_log,False,Player is not currently riding anything,0.0784000015258789
118.0,16:58:55.723264600,2025-11-10,literal{minecrafter256},"(103.62834617141985, 72.0, 135.34146695740378)",20.0,[],"Armor Slot 0: None, Count: 0; Armor Slot 1: None, Count: 0; Armor Slot 2: None, Count: 0; Armor Slot 3: None, Count: 0; ","Offhand: None, Count: 0; ",[],20.0,20.0,"[0.8926609118478589, -0.3263931384128683, -0.3108440375106901]",north,0,8 minecraft:birch_log,False,Player is not currently riding anything,0.0784000015258789
118.0,16:58:55.775113,2025-11-10,literal{minecrafter256},"(103.62834617141985, 72.0, 135.34146695740378)",20.0,[],"Armor Slot 0: None, Count: 0; Armor Slot 1: None, Count: 0; Armor Slot 2: None, Count: 0; Armor Slot 3: None, Count: 0; ","Offhand: None, Count: 0; ",[],20.0,20.0,"[0.8926609118478589, -0.3263931384128683, -0.3108440375106901]",north,0,8 minecraft:birch_log,False,Player is not currently riding anything,0.0784000015258789
118.0,16:58:55.824856100,2025-11-10,literal{minecrafter256},"(103.62834617141985, 72.0, 135.34146695740378)",20.0,[],"Armor Slot 0: None, Count: 0; Armor Slot 1: None, Count: 0; Armor Slot 2: None, Count: 0; Armor Slot 3: None, Count: 0; ","Offhand: None, Count: 0; ",[],20.0,20.0,"[0.8926609118478589, -0.3263931384128683, -0.3108440375106901]",north,0,8 minecraft:birch_log,False,Player is not currently riding anything,0.0784000015258789
118.0,16:58:55.876948800,2025-11-10,literal{minecrafter256},"(103.62834617141985, 72.0, 135.34146695740378)",20.0,[],"Armor Slot 0: None, Count: 0; Armor Slot 1: None, Count: 0; Armor Slot 2: None, Count: 0; Armor Slot 3: None, Count: 0; ","Offhand: None, Count: 0; ",[],20.0,20.0,"[0.8926609118478589, -0.3263931384128683, -0.3108440375106901]",north,0,8 minecraft:birch_log,False,Player is not currently riding anything,0.0784000015258789
118.0,16:58:55.924690900,2025-11-10,literal{minecrafter256},"(103.62834617141985, 72.0, 135.34146695740378)",20.0,[],"Armor Slot 0: None, Count: 0; Armor Slot 1: None, Count: 0; Armor Slot 2: None, Count: 0; Armor Slot 3: None, Count: 0; ","Offhand: None, Count: 0; ",[],20.0,20.0,"[0.8926609118478589, -0.3263931384128683, -0.3108440375106901]",north,0,8 minecraft:birch_log,False,Player is not currently riding anything,0.0784000015258789
118.0,16:58:55.974833700,2025-11-10,literal{minecrafter256},"(103.62834617141985, 72.0, 135.34146695740378)",20.0,[],"Armor Slot 0: None, Count: 0; Armor Slot 1: None, Count: 0; Armor Slot 2: None, Count: 0; Armor Slot 3: None, Count: 0; ","Offhand: None, Count: 0; ",[],20.0,20.0,"[0.8926609118478589, -0.3263931384128683, -0.3108440375106901]",north,0,8 minecraft:birch_log,False,Player is not currently riding anything,0.0784000015258789
118.0,16:58:56.023518700,2025-11-10,literal{minecrafter256},"(103.62834617141985, 72.0, 135.34146695740378)",20.0,[],"Armor Slot 0: None, Count: 0; Armor Slot 1: None, Count: 0; Armor Slot 2: None, Count: 0; Armor Slot 3: None, Count: 0; ","Offhand: None, Count: 0; ",[],20.0,20.0,"[0.8926609118478589, -0.3263931384128683, -0.3108440375106901]",north,0,8 minecraft:birch_log,False,Player is not currently riding anything,0.0784000015258789
118.0,16:58:56.075182700,2025-11-10,literal{minecrafter256},"(103.62834617141985, 72.0, 135.34146695740378)",20.0,[],"Armor Slot 0: None, Count: 0; Armor Slot 1: None, Count: 0; Armor Slot 2: None, Count: 0; Armor Slot 3: None, Count: 0; ","Offhand: None, Count: 0; ",[],20.0,20.0,"[0.8926609118478589, -0.3263931384128683, -0.3108440375106901]",north,0,8 minecraft:birch_log,False,Player is not currently riding anything,0.0784000015258789
118.0,16:58:56.125489900,2025-11-10,literal{minecrafter256},"(103.62834617141985, 72.0, 135.34146695740378)",20.0,[],"Armor Slot 0: None, Count: 0; Armor Slot 1: None, Count: 0; Armor Slot 2: None, Count: 0; Armor Slot 3: None, Count: 0; ","Offhand: None, Count: 0; ",[],20.0,20.0,"[0.8926609118478589, -0.3263931384128683, -0.3108440375106901]",north,0,8 minecraft:birch_log,False,Player is not currently riding anything,0.0784000015258789
118.0,16:58:56.177191600,2025-11-10,literal{minecrafter256},"(103.62834617141985, 72.0, 135.34146695740378)",20.0,[],"Armor Slot 0: None, Count: 0; Armor Slot 1: None, Count: 0; Armor Slot 2: None, Count: 0; Armor Slot 3: None, Count: 0; ","Offhand: None, Count: 0; ",[],20.0,20.0,"[0.8926609118478589, -0.3263931384128683, -0.3108440375106901]",north,0,8 minecraft:birch_log,False,Player is not currently riding anything,0.0784000015258789
118.0,16:58:56.225727300,2025-11-10,literal{minecrafter256},"(103.62834617141985, 72.0, 135.34146695740378)",20.0,[],"Armor Slot 0: None, Count: 0; Armor Slot 1: None, Count: 0; Armor Slot 2: None, Count: 0; Armor Slot 3: None, Count: 0; ","Offhand: None, Count: 0; ",[],20.0,20.0,"[0.8926609118478589, -0.3263931384128683, -0.3108440375106901]",north,0,8 minecraft:birch_log,False,Player is not currently riding anything,0.0784000015258789
118.0,16:58:56.274628200,2025-11-10,literal{minecrafter256},"(103.62834617141985, 72.0, 135.34146695740378)",20.0,[],"Armor Slot 0: None, Count: 0; Armor Slot 1: None, Count: 0; Armor Slot 2: None, Count: 0; Armor Slot 3: None, Count: 0; ","Offhand: None, Count: 0; ",[],20.0,20.0,"[0.8926609118478589, -0.3263931384128683, -0.3108440375106901]",north,0,8 minecraft:birch_log,False,Player is not currently riding anything,0.0784000015258789
118.0,16:58:56.325119200,2025-11-10,literal{minecrafter256},"(103.62834617141985, 72.0, 135.34146695740378)",20.0,[],"Armor Slot 0: None, Count: 0; Armor Slot 1: None, Count: 0; Armor Slot 2: None, Count: 0; Armor Slot 3: None, Count: 0; ","Offhand: None, Count: 0; ",[],20.0,20.0,"[0.8926609118478589, -0.3263931384128683, -0.3108440375106901]",north,0,8 minecraft:birch_log,False,Player is not currently riding anything,0.0784000015258789
118.0,16:58:56.374755500,2025-11-10,literal{minecrafter256},"(103.62834617141985, 72.0, 135.34146695740378)",20.0,[],"Armor Slot 0: None, Count: 0; Armor Slot 1: None, Count: 0; Armor Slot 2: None, Count: 0; Armor Slot 3: None, Count: 0; ","Offhand: None, Count: 0; ",[],20.0,20.0,"[0.8926609118478589, -0.3263931384128683, -0.3108440375106901]",north,0,8 minecraft:birch_log,False,Player is not currently riding anything,0.0784000015258789
118.0,16:58:56.425694400,2025-11-10,literal{minecrafter256},"(103.62834617141985, 72.0, 135.34146695740378)",20.0,[],"Armor Slot 0: None, Count: 0; Armor Slot 1: None, Count: 0; Armor Slot 2: None, Count: 0; Armor Slot 3: None, Count: 0; ","Offhand: None, Count: 0; ",[],20.0,20.0,"[0.8926609118478589, -0.3263931384128683, -0.3108440375106901]",north,0,8 minecraft:birch_log,False,Player is not currently riding anything,0.0784000015258789
118.0,16:58:56.474073700,2025-11-10,literal{minecrafter256},"(103.62834617141985, 72.0, 135.34146695740378)",20.0,[],"Armor Slot 0: None, Count: 0; Armor Slot 1: None, Count: 0; Armor Slot 2: None, Count: 0; Armor Slot 3: None, Count: 0; ","Offhand: None, Count: 0; ",[],20.0,20.0,"[0.8926609118478589, -0.3263931384128683, -0.3108440375106901]",north,0,8 minecraft:birch_log,False,Player is not currently riding anything,0.0784000015258789
118.0,16:58:56.523496400,2025-11-10,literal{minecrafter256},"(103.62834617141985, 72.0, 135.34146695740378)",20.0,[],"Armor Slot 0: None, Count: 0; Armor Slot 1: None, Count: 0; Armor Slot 2: None, Count: 0; Armor Slot 3: None, Count: 0; ","Offhand: None, Count: 0; ",[],20.0,20.0,"[0.8926609118478589, -0.3263931384128683, -0.3108440375106901]",north,0,8 minecraft:birch_log,False,Player is not currently riding anything,0.0784000015258789
118.0,16:58:56.574623400,2025-11-10,literal{minecrafter256},"(103.59611061359043, 72.0, 135.2489203792733)",20.0,[],"Armor Slot 0: None, Count: 0; Armor Slot 1: None, Count: 0; Armor Slot 2: None, Count: 0; Armor Slot 3: None, Count: 0; ","Offhand: None, Count: 0; ",[],20.0,20.0,"[0.8926609118478589, -0.3263931384128683, -0.3108440375106901]",north,0,8 minecraft:birch_log,False,Player is not currently riding anything,0.0784000015258789
118.0,16:58:56.624658900,2025-11-10,literal{minecrafter256},"(103.54627443914177, 72.0, 135.10584336361433)",20.0,[],"Armor Slot 0: None, Count: 0; Armor Slot 1: None, Count: 0; Armor Slot 2: None, Count: 0; Armor Slot 3: None, Count: 0; ","Offhand: None, Count: 0; ",[],20.0,20.0,"[0.8926609118478589, -0.3263931384128683, -0.3108440375106901]",north,0,8 minecraft:birch_log,False,Player is not currently riding anything,0.0784000015258789
118.0,16:58:56.674680400,2025-11-10,literal{minecrafter256},"(103.4868283269028, 72.0, 134.9351767258602)",20.0,[],"Armor Slot 0: None, Count: 0; Armor Slot 1: None, Count: 0; Armor Slot 2: None, Count: 0; Armor Slot 3: None, Count: 0; ","Offhand: None, Count: 0; ",[],20.0,20.0,"[0.8926609118478589, -0.3263931384128683, -0.3108440375106901]",north,0,8 minecraft:birch_log,False,Player is not currently riding anything,0.0784000015258789
118.0,16:58:56.724893,2025-11-10,literal{minecrafter256},"(103.42213518802086, 72.0, 134.7494461526924)",20.0,[],"Armor Slot 0: None, Count: 0; Armor Slot 1: None, Count: 0; Armor Slot 2: None, Count: 0; Armor Slot 3: None, Count: 0; ","Offhand: None, Count: 0; ",[],20.0,20.0,"[0.8926609118478589, -0.3263931384128683, -0.3108440375106901]",north,0,8 minecraft:birch_log,False,Player is not currently riding anything,0.0784000015258789
118.0,16:58:56.775884,2025-11-10,literal{minecrafter256},"(103.38681273008852, 72.0, 134.64803724796388)",20.0,[],"Armor Slot 0: None, Count: 0; Armor Slot 1: None, Count: 0; Armor Slot 2: None, Count: 0; Armor Slot 3: None, Count: 0; ","Offhand: None, Count: 0; ",[],20.0,20.0,"[0.8926609118478589, -0.3263931384128683, -0.3108440375106901]",north,0,8 minecraft:birch_log,False,Player is not currently riding anything,0.0784000015258789
118.0,16:58:56.823708800,2025-11-10,literal{minecrafter256},"(103.36752666581734, 72.0, 134.5926679795508)",20.0,[],"Armor Slot 0: None, Count: 0; Armor Slot 1: None, Count: 0; Armor Slot 2: None, Count: 0; Armor Slot 3: None, Count: 0; ","Offhand: None, Count: 0; ",[],20.0,20.0,"[0.8926609118478589, -0.3263931384128683, -0.3108440375106901]",north,0,8 minecraft:birch_log,False,Player is not currently riding anything,0.0784000015258789
118.0,16:58:56.874702700,2025-11-10,literal{minecrafter256},"(103.35699647350216, 72.41999998688698, 134.5624363554858)",20.0,[],"Armor Slot 0: None, Count: 0; Armor Slot 1: None, Count: 0; Armor Slot 2: None, Count: 0; Armor Slot 3: None, Count: 0; ","Offhand: None, Count: 0; ",[],20.0,20.0,"[0.8926609118478589, -0.3263931384128683, -0.3108440375106901]",north,0,8 minecraft:birch_log,False,Player is not currently riding anything,0.33319999363422365
118.0,16:58:56.925044700,2025-11-10,literal{minecrafter256},"(103.35124698783027, 72.7531999805212, 134.54592988682904)",20.0,[],"Armor Slot 0: None, Count: 0; Armor Slot 1: None, Count: 0; Armor Slot 2: None, Count: 0; Armor Slot 3: None, Count: 0; ","Offhand: None, Count: 0; ",[],20.0,20.0,"[0.8926609118478589, -0.3263931384128683, -0.3108440375106901]",north,0,8 minecraft:birch_log,False,Player is not currently riding anything,0.24813599859094576
118.0,16:58:56.976844300,2025-11-10,literal{minecrafter256},"(103.34601495571805, 73.00133597911214, 134.5309089999185)",20.0,[],"Armor Slot 0: None, Count: 0; Armor Slot 1: None, Count: 0; Armor Slot 2: None, Count: 0; Armor Slot 3: None, Count: 0; ","Offhand: None, Count: 0; ",[],20.0,20.0,"[0.8926609118478589, -0.3263931384128683, -0.3108440375106901]",north,0,8 minecraft:birch_log,False,Player is not currently riding anything,0.16477328182606651
118.0,16:58:57.023423600,2025-11-10,literal{minecrafter256},"(103.34125380635871, 73.16610926093821, 134.51723999243595)",20.0,[],"Armor Slot 0: None, Count: 0; Armor Slot 1: None, Count: 0; Armor Slot 2: None, Count: 0; Armor Slot 3: None, Count: 0; ","Offhand: None, Count: 0; ",[],20.0,20.0,"[0.8934716067424492, -0.3263931384128683, -0.3085060893111584]",north,0,8 minecraft:birch_log,False,Player is not currently riding anything,0.08307781780646721
118.0,16:58:57.073992600,2025-11-10,literal{minecrafter256},"(103.33692116031685, 73.24918707874468, 134.50480119526836)",20.0,[],"Armor Slot 0: None, Count: 0; Armor Slot 1: None, Count: 0; Armor Slot 2: None, Count: 0; Armor Slot 3: None, Count: 0; ","Offhand: None, Count: 0; ",[],20.0,20.0,"[0.8974606008996544, -0.32391741189920514, -0.2994027055678554]",north,0,8 minecraft:birch_log,False,Player is not currently riding anything,0.0030162615090425808
118.0,16:58:57.125279400,2025-11-10,literal{minecrafter256},"(103.33297845230513, 73.25220334025373, 134.49348188951961)",20.0,[],"Armor Slot 0: None, Count: 0; Armor Slot 1: None, Count: 0; Armor Slot 2: None, Count: 0; Armor Slot 3: None, Count: 0; ","Offhand: None, Count: 0; ",[],20.0,20.0,"[0.902940330286684, -0.31647697981296175, -0.29075949028404946]",north,0,8 minecraft:birch_log,False,Player is not currently riding anything,0.07544406518948656
118.0,16:58:57.176424,2025-11-10,literal{minecrafter256},"(103.32939058791106, 73.17675927506424, 134.4831813209914)",20.0,[],"Armor Slot 0: None, Count: 0; Armor Slot 1: None, Count: 0; Armor Slot 2: None, Count: 0; Armor Slot 3: None, Count: 0; ","Offhand: None, Count: 0; ",[],20.0,20.0,"[0.9052371688486852, -0.31399247493095234, -0.2862767783484234]",north,0,8 minecraft:birch_log,False,Player is not currently riding anything,0.15233518685055708
118.0,16:58:57.225052,2025-11-10,literal{minecrafter256},"(103.32612563121836, 73.02442408821369, 134.4738078033606)",20.0,[],"Armor Slot 0: None, Count: 0; Armor Slot 1: None, Count: 0; Armor Slot 2: None, Count: 0; Armor Slot 3: None, Count: 0; ","Offhand: None, Count: 0; ",[],20.0,20.0,"[0.9112395718244415, -0.3065261161223655, -0.2751075841850726]",north,0,8 minecraft:birch_log,False,Player is not currently riding anything,0.22768848754498797
118.0,16:58:57.274961700,2025-11-10,literal{minecrafter256},"(103.32612563121836, 72.79673560066871, 134.4652779020707)",20.0,[],"Armor Slot 0: None, Count: 0; Armor Slot 1: None, Count: 0; Armor Slot 2: None, Count: 0; Armor Slot 3: None, Count: 0; ","Offhand: None, Count: 0; ",[],20.0,20.0,"[0.9134337857460881, -0.3040331053245823, -0.27055977144479737]",north,0,8 minecraft:birch_log,False,Player is not currently riding anything,0.30153472366278034
118.0,16:58:57.323416400,2025-11-10,literal{minecrafter256},"(103.32612563121836, 72.49520087700593, 134.45751569167322)",20.0,[],"Armor Slot 0: None, Count: 0; Armor Slot 1: None, Count: 0; Armor Slot 2: None, Count: 0; Armor Slot 3: None, Count: 0; ","Offhand: None, Count: 0; ",[],20.0,20.0,"[0.9134337857460881, -0.3040331053245823, -0.27055977144479737]",north,0,8 minecraft:birch_log,False,Player is not currently riding anything,0.3739040364667221
118.0,16:58:57.376379200,2025-11-10,literal{minecrafter256},"(103.32612563121836, 72.1212968405392, 134.45045208000795)",20.0,[],"Armor Slot 0: None, Count: 0; Armor Slot 1: None, Count: 0; Armor Slot 2: None, Count: 0; Armor Slot 3: None, Count: 0; ","Offhand: None, Count: 0; ",[],20.0,20.0,"[0.9134337857460881, -0.3040331053245823, -0.27055977144479737]",north,0,8 minecraft:birch_log,False,Player is not currently riding anything,0.0784000015258789
118.0,16:58:57.424961200,2025-11-10,literal{minecrafter256},"(103.32612563121836, 72.0, 134.4440241932073)",20.0,[],"Armor Slot 0: None, Count: 0; Armor Slot 1: None, Count: 0; Armor Slot 2: None, Count: 0; Armor Slot 3: None, Count: 0; ","Offhand: None, Count: 0; ",[],20.0,20.0,"[0.9134337857460881, -0.3040331053245823, -0.27055977144479737]",north,0,8 minecraft:birch_log,False,Player is not currently riding anything,0.0784000015258789
118.0,16:58:57.475731800,2025-11-10,literal{minecrafter256},"(103.32612563121836, 72.0, 134.43817481605012)",20.0,[],"Armor Slot 0: None, Count: 0; Armor Slot 1: None, Count: 0; Armor Slot 2: None, Count: 0; Armor Slot 3: None, Count: 0; ","Offhand: None, Count: 0; ",[],20.0,20.0,"[0.9134337857460881, -0.3040331053245823, -0.27055977144479737]",north,0,8 minecraft:birch_log,False,Player is not currently riding anything,0.0784000015258789
118.0,16:58:57.526823600,2025-11-10,literal{minecrafter256},"(103.32612563121836, 72.0, 134.43498105575134)",20.0,[],"Armor Slot 0: None, Count: 0; Armor Slot 1: None, Count: 0; Armor Slot 2: None, Count: 0; Armor Slot 3: None, Count: 0; ","Offhand: None, Count: 0; ",[],20.0,20.0,"[0.9134337857460881, -0.3040331053245823, -0.27055977144479737]",north,0,8 minecraft:birch_log,False,Player is not currently riding anything,0.0784000015258789
118.0,16:58:57.575059300,2025-11-10,literal{minecrafter256},"(103.32612563121836, 72.0, 134.43498105575134)",20.0,[],"Armor Slot 0: None, Count: 0; Armor Slot 1: None, Count: 0; Armor Slot 2: None, Count: 0; Armor Slot 3: None, Count: 0; ","Offhand: None, Count: 0; ",[],20.0,20.0,"[0.9134337857460881, -0.3040331053245823, -0.27055977144479737]",north,0,8 minecraft:birch_log,False,Player is not currently riding anything,0.0784000015258789
118.0,16:58:57.624712400,2025-11-10,literal{minecrafter256},"(103.32612563121836, 72.0, 134.43498105575134)",20.0,[],"Armor Slot 0: None, Count: 0; Armor Slot 1: None, Count: 0; Armor Slot 2: None, Count: 0; Armor Slot 3: None, Count: 0; ","Offhand: None, Count: 0; ",[],20.0,20.0,"[0.9134337857460881, -0.3040331053245823, -0.27055977144479737]",north,0,8 minecraft:birch_log,False,Player is not currently riding anything,0.0784000015258789
118.0,16:58:57.673905700,2025-11-10,literal{minecrafter256},"(103.32612563121836, 72.0, 134.43498105575134)",20.0,[],"Armor Slot 0: None, Count: 0; Armor Slot 1: None, Count: 0; Armor Slot 2: None, Count: 0; Armor Slot 3: None, Count: 0; ","Offhand: None, Count: 0; ",[],20.0,20.0,"[0.9134337857460881, -0.3040331053245823, -0.27055977144479737]",north,0,8 minecraft:birch_log,False,Player is not currently riding anything,0.0784000015258789
118.0,16:58:57.723451200,2025-11-10,literal{minecrafter256},"(103.32612563121836, 72.0, 134.43498105575134)",20.0,[],"Armor Slot 0: None, Count: 0; Armor Slot 1: None, Count: 0; Armor Slot 2: None, Count: 0; Armor Slot 3: None, Count: 0; ","Offhand: None, Count: 0; ",[],20.0,20.0,"[0.9134337857460881, -0.3040331053245823, -0.27055977144479737]",north,0,8 minecraft:birch_log,False,Player is not currently riding anything,0.0784000015258789
118.0,16:58:57.775120600,2025-11-10,literal{minecrafter256},"(103.32612563121836, 72.0, 134.43498105575134)",20.0,[],"Armor Slot 0: None, Count: 0; Armor Slot 1: None, Count: 0; Armor Slot 2: None, Count: 0; Armor Slot 3: None, Count: 0; ","Offhand: None, Count: 0; ",[],20.0,20.0,"[0.9134337857460881, -0.3040331053245823, -0.27055977144479737]",north,0,8 minecraft:birch_log,False,Player is not currently riding anything,0.0784000015258789
118.0,16:58:57.825267100,2025-11-10,literal{minecrafter256},"(103.32612563121836, 72.0, 134.43498105575134)",20.0,[],"Armor Slot 0: None, Count: 0; Armor Slot 1: None, Count: 0; Armor Slot 2: None, Count: 0; Armor Slot 3: None, Count: 0; ","Offhand: None, Count: 0; ",[],20.0,20.0,"[0.9134337857460881, -0.3040331053245823, -0.27055977144479737]",north,0,8 minecraft:birch_log,False,Player is not currently riding anything,0.0784000015258789
118.0,16:58:57.874807,2025-11-10,literal{minecrafter256},"(103.32612563121836, 72.0, 134.43498105575134)",20.0,[],"Armor Slot 0: None, Count: 0; Armor Slot 1: None, Count: 0; Armor Slot 2: None, Count: 0; Armor Slot 3: None, Count: 0; ","Offhand: None, Count: 0; ",[],20.0,20.0,"[0.9134337857460881, -0.3040331053245823, -0.27055977144479737]",north,0,8 minecraft:birch_log,False,Player is not currently riding anything,0.0784000015258789
118.0,16:58:57.924706,2025-11-10,literal{minecrafter256},"(103.32612563121836, 72.0, 134.43498105575134)",20.0,[],"Armor Slot 0: None, Count: 0; Armor Slot 1: None, Count: 0; Armor Slot 2: None, Count: 0; Armor Slot 3: None, Count: 0; ","Offhand: None, Count: 0; ",[],20.0,20.0,"[0.9134337857460881, -0.3040331053245823, -0.27055977144479737]",north,0,8 minecraft:birch_log,False,Player is not currently riding anything,0.0784000015258789
